:020000040800F2
:1000000040670020290300083F5C0008875400086F
:100010002D5C00084107000845A900080000000009
:10002000000000000000000000000000690200085D
:100030001D27000800000000C50200081DA10008DF
:100040004303000843030008430300084303000878
:100050004303000843030008430300084303000868
:10006000430300084303000843030008E1110008AC
:1000700043030008ED11000843030008F9110008CC
:10008000051200081112000843030008430300088A
:1000900085070008430300084303000843030008E2
:1000A0004303000843030008430300084303000818
:1000B00043030008DDA10008E9A10008430300088C
:1000C00043030008430300084303000843030008F8
:1000D000430300085DA8000805A9000843030008C1
:1000E00043030008430300084303000843030008D8
:1000F0004303000843030008430300081D120008DF
:1001000043030008430300084303000843030008B7
:1001100035A3000841A30008430300084303000877
:1001200043030008291200083512000843030008A1
:100130004303000843030008430300084303000887
:10014000D5070008430300084303000843030008E1
:1001500043030008411200084D12000811A90008CD
:100160004303000843030008430300084303000857
:100170004303000843030008430300080000000095
:10018000430300084303000800F002F800F05CF8A5
:100190000AA090E8000C82448344AAF10107DA45E2
:1001A00001D100F051F8AFF2090EBAE80F0013F0D8
:1001B000010F18BFFB1A43F001031847140A01008E
:1001C000340A01000A444FF0000C10F8013B13F010
:1001D000070408BF10F8014B1D1108BF10F8015BA0
:1001E000641E05D010F8016B641E01F8016BF9D193
:1001F00013F0080F1EBF10F8014BAD1C0C1B09D1EA
:100200006D1E58BF01F801CBFAD505E014F8016B5B
:1002100001F8016B6D1EF9D59142D6D370470000ED
:100220000023002400250026103A28BF78C1FBD8FF
:10023000520728BF30C148BF0B6070471FB510F090
:100240001EFA1FBD10B510BD00F0E4F91146FFF70E
:10025000F5FF0DF0DFF900F002FA03B4FFF7F2FF4B
:1002600003BC00F005FA00002C4B19680868B0E8E0
:10027000F04F80F30988BFF36F8F4FF0000080F3D9
:10028000118870470000000008480068006880F38B
:1002900008884FF0000080F3148862B661B6BFF39F
:1002A0004F8FBFF36F8F00DF00BF00BF08ED00E08E
:1002B000DFF80C00016841F470010160704700BF75
:1002C00088ED00E0EFF30980BFF36F8F134B1A68DE
:1002D0001EF0100F08BF20ED108A20E9F04F1060CB
:1002E00009B44FF0500080F31188BFF34F8FBFF374
:1002F0006F8F0EF013FD4FF0000080F3118809BCE2
:1003000019680868B0E8F04F1EF0100F08BFB0EC95
:10031000108A80F30988BFF36F8F70472400002094
:10032000EFF30580704700000948804709480047FF
:10033000FEE7FEE7FEE7FEE7FEE7FEE7FEE7FEE795
:10034000FEE7FEE704480549054A064B70470000F2
:10035000CDA100088901000840610020406700200D
:10036000406300204063002053EA020C00F06980E3
:100370002DE9F04B4FF00006002B1FBFB3FA83F5B9
:1003800003FA05F424FA05F65E4012BF1643B2FAEA
:1003900082F502FA05F4C5F120051EBF22FA05FC1C
:1003A00044EA0C04203556EA044C4FEA144418BFC2
:1003B000641C4FF000084FF00009904271EB030CF1
:1003C00039D3002919BFB1FA81F701FA07F6B0FA5B
:1003D00080F700FA07F6C7F120071EBF20FA07FCD6
:1003E00046EA0C062037B6FBF4FCA7EB0507103FE6
:1003F00007F01F0BCBF120060CFA0BFB2CFA06F6CC
:1004000044BFB3460026202FA4BF5E464FF0000B2A
:100410005BEA060C08BF4FF0010B19EB0B09ABFBB5
:10042000027C48EB0608C01B06FB02CC0BFB03CC8E
:1004300071EB0C01C1E70B46024641464846BDE858
:10044000F08B13B54FF000004FF00001AFF30080C8
:10045000BDE81C407047032A40F2308010F0030CC6
:1004600000F0158011F8013BBCF1020F624498BF07
:1004700011F801CB00F8013B38BF11F8013BA2F1A4
:10048000040298BF00F801CB38BF00F8013B11F01F
:10049000030300F06280083AC0F0088051F8043B82
:1004A000083A51F804CBA0E80810F5E7121D5CBF2C
:1004B00051F8043B40F8043BAFF30080D20724BF5F
:1004C00011F8013B11F801CB48BF11F8012B24BFF3
:1004D00000F8013B00F801CB48BF00F8012B704742
:1004E00002F0FF0343EA032242EA024200F069B845
:1004F0004FF0000200B5134694469646203922BFBD
:10050000A0E80C50A0E80C50B1F12001BFF4F7AF07
:10051000090728BFA0E80C5048BF0CC05DF804EBE9
:10052000890028BF40F8042B08BF704748BF20F857
:10053000022B11F0804F18BF00F8012B7047704755
:100540007047704710B500F05DF8006810BD10B539
:10055000044600F057F8046010BD10B5203AC0F012
:100560000B80B1E81850203AA0E81850B1E81850B4
:10057000A0E81850BFF4F5AF5FEA027C24BFB1E8F1
:100580001850A0E8185044BF18C918C0BDE8104062
:100590005FEA827C24BF51F8043B40F8043B08BF6B
:1005A0007047D20728BF31F8023B48BF11F8012B32
:1005B00028BF20F8023B48BF00F8012B70474FF0DE
:1005C00000020429C0F0128010F0030C3FF492AF37
:1005D000CCF1040CBCF1020F18BF00F8012BA8BF2E
:1005E00020F8022BA1EB0C01FFF784BF5FEAC17C6E
:1005F00024BF00F8012B00F8012B48BF00F8012BA5
:100600007047000000487047E060002000487047D5
:10061000E06000207546FFF7F9FFAE460500694629
:10062000534620F00700854618B020B5FFF78AFE34
:10063000BDE820404FF000064FF000074FF00008E3
:100640004FF0000B21F00701AC46ACE8C009ACE864
:10065000C009ACE8C009ACE8C0098D46704710B5C8
:100660000446AFF300802046BDE81040FFF7F5BD1B
:1006700001491820ABBEFEE7260002007047026861
:100680004260BDEEC00A10EE101A0160891A816046
:100690004269534203EBD373B1EB630F02DA1144A7
:1006A000816006E002EBD273B1EB630F01DD891AC2
:1006B0008160D0E902211144C160017F012902D18A
:1006C0000021C1600177704710B504462DED028B03
:1006D000B0EE408A38EE600A10EE100A0FF05EFFAE
:1006E00041EC100B0AF06CFF51EC100B0FF072F89C
:1006F00000EE100AD4ED020AF4EEC00AF1EE10FA90
:1007000004D29FED0D0A84ED000A03E09FED0B0A71
:1007100084ED000AD4ED000A94ED010AB7EE001A48
:1007200020EE800A71EE600A00EE880A84ED010A6C
:10073000BDEC028B10BD00009A99993E6666663F3B
:10074000FEE7000000B58BB0002006900790012165
:10075000089147F6FE720192039002900490059072
:100760000E200A90099101A9054802F081FA044877
:1007700002F05BFF0221024802F0F6F90BB000BD67
:100780007C0E0020014802F085BB00007C0E00209A
:1007900000B58BB00E200690002007900121089133
:1007A00047F6FE72019203900290049005901C207F
:1007B0000A90099101A9064802F05AFA044802F089
:1007C00034FF0221024802F0CFF90BB000BD000057
:1007D000A40E0020014802F05DBB0000A40E002022
:1007E0007CB5DDE90645160A8DF800608DF801201C
:1007F0001A0A8DF802208DF80330220A8DF80420A1
:100800008DF805402A0A8DF806208DF80750082338
:100810006A4600F001F87CBD30B587B00446154645
:1008200001910021029103910491059301232A462D
:1008300001A9204602F0AAF900280DD002232A4679
:1008400001A9204602F0A2F9002805D004232A4677
:1008500001A9204602F09AF907B030BD10B5044650
:100860002DED068B94ED000AD4ED060A70EE608A39
:10087000C4ED028AD4ED03AA94ED040A2AEE808A1C
:1008800020EE08AAD4ED010A40EE208A18EE900A64
:100890000FF084FE41EC100B0AF092FEB0EE409A8D
:1008A000B2EE000AF0EE609A2AEE800A10EE100A0C
:1008B0000FF074FE53EC192B0FF0D2FA28EE080A51
:1008C00041EC190B10EE100A0FF068FE53EC192BD7
:1008D0000EF0B2FF41EC100B0BF0AAFE51EC100B26
:1008E0000EF078FF0AEE900A1AEE100A0FF056FE8C
:1008F00041EC190B18EE900A0FF050FE41EC100B72
:100900000AF05EFE53EC192B51EC100B0FF04EFC6D
:1009100012D2B0EE680A09F053FA00EE100A7AEE2D
:10092000C80AD4ED018AB8EEC00A20EE200AF6EE1D
:10093000000A40EE208A07E094ED040AC8EE800A1F
:1009400094ED010A70EE808A18EE100A0FF026FE70
:1009500041EC190B18EE900A0FF020FE41EC100B41
:100960000AF02EFE53EC192B51EC100B0FF01EFC6D
:100970000ED2B0EE680A09F023FA00EE100AD4EDA8
:10098000030AB8EEC00AF1EE600A20EE200A07E082
:1009900094ED030AB1EE400A60EE280A80EE880A60
:1009A000D4ED001AD4ED050A94ED011A40EE811A37
:1009B000C4ED001A00EE801A84ED011ABDEC068B1E
:1009C00010BD00002DE9F05F04462DED068B0D46AD
:1009D00016461F46DDF84080DDED11AADDF848908F
:1009E000DDED138ADFF814A29FED85AA0AF1140B3E
:1009F000608AA0F64C0000EE100AB8EEC08A3046BD
:100A00000FF0DEF941EC190B18EE100A0FF0C6FDDD
:100A100041EC100B0AF0D4FD53EC192B51EC100BE8
:100A20000FF0E2F902D28AED02AA2EE0B5EEC08AFA
:100A3000F1EE10FA12DD00EE106AB8EE400A78EE20
:100A4000400A00EE107AB8EEC00A20EE800ADFED10
:100A50006D0A80EE201A8AED021A16E0B5EEC08A01
:100A6000F1EE10FA11D200EE106AB8EE400A78EEFC
:100A7000000A00EE107AB8EEC00A20EE800ADFED20
:100A8000620A80EE201A8AED021AA08AA0F2F170A2
:100A900000EE100AB8EEC08A40460FF091F941EC22
:100AA000190B18EE100A0FF079FD41EC100B0AF04B
:100AB00087FD53EC192B51EC100B0FF095F902D276
:100AC0008BED02AA2AE0B5EEC08AF1EE10FA10DD35
:100AD00000EE108AF8EEEA0AB8EE400A38EE400A54
:100AE00020EE200ADFED490A80EE201A8BED021A73
:100AF00014E0B5EEC08AF1EE10FA0FD200EE108AC3
:100B0000F8EEEA0AB8EE400A38EE000A20EE200AB3
:100B1000DFED3F0A80EE201A8BED021AE08AA0F288
:100B2000DA7000EE100AB8EEC08A48460FF048F9B5
:100B300041EC190B18EE100A0FF030FD41EC100BD0
:100B40000AF03EFD53EC192B51EC100B0FF04CF951
:100B500004D22A48283080ED02AA2EE0B5EEC08AE1
:100B6000F1EE10FA12DD00EE109AF8EEE80A2348D2
:100B7000B8EE400A283038EE400A20EE200ADFEDB9
:100B8000250A80EE201A80ED021A16E0B5EEC08A22
:100B9000F1EE10FA11D200EE109AF8EEE80A1748BA
:100BA000B8EE400A283038EE000A20EE200ADFEDC9
:100BB0001A0A80EE201A80ED021A104804F084FD13
:100BC0000E48143004F080FD0C48283004F07CFD01
:100BD0009AED010A85ED4F0A9BED010AB1EE400A3C
:100BE00085ED500A0548283090ED010AB1EE400A23
:100BF00085ED510ABDEC068BBDE8F09FB80C0020D6
:100C0000000000000020F24400C003450080E644DC
:100C10000080F94400C0014500A0FA4410B52DED54
:100C2000068B82B09FED708B9FED719BB7EE00AA93
:100C3000DFED71AA714C04F5BA70D4ED480A94ED59
:100C4000490AFFF741FDD4ED180A94ED190A04F1A1
:100C5000B400FFF739FDD4ED300A94ED310A04F504
:100C60008A70FFF731FDD4ED000A94ED010A04F11A
:100C70005400FFF729FD04F5907008F065FE04F1BB
:100C8000600008F061FE04F1C00008F05DFE20463F
:100C900008F05AFED4F8E0000FF080FC41EC100B95
:100CA0000AF08EFC53EC182B51EC100B0FF09CF853
:100CB0000ED9D4F8C0000FF071FC41EC100B0AF013
:100CC0007FFC53EC192B51EC100B0FF08DF803D275
:100CD00084ED38AAC4ED30AA206A0FF05FFC41EC25
:100CE000100B0AF06DFC53EC182B51EC100B0FF0AD
:100CF0007BF80DD920680FF051FC41EC100B0AF085
:100D00005FFC53EC192B51EC100B0FF06DF803D274
:100D100084ED08AAC4ED00AAD4F880000FF03EFCD0
:100D200041EC100B0AF04CFC53EC182B51EC100B5F
:100D30000FF05AF80DD9206E0FF030FC41EC100B7B
:100D40000AF03EFC53EC192B51EC100B0FF04CF851
:100D500003D284ED20AAC4ED18AAD4F840010FF004
:100D60001DFC41EC100B0AF02BFC53EC182B51EC42
:100D7000100B0FF039F80ED9D4F820010FF00EFC4B
:100D800041EC100B0AF01CFC53EC192B51EC100B2E
:100D90000FF02AF803D284ED50AAC4ED48AA94EDCE
:100DA000500ABDEEC00A10EE100A00B2009094ED99
:100DB000200ABDEEC00A10EE100A94ED080A03B234
:100DC000BDEEC00A10EE100A94ED380A02B2BDEE74
:100DD000C00A10EE100A01B24FF400700CF096FC3D
:100DE00002B0BDEC068B10BD000000000000F03F1B
:100DF000000000000000084000000000B8000020D3
:100E0000B4EEE00AF1EE10FA02D2B0EE600A7047DA
:100E1000B4EEC10AF1EE10FAF9DDB0EE410A704706
:100E200070B505462DED048B0C46F0EE408A284641
:100E300000F07EF8204600F07BF8B0EE680A0AF079
:100E400017FBD5ED000A20EE208AB0EE680A0BF001
:100E500027FBD5ED010A00EE808A84ED008AB0EE12
:100E6000680A0AF005FBD5ED010A20EE208AB0EEF3
:100E7000680A0BF015FBD5ED000A00EEC08A84ED80
:100E8000018A20680FF08AFB9FED179B41EC100B45
:100E9000B0EE491AF0EE691A0AF076FCB0EE408A1C
:100EA000F0EE608A20680FF079FB41EC100BB0EE99
:100EB000491AF0EE691A0AF067FC53EC182B51EC52
:100EC000100B0EF0B9FC41EC100B0BF0B1FB51EC28
:100ED000100B0EF07FFCE06095ED020A84ED020A33
:100EE000BDEC048B70BD000000000000000000405D
:100EF000DFED0C0A0C480D4910EE102A824202DB8D
:100F000030EE600A05E010EE102A8A4201D930EE78
:100F1000200A10EE102A8242EEDA10EE102A8A42DF
:100F2000EAD87047DB0FC940DB0F4940DB0F49C0EF
:100F300010B504462DED028B207D01282ED000280F
:100F40009FED328B27D1D4ED010A94ED000A01F018
:100F50008FFD84ED030A60680FF020FB41EC100B5D
:100F60000AF02EFB53EC182B51EC100B0EF03CFF4B
:100F70002FD220680FF012FB41EC100B0AF020FB7F
:100F800053EC182B51EC100B0EF02EFF21D29FEDDD
:100F9000210A84ED040ABDEC028B10BD94ED040A15
:100FA0009FED1D8A20EE080A0AF062FAD4ED030ACA
:100FB00020EE200A84ED000A94ED040A20EE080ACF
:100FC0000BF06EFAD4ED030A20EE200A84ED010A3C
:100FD000E1E720680FF0E2FA41EC180B60680FF0CF
:100FE000DDFA41EC100BB0EE481AF0EE681A09F089
:100FF00083FF9FED0A1B51EC100B53EC112B0EF0ED
:10100000D7FC0EF0E7FB2061C5E70000F168E3883C
:10101000B5F8E43E0000000035FA8E3C000000A068
:1010200046DF913F70B53A4CDFED3A0A94ED0A0A7B
:10103000B5EEC00AF1EE10FA02DBC4ED0A0A08E0D0
:1010400010EE100A3449884203D39FED340A84ED30
:101050000A0A94ED0B0A324910EE100A884204DBAA
:101060009FED300A84ED0B0A06E0B5EEC00AF1EE02
:1010700010FA01D8C4ED0B0A2B4D94ED0A0A85ED48
:10108000060A2846FFF7EAFB284E94ED0B0A86ED88
:10109000060A3046FFF7E2FB254C95ED000A84ED89
:1010A000250A94ED2D0A84ED0D0A94ED0A0A84EDCB
:1010B000260A94ED0B0A84ED0E0A1E4D96ED000AE9
:1010C00085ED250A95ED2D0A85ED0D0A95ED0A0AA7
:1010D00085ED260A95ED0B0A85ED0E0A04F19400C4
:1010E00008F032FC04F1340008F02EFC05F1940005
:1010F00008F02AFC05F1340008F026FC94ED150AEE
:1011000084ED0C0A95ED150A85ED0C0A70BD000002
:101110004C0E002000000000004024C5004024C503
:101120000040244500402445380C0020540C002089
:10113000300A0020340B00201CB51F4C1F492078BA
:10114000002804D0012807D002280ED109E09FED25
:101150001C0A81ED000A08E09FED1A0A81ED000AE1
:1011600003E09FED190A81ED000A1848008804F099
:10117000C7FAFFF757FF207800281BD00020009007
:10118000019013484FF4007190ED0C0ABDEEC00AB7
:1011900010EE100A03B20F4890ED0C0ABDEEC00A23
:1011A00010EE100A02B20C48FFF71AFB0B49C88870
:1011B000401CC8801CBD0000700C0020740C002076
:1011C000000000000000C8C2004024C5780C0020C8
:1011D000340B0020300A00207C0E0020E85F002045
:1011E000014802F0AFBA000094110020014802F05B
:1011F000A9BA0000D4100020014802F0A3BA0000F0
:1012000034110020014802F09DBA000014130020A0
:10121000014802F097BA000074130020014802F060
:1012200091BA0000F4110020014802F08BBA0000CE
:10123000D4130020014802F085BA000054120020A7
:10124000014802F07FBA000034140020014802F087
:1012500079BA0000B41200200168CAB2103A18230B
:10126000B2FBF3F2064B9B5CC3656FF30901032AE3
:1012700002D9091D816500E08165806D704700001D
:101280000809010810B5014600208A6A8B694FF0F1
:10129000C074002B0ED0B3F5005F1AD062B3012AE0
:1012A0002AD0022A28D0032A03D1C96AC90100D54D
:1012B000012010BD1AB1012A06D0022AF9D1C96A4B
:1012C000C901F6D5012010BDC96AA142FBD1012098
:1012D00010BD52B1012A0AD0022A06D0032AF7D142
:1012E000C96AA142F4D1012010BD012010BDC96A14
:1012F000C901FBD5012010BD012010BD30B5046827
:10130000256825F480252560046863608368402B88
:1013100004D0036899600068C26030BD03689A60B9
:101320000068C16030BD00000021044A435C535492
:10133000491C89B20829F9D370470000A400002095
:101340002DE9F05F04462DED088BFD4800789FEDF8
:10135000FDABDFF8F893DFF8F8B3FE4FDFEDFE9A50
:10136000DFF8F8839FEDFEBA9FEDFE9AFE49DFF8A5
:101370000CA4FF4ED1ED001AFC499FEDFE8B9AEDB7
:10138000001A91ED000AFE49FE4D0728D1ED000A32
:101390007DD2DFE800F004FCFBFAF97CF80094ED64
:1013A000010A31EE400A10EE100A0FF0F7F841EC96
:1013B000100B0AF005F99FEDF41B51EC100B53ECE8
:1013C000112B0EF011FD12D8F148007801280ED132
:1013D000EA48D0ED000AB7F9000000EE100AB8EEB6
:1013E000C00A30EE800A30EE690A84ED010AE44852
:1013F000DFF878A390ED000ADAED000A30EE600A1B
:1014000010EE100A0FF0CAF841EC100B0AF0D8F8F1
:101410009FEDE01B51EC100B53EC112B0EF0C6FEB0
:1014200026D894ED000ADAED000A30EEC00A10EE7C
:10143000100A0FF0B3F841EC100B0AF0C1F853ECAE
:101440001A2B51EC100B0EF0CFFC10D8307801287D
:101450000DD1BBF90000DAED000A00EE100AB8EE7B
:10146000C00A30EE800A30EE490A84ED000AB5E089
:10147000C348DAED000A90ED000ABB4830EE200ABE
:10148000D0ED000A30EE200A9FEDC4BA00E0D8E0AB
:1014900030EE4B0A10EE100A0FF080F841EC100B02
:1014A0000AF08EF89FEDBE1B51EC100B53EC112B84
:1014B0000EF09AFC2ED8287801282BD130780128FC
:1014C00028D1B949D9F804000844B0F1807F21D867
:1014D000BBF90000DAED000A00EE100AA848B6EEEB
:1014E000001AB8EEC00A30EE800AD0ED000AB8F952
:1014F000000030EE0B0A70EE600A00EE100AB8EE43
:10150000C00A70EEC00AB0EE490A10EE810A84EDFE
:10151000000A63E09A4890ED000A93483BEE400AC7
:10152000D0ED000A30EE600AD4ED000A30EE600A19
:1015300010EE100A0FF032F841EC100B0AF040F8F0
:1015400053EC182B51EC100B0EF04EFC20D82878E1
:1015500001281DD19449D9F804000844B0F1807FD6
:1015600016D8874890ED000AB8F900007BEE400AD3
:1015700000EE100AB8EEC00A30EEC00A30EE490A9A
:1015800084ED000A2AE0EEE3EEE3DDE29FE15CE0B9
:1015900094ED000ADAED000A30EEC00A10EE100AEF
:1015A0000EF0FCFF41EC100B0AF00AF853EC1A2B7A
:1015B00051EC100B0EF018FC10D8307801280DD12A
:1015C000BBF90000DAED000A00EE100AB8EEC00A1E
:1015D00030EE800A30EE490A84ED000A28780128AE
:1015E0002FD16B48007801282BD170480078002853
:1015F00027D0634890ED000ADFED680AB8F90000D3
:1016000070EEC00A00EE100AB8EEC00A30EEC00A52
:1016100030EE490A84ED000A584890ED001AB7F9F7
:10162000000000EE900AF8EEE00A71EE200A70EE7B
:10163000E90AC4ED010A89ED000A94ED010A89ED79
:10164000010ABDEC088BBDE8F09FD4ED000A30EE36
:10165000600A10EE100A0EF0A1FF41EC100B09F029
:10166000AFFF53EC182B51EC100B0EF0BDFB11D853
:10167000307801280ED13D48D0ED000ABBF90000BA
:1016800000EE100AB8EEC00A30EE800A30EE490AC9
:1016900084ED000A464D95ED000A9FED46AADFF85D
:1016A00018813AEE400AD8ED000A30EE600ADAED11
:1016B000000A30EE600A10EE100A0EF06FFF41ECE7
:1016C000100B09F07DFF53EC182B51EC100B0EF0B2
:1016D0008BFB07D839480078012803D12C480078C3
:1016E00001287CD095ED000AD8ED000A3AEE400AB8
:1016F00030EE600AD4ED010A30EE600A10EE100AF6
:101700000EF04CFF41EC100B09F05AFF53EC182B74
:1017100051EC100B0EF068FB03D828480078012824
:101720007DD094ED010ADAED000A30EEC00A10EE29
:10173000100A0EF033FF41EC100B09F041FF40E0BE
:10174000310700200000000000005440785F0020B6
:10175000380800203A0800200080D94334080020CF
:10176000001C00460000D443280700201C0700206E
:101770002D07002000000000000059402007002035
:10178000180700202C0700200000000000C0624065
:101790002F07002000000000005094400000F94492
:1017A000000000000000344000006ABB3007002049
:1017B0001407002000C09544240700202E070020B5
:1017C0000DE09FEDFB1B51EC100B53EC112B0EF0B9
:1017D0000BFB48D8F8480078012836D043E0B7F929
:1017E0000000DAED000A00EE100AF448B6EE001A26
:1017F000B8EEC00AB0F9000030EE800AD5ED000A5C
:1018000030EE0A0A70EE600A00EE100AB8EEC00A66
:1018100070EEC00AB0EE690A10EE810A00E002E044
:1018200084ED010A1FE0E54895ED000AB0F90000DB
:101830007AEE400A00EE100AB8EEC00A30EEC00A96
:1018400030EE690A84ED010A0DE0B7F90000DAED27
:10185000000A00EE100AB8EEC00A30EE800A30EE40
:10186000690A84ED010A307801287FF4EAAED44891
:1018700000780128F9D1D348007800283FF4E1AE80
:10188000D148D0ED000ABBF9000000EE100AB8EE16
:10189000C00A30EE800A30EE490A84ED000AC748DB
:1018A000D5ED000AB0F900003AEE601A00EE900A99
:1018B000F8EEE00A71EE600A70EEE90AC4ED010A82
:1018C00089ED000A94ED010A89ED010AB9E63BEEC3
:1018D000600AD4ED000A30EE610A30EE600A10EEC4
:1018E000100A0EF05BFE41EC100B09F069FE53ECA0
:1018F0001A2B51EC100B0EF077FA02D82878012839
:101900001BD0B14894ED000AD0ED000A30EEC00AB9
:1019100010EE100A0EF042FE41EC100B09F050FEE2
:101920009FEDA31B51EC100B53EC112B0EF05CFA46
:1019300024D83078012812D020E0A44890ED000A85
:10194000B8F900007BEE400A00EE100AB8EEC00ABB
:1019500030EEC00A30EE490A84ED000A0EE09A48E3
:10196000D0ED000ABBF9000000EE100AB8EEC00A84
:1019700030EE800A30EE490A84ED000A944E96ED6E
:10198000000A1FED74AADFF84CB23AEE400ADBED14
:10199000000A30EE600ADAED000A30EE600A10EE5E
:1019A000100A0EF0FBFD41EC100B09F009FE53ECA0
:1019B000182B51EC100B0EF017FA07D8804800785E
:1019C000012803D17C48007801283ED09AED000A16
:1019D0009FED81AAD4ED010A30EE0A0A30EE600ACA
:1019E00010EE100A0EF0DAFD41EC100B09F0E8FDE4
:1019F00053EC182B51EC100B0EF0F6F903D86E488F
:101A00000078012847D096ED000A9FED74AADBED1F
:101A1000000A3AEE400A30EE600AD4ED010A30EED8
:101A2000600A10EE100A0EF0B9FD41EC100B09F03F
:101A3000C7FD53EC182B51EC100B0EF0D5F94CD818
:101A40005F480078012837D047E0B7F90000DAEDA9
:101A5000000A00EE100A5948B8EEC00AB0F90000BA
:101A600030EE800AD6ED000A30EE0A0A70EE600A07
:101A700000EE100AB8EEC00A70EEC00A9FED570AD9
:101A8000B6EE001A00EE810A30EE4A0A30EE690A1C
:101A900084ED010A21E09AED000AB7F9000070EE2A
:101AA0000A0A00EE100AB8EEC00A30EE800A30EEE4
:101AB000690A84ED010A10E0404896ED000AB0F989
:101AC00000007AEE400A00EE100AB8EEC00A30EECE
:101AD000C00A30EE690A84ED010A287801287FF4F3
:101AE000F5AE354800780128F9D13648007800284D
:101AF0003FF4ECAE354890ED000AB8F900007BEEFB
:101B0000400A00EE100AB8EEC00A30EEC00A30EE0D
:101B1000490A84ED000ADAED000A9FED2F1AB7F9A1
:101B2000000030EE811A00EE900AF8EEE00A71EE45
:101B3000200A70EEE90AC4ED010A89ED000A94ED6D
:101B4000010A89ED010A7CE52148DFED25AA9FED18
:101B500025AA90ED000AB4EEC10AF1EE10FA45DBB9
:101B600094ED010ADFF880A031EE400A10EE100A71
:101B70000EF014FD41EC100B09F022FD53EC182B74
:101B800051EC100B0EF030F963D80B4800780128A7
:101B90005FD1B7F90000DAED000A00EE100AB8EEE6
:101BA000C00A30EE800A30EE690A84ED010A50E086
:101BB00000000000000049402F07002036080020E8
:101BC0002E070020300700201C07002018070020E7
:101BD0001407002024070020000096450070BB4534
:101BE0000020B54400F0D245200700205FED05BA83
:101BF000DFF8FCA33BEEC00AFE48D0ED000A30EE51
:101C0000600AD4ED010A30EE600A10EE100A0EF000
:101C1000C5FC41EC100B09F0D3FC53EC182B51EC34
:101C2000100B0EF0E1F814D8F3480078012810D119
:101C3000F2489AED000AB0F900007BEEC00A00EE0F
:101C4000100AB8EEC00A30EEC00A30EE690A84ED20
:101C5000010ADFF8ACA3EB489AED000AD0ED000AC8
:101C6000E94830EE200AD0ED000A30EE200A30EECE
:101C70006A0A10EE100A0EF091FC41EC100B09F00C
:101C80009FFC9FEDE21B51EC100B53EC112B0EF05F
:101C9000ABF805D82878012802D1307801283CD04B
:101CA0009AED000AD8483BEE400AD0ED000A30EE2B
:101CB000600AD4ED000A30EE600A10EE100A0EF051
:101CC0006DFC41EC100B09F07BFC9FEDD21B51EC3D
:101CD000100B53EC112B0EF087F802D8287801284E
:101CE00043D0C848D4ED000A90ED000A30EE0A0A4D
:101CF00030EE600A10EE100A0EF050FC41EC100BB2
:101D000009F05EFC53EC182B51EC100B0EF06CF844
:101D10004DD83078012839D049E09AED000AB8F959
:101D20000000B6EE001A7BEE400A00EE100AB5483D
:101D3000B8EEC00A30EEC00AD0ED000ABBF90000D0
:101D400030EE0B0A30EE6A0A70EE200A00EE100A3E
:101D5000B8EEC00A70EE800AB0EE490A10EE810AB1
:101D600084ED000A23E0CFE193E09AED000AB8F990
:101D700000007BEE400A00EE100AB8EEC00A30EE1A
:101D8000C00A30EE490A84ED000A10E09D4890ED4B
:101D9000000ABBF9000070EE0A0A00EE100AB8EE65
:101DA000C00A30EE800A30EE490A84ED000A9048FD
:101DB0009A4990ED000AD1ED000AB4EEE00AF1EE86
:101DC00010FA31DB287801287FF480AD9448007840
:101DD0000128F9D19348007800283FF477AD9AEDB7
:101DE000000AB8F900007BEE400A00EE100AB8EED7
:101DF000C00A30EEC00A30EE490A84ED000AB7F995
:101E0000000091ED001A00EE900AF8EEE00A71EE83
:101E1000200A70EEE90AC4ED010A89ED000A94ED8A
:101E2000010A89ED010A0CE429780129FBD17249E4
:101E300009780129F7D17B4909780029F3D09AED77
:101E4000000AB8F900107BEE400A00EE101AB8EE56
:101E5000C00A30EEC00A30EE490A84ED000AD0ED27
:101E6000000A1FEDA21A654831EE601AB0F90000B1
:101E700000EE900AF8EEE00A71EE600A70EEE90AF0
:101E8000C4ED010A89ED000A94ED010A89ED010A09
:101E90001CE565484FF0010B80F800B0DFED639A58
:101EA0000021634839EEE11AB4EEE01AF1EE10FABF
:101EB00003D910EE902A824201DC297001E085F8F6
:101EC00000B09FED5CBBB4EEC01AF1EE10FA03D97E
:101ED00010EE102A824201DC317001E086F800B079
:101EE000564800680EF05AFB41EC100B09F068FBF5
:101EF00053EC1B2B51EC100B0EF058F90ED94F4838
:101F000040680EF04BFB41EC100B09F059FB53EC11
:101F10001B2B51EC100B0EF049F902D84848017800
:101F200021B147480078012803D023E080F800B0B1
:101F300020E0424800680EF031FB41EC100B09F044
:101F40003FFB53EC182B51EC100B0DF04DFF11D84B
:101F50003A4840680EF022FB41EC100B09F030FBD0
:101F600053EC182B51EC100B0DF03EFF02D8354806
:101F700080F800B0334A1078012802D0022823D11B
:101F800023E085F800B0304BDAF800002F49984282
:101F900002DC606081F800B019482D4B90ED000A1A
:101FA00010EE100A984205DCB1EE400A84ED000AFA
:101FB00081F801B04878012873D10878012870D1E0
:101FC0001F490220087010706BE00D48DFF838B030
:101FD00090ED000A0B48D0ED000A30EE200ADBED50
:101FE000000A30EE200A30EE690A10EE100A31E0E5
:101FF00014070020240700202E07002036080020A8
:10200000180700201C0700202807002000000000FF
:1020100000003440000000000080514020070020F4
:102020002F070020300700203507002000401C4506
:102030000000C8420000000000006940045F00206A
:10204000340700203307002000007A44A80C002049
:10205000000048440EF0A2FA41EC100B09F0B0FA6F
:1020600053EC1A2B51EC100B0DF0BEFE19D828784A
:10207000012816D13078012813D15548DBED000A2C
:1020800090ED000A534830EE290A30EE600AD0ED98
:10209000000A30EE600AFEEE000A20EE200A84ED0F
:1020A000000A287801287FF4F3AE4B480078012815
:1020B000F9D14A48007800283FF4EAAE4448D0ED10
:1020C000000AB8F9000000EE100AB8EEC00A30EEBF
:1020D000800ADFED430A30EEC00A84ED000AB7F94A
:1020E00000009AED001A00EE900AF8EEE00A71EE98
:1020F000200A70EEC90AC4ED010A89ED000A94EDC8
:10210000010A89ED010A1EE530EE800A1FED398AC9
:10211000DFF8BCB030EE210A30EE480A10EE100AAB
:102120000EF03CFA41EC100B09F04AFA53EC1A2B72
:1021300051EC100B0DF058FE19D82878012816D153
:102140003078012813D19BED000A264830EE080AAA
:10215000D0ED000A1F4830EE600AD0ED000A30EEE4
:10216000600AFEEE000A20EE200A84ED000A2878BC
:102170000128C8D1184800780128C4D11748007830
:102180000028C0D0B8F90000DBED000A00EE100A0C
:10219000B8EEC00A30EE800ADFED130A30EEC00A56
:1021A00084ED000AB7F900009AED001A00EE900ADB
:1021B000F8EEE00A71EE200A70EEE90AC4ED010AB9
:1021C00089ED000A94ED010A89ED010ABBE40000E3
:1021D000180700201C0700202F07002030070020D0
:1021E0000080D9C3280700200080CA432DE9F05F92
:1021F00000F044F96F487149714A90F800B06E4898
:10220000704BDFF8C4C19FED710A714CDFED710AAC
:10221000714D724FDFF8C89140F295164FF4D478A3
:1022200040F29F1ABBF1050F31D2DFE80BF0033209
:102230006190BE00B0F800B001EE10BAB8EE411ADD
:1022400081ED001A818801EE101AB8EE411A82ED74
:10225000001A418801EE101AB8EE411A83ED001AF7
:10226000C08801EE100AB8EE411A8CED001A00F099
:10227000BFF884ED000AC5ED000A3E80A9F8008091
:102280005848A0F800A0584940F2B3100880BDE8B3
:10229000F09FB0F806B001EE10BAB8EE411A81ED29
:1022A000001A418801EE101AB8EE411A82ED001AA8
:1022B000018801EE101AB8EE411A83ED001A8088E9
:1022C00001EE100AB8EE411A8CED001A00F090F8F9
:1022D000C4ED000A85ED000AA7F800A040F2B31093
:1022E000A9F800003F4806803F48A0F80080CEE7EC
:1022F000B0F804B001EE10BAB8EE411A81ED001A40
:10230000018801EE101AB8EE411A82ED001AC18858
:1023100001EE101AB8EE411A83ED001A408801EE62
:10232000100AB8EE411A8CED001A00F061F884ED45
:10233000000AC5ED000AA7F80080A9F80060294945
:1023400040F2B31008802848A0F800A09FE7B0F83A
:1023500002B001EE10BAB8EE411A81ED001AC18840
:1023600001EE101AB8EE411A82ED001A818801EED2
:10237000101AB8EE411A83ED001A008801EE100A17
:10238000B8EE411A8CED001A00F032F8C4ED000AE4
:1023900085ED000A40F2B3103880A9F800A011487A
:1023A000A0F800801048068071E7104900200870EE
:1023B0006DE70000320700202408002018070020E5
:1023C0001C070020140700202007002000404F4475
:1023D00028070020008054442407002034080020EF
:1023E00038080020360800203A0800201007002096
:1023F00070B51748174C184D0068184B0021012282
:10240000A04201DD984201DB297000E02A701448E7
:10241000144D0068A04202DD134EB04201DB29706A
:1024200000E02A701148124D0068A04201DD984278
:1024300001DB297000E02A700E480F4D0068A042B1
:1024400001DD984201DB297070BD2A7070BD00006B
:1024500018070020000020412C07002000C05A452A
:102460001C0700202D07002000C0C14514070020D4
:102470002E070020200700202F0700202DE9F05F05
:1024800005462DED048B4FF000084FF00409864EF1
:10249000864F9FED878BDFF820A2DFF820B2012462
:1024A00097ED020ADFED860A20EE200AFEF720FDF6
:1024B000B0EE409AB0EE490A08F0DAFF10EE100ACA
:1024C0000EF06CF841EC100B09F07AF851EC100B9F
:1024D0000DF080F909EE900AB7EE000A39EEC00A55
:1024E00010EE100A0EF05AF841EC100B09F068F8E3
:1024F0009FED741B51EC100B53EC112B0DF074FC81
:1025000017D8B0EE490A08F0B3FFB5EEC00AF1EEF5
:1025100010FA02DB86F800802DE0B0EE490A08F0E0
:10252000A7FFB5EEC00AF1EE10FA24D202203070F7
:1025300021E019EE900A0EF031F841EC100B09F091
:102540003FF89FED621B51EC100B53EC112B0DF07B
:102550004BFC0ED8B5EEC09AF1EE10FA01DB3470E8
:1025600009E0B5EEC09AF1EE10FA04D20320307003
:1025700001E086F8009038680EF010F841EC100B7E
:1025800009F01EF853EC182B51EC100B0DF00EFE59
:102590000DD978680EF002F841EC100B09F010F834
:1025A00053EC182B51EC100B0DF000FE04D84949E8
:1025B000DAF80800884204DC4749DAF80800884263
:1025C00003DD8BF800404548047045489BF8002027
:1025D00045490378434852EA030604D0012A55D0FE
:1025E000012B53D055E095ED000ADFED400A404B3A
:1025F00070EE200A10EE902A9A4203DC80F80080E8
:102600000C7046E010EE102A3A4B9A4212DB10EEA4
:10261000902A394B9A420DDC95ED011ADFED371AFD
:10262000374B31EE211A11EE102A9A4202DC047067
:102630000C702EE010EE102A324B9A420CDB10EE9A
:10264000902A314B9A4207DC304B6A689A4203DB8E
:10265000022202700C701CE010EE102A264B5B4226
:102660001A442B4B9A4203D8032202700C7010E0DC
:1026700010EE102A274B9A4203DB80F800900C7072
:1026800007E00522027081F8008002E080F80090E7
:102690000C70214A1278082A02D1062202700C70AE
:1026A000BDEC048BBDE8F09F32070020045F0020E2
:1026B0000000000000005940B05F002035070020F6
:1026C00088C3E43A613255302AA9433FCAC342ADB8
:1026D00069DEA13F00004843000096433407002014
:1026E00036070020310700201007002000404F442B
:1026F00000E0F5440020FC440028D245008054440A
:1027000000E098440080EC4400B8D34500C08F45F9
:1027100000482D000070FF4590080020704772B6F9
:10272000FEE700002DE9F04105462DED088B0C4633
:102730009FEDAE8BAF4EB048806830600DF02EFF3D
:1027400041EC100B08F03CFF53EC182B51EC100B34
:102750000DF02CFD03D296ED010A86ED000A3068DB
:102760000DF01CFF41EC100B08F02AFF53EC182B66
:1027700051EC100B0DF028FE41EC100B08F020FF7F
:102780009FED9E1B51EC100B53EC112B0DF00EFD29
:102790001AD296ED000AD6ED010A30EE600A10EE6C
:1027A000100A0DF0FBFE41EC100B08F009FF9FED45
:1027B000951B51EC100B53EC112B0DF0F7FC03D2D1
:1027C00096ED010A86ED000AD6ED000A96ED010AA3
:1027D0008E4A8F4830EEC00A10EE101A914203DD87
:1027E0000168491E016007E010EE101A894A914203
:1027F00002D90168491C016000684FF461614843D7
:1028000000EE100A8449B8EEC00A30EE800A81ED6D
:10281000000A00EE900AF8EEE00A30EE600A85ED5C
:10282000030ADFED7E0A20EE200AFEF761FBB0EE20
:10283000409A7B4890ED000ABDEEC00A10EE100AE7
:102840002060784991ED000ABDEEC00A84ED020ACD
:102850006168401A0AF096FF4FF47A77B84206DCB6
:10286000D4E90201401A0AF08DFFB84207DD206862
:102870006060A068E060BDEC088BBDE8F081D4E941
:10288000000188420FDB401A0DF083FA9FED660BC2
:1028900053EC102B0DF0E4FA0CF09CFF08EE100A3C
:1028A000DFED639A0EE0401A0DF073FA9FED611BA5
:1028B00053EC112B0DF0D4FA0CF08CFF08EE100A3B
:1028C000DFED5E9AD4E9020188420FDB401A0DF079
:1028D00060FA9FED5B0B53EC102B0DF0C1FA0CF07E
:1028E00079FF08EE900A9FED58AA0EE0401A0DF00D
:1028F00050FA9FED560B53EC102B0DF0B1FA0CF083
:1029000069FF08EE900A9FED53AA79EE890A9FEDC0
:10291000520A30EEC00AF0EE409A09F0C1FDF1EE25
:1029200040AA3AEE090AB0EE40AA09F0B9FDB1EEAC
:1029300040BAB0EE690A08F09BFDF0EE409AB0EEA6
:102940004A0A08F095FD6AEE880A94ED041A4BEEE7
:10295000280A70EE810AC4ED040A69EE880A40EE86
:10296000280A94ED050A30EE800A84ED050A9FEDF1
:102970003B8AB0EE480A09F093FDB0EE490A09F02F
:102980008FFD374894ED040AD0ED000A30EE200A9E
:1029900030EE480A85ED000AB0EE480A08F068FDFE
:1029A000B0EE490A08F064FD2E4894ED050AD0ED1A
:1029B000000A30EE200A38EE000A2B48D5ED000A56
:1029C00090ED001A70EE810AC5ED000A2748D0ED9F
:1029D000000A30EE200A85ED010A20686060A068D8
:1029E000E06096ED000A86ED010A44E70000000071
:1029F00000209C40A0060020045F00200000000092
:102A000000002E4000000000000059400000E1449A
:102A1000880C00200000E1C48C0C002088C3E43A3C
:102A20009406002098060020B9CBA01C11C9CCBF89
:102A3000B5DB43BF5F371D135EC5CCBF046E43BF1C
:102A40008051D885B963CCBF19C015C0B569EAF506
:102A50002262CCBFDDA215C0DB0F494000000000A0
:102A60005007002054070020080700200C07002012
:102A700010B52DED068BB0EE40AA10EE900A0DF0C9
:102A80008DFD9FED189B41EC100BB0EE491AF0EE56
:102A9000691A08F079FEB0EE408AF0EE608A1AEE0C
:102AA000100A0DF07BFD41EC100BB0EE491AF0EE70
:102AB000691A08F069FEB0EE401AF0EE601A53ECA5
:102AC000182B51EC110B0CF0B7FE41EC100B09F078
:102AD000AFFD51EC100B0CF07DFEBDEC068B00EE53
:102AE000100A10BD00000000000000404A7809787C
:102AF00042EA012100EE101AB8EE400A80ED080A01
:102B0000704710B52DED048BB0EE419AF0EE619A4E
:102B100006F0D6FEB0EE408AF0EE608AB0EE490ACA
:102B2000F0EE690A06F0CCFE53EC182B51EC100BBA
:102B30000DF04AFC41EC100BBDEC048BBDE81040DD
:102B400006F0BEBE8878C978020604D5054A42EA76
:102B50000020084301E041EA002000EE100AB8EE30
:102B6000C00A70470000FFFF90F82020012A07D01C
:102B7000022A05D0416A41F4802141620120704758
:102B8000006842690A43426100207047F0B590F83E
:102B900020500468A468012D07D0022D05D0416A99
:102BA00041F4802141620120F0BD04F0806504F011
:102BB0000066354301D1E50053D5C4F30164012516
:102BC000A5401D608B684FF4C0759BB1CE6805EBC6
:102BD000041733434E6843EAC6030668F3514FF4C3
:102BE000C273076803EB04130E69FE50097D0129C7
:102BF00009D00DE00E88CB6805EB041743EA465375
:102C00000668F351EBE70168CE5846F48076CE5063
:102C10001179D379567941EA036193791B0443EA28
:102C2000062319434FF4C676036806EB0416995140
:102C30001178D37841EA0361937852781B0443EA10
:102C4000022211434FF4C473026803EB0413D15002
:102C5000006805EB0411425842F001024250002086
:102C6000F0BD416A41F4001141620120F0BD000055
:102C700010B590F82020012A07D0022A05D0416A19
:102C800041F480214162012010BD3C4800F50070F4
:102C9000026842F001020260026822F47C52026083
:102CA00002684B6A42EA032202600A7D02F01F03B7
:102CB00001229A40C3699343C361A0F50070CB69B8
:102CC000B3B9D0F80C329343C0F80C328C894B68FE
:102CD00064F31F434C6900EBC404C4F840320C8910
:102CE0000B6864F31F434C6900EBC404C4F844321E
:102CF000CB69012B16D1D0F80C321343C0F80C323B
:102D00000C884B6864F31F434C6900EBC404C4F89F
:102D100040320C89CB6864F31F434C6900EBC40458
:102D2000C4F844328B697BB1D0F804321343C0F845
:102D300004320B6973B1D0F814321343C0F8143263
:102D4000096A01290CD010E0D0F804329343C0F88E
:102D50000432EEE7D0F814329343C0F81432EFE7B0
:102D6000D0F81C121143C0F81C12D0F8001221F048
:102D70000101C0F80012002010BD000000640040F6
:102D8000704770B590F82040012C07D0022C05D078
:102D9000416A41F480214162012070BD21B1046883
:102DA0002469A4072AD003E00468E468A4071FD0BC
:102DB0004FF4D874056804EB01142D5905F004058F
:102DC00095600DB305682D59ED08556005682C59BF
:102DD00004F00204D4604FF4DA74056804EB0114C3
:102DE0002E5906F00F06082E13D30825156114E09E
:102DF000416A41F400114162012070BD416A41F411
:102E000000114162012070BD05682D596D0D1560DE
:102E1000DCE72D5905F00F05156105682D59C5F33F
:102E20000725956105682C59240C54614FF4DC7218
:102E3000046802EB0112A4581C700468A458240A08
:102E40005C700468A458240C9C700468A258120E8C
:102E5000DA704FF4DE72046802EB0112A4581C71A0
:102E60000468A458240A5C710468A458240C9C715A
:102E70000468A258120EDA7131B10068016941F09C
:102E800020010161002070BD0068C16841F020018F
:102E9000C160F7E72DE9F05F054600242868466920
:102EA000D0F804908768D0F80CA0D0F810B0D0F813
:102EB0001880F10748D0F90714D001218160B807C4
:102EC00003D5284600F0DEFB0CE0780702D54FF46E
:102ED000006407E0380702D54FF4805402E028462A
:102EE00000F0CFFBF80516D529684FF48070886094
:102EF000B80503D5284600F0C7FB0CE0780502D5DD
:102F000044F4005407E0380502D544F4804402E05C
:102F1000284600F0B8FBF80316D529684FF4803036
:102F20008860B80303D5284600F0B0FB0CE07803B6
:102F300002D544F4004407E0380302D544F4803459
:102F400002E0284600F0A1FB300707D55FEACA601F
:102F500004D544F4007429681020C86070074FF04D
:102F6000080707D55FEA0A7004D52868C7602846B5
:102F700000F0BAF9B00706D52868C068800702D00B
:102F8000284600F0B3F9700607D55FEACB6004D598
:102F900044F48064296810200861B00607D55FEA10
:102FA0000B7004D528680761284600F03BFBF0064B
:102FB00006D528680069800702D0284600F033FB58
:102FC000B00308D55FEAC96005D5296810204860BC
:102FD000284600F029FBF00307D55FEA097004D505
:102FE00028684760284600F052FB300446D55FEA67
:102FF000497040D5F00504D55FEAC87001D044F0AF
:103000000104B00504D55FEA887001D544F00204DC
:10301000700504D55FEA487001D544F0040430051A
:1030200029D518F0700F26D008F07000402815D070
:1030300006DC102809D020280AD0302816D10AE052
:1030400050280ED0602811D10EE044F008040DE0A5
:1030500044F010040AE044F0200407E044F0400487
:1030600004E044F0800401E044F48074286881693D
:1030700021F070018161296804204860002C05D08E
:10308000686A204368622846FFF77AFEBDE8F09F31
:1030900070B50446002C03D094F8200010B104E071
:1030A000012070BD204600F09DF82068016841F0C5
:1030B0000101016000F0C0FD054605260CE000F0AE
:1030C000BBFD401B0A2807D9606A40F400306062EB
:1030D00084F82060012070BD20684068C007EED0F1
:1030E0002068016821F00201016000F0A5FD05469D
:1030F0000CE000F0A1FD401B0A2807D9606A40F4EB
:103100000030606284F82060012070BD2068406853
:103110008007EED4207E01283FD02068016821F08E
:1031200080010160607E01283DD02068016821F0A7
:1031300040010160A07E01283BD02068016821F099
:1031400020010160E07E012839D02068016841F04B
:1031500010010160207F012837D02068016821F02C
:1031600008010160607F012835D02068016821F0E6
:1031700004010160D4E902010843D4E904121143B7
:1031800008436168491E08432168C86100206062E5
:10319000012084F82000002070BD2068016841F003
:1031A00080010160BEE72068016841F040010160D4
:1031B000C0E72068016841F020010160C2E7206893
:1031C000016821F010010160C4E72068016841F046
:1031D00008010160C6E72068016841F00401016050
:1031E000C8E700002DE9F04387B00446142102A887
:1031F000FDF77EF9384D2268384C2968DFF8D49005
:10320000364B02273648491C103400264FF0030C79
:103210004FF009084A4529D12960012907D12168C1
:1032200041F000712160216801F00071019119687D
:1032300041F002011960196801F0020101914FF497
:103240004071029103970496CDF814C0CDF8188010
:1032500002A900F001FC00220521142000F08AFDE3
:10326000142000F079FD07B0BDE8F083DFF874901A
:103270004A45F8D1226842F080622260226802F05A
:10328000806201922960012907D1216841F0007113
:103290002160216801F000710191196841F002017B
:1032A0001960196801F002010191602102910397F0
:1032B0000496CDF814C0CDF8188002A900F0CCFB1C
:1032C00000220521402000F055FD402000F044FD83
:1032D000C9E70000006400401000002030380240C0
:1032E0000004024000680040704700002DE9F041F2
:1032F00088B00646A5493068A54D884248D1E8897E
:10330000401CE881A34B01AA00213046FFF739FD9C
:103310000199A14CA1F50071013920D001292BD0D0
:10332000022902D0032933D10CE09A499B4802F0CC
:103330007EFC9A4890ED3C0A84ED190AE88A401C0C
:10334000E88225E09349964802F071FC944890ED9C
:103350003C0A84ED490A688B401C688318E08D495B
:10336000904802F064FC8F4890ED3C0A84ED310AED
:10337000E88B401CE8830BE086498B4802F057FC41
:10338000894890ED3C0A84ED010A688A401C6882F5
:1033900086483168814227D1A889401CA8817D4B8D
:1033A00001AA083B00213046FFF7EBFC0198A0F58D
:1033B00000700138DFED7E1A9FED7E1AF3EE030AEE
:1033C00015D001283ED00F2867D0A0F58070553861
:1033D0000AD170487849083802680A60774940681D
:1033E0000860E88C401CE88408B0BDE8F0816949B9
:1033F00073480839FFF77AFB714C84ED080A654978
:1034000001A80839FFF79EFB84ED090A94ED080A2C
:103410002046FDF734F994ED030AB8EEC00A20EE19
:10342000210A20EE010A80EE201A84ED0A1A94ED9A
:10343000090A80EE201A84ED0B1A35F8440F401C5F
:103440002880D1E753495F480839FFF74FFB5D4CAF
:1034500084ED080A4F4901A80839FFF773FB84ED92
:10346000090A94ED080A2046FDF709F994ED030ACC
:10347000B8EEC00A20EE210A20EE010A80EE201AE2
:1034800084ED0A1A94ED090A80EE201A84ED0B1AD5
:1034900035F8460F401C2880A6E73E480838FDF75F
:1034A00043FF49480178427841EA0221474A1180A6
:1034B0008478C37844EA032454800379467943EA44
:1034C000062696808379C07943EA0027D78008468C
:1034D0000CF076FC9FED3E1B53EC112B0CF0C0FC66
:1034E0009FED3D1B53EC112B0CF06EFF0CF024FCF8
:1034F000DFF8EC80A8F8000020460CF061FC9FED9E
:10350000391B53EC112B0CF0ABFC9FED381B53EC2B
:10351000112B0CF091F90CF00FFCA8F802003046CA
:103520000CF04EFC9FED331B53EC112B0CF098FC70
:103530009FED321B53EC112B0CF046FF9FED311B1E
:1035400053EC112B0CF040FF0CF0F6FBA8F8040034
:1035500038460CF035FC9FED2D1B53EC112B0CF075
:103560007FFC9FED2C1B53EC112B0CF02DFF9FEDDE
:103570002B1B53EC112B0CF027FF0CF0DDFBA8F8F4
:10358000060035F84A0F401C28802DE700680040EF
:10359000E85F0020FC0C0020B8000020640400203C
:1035A00078050020500300203C0200200064004009
:1035B000000000390000B443940600209806002063
:1035C000300A0020340B0020A40000202C0800202A
:1035D000AE47E17A14AEE73F5C8FC2F528BC3740B6
:1035E00024080020931804560E2DE63F355EBA4994
:1035F0000CD24340355EBA490C02F03FB81E85EB51
:1036000051886040000000000000334067D5E76A41
:103610002BF6EF3F295C8FC2F5D060400000000020
:103620000000344070477047704770B5044694F806
:103630002000012805D0606A40F40020606201206B
:1036400070BD022084F820002068016821F001018B
:10365000016000F0F1FA05460DE000F0EDFA401BC4
:103660000A2808D9606A40F400306062052084F8B6
:103670002000012070BD20684068C007EDD1606265
:1036800070BD70477047704770477047704770470C
:103690002DE9F0410446A76D00F0CEFA054694F8F6
:1036A00035000026022806D08020606584F834604A
:1036B0000120BDE8F0812068016821F01601016059
:1036C0002068416921F080014161206C08B9A06C3B
:1036D00020B12068016821F00801016020680168BC
:1036E00021F0010101600BE000F0A6FA401B052863
:1036F00006D9202034342062032060702670D8E779
:1037000020680068C007EFD134343F2094F82810B7
:103710008840B8600120607026700020C9E790F8EA
:103720003510022903D08021416501207047052111
:1037300080F835100068016821F001010160002067
:10374000704700002DE9F84304464FF00009CDF81A
:1037500000906F484FF416510068B0FBF1F7A56D6B
:103760002E6894F85C00082202FA00F1314210D071
:103770002068016849070CD5016821F00401016047
:1037800094F85C0002FA00F1A960606D40F001005D
:10379000606594F85C104FF0010808FA01F03042BF
:1037A00008D021684969090604D5A860606D40F019
:1037B0000200606594F85C1004208840304208D014
:1037C00021680968890704D5A860606D40F004008D
:1037D000606594F85C1010208840304220D0216849
:1037E000096809071CD5A8602068016849030CD541
:1037F0000068000304D4216C91B1204688470FE093
:10380000A16C69B1204688470AE00168C90503D464
:10381000016821F008010160216C09B12046884748
:1038200094F85C102020884030424CD02168096810
:10383000C90648D5A86094F8350005280BD0206843
:103840000168490330D50068000328D4616C51B386
:103850002046884737E02068016821F016010160A2
:103860002068416921F080014161206C08B9A06C99
:1038700020B12068016821F00801016094F85C1013
:103880003F208840A86084F8358084F83490216D0A
:1038900000293BD001B02046BDE8F0430847E16B6A
:1038A00009B1204688470EE00168C90507D40168C0
:1038B00021F01001016084F8358084F83490E16BC8
:1038C00009B120468847606D00281FD0606DC00791
:1038D00014D0052084F835002068016821F001012A
:1038E00001600098401C0090B84203D8206800682E
:1038F000C007F6D184F8358084F83490E16C002953
:1039000004D001B02046BDE8F0430847BDE8F88385
:10391000200000202DE9F041044600F08DF9054615
:103920005CB1022084F83500002684F834602068F9
:10393000016821F0010101600DE00120BDE8F08186
:1039400000F07AF9401B052805D920206065032086
:1039500084F83500F2E720680068C007F0D12168DC
:103960000A6820480240D4E901031843D4E903352A
:103970002B43184363691843A3691843E369184349
:10398000236A18431043626A042A03D1D4E90B2343
:103990001A43104308602068406920F00700656AF8
:1039A00029460543012704290DD1A06A0543E06A91
:1039B00048B12046FDF766FC28B14020606584F8D8
:1039C00035700120BAE7206845612046FDF744FCC8
:1039D00094F85C203F2191408160666584F83570E1
:1039E0000020ABE73F8010F02DE9F04104460025B0
:1039F000A66D94F8340001280DD0012084F834001D
:103A000094F835700020012F07D084F83400022587
:103A10002846BDE8F0810220FBE7022784F83570D4
:103A200060652046FDF76AFC94F85C103F208840F2
:103A3000B0602068016841F016010160206C20B17F
:103A40002068016841F0080101602068016841F0C8
:103A500001010160DCE700002DE9F84F0022DFF8EA
:103A60009C914FF0010803274FF00F0C09F1040A55
:103A7000A9F1040B08FA02F50B682B40AB426ED19A
:103A80000C7904F00304012C01D0022C15D18668B6
:103A9000540007FA04FE26EA0E06D1F80CE00EFAEE
:103AA00004FE4EEA060EC0F808E04468AC430D7907
:103AB000C5F300159540254345600C79E443A40700
:103AC00008D0C568540007FA04F6B5438E68A640CE
:103AD0002E43C6600C7904F00304022C11D1D408E3
:103AE00000EB8406356A5407E40E0CFA04FE25EA5E
:103AF0000E05D1F810E00EFA04FE4EEA050EC6F8E7
:103B000020E00568540007FA04F6B5430E7906F084
:103B10000306A6402E4306604C6814F4403F67D06D
:103B2000374C256845F480452560246804F48044BA
:103B30000094344C22F003052E19D6F80858940747
:103B40004FEA147E0CFA0EF4A5432F4CA04201D18B
:103B5000002424E02D4CA04202D101241FE047E0C4
:103B60002B4CA04201D1022419E02A4CA04201D1E1
:103B7000032414E0284CA04201D104240FE0274C78
:103B8000A04201D105240AE0254CA04201D106241F
:103B900005E0244CA04201D1072400E0082404FAE7
:103BA0000EF42C43C6F80848D9F800409C434D68F1
:103BB000ED0200D51C43C9F80040DAF800409C43F0
:103BC0004D68AD0200D51C43CAF80040DBF8004048
:103BD0009C434D68AD0300D51C43CBF80040074D16
:103BE000083D2C689C434E68F60300D51C432C60AE
:103BF000521C102AFFF43EAFBDE8F88F083C01408C
:103C000044380240003001400000024000040240FD
:103C100000080240000C0240001002400014024064
:103C200000180240001C0240002A01D08161704748
:103C300009048161704700000148806870470000F6
:103C400014000020024881680278114481607047A6
:103C50001400002010B50B48016841F400710160A8
:103C6000016841F480610160016841F48071016084
:103C7000032000F09FF80F2000F006F800F050F845
:103C8000002010BD003C024030B587B0054600243E
:103C90001E48016841F004010160006800F0040062
:103CA000009001A902A800F03DF90598A8B100F024
:103CB0005DF940001649B0FBF1F1491E1648154A5E
:103CC000026040F2E732C260416004618460846156
:103CD00000F060FC04461CB115E000F047F9E9E78C
:103CE0000D4800F09BFC04466CB91E2000F034F82F
:103CF000102D07D2002229461E2000F03BF807486D
:103D0000056000E0012407B0204630BD4038024085
:103D100040420F00000800409414002018000020CA
:103D200082B00C48016841F480410160006800F4F1
:103D3000804001900748001F016841F080510160F8
:103D4000006800F08050019000220F21901E02B008
:103D500000F010B844380240002809DB00F01F02D0
:103D6000012191404009800000F1E020C0F80011DD
:103D700070470000F0B40D460D4B1B68C3F30223DF
:103D8000C3F10704042C00D90424191D072901D20A
:103D9000002300E0DB1E012606FA04F1491E29403B
:103DA00099409E40761E16403143F0BC06F027BF76
:103DB0000CED00E000F00701054A10684FF6FF0324
:103DC000184040EA01200349084310607047000092
:103DD0000CED00E00000FA052DE9F04704460D4621
:103DE000002C13D0DFF82891D9F80000EFB200F0D2
:103DF0000700A8420CD289F80070D9F8000000F042
:103E00000700A84204D00120BDE8F0870120FBE7AD
:103E10002068404E810712D5400703D5306840F432
:103E2000E05030602078000703D5306840F46040EF
:103E300030603068A16820F0F000084330602078DE
:103E4000C00731D0334960680839012808D00228FA
:103E50000BD0032809D0096889070BD40120D3E7C8
:103E60000968890306D40120CEE70968890101D4D5
:103E70000120C9E7316821F0030101433160FFF7F8
:103E8000DBFE804641F2883A07E0FFF7D5FEA0EB63
:103E90000800504501D90320B6E73068616800F09A
:103EA0000C00B0EB810FF0D1D9F8000000F0070052
:103EB000A84209D989F80070D9F8000000F007007D
:103EC000A84201D001209FE72078400705D530683F
:103ED000E16820F4E050084330602078000706D500
:103EE0003068216920F4604040EAC100306000F091
:103EF0005DF83168084AC1F30311515CC8400749B5
:103F0000086007480068FFF7BFFE00207CE700005C
:103F1000003C02400838024010090108200000203F
:103F2000180000200F2202600B4A136803F00303FD
:103F30004360136803F0F0038360136803F4E053F5
:103F4000C360126802F46042D2080261034800684C
:103F500000F007000860704708380240003C02404B
:103F600001480068704700002000002000B5FFF7FE
:103F7000F7FF04490968044AC1F38221515CC84033
:103F800000BD0000083802402009010800B5FFF715
:103F9000E7FF04490968044AC1F34231515CC84053
:103FA00000BD0000083802402009010810B517487C
:103FB000006810F00C01164816D04310042912D0E6
:103FC000082911D1114C241F216801F03F022168FA
:103FD00049020AD52068C0F38810A0FB0301002322
:103FE000FCF7C2F909E0184610BD21680023C1F3AF
:103FF0008811A1FB0001FCF7B7F92168C1F3014169
:10400000491C4900B0FBF1F010BD00000838024027
:104010000024F4002DE9F84F0446002C13D020783A
:10402000DFF8A083C007A8F1040556D008F104000A
:104030000168C1F3810101290CD00068C0F381003F
:10404000022803D00DE00120BDE8F88FD8F8000069
:10405000400206D5286880033FD5606870BB012008
:10406000F2E76068B0F5803F10D0B0F5A02F12D015
:10407000286820F480302860286820F48020286098
:104080006068E0B1FFF7D8FD064614E0286840F408
:1040900080302860F4E7286840F480202860286891
:1040A00040F480302860EBE7FFF7C6FD801B6428F2
:1040B00001D90320C8E728688003F5D50DE0FFF794
:1040C000BBFD064606E0FFF7B7FD801B642801D95B
:1040D0000320B9E728688003F5D42078BA4F800719
:1040E0004FF0000948D5B748001D016811F00C0FCA
:1040F00008D00068C0F38100022813D1D8F800006E
:1041000040020FD42868800704D5E068012801D058
:10411000012099E72868216920F0F80040EAC100F1
:10412000286029E0E068B8B101203860FFF784FD1D
:10413000064606E0FFF780FD801B022801D9032018
:1041400082E728688007F5D52868216920F0F80003
:1041500040EAC10028600FE0C7F80090FFF76CFD4F
:10416000064606E0FFF768FD801B022801D9032000
:104170006AE728688007F5D42078000729D5DFF89A
:1041800044A2924861690AF1700A89B10121016073
:10419000FFF752FD064606E0FFF74EFD801B0228A2
:1041A00001D9032050E7DAF800008007F4D510E0C9
:1041B000C0F80090FFF740FD064606E0FFF73CFD23
:1041C000801B022801D903203EE7DAF800008007AF
:1041D000F4D42078400778D54FF0000A79483C3075
:1041E0000068C0000BD477483C30016841F0805132
:1041F0000160006800F0805000904FF0010ADFF885
:10420000D0B1DBF80000C00514D4DBF8000040F4A6
:104210008070CBF80000FFF70FFD064606E0FFF7C1
:104220000BFD801B022801D903200DE7DBF80000FD
:10423000C005F4D5634EA0686C3601280FD0052860
:1042400012D0306820F001003060306820F00400A7
:104250003060A068F8B1FFF7EFFC834617E03068E4
:1042600040F001003060F4E7306840F00400306056
:10427000306840F001003060EBE7FFF7DDFCA0EBB9
:104280000B0141F28830814201D90320DCE630681D
:104290008007F2D510E0FFF7CFFC834609E0FFF777
:1042A000CBFCA0EB0B0141F28830814201D9032005
:1042B000CAE630688007F2D4BAF1010F05D141484F
:1042C0003C30016821F080510160A069C0B33D49D4
:1042D000091D09684FF0FF36C1F38101022946D05C
:1042E000022805D0C7F86090FFF7A6FC04463AE024
:1042F000C7F86090FFF7A0FC814607E0FFF79CFC41
:10430000A0EB0900022801D903209DE6286880015E
:10431000F4D4D4E907010843616AA26A890106EB73
:10432000520241EA0241084394F82C1040EA01602D
:10433000C8F8000001203866FFF77EFC044607E05D
:104340003DE0FFF779FC001B022801D903207BE642
:1043500028688001F5D532E0FFF76EFC001B0228CB
:1043600001D9032070E628688001F5D427E00128F0
:1043700023D0D8F80000E26900F4800191421AD1FC
:10438000226A00F03F01914215D147F6C071626A7E
:104390000140B1EB821F0ED1A26A00F4403106EB5E
:1043A0005202B1EB024F06D194F82C1000F070606D
:1043B000B0EB016F03D0012046E6012044E6002067
:1043C00042E600000438024000004742800E4742A7
:1043D0000070004070B50446002C09D0606A0025CA
:1043E00040B125616561A56294F8510040B10CE0CF
:1043F000012070BD6068B0F5827FF4D0E561F2E71E
:1044000084F85050204600F045F8022084F851000E
:104410002068016821F040010160A088218900F432
:10442000827001F404410843A18901F4006108434A
:10443000217C01F002010843217D01F001010843C4
:10444000218B01F400710843217F01F038010843FA
:1044500094F8201001F080010843218D01F40051EF
:10446000084321680860A069042101EA104094F81B
:10447000241001F010010843216848602068C169D8
:1044800021F40061C1616565012084F851000020BC
:1044900070BD000010B586B00446142101A8FCF7D9
:1044A00027F814492068884221D100211248026867
:1044B00042F480420260006800F4804000900E48A0
:1044C0001038026842F002020260006800F0020048
:1044D00000904FF46040019002200290039103206D
:1044E00004900520059001A90448FFF7B5FA06B02D
:1044F00010BD000000380040403802400004024077
:104500007047704770B590F83C20012A31D00126E1
:1045100080F83C60022280F83D200268546893686D
:1045200024F070050C682C435460134C0268A242BE
:1045300014D0B2F1804F11D0104CA2420ED0104CCA
:10454000A2420BD00F4CA24208D00F4CA24205D081
:104550000E4CA24202D00E4CA24204D123F08003A2
:104560004968194391603C30467000210170002079
:1045700070BD022070BD000000000140000400403A
:1045800000080040000C00400004014000400140D1
:104590000018004010B50446002C03D094F83D00EC
:1045A00010B107E0012010BD002084F83C00204637
:1045B00000F016F8022084F83D00211D206805F067
:1045C00019FE01203D3460726070A070E0702071AF
:1045D0006071A071E07120722070002010BD000099
:1045E00008B500680B49884212D10B48016841F0B8
:1045F00002010160006800F0020000900022052125
:104600001D20FFF7B7FBBDE808401D20FFF7A4BB46
:1046100008BD0000000400404038024090F83D1002
:10462000012901D001207047022180F83D10016866
:10463000CA6842F00102CA6000681449884214D076
:10464000B0F1804F11D0124988420ED011498842F2
:104650000BD01149884208D01049884205D0104932
:10466000884202D00F49884209D1816801F00701D0
:10467000062908D0016841F00101016003E00168EA
:1046800041F001010160002070470000000001407E
:104690000004004000080040000C004000040140FD
:1046A000004001400018004070B50446002594F811
:1046B0003C00012817D0012684F83C60022084F8D1
:1046C0003D002068826822F0770222F47F428260F7
:1046D0000868502838D00DDC202853D005DC90B372
:1046E000102811D14EE0022070BD30284AD0402859
:1046F0000AD13DE0602831D070280CD0B0F5805F41
:1047000003D0B0F5005F12D001253C346670002064
:104710002070284670BDCB68D1E90121206805F0E2
:10472000D3FD2068816841F077018160EDE7CB68B7
:10473000D1E90121206805F0C7FD2068816841F4B6
:1047400080418160E1E71DE0CA684968206805F0A2
:10475000CDFD5021206805F0C1FDD6E7CA68496843
:10476000206805F0D4FD6021206805F0B7FDCCE796
:10477000CA684968206805F0B9FD4021206805F045
:10478000ADFDC2E722680146104605F0A7FDBCE773
:1047900070472DE9F04104462068C56806694FF06E
:1047A0000007B10714D5A90712D5F91E0161012030
:1047B000207720688069800703D02046FFF7E8FF54
:1047C00005E0204600F081F8204600F07FF82777CA
:1047D000700717D5680715D521686FF004000861C8
:1047E000022020772068806910F4407F03D02046A3
:1047F000FFF7CEFF05E0204600F067F8204600F006
:1048000065F82777300716D5280714D521686FF08B
:1048100008000861042020772068C069800703D061
:104820002046FFF7B5FF05E0204600F04EF8204691
:1048300000F04CF82777F00617D5E80615D5216863
:104840006FF010000861082020772068C06910F41C
:10485000407F03D02046FFF79BFF05E0204600F095
:1048600034F8204600F032F82777F00708D0E80740
:1048700006D021686FF001000861204600F028F89A
:10488000300608D5280606D521686FF0800008613B
:104890002046FFF735FE700608D5680606D5216864
:1048A0006FF040000861204600F0B6F8B0060AD567
:1048B000A80608D521686FF0200008612046BDE8F1
:1048C000F041FFF71EBEBDE8F08170477047000061
:1048D000F0B4474A016891427DD1464A11780529D2
:1048E00007D0062905D0072903D0082901D00929B6
:1048F00004D1D2F84811491CC2F848113E4E756DDA
:104900006D1C75653D4A1178491C11703C4A11882F
:10491000491C11803B4FF7EE000A97ED000A30EE7C
:10492000200A87ED000A10EE101A374A002491423F
:104930004CD13649CA8C8A84CC844A880A804C80FF
:10494000CA888A80CC80002201EB4203B3F80CC0F5
:10495000A3F808C09C81521C022AF5DB4A8A0A820D
:104960004C82CA8A8A82CC824A8B0A834C83CA8B45
:104970008A83CC834A8C0A844C844A8D0A854C8570
:10498000CA8D8A85CC854A8E0A864C868A8ECA86CE
:104990008C86002201EB4203B3F844C0A3F840C068
:1049A000A3F84440521C022AF4DB38314A880A80BA
:1049B0004C80CA888A80CC804A8A0A824C82CA8A01
:1049C0008A82CC829FED120A87ED000A192D05DB41
:1049D0007465012100E001E086F8581000680D4977
:1049E000884202D1F0BCFFF72DB9F0BC704700003F
:1049F0000004004090080020AC060020B000002019
:104A0000A8060020AC00002000007A44E85F0020E7
:104A10000000000000080040704738B5044694F8D4
:104A20004200202801D0022038BD71B16AB10120B6
:104A3000206300206063204605F08EFE0346206B55
:104A4000012804D00123184638BD012038BD206854
:104A500001684068009020680C3050E8001F41F069
:104A6000100140E80012002AF5D1ECE7F0B5044649
:104A70002DED028B81B021680868486800900868B5
:104A8000486800900868486800903F483F4D814260
:104A900013D1688C401C68843D4E306840683D49A5
:104AA000C0F11400088009223B493C48FFF7B5FFDC
:104AB0003068016821F008010160394920688842A6
:104AC00040D1688D401C68851121364805F024FDD1
:104AD000354FB2EE048A354EB86800EE100A20EE6B
:104AE000080A86ED020A32490978092911D100EE37
:104AF000100ADFED300ADFED308A40EE080A30EEB2
:104B0000A80ADFED2E0A06F0E7FD30EE680A86ED12
:104B1000020A786800EE100A20EE080A86ED000A04
:104B2000386800EE100A20EE080A86ED010A11220C
:104B30001C492348FFF771FF22480068016821F0F3
:104B40000801016020492068884219D11F48017876
:104B500066290AD190F82500992806D11C4805F04D
:104B60001BFF35F84E0F401C288026221749194894
:104B7000FFF753FF18480068016821F00801016041
:104B800001B0BDEC028BF0BD004C0040E85F00209E
:104B9000D4100020B2000020C85E00206C0F00205E
:104BA0000044004074600020D4600020045F0020B6
:104BB00090080020000061440000E14400006145CD
:104BC000441000201413002000500040105F00200B
:104BD000385F0020B40F00209411002010B5044667
:104BE00020684069C0F3C01094F84110212911D108
:104BF00080B12068143050E8001F21F0800140E8A7
:104C00000012002AF5D1A06B08B1FEF741FD204645
:104C100005F074FC20684069C0F3801094F84210DD
:104C2000222911D180B12068143050E8001F21F0F2
:104C3000400140E80012002AF5D1E06B08B1FEF710
:104C400027FD204605F026FC002010BD10B50446C7
:104C50001B49206888420AD109221A491A48FFF7DD
:104C6000DCFE1A480068016821F00801016018495B
:104C7000206888420AD1262216491748FFF7CDFE40
:104C800016480068016821F0080101601449206895
:104C9000884204D103221349134800F08FFB1349C3
:104CA000206888420AD1112211491248FFF7B5FE47
:104CB00011480068016821F00801016010BD000082
:104CC000004C0040C85E00206C0F0020D410002073
:104CD00000500040105F0020B40F0020941100200D
:104CE000001001408C060020FC0F00200044004012
:104CF000746000204410002014130020F8B504460E
:104D000022681068D168536900F00F06002E08D1A0
:104D1000850606D58D0604D52046BDE8F84005F089
:104D20002DBC0025002E66D003F0010601F490771B
:104D3000374360D0C20705D0CA0503D5626C42F084
:104D400001026264420705D5DA0703D0626C42F0C3
:104D500002026264820705D5DA0703D0626C42F072
:104D600004026264020707D501F02002324303D037
:104D7000626C42F008026264626C002A31D08006E4
:104D800004D5880602D5204605F0F8FB2068406966
:104D9000C0F38010616C090700D438B3204605F0D9
:104DA00079FB2068406940061CD52068143050E823
:104DB000001F21F0400140E80012002AF5D1E06B0D
:104DC00060B15F490165E06BFEF7A9FC002808D0DF
:104DD000E06B016D01B0BDE8F04008472046FFF7E9
:104DE00035FFF8BD2046FFF731FFF8BD2046FFF73D
:104DF0002DFF6564F8BD236B012B7DD1C3067BD5E8
:104E0000CB0679D510685068009050694FF02003A8
:104E100040064FF002064FD5E26B1068406880B242
:104E2000DF00E8B3A18D81423BD9E085D069B8426B
:104E30002DD020680C3050E8001F21F4807140E82C
:104E40000012002AF5D12068143050E8001F21F02C
:104E5000010140E80012002AF5D12068143050E822
:104E6000001F21F0400140E80012002AF5D184F82B
:104E70004230256320680C3050E8001F21F01001FB
:104E800040E80012002AF5D1E06BFEF701FC6663F2
:104E9000A08DE18D401A81B22046FFF7E7FDF8BDF5
:104EA000FFE7A18D8142FAD1D069B842F7D166639C
:104EB0002046FFF7DBFDF2E7A08DE18D401A81B2BD
:104EC000E08D0028EBD00029E9D020680C3050E8B4
:104ED000002F22F4907240E80027002FF5D12068BF
:104EE000143050E8002F22F0010240E80027002F84
:104EF000F5D184F8423000E00FE0256320680C30E3
:104F000050E8002F22F0100240E80023002BF5D1DA
:104F100066632046FFF7AAFDC1E7020606D50A062A
:104F200004D52046BDE8F84005F068BC4006B6D57B
:104F30004806B4D52046BDE8F84005F0D2BA0000D6
:104F40004DA3000870B50446002C04D094F841002D
:104F5000002510B106E0012070BD84F840502046C5
:104F600000F024F8242084F841002068C16821F46E
:104F70000051C160204605F065FB2068016921F4FD
:104F8000904101612068416921F02A014161206856
:104F9000C16841F40051C1606564202084F841007B
:104FA00084F842006563002070BD00002DE9F04FD9
:104FB00087B00446142102A8FBF79AFAF149F24897
:104FC000DFF8BCE3D4F800C0EE4A10390123032710
:104FD000002506154FF0020B4FF0080A4FF040086D
:104FE0004FF00069F44554D1D2F800C04CF4002CC5
:104FF000C2F800C0126802F4002201920A6842F06E
:1050000004020A60096801F004010191B9020291E9
:10501000CDF80CB004930597CDF818A002A9FEF7BF
:105020001BFDDB4FD9483860C7F80490BD60FD60B8
:105030003E617D61BD61FD613D627D623846FEF786
:1050400069FC08B1FDF76BFBE763BC63CF48D04F49
:10505000303060373860C7F80490C7F80880FD60CA
:105060003E617D61BD61FD613D627D623846FEF756
:1050700051FC08B1FDF753FBA763BC630022052177
:105080003420FEF777FE3420FEF766FE07B0BDE859
:10509000F08FDFF800E3F4456AD1D2F800C04CF499
:1050A000801CC2F800C0126802F4801201920A68E3
:1050B00042F004020A600A6802F0040201920A68DF
:1050C00042F008020A60096801F0080101914FF4FA
:1050D00080510291CDF80CB0012104910597CDF8D3
:1050E00018A002A9FEF7B8FC04200290CDF80CB07D
:1050F000012004900597CDF818A002A9A648FEF754
:10510000ABFCA248A24F3038C0373860C7F80490D3
:10511000BD60FD603E617D61BD61FD613D627D629E
:105120003846FEF7F7FB08B1FDF7F9FAE763BC6311
:1051300096489A4F78303860C7F80490C7F80880CE
:10514000FD603E617D61BD61FD613D627D6238460D
:10515000FEF7E0FB08B1FDF7E2FAA763BC630022AB
:1051600005213520FEF706FE3520FEF7F5FD8DE71B
:10517000844BDFF82CE21B1DF44553D1186840F036
:1051800010001860186800F010000190086840F0E6
:1051900001000860086800F0010001904FF4C06051
:1051A0000290CDF80CB0049505970720069002A94F
:1051B0007C48FEF751FC794F7B4860373860C7F870
:1051C0000490BD60FD603E617D61BD61FD613D6239
:1051D0007D623846FEF79EFB08B1FDF7A0FAE76353
:1051E000BC6371486D4F7830C0373860C7F80490A1
:1051F000C7F80880FD603E617D61BD61FD613D6273
:105200007D623846FEF786FB08B1FDF788FAA76392
:10521000BC63002205212520FEF7ACFD2520FEF70A
:105220009BFD33E7DFF884E1F44552D1106840F488
:1052300000301060106800F400300190086840F001
:1052400008000860086800F00800019060200290E3
:10525000CDF80CB0049505970720069002A94E489A
:10526000FEF7FAFB4948524F48303860C7F80490BF
:10527000BD60FD603E617D61BD61FD613D627D623D
:105280003846FEF747FB08B1FDF749FAE763BC6310
:105290003E48474F603060373860C7F80490C7F821
:1052A0000880FD603E617D61BD61FD613D627D62A2
:1052B0003846FEF72FFB08B1FDF731FAA763BC6350
:1052C000002205212620FEF755FD2620FEF744FD8D
:1052D000DCE6384A9445A4D11A6842F020021A60EC
:1052E0001A6802F0200201920A6842F004020A6081
:1052F000096801F004010191C0210291CDF80CB0C0
:1053000004950597CDF818A002A9FEF7A5FB26483D
:10531000274F1838C03738604FF02069C7F804901D
:10532000BD60FD603E617D61BD61FD613D627D628C
:105330003846FEF7EFFA08B1FDF7F1F9E763BC6311
:1053400019481D4F60303860C7F80490C7F80880CE
:10535000FD603E617D61BD61FD613D627D623846FB
:10536000FEF7D8FA08B1FDF7DAF9A763BC630022AB
:1053700005214720FEF7FEFC4720FEF7EDFC85E601
:10538000004C0040403802400008024040600240AB
:10539000D410002000500040000C0240F411002006
:1053A0000010014000000240406402400044004000
:1053B00014130020001401403414002090F84230EF
:1053C000202B01D00220704721B11AB100230363C2
:1053D00005F0C2B9012070477047704737B50446E1
:1053E00094F84100202801D002203EBD019919B354
:1053F00012B32162A284E28400206064212384F835
:105400004130A56B154BEB63A56B154B2B64A56B5E
:10541000144BEB64A36B186520681346001DA56B45
:1054200002462846FEF7E0FA40B1102060642020D2
:1054300084F8410001203EBD01203EBD21686FF08F
:10544000400008602068143050E8001F41F08001DF
:1054500040E80012002AF5D100203EBD49A4000812
:105460008BA400085BA3000800680449884203D1AC
:105470000348418F491C41877047000000100140DC
:10548000E85F00207047FEE790ED011AD0ED021AA8
:1054900071EE211AC0ED011A90ED041A30EE602A67
:1054A000F0EEC22A90ED052AF4EEC22AF1EE10FACF
:1054B00003DD90ED062A22EE011A90ED032A31EE6B
:1054C000822AC1EE822A90ED002A30EE420A02EED4
:1054D000802AB7EE003A33EE620A61EE801A31EEAE
:1054E000810A81EE801A70EEC20AB0EE420A01EE25
:1054F000200A80ED000A73EE410A61EEA00AC0EDB9
:10550000010A70474FF440744FF4806501220D4941
:105510000D48FFF763FF01230C4A21460C4804F0B5
:10552000A3FB01230B4A2946094804F09DFBFBF726
:1055300075FBFBF701FE05F05DFA012009F030FB79
:10554000E4E700009C060020441000207A0C0020B4
:105550007C0E00207D0C0020074C07F0C9FD074998
:10556000074805F0DBF904F0DFFAE08D401CE08528
:10557000012009F015FBF0E7E85F0020785F0020CC
:10558000900800204748484BD0ED000AC3ED000AC0
:1055900090ED011A83ED051AD0ED021AC3ED0A1A37
:1055A00090ED032A83ED0F2A0420411E03EB8101B5
:1055B00093ED143A91ED000A03EB800270EEC02ADD
:1055C00003EE220A82ED000A91ED050A93ED143AEA
:1055D00071EE402A03EE220A82ED050A91ED0A0AD5
:1055E00093ED143A71EEC02A03EE220A82ED0A0A04
:1055F00091ED0F0A93ED143A72EE402A03EE220A5F
:1056000082ED0F0A401E0028CFDC9FED280AF0EE45
:10561000400AB0EE401AF0EE401A002003EB800181
:1056200091ED002A32EE000A91ED052A72EE200A71
:1056300091ED0A2A32EE011A91ED0F2A72EE211A2B
:10564000401C0528EADBB1EE042A1948C0EE022A04
:10565000B3EE0F0A32EE800A80ED000A80EE820A75
:10566000DFED140A30EE200AF0EE080A30EE200AD0
:1056700080ED010AC1EE020A9FED0F0A30EEC00A6A
:1056800080ED020AC1EE820A9FED0C1A60EE810ADB
:105690009FED0B1AC0EE811AC0ED031A094880ED88
:1056A000020A7047385F0020AC06002000000000AE
:1056B000B05F002000D085450080C5430000E14474
:1056C000DB0F4940785F0020F7EE000A90ED030AF7
:1056D000D0ED041AB0EE601A00EE211A80EE810AB5
:1056E00090ED021A70EEC00A60EE810A90ED001A89
:1056F00040EE010AC0ED010AC0ED000A704700004B
:10570000F0B5374A374C0025D2ED080A94ED000A6F
:1057100000EB40010127F4EE400AC1EBC010F1EEAE
:1057200010FA4FF6FF71304E01EAC00308D0158021
:105730009380D6ED0A0AC2ED040A82ED060A97812B
:10574000908990B19088D2ED061A00EE100A108868
:10575000D2ED040AB8EE401A00EE100AB8EE400A84
:1057600007F0C0FE82ED0A0A03E092ED060A82ED20
:105770000A0A94ED000A82ED080AD2ED090AB1EE98
:10578000400AF4EE400AF1EE10FA08D05580D380BA
:10579000D6ED0A0AC2ED050A82ED070AD781D08943
:1057A00090B1D088D2ED071A00EE100A5088D2EDE1
:1057B000050AB8EE401A00EE100AB8EE400A07F0EB
:1057C000DDFE82ED0B0A03E092ED070A82ED0B0A83
:1057D00094ED000AB1EE400A82ED090AF0BD000026
:1057E0004C0E0020740C0020300A002010B5104828
:1057F0000E4901600321416000218160C1604FF4C6
:10580000002202614FF44012426101760122427689
:105810008276C27601774177FDF73AFC002803D003
:10582000BDE81040FCF77BBF10BD000000640040E5
:105830007C0E002010B510480E4901600321416024
:1058400000218160C1604FF4002202614FF44012D8
:1058500042610176012242768276C27601774177F3
:10586000FDF716FC002803D0BDE81040FCF757BF39
:1058700010BD000000680040A40E002008B53148AB
:10588000016841F480010160016801F48001009128
:10589000016841F400110160006800F400100090FC
:1058A000002205210B20FEF765FA0B20FEF754FAC3
:1058B000002205210D20FEF75DFA0D20FEF74CFABF
:1058C000002205210F20FEF755FA0F20FEF744FABB
:1058D000002205211020FEF74DFA1020FEF73CFAB9
:1058E000002205211120FEF745FA1120FEF734FAB7
:1058F000002205212F20FEF73DFA2F20FEF72CFA7B
:10590000002205213920FEF735FA3920FEF724FA66
:10591000002205213A20FEF72DFA3A20FEF71CFA64
:10592000002205214520FEF725FA4520FEF714FA4E
:10593000002205214620FEF71DFABDE8084046205A
:10594000FEF70ABA3038024010B50E4A00210E4860
:1059500008F0D4F80D4C20600A4A002124320C488B
:1059600008F0CCF86060074A00214832094808F086
:10597000C5F8A060034A00216C32074808F0BEF861
:10598000E06010BD78080108AD9C00080000002010
:10599000A998000859550008055500082DE9F0435D
:1059A00087B0142102A8FAF7A3FD00272B4801684D
:1059B00041F080010160016801F0800101910168FE
:1059C00041F002010160016801F0020101910168EA
:1059D00041F008010160016801F0080101910168CE
:1059E00041F004010160016801F0040101910168C6
:1059F00041F001010160006800F001000190DFF852
:105A000060804FF48054002221464046FEF70CF996
:105A1000DFF850902611002231464846FEF704F97F
:105A200002940124039404940325059502A9404699
:105A3000FEF712F8029603940494059502A94846CD
:105A4000FEF70AF8600202900397049402A9484600
:105A5000FEF702F807B0BDE8F083000030380240DE
:105A600000040240000C024010B50F480D490160CF
:105A70004FF48271416000218160C1600161416128
:105A80004FF400728261C1610162416281620A2148
:105A9000C162FEF79FFC002803D0BDE81040FCF770
:105AA0003EBE10BD00380040CC0E002010B586B0C0
:105AB00000240294039404940594009401941448DF
:105AC0001249016040F28F61416084603121C16000
:105AD00004618461FEF75EFD08B1FCF720FE4FF41F
:105AE0008050029002A90A48FEF7DEFD08B1FCF7DB
:105AF00016FE0094019469460548FEF703FD002850
:105B000001D0FCF70CFE06B010BD00000004004000
:105B1000240F002010B50C480A4901604FF46121A0
:105B2000416000218160C16001610C22426181619C
:105B3000C161FFF707FA002803D0BDE81040FCF769
:105B4000EEBD10BD004C00406C0F002010B50C489D
:105B50000A4901604FF46121416000218160C16008
:105B600001610C2242618161C161FFF7EBF90028FC
:105B700003D0BDE81040FCF7D2BD10BD005000407E
:105B8000B40F002010B50C480A4901604FF46121A0
:105B9000416000218160C16001610C22426181612C
:105BA000C161FFF7CFF9002803D0BDE81040FCF732
:105BB000B6BD10BD00100140FC0F002010B50C4810
:105BC0000A4901604FF4E121416000218160C16018
:105BD00001610C2242618161C161FFF7B3F90028C4
:105BE00003D0BDE81040FCF79ABD10BD0044004052
:105BF0004410002010B50C480A4901604FF461219F
:105C0000416000218160C16001610C2242618161BB
:105C1000C161FFF797F9002803D0BDE81040FCF7F9
:105C20007EBD10BD001401408C100020FEE70B6803
:105C300000F18002C0F8EC30486810677047FEE75A
:105C40002DE9F0470C462DED088B0027504D514EA5
:105C5000DFF844812978002913D0C8F8487194ED01
:105C6000380A86ED030A4D4991ED020A86ED040AD1
:105C70009FED4B0A84ED0B0A84ED230A84ED3B0A69
:105C80002F7098ED520A4749DFF81C91B8EE400A90
:105C9000D1ED000A20EE200A89ED000AD0ED00AA1D
:105CA00090ED01BAD0ED049A90ED02AAD0ED030A6E
:105CB00070EECA8A69EEA80AF0EEE00A96ED021AC2
:105CC00080EE819A80EE098A18EE100AB0F17E5FAC
:105CD00001DDB7EE008A08EE88AAB0EE4A0A05F0A8
:105CE000C7FB49EE80AAC4ED07AAB0EE4A0A06F047
:105CF000D7FB09EE80BA84ED1FBAB0EE4A0A06F06F
:105D0000CFFBF1EE409AB0EE4A0A05F0B1FBF5EE9A
:105D1000C08AF1EE10FA03D2F1EE699AB1EE400AB0
:105D2000D6ED020A20EEA91A84ED4F1A20EE800A61
:105D300084ED500AD6ED040A96ED030A70EEC00A0F
:105D400000EE880A84ED370A80EE890A84ED510A54
:105D500099ED000AB4EEC90AF1EE10FA14DB13480B
:105D600001220178022904D1032101702A70C8F8A8
:105D700048710F490878022801D0042804D1401C3A
:105D800008702A70C8F84871BDEC088BBDE8F08730
:105D90002A0A0020300D0020900800206C5F0020AF
:105DA00000000000EC090020200A00201D0A00204D
:105DB0001E0A00202DE9F05F04462DED0C8B4FF0FC
:105DC0000008D84DDFF860A3DFF860932878DFED96
:105DD000D8AAD84EDFF860B300282BD0CBF8488182
:105DE000D648D4ED080AC0ED000AD54894ED201A33
:105DF00080ED001AD34894ED380A80ED000AC4ED16
:105E00000BAAC4ED23AAC4ED3BAAD6ED001A71EE8D
:105E1000E00ACAED000AD6ED010A70EEC10AC9ED2A
:105E2000000AD6ED020AC84830EEC00A80ED000A2A
:105E300085F800809FEDC50AC54F87ED030A9FEDE9
:105E4000C50A87ED040ADAED000A99ED000A05F0AB
:105E500053F987ED050A94ED520ABF48B8EE400A9F
:105E6000D0ED000ABD4820EE200A80ED000AD9EDF1
:105E7000000A9AED000AFCF7FBFDF0EE409AB1EE45
:105E8000000A97ED041A69EE800A80EE810A06F096
:105E90000CFCB0EE408A19EE900AB14988420ADD46
:105EA000D7ED030A89EEA00AB4EEC08AF1EE10FA2B
:105EB00001D2B0EE408AA94890ED000AC0EE088AEF
:105EC000F7EE00CA18EE900AB0F17E5F01DDF0EE49
:105ED0006C8A28EEA8AA2AEE280AB0EE08DAF0EEBC
:105EE00000DA2AEE0DCA00EE6DCA96ED020A84EDC4
:105EF000370AC4ED51AA96ED000AD4ED080A30EE37
:105F0000600A10EE100A0AF049FB41EC100B05F094
:105F100057FB51EC100B09F05DFC09EE100A96EDF1
:105F2000010AD4ED200A30EE600A10EE100A0AF0E1
:105F300035FB41EC100B05F043FB51EC100B09F065
:105F400049FC00EE100A69EE090A40EE000AB0EEC4
:105F5000600A06F0AAFBF0EE400A804890ED000AC5
:105F60009FED80BBB4EEC80AF1EE10FA3FD873483B
:105F70009AED001A90ED000A0CEE010A84ED070A72
:105F80006F4899ED001A90ED000A0CEE010A84EDBD
:105F90001F0AB1EE081A28EE810A0AEE410A20EE25
:105FA000290A80EE081A9FED710A80EE809A19EE98
:105FB000100AB0F17E5F01DDB0EE6C9A09EE6DDA89
:105FC00029EE090A20EE0D0A21EE008A97ED050A56
:105FD00005F04EFA20EE080A84ED4F0A97ED050A07
:105FE00006F05EFA20EE080A84ED500A10E0B4EEE6
:105FF000C80AF1EE10FA0BDD96ED000A84ED070AEF
:1060000096ED010A84ED1F0AC4ED4FAAC4ED50AA13
:10601000574FD6ED000A97ED000A30EE600A10EEF9
:10602000100A0AF0BBFA41EC100B05F0C9FA53EC68
:106030001B2B51EC100B09F0D7FE6ED897ED010A1F
:10604000D6ED010A30EE600A10EE100A0AF0A6FA48
:1060500041EC100B05F0B4FA53EC1B2B51EC100B78
:1060600009F0C2FE59D89BED380AD6ED020A30EE8F
:10607000600A10EE100A0AF091FA41EC100B05F0DC
:106080009FFA9FED3C1B51EC100B53EC112B09F0C8
:10609000ABFE42D89BF800000122072815D1374BF0
:1060A0001988032911D0C4F848812A70C4ED0BAABD
:1060B000C4ED23AAC4ED3BAAC4ED4FAAC4ED50AA77
:1060C000C4ED51AA491C19801CE0062805D12C49B1
:1060D0000B78012B01D00A7014E0082812D129484E
:1060E000018879B9C4F848812A70C4ED0BAAC4EDBF
:1060F00023AAC4ED3BAAC4ED4FAAC4ED50AAC4ED37
:1061000051AA02809BF80000062806D11E481F49AC
:1061100000880A88904200D00880BDEC0C8BBDE856
:10612000F09F00002A0A0020F0090020F409002056
:10613000000000006C5F002090080020A00C0020F0
:10614000A40C00202C0A0020F809002000803B4508
:10615000080D002000007A44EC090020200A0020ED
:10616000CDCCCC3D00000000000069400000484359
:10617000785F00200000000000003440160A002074
:10618000300D0020180A0020340D0020320D0020B0
:106190002DE9F05F04462DED0E8B0026F84DDFF85B
:1061A000E4B3DFF8E4A32878F849F94A9FEDF9BA97
:1061B000F94F002829D0F948C0F84861F84894ED13
:1061C000080A80ED000AF748D4ED200AC0ED000A65
:1061D00094ED381A8BED001A84ED0BBA84ED23BAD6
:1061E00084ED3BBAD7ED001A31EEC00A81ED000A0A
:1061F00097ED010A30EE600A82ED000A97ED020A7F
:1062000030EE410A8AED000A2E709FEDE70ADFF8B2
:106210009C8388ED060A9FEDE60A88ED070ADB48B5
:10622000DFF86C93D0ED000A99ED000A04F064FFEA
:1062300088ED080A94ED520ADE48B8EE400AD0ED27
:10624000000ADD4820EE200A80ED000ACF48D9ED93
:10625000000A90ED000AFCF70BFCB0EE40AAF1EE4C
:10626000009A98ED071A6AEE290A80EE810A06F074
:106270001CFAB0EE408A1AEE100AD04988420ADDB4
:10628000D8ED060A8AEE200AB4EEC08AF1EE10FAC2
:1062900001D2B0EE408AC84890ED000AC0EE088AEC
:1062A0004FF07E59F7EE00DA18EE900A484501DD0E
:1062B000F0EE6D8A68EEA8AA6AEEA80AB0EE08EAC7
:1062C000F0EE00EA6AEE8EBA40EEEEBA18EE100A70
:1062D0004FF07A51B1EE08DA884222DDB4EEC80AF6
:1062E000F1EE10FA14D8F0EE6B0A28EE8D1A0AEED1
:1062F000CD1ADBED001A9AED000A40EE201AC4ED2B
:10630000371AC0EE080A20EE810A84ED510A35E002
:1063100097ED020A84ED370A84ED51BA84ED3BBA59
:106320002CE010EE100A884222DC20EE299A19EEA9
:10633000100A484501DDB0EE6D9A29EE090A20EEFB
:10634000091A60EE0E0A41EE6E0A29EE0D1A00EEF1
:106350004D1ADBED001A9AED000A40EE201AC4ED4A
:10636000371A20EE290A20EE010A84ED510A05E0D1
:1063700097ED020A84ED370A84ED51BA97ED000AD1
:10638000D4ED080A30EE600A10EE100A0AF006F9A1
:1063900041EC100B05F014F951EC100B09F01AFA4E
:1063A00009EE100A97ED010AD4ED200A30EE600ADA
:1063B00010EE100A0AF0F2F841EC100B05F000F9AB
:1063C00051EC100B09F006FA00EE100A69EE090A0A
:1063D00040EE000AB0EE600A06F067F9F0EE400AFF
:1063E0007548DFF8DCA190ED000A9FED76CBB4EEA6
:1063F000C80AF1EE10FA3ED8694890ED000A6348E9
:1064000090ED001A0BEE810A84ED070A654890EDC5
:10641000000A5F4890ED001A0BEE810A84ED1F0A16
:1064200028EE8D0A0AEECD0A20EE0A0A80EE081A3E
:106430009FED660AC0EE809A19EE900A484501DD8C
:10644000F0EE6D9A09EEEEEA29EEA90A20EE0E0AA8
:1064500021EE008A98ED080A05F00AF820EE080AF5
:1064600084ED4F0A98ED080A06F01AF820EE080AA3
:1064700084ED500A10E0B4EEC80AF1EE10FA0BDD1C
:1064800097ED000A84ED070A97ED010A84ED1F0AD3
:1064900084ED4FBA84ED50BA9AED000AD7ED000AA8
:1064A00030EE600A10EE100A0AF078F841EC100B9A
:1064B00005F086F853EC1C2B51EC100B09F094FC02
:1064C0005CD89AED010AD7ED010A30EE600A10EEB1
:1064D000100A0AF063F841EC100B05F071F853EC68
:1064E0001C2B51EC100B09F07FFC47D8DFF8AC8077
:1064F000D7ED020A98ED380A30EE600A10EE100A65
:106500000AF04CF841EC100B05F05AF89FED301BE7
:1065100051EC100B53EC112B09F066FC2ED898F8B7
:1065200000000121072813D12B4A1288022A0FD814
:10653000C4F84861297084ED0BBA84ED23BA84ED68
:106540003BBA84ED4FBA84ED50BA84ED51BA64E0A1
:10655000092845D1214A1288022A41D8C4F8486145
:10656000297084ED0BBA84ED23BA84ED3BBA84ED37
:106570004FBA84ED50BA84ED51BA4EE058E00000B5
:106580002A0A00202C0A0020F8090020F009002027
:10659000F4090020000000006C5F0020900800203B
:1065A000A00C0020A40C00200000FA44080D0020DC
:1065B00000007A44EC090020200A0020CDCCCC3D1C
:1065C000785F0020000000000000694000004843A0
:1065D0000000000000003440160A00201A0A0020C3
:1065E000062805D1144A1378012B01D0117014E04C
:1065F000082812D1114802887AB9C4F84861297074
:1066000084ED0BBA84ED23BA84ED3BBA84ED4FBA26
:1066100084ED50BA84ED51BA018098F80000062844
:1066200006D10748074900880A88904200D00880B0
:10663000BDEC0E8BBDE8F09F300D0020180A002045
:10664000340D0020320D00202DE9F05F04462DEDC1
:10665000088BB0EE408AF0EE608A0026B04DB14F54
:10666000DFF8C4922878DFF8C4A2DFF8C4B2DFF8FC
:10667000C4829FEDB19A002829D0C7F8486194EDF3
:10668000080A89ED000A94ED201A8AED001AAB4839
:10669000D4ED381AC0ED001A84ED0B9A84ED239ADC
:1066A00084ED3B9AA648D0ED000A30EEC00A8BED8F
:1066B000000A90ED010A30EE410A88ED000A90EDE3
:1066C000020AA04830EE610A80ED000A2E7094EDB7
:1066D000520A9D48B8EE400AD0ED000A9B4820EED1
:1066E000200A80ED000AD8ED000A9BED000AFCF7B5
:1066F000BFF9B0EE40AADBED000A98ED000A04F005
:10670000FBFCDFF84C8288ED020A98ED000AB4EE3B
:10671000C08AF1EE10FA01DDB0EE408AF4EEC08AD4
:10672000F1EE10FA01DDF0EE408A20EE002A98ED3D
:10673000011AF0EE009AF0EE420A61EE291A48EED4
:10674000480A80EEA11A08EEE82AC2EE210AF6EE07
:1067500000AA31EE202AB4EECA2AF1EE10FA19DDB1
:1067600021EE8A0A08EE080A08EEA80A20EE2A0A94
:1067700005F09BFF60EE001A98ED011AF0EE610A39
:1067800021EE292A48EE480A80EE821A48EEE81ADD
:10679000C1EE820A70EE482AD8ED011A82EEA12AD3
:1067A00070EE682A82EEA13A7AEE412A72EEE00A91
:1067B000C0EE809AF5EEC09AF1EE10FA01D2F0EE3A
:1067C000499A72EE292A32EE83BAF0EE49BADFF81E
:1067D0007CB1DBED000AF5EEC00AF1EE10FA02D84A
:1067E000F0EE488A39E0F4EEC20AF1EE10FA0CD865
:1067F000F0EE488A41EEA08A21EEAA0A28EE209AFD
:1068000020EE200A00EE209A27E0F4EEE02AF1EED6
:1068100010FA08DBF0EE408A70EEC20A00EE201A91
:10682000B0EE419A19E0F4EECB0AF1EE10FA12D86C
:1068300070EEE20AF0EE408A41EEE08A00EE291A9C
:1068400000EE201A21EEAA0A20EE200A00EE601ABD
:10685000B0EE419A01E0B0EE4A9A98ED020A04F0D7
:1068600007FED9ED000A49EE000AC4ED070A98EDCB
:10687000020A05F015FEDAED000A49EE000AC4ED41
:106880001F0A98ED020A04F0F3FD20EE280A84EDB9
:106890004F0A98ED020A05F003FE20EE280A84ED67
:1068A000500A274890ED020A84ED370AC4ED51BA28
:1068B0009BED000AB4EECB0AF1EE10FA0EDB254A8E
:1068C000254CDFF898C01078254B012198B103289A
:1068D00008D0401C10702970C7F84861BDEC088BC7
:1068E000BDE8F09F2088ACF8000016701E7029707B
:1068F000C7F84861F2E718780028EFD0052805D0DE
:10690000401C18702970C7F84861E7E72088ACF888
:10691000000016701E702970C7F84861DEE700009D
:106920002A0A002090080020A00C0020A40C0020BF
:10693000F0090020F4090020000000002C0A0020CB
:106940006C5F0020F8090020EC090020200A0020DC
:10695000080D00201D0A0020340D0020320D0020FB
:106960001E0A002010B53D49002081F8800181F801
:1069700081013B483B499FED3C0A0078002806D046
:10698000012812D002281ED003283BD12BE0DFEDD6
:10699000370AC1ED000ADFED360AC1ED010A81EDCB
:1069A000020A3448FFF7F4FB2CE0DFED330AC1EDB7
:1069B000000ADFED320AC1ED010A81ED020A2D481D
:1069C000FFF7E6FB1EE09FED2E0A81ED000A9FED2A
:1069D0002D0A81ED010A9FED2C0A81ED020A25485E
:1069E000FFF7D6FB0EE09FED290A81ED000A9FED2F
:1069F000280A81ED010A9FED270A81ED020A1D4850
:106A0000FFF7C6FB02F03EFA1A481C3002F09CFF6A
:106A100018487C3002F098FF1648DC3002F094FFF2
:106A2000144890ED0F0AD0ED4F0A30EE200A80EDA9
:106A3000010A90ED270AD0ED500A30EE200A80EDD1
:106A4000020A90ED3F0AD0ED510A30EE200A80EDA7
:106A5000030ABDE8104003F0C5B90000B8000020EB
:106A6000140A00206C5F00202AADE43E0080D84369
:106A700000E0BE44900800200000164400401C4581
:106A800000002B4300707145D293B5C2000048440A
:106A900000F02045000000002DE9F05F80462DED5C
:106AA0000A8BFA4E30789FEDFA9B9FEDFBAB9FED82
:106AB000FCBBFD4C9FEDFDCBFE4D06F114070028FD
:106AC0007ED1B08800EB400007EB800090ED000A1B
:106AD00085ED000A90ED010A85ED010A06F072FCD1
:106AE000012806D002281DD0032834D0042863D101
:106AF0004AE0D4F8E00009F051FD41EC100BB0EE93
:106B0000491AF0EE691AFBF7FCFF51EC100B08F084
:106B100061FE00EE100AD4ED380A30EE200A85ED51
:106B2000020A49E0D4F8E00009F038FD41EC100B0E
:106B3000B0EE4A1AF0EE6A1AFBF7E3FF51EC100BC5
:106B400008F048FE00EE100AD4ED380A30EE200AB4
:106B500085ED020A30E0D4F8E00009F01FFD41ECB9
:106B6000100BB0EE4B1AF0EE6B1AFBF7CAFF51ECAC
:106B7000100B08F02FFE00EE100AD4ED380A30EEAC
:106B8000200A85ED020A17E0D4F8E00009F006FDBE
:106B900041EC100BB0EE4C1AF0EE6C1AFBF7B1FFA3
:106BA00051EC100B08F016FE00EE100AD4ED380A76
:106BB00030EE200A85ED020ABB48FFF7E9FA00E053
:106BC00001E0B08870807088B188884272D000EB94
:106BD000400007EB800006F0F5FB8146B08800EB33
:106BE000400007EB800006F0EDFB81457DD1B088C9
:106BF00000EB400007EB800090ED000A85ED000AF5
:106C000090ED010A85ED010A06F0DCFB012806D0B3
:106C100002281DD0032834D0042864D14BE0D4F8D6
:106C2000E00009F0BBFC41EC100BB0EE491AF0EEAD
:106C3000691AFBF766FF51EC100B08F0CBFD00EE74
:106C4000100AD4ED380A30EE200A85ED020A4AE037
:106C5000D4F8E00009F0A2FC41EC100BB0EE4A1AA7
:106C6000F0EE6A1AFBF74DFF51EC100B08F0B2FD85
:106C700000EE100AD4ED380A30EE200A85ED020A43
:106C800031E0D4F8E00009F089FC41EC100BB0EEE3
:106C90004B1AF0EE6B1AFBF734FF51EC100B08F0B7
:106CA00099FD00EE100AD4ED380A30EE200A85ED89
:106CB000020A18E0FDE3D4F8E00009F06FFC41ECB3
:106CC000100BB0EE4C1AF0EE6C1AFBF71AFF51ECF9
:106CD000100B08F07FFD00EE100AD4ED380A30EEFC
:106CE000200A85ED020A404600E005E0BDEC0A8B73
:106CF000BDE8F05FFFF74CBA708800EB400007EB8F
:106D0000800006F05FFBDFF8B0A14FF001099FEDB6
:106D10006B8ADFED6B8ADFED6B0ADFF8AC819FEDEC
:106D20006B2A9FED6B1ADFED6B3ADFED6B1ADFED2F
:106D30006B2A9FED6B3A9FED6B4A01284DD070880E
:106D400000EB400007EB800006F03CFBDFF898B159
:106D500002287DD0708800EB400007EB800006F031
:106D600031FB9FED624A032873D0708800EB40002E
:106D700007EB800006F026FB04286BD1B08800EBFF
:106D8000400007EB800006F01DFB02287AD0B08897
:106D900000EB400007EB800006F014FB032872D0E4
:106DA000B08800EB400007EB800006F00BFB0128E9
:106DB000E3D103F097F94E490870012865D0401CD3
:106DC000DBD14C480178062944D2DFE811F02B0CC6
:106DD000300C5B0C850CB20CDC0CB08800EB400076
:106DE00007EB800006F0EEFA022822D0B08800EB14
:106DF000400007EB800006F0E5FA03287ED0B0885B
:106E000000EB400007EB800006F0DCFA0428B4D168
:106E100003F068F936490870411C70D00128ACD1E4
:106E2000344908780628CFD2DFE800F0FCFBFAF9F5
:106E3000F8F73149087838B301287DD002287CD092
:106E4000032876D1B08800EB400007EB800002E019
:106E500041E3FDE36DE090ED000A85ED000A90ED61
:106E6000010A85ED010AD4F8E00009F097FB41EC36
:106E7000100BB0EE4A1AF0EE6A1AFBF742FE51EC24
:106E8000100B3DE0E5E3E5E34FE0FDE3300D0020CE
:106E900000000000000000000000000000805640DC
:106EA0000000000000E0704090080020000000009A
:106EB000008066406C5F00202A0A00200000FA4330
:106EC000000000000000C544C060002000403F44B6
:106ED000DB0F4940E4CB964000688845DB0FC93F93
:106EE0000040C745DB0FC940400E0020DB0FC9BF83
:106EF0002B0A00201E0A00201D0A002076E011E166
:106F000008F068FC00EE100AD4ED380A30EE200AD2
:106F100085ED020AF0EE680AB0EE480ABDEC0A8B75
:106F2000BDE8F05FF748FFF78FBB81F800908AF863
:106F30000090BDEC0A8B01E002E02DE0BDE8F09F7F
:106F4000F14890ED000A85ED000A90ED010A85ED0B
:106F5000010AD4F8E00009F021FB41EC100BB0EE7F
:106F6000491AF0EE691AFBF7CCFD51EC100B08F052
:106F700031FC00EE100AD4ED380A30EE200A85ED1F
:106F8000020AF0EE480AB0EE680ABDEC0A8BBDE8D2
:106F9000F05FDC48FFF758BBC8ED000A88ED012A16
:106FA00088ED021AC8ED033A88ED048AD4F8E000AF
:106FB00009F0F4FA41EC100BB0EE4A1AF0EE6A1A3E
:106FC000FBF79FFD51EC100B08F004FC00EE100ADB
:106FD000D4ED380A30EE200A85ED020AC949CB48C3
:106FE000BDEC0A8BBDE8F05FFEF72ABEC849087801
:106FF000E0B301283FD002286AD0032899D1B08895
:1070000000EB400007EB800090ED000A85ED000AE0
:1070100090ED010A85ED010A05E02AE2FFE1D1E1E8
:10702000A6E179E169E1D4F8E00009F0B7FA41ECB2
:10703000100BB0EE4B1AF0EE6B1AFBF762FD51EC41
:10704000100B08F0C7FB00EE100AD4ED380A30EE42
:10705000200A85ED020AF0EE680AB0EE480ABDEC9F
:107060000A8BBDE8F05FA748FFF7EEBA81F8009001
:107070008AF800905DE7A4480C3090ED000A85ED99
:10708000000A90ED010A85ED010AD4F8E00009F04C
:1070900085FA41EC100BB0EE491AF0EE691AFBF7D5
:1070A00030FD51EC100B08F095FB00EE100AD4ED0A
:1070B000380A30EE200A85ED020AF0EE480AB0EEFA
:1070C000680ABDEC0A8BBDE8F05F8E48FFF7BCBADA
:1070D000C8ED000AC8ED011A88ED021AC8ED032AAE
:1070E00088ED048AD4F8E00009F058FA41EC100B5E
:1070F000B0EE4B1AF0EE6B1AFBF703FD51EC100BE0
:1071000008F068FB00EE100AD4ED380A30EE200AD1
:1071100085ED020A7B497D48BDEC0A8BBDE8F05F36
:10712000FEF78EBD7B4908780628A3D2DFE800F081
:107130000308345E8BB581F800908AF80090F8E679
:10714000714890ED000A85ED000A90ED010A85ED89
:10715000010AD4F8E00009F021FA41EC100BB0EE7E
:10716000491AF0EE691AFBF7CCFC51EC100B08F051
:1071700031FB00EE100AD4ED380A30EE200A85ED1E
:10718000020AF0EE480AB0EE680ABDEC0A8BBDE8D0
:10719000F05F5C48FFF758BAC8ED000A88ED012A95
:1071A00088ED021AC8ED033A88ED048AD4F8E000AD
:1071B00009F0F4F941EC100BB0EE4A1AF0EE6A1A3D
:1071C000FBF79FFC51EC100B08F004FB00EE100ADB
:1071D000D4ED380A30EE200A85ED020A49494B48C1
:1071E000BDEC0A8BBDE8F05FFEF72ABD46482430AF
:1071F00090ED000A85ED000A90ED010A85ED010A87
:10720000D4F8E00009F0CAF941EC100BB0EE4A1ACC
:10721000F0EE6A1AFBF775FC51EC100B08F0DAFA85
:1072200000EE100AD4ED380A30EE200A85ED020A8D
:10723000F0EE480AB0EE680ABDEC0A8BBDE8F05FDC
:107240003048FFF701BA88ED003A88ED012AC8ED11
:10725000023A88ED034A88ED048AD4F8E00009F088
:107260009DF941EC100BB0EE4C1AF0EE6C1AFBF7E6
:1072700048FC51EC100B08F0ADFA00EE100AD4ED0A
:10728000380A30EE200A85ED020A1E491F48BDEC7F
:107290000A8BBDE8F05FFEF7D3BCB08800EB40007E
:1072A00007EB800090ED000A85ED000A90ED010AE1
:1072B00085ED010AD4F8E00009F070F941EC100BFB
:1072C000B0EE4C1AF0EE6C1AFBF71BFC51EC100BF5
:1072D00008F080FA00EE100AD4ED380A30EE200AE9
:1072E00085ED020AF0EE680AB0EE480ABDEC0A8BA2
:1072F000BDE8F05F0348FFF7A7B981F800908AF86E
:10730000009016E690080020EC0D0020C0600020E0
:107310001D0A00201E0A0020F44890ED000A85EDA9
:10732000000A90ED010A85ED010AD4F8E00009F0A9
:1073300035F941EC100BB0EE491AF0EE691AFBF783
:10734000E0FB51EC100B08F045FA00EE100AD4ED0A
:10735000380A30EE200A85ED020AF0EE480AB0EE57
:10736000680ABDEC0A8BBDE8F05FE148FFF76CB935
:10737000C8ED000AC8ED011A88ED021AC8ED032A0B
:1073800088ED048AD4F8E00009F008F941EC100B0C
:10739000B0EE4B1AF0EE6B1AFBF7B3FB51EC100B8F
:1073A00008F018FA00EE100AD4ED380A30EE200A80
:1073B00085ED020ACE49CF48BDEC0A8BBDE8F05FEF
:1073C000FEF73EBCC948303090ED000A85ED000A5A
:1073D00090ED010A85ED010AD4F8E00009F0DEF82D
:1073E00041EC100BB0EE4B1AF0EE6B1AFBF789FB79
:1073F00051EC100B08F0EEF900EE100AD4ED380A4B
:1074000030EE200A85ED020AF0EE480AB0EE680A76
:10741000BDEC0A8BBDE8F05FB548FFF715B988ED04
:10742000003AC8ED011AC8ED022AC8ED038A88EDBA
:10743000048AD4F8E00009F0B1F841EC100BB0EE8A
:107440004C1AF0EE6C1AFBF75CFB51EC100B08F0D9
:10745000C1F900EE100AD4ED380A30EE200A85EDAD
:10746000020AA349A348BDEC0A8BBDE8F05FFEF712
:10747000E7BBB08800EB400007EB800090ED000A0E
:1074800085ED000A90ED010A85ED010AD4F8E000CF
:1074900009F084F841EC100BB0EE4C1AF0EE6C1AC7
:1074A000FBF72FFB51EC100B08F094F900EE100ADB
:1074B00000E0EAE3D4ED380A30EE200A85ED020A56
:1074C000F0EE680AB0EE480ABDEC0A8BBDE8F05F4A
:1074D0008748FFF7B9B8B08800EB400007EB8000A1
:1074E00005F070FF012824D0B08800EB400007EBC6
:1074F000800005F067FF04287ED0B08800EB4000D4
:1075000007EB800005F05EFF03287FF4B3AD02F0C7
:10751000E9FD7949087001286FD0401CF5D1774802
:1075200001780629BFF4A6ADDFE801F0F0EFEEED3B
:10753000ECDF73490878A8B3012838D0022866D058
:107540000328E2D1B08800EB400007EB800090ED0B
:10755000000A85ED000A90ED010A85ED010AD4F8D4
:10756000E00009F01BF841EC100BB0EE491AF0EE08
:10757000691AFBF7C6FA51EC100B08F02BF900EE74
:10758000100AD4ED380A30EE200A85ED020AF0EE3A
:10759000680AB0EE480ABDEC0A8BBDE8F05F5448BB
:1075A000FFF752B881F800908AF80090C1E44F4884
:1075B0000C3090ED000A85ED000A90ED010A85ED92
:1075C000010AD4F8E00008F0E9FF41EC100BB0EE3E
:1075D0004A1AF0EE6A1AFBF794FA51EC100B08F015
:1075E000F9F800EE100AD4ED380A30EE200A85EDE5
:1075F000020AF0EE480A01E037E0DEE0B0EE680A89
:10760000BDEC0A8BBDE8F05F3948FFF71DB8C8ED47
:10761000000A88ED012AC8ED023A88ED031A88EDC8
:10762000048AD4F8E00008F0B9FF41EC100BB0EE8A
:10763000491AF0EE691AFBF764FA51EC100B08F0E6
:10764000C9F800EE100AD4ED380A30EE200A02E044
:1076500089E2F8E3F8E385ED020A25492548BDEC07
:107660000A8BBDE8F05FFEF7EBBA25490878B8B39E
:1076700001284CD0022876D0032897D1B08800EB9F
:10768000400007EB800000E0FDE390ED000A85ED8F
:10769000000A90ED010A85ED010AD4F8E00008F037
:1076A0007DFF41EC100BB0EE4C1AF0EE6C1AFBF7BC
:1076B00028FA51EC100B08F08DF800EE100AD4ED0A
:1076C000380A30EE200A85ED020AF0EE680AB0EEC4
:1076D000480ABDEC0A8BBDE8F05F0548FEF7B4BF71
:1076E00081F800908AF8009023E402E2F80D00206F
:1076F00090080020C06000202B0A00201E0A0020F5
:107700001D0A0020CBE19FE174E147E141E1FE4821
:1077100090ED000A85ED000A90ED010A85ED010A61
:10772000D4F8E00008F03AFF41EC100BB0EE4A1A32
:10773000F0EE6A1AFBF7E5F951EC100B08F04AF885
:1077400000EE100AD4ED380A30EE200A85ED020A68
:10775000F0EE480AB0EE680ABDEC0A8BBDE8F05FB7
:10776000EA48FEF771BF88ED003A88ED012AC8EDBE
:10777000023A88ED034A88ED048AD4F8E00008F064
:107780000DFF41EC100BB0EE4C1AF0EE6C1AFBF74B
:10779000B8F951EC100B08F01DF800EE100AD4ED0A
:1077A000380A30EE200A85ED020AD849D848BDECE7
:1077B0000A8BBDE8F05FFEF743BAD6480178062988
:1077C00092D2DFE801F00308355F8CB680F80090B4
:1077D0008AF800904EE4CC480C3890ED000A85ED14
:1077E000000A90ED010A85ED010AD4F8E00008F0E6
:1077F000D5FE41EC100BB0EE4A1AF0EE6A1AFBF718
:1078000080F951EC100B07F0E5FF00EE100AD4ED03
:10781000380A30EE200A85ED020AF0EE480AB0EE92
:10782000680ABDEC0A8BBDE8F05FB848FEF70CBFF4
:10783000C8ED000A88ED012AC8ED023A88ED031A66
:1078400088ED048AD4F8E00008F0A8FE41EC100BA3
:10785000B0EE491AF0EE691AFBF753F951EC100B30
:1078600007F0B8FF00EE100AD4ED380A30EE200A17
:1078700085ED020AA549A648BDEC0A8BBDE8F05F7C
:10788000FEF7DEB9A048183890ED000A85ED000A31
:1078900090ED010A85ED010AD4F8E00008F07EFEC3
:1078A00041EC100BB0EE491AF0EE691AFBF729F91A
:1078B00051EC100B07F08EFF00EE100AD4ED380AE1
:1078C00030EE200A85ED020AF0EE480AB0EE680AB2
:1078D000BDEC0A8BBDE8F05F8C48FEF7B5BEC8ED85
:1078E000000AC8ED011A88ED021AC8ED032A88EDD6
:1078F000048AD4F8E00008F051FE41EC100BB0EE21
:107900004B1AF0EE6B1AFBF7FCF851EC100B07F07A
:1079100061FF00EE100AD4ED380A30EE200A85ED42
:10792000020A7A497A48BDEC0A8BBDE8F05FFEF79F
:1079300087B9B08800EB400007EB800090ED000AAB
:1079400085ED000A90ED010A85ED010AD4F8E0000A
:1079500008F024FE41EC100BB0EE4B1AF0EE6B1A5F
:10796000FBF7CFF851EC100B07F034FF00EE100AD4
:10797000D4ED380A30EE200A85ED020AF0EE680AEE
:10798000B0EE480ABDEC0A8BBDE8F05F5F48FEF739
:107990005BBE80F800908AF80090B2E45A4890EDFF
:1079A000000A85ED000A90ED010A85ED010AD4F880
:1079B000E00008F0F3FD41EC100BB0EE4A1AF0EED7
:1079C0006A1AFBF79EF851EC100B07F003FF00EE6C
:1079D000100AD4ED380A30EE200A85ED020AF0EEE6
:1079E000480AB0EE680ABDEC0A8BBDE8F05F474874
:1079F000FEF72ABE88ED003A88ED012AC8ED023A6A
:107A000088ED034A88ED048AD4F8E00008F0C6FD4A
:107A100041EC100BB0EE4C1AF0EE6C1AFBF771F85B
:107A200051EC100B07F0D6FE00EE100AD4ED380A28
:107A300030EE200A85ED020A34493548BDEC0A8B48
:107A4000BDE8F05FFEF7FCB89BED000A85ED000A8B
:107A50009BED010A85ED010AD4F8E00008F09EFDD7
:107A600041EC100BB0EE4C1AF0EE6C1AFBF749F833
:107A700051EC100B07F0AEFE00EE100AD4ED380A00
:107A800030EE200A85ED020AF0EE480AB0EE680AF0
:107A9000BDEC0A8BBDE8F05F1C48FEF7D5BD88ED54
:107AA000003AC8ED011AC8ED028AC8ED032A88ED34
:107AB000048AD4F8E00008F071FD41EC100BB0EE40
:107AC0004B1AF0EE6B1AFBF71CF851EC100B07F099
:107AD00081FE00EE100AD4ED380A30EE200A85ED62
:107AE000020A0A490A48BDEC0A8BBDE8F05FFEF7BE
:107AF000A7B8B08800EB400007EB800090ED000ACB
:107B000085ED000A08E00000100E0020900800201B
:107B1000C06000201E0A002090ED010A85ED010AD8
:107B2000D4F8E00008F03AFD41EC100BB0EE4B1A2F
:107B3000F0EE6B1AFAF7E5FF51EC100B07F04AFE76
:107B400000EE100AD4ED380A30EE200A85ED020A64
:107B5000F0EE680AB0EE480ABDEC0A8BBDE8F05FB3
:107B6000FC48FEF771BDB08800EB400007EB8000D9
:107B700005F028FC012824D0B08800EB400007EB7A
:107B8000800005F01FFC04287DD0B08800EB400089
:107B900007EB800005F016FC02287FF4FEAE02F031
:107BA000A1FAED490870411C6ED00128F5D1EB49CE
:107BB00008780628BFF4F1AEDFE800F0FDFCFBFA20
:107BC000F9F8E7490878A8B3012838D0022866D028
:107BD0000328E2D1B08800EB400007EB800090ED75
:107BE000000A85ED000A90ED010A85ED010AD4F83E
:107BF000E00008F0D3FC41EC100BB0EE491AF0EEB7
:107C0000691AFAF77EFF51EC100B07F0E3FD00EE66
:107C1000100AD4ED380A30EE200A85ED020AF0EEA3
:107C2000680AB0EE480ABDEC0A8BBDE8F05FC948AF
:107C3000FEF70ABD81F800908AF80090B6E4C948C2
:107C400090ED000A85ED000A90ED010A85ED010A2C
:107C5000D4F8E00008F0A2FC41EC100BB0EE4B1A97
:107C6000F0EE6B1AFAF74DFF51EC100B07F0B2FD76
:107C700000EE100AD4ED380A30EE200A85ED020A33
:107C8000F0EE480A02E034E0CFE0FCE3B0EE680A30
:107C9000BDEC0A8BBDE8F05FAE48FEF7D5BCC8ED81
:107CA000000AC8ED011AC8ED022A88ED031A88ED12
:107CB000048AD4F8E00008F071FC41EC100BB0EE3F
:107CC000491AF0EE691AFAF71CFF51EC100B07F095
:107CD00081FD00EE100AD4ED380A30EE200A85ED61
:107CE000020A9C49A048BDEC0A8BBDE8F05FFDF795
:107CF000A7BF9B490878A8B3012838D002286AD0CA
:107D000003289BD1B08800EB400007EB800090ED8A
:107D1000000A85ED000A90ED010A85ED010AD4F80C
:107D2000E00008F03BFC41EC100BB0EE4C1AF0EE1A
:107D30006C1AFAF7E6FE51EC100B07F04BFD00EE63
:107D4000100AD4ED380A30EE200A85ED020AF0EE72
:107D5000680AB0EE480ABDEC0A8BBDE8F05F7D48CA
:107D6000FEF772BC81F800908AF800901EE47D480E
:107D70000C3090ED000A85ED000A90ED010A85EDCA
:107D8000010AD4F8E00008F009FC41EC100BB0EE59
:107D90004B1AF0EE6B1AFAF7B4FE51EC100B07F029
:107DA00019FD00EE100AD4ED380A05E0ECE1C1E15E
:107DB00093E168E13BE135E130EE200A85ED020A0E
:107DC000F0EE480AB0EE680ABDEC0A8BBDE8F05F41
:107DD0006048FEF739BC88ED003AC8ED011AC8EDDD
:107DE000022AC8ED038A88ED048AD4F8E00008F07E
:107DF000D5FB41EC100BB0EE4C1AF0EE6C1AFAF712
:107E000080FE51EC100B07F0E5FC00EE100AD4EDFB
:107E1000380A30EE200A85ED020A4E495248BDEC80
:107E20000A8BBDE8F05FFDF70BBF4C4801780629CF
:107E30009CD2DFE801F0030A38629DC780F8009009
:107E40008AF8009050E4CFE164E2464890ED000AE1
:107E500085ED000A90ED010A85ED010AD4F8E000F5
:107E600008F09CFB41EC100BB0EE4B1AF0EE6B1AD5
:107E7000FAF747FE51EC100B07F0ACFC00EE100ACD
:107E8000D4ED380A00E0E0E230EE200A85ED020A87
:107E9000F0EE480AB0EE680ABDEC0A8BBDE8F05F70
:107EA0002C48FEF7D1BBC8ED000AC8ED011AC8ED99
:107EB000022A88ED031A88ED048AD4F8E00008F05D
:107EC0006DFB41EC100BB0EE491AF0EE691AFAF7AF
:107ED00018FE51EC100B07F07DFC00EE100AD4EDFB
:107EE000380A30EE200A85ED020A1A491E48BDEC18
:107EF0000A8BBDE8F05FFDF7A3BE1A48303890ED5D
:107F0000000A85ED000A90ED010A85ED010AD4F81A
:107F1000E00008F043FB41EC100BB0EE491AF0EE24
:107F2000691AFAF7EEFD51EC100B07F053FC00EE66
:107F3000100AD4ED380A30EE200A85ED020AF0EE80
:107F4000480AB0EE680ABDEC0A8BBDE8F05F014854
:107F50000CE00000900800202B0A00201E0A0020E0
:107F60001D0A00201C0E0020C0600020FEF76CBB24
:107F7000C8ED000A88ED012A88ED021AC8ED033A1F
:107F800088ED048AD4F8E00008F008FB41EC100BFF
:107F9000B0EE4A1AF0EE6A1AFAF7B3FD51EC100B84
:107FA00007F018FC00EE100AD4ED380A30EE200A73
:107FB00085ED020AF649F748BDEC0A8BBDE8F05F93
:107FC000FDF73EBEB08800EB400007EB800090ED6F
:107FD000000A85ED000A90ED010A85ED010AD4F84A
:107FE000E00008F0DBFA41EC100BB0EE4A1AF0EEBC
:107FF0006A1AFAF786FD51EC100B07F0EBFB00EE66
:10800000100AD4ED380A30EE200A85ED020AF0EEAF
:10801000680AB0EE480ABDEC0A8BBDE8F05FDC48A8
:10802000FEF712BB81F800908AF80090B5E4DA48B8
:1080300090ED000A85ED000A90ED010A85ED010A38
:10804000D4F8E00008F0AAFA41EC100BB0EE4B1A9D
:10805000F0EE6B1AFAF755FD51EC100B07F0BAFB76
:1080600000EE100AD4ED380A30EE200A85ED020A3F
:10807000F0EE480AB0EE680ABDEC0A8BBDE8F05F8E
:10808000C348FEF7E1BA88ED003AC8ED011AC8ED21
:10809000022AC8ED038A88ED048AD4F8E00008F0CB
:1080A0007DFA41EC100BB0EE4C1AF0EE6C1AFAF7B8
:1080B00028FD51EC100B07F08DFB00EE100AD4EDFB
:1080C000380A30EE200A85ED020AB149B148BDEC0C
:1080D0000A8BBDE8F05FFDF7B3BDAF480C3090ED03
:1080E000000A85ED000A90ED010A85ED010AD4F839
:1080F000E00008F053FA41EC100BB0EE4C1AF0EE31
:108100006C1AFAF7FEFC51EC100B07F063FB00EE63
:10811000100AD4ED380A30EE200A85ED020AF0EE9E
:10812000480AB0EE680ABDEC0A8BBDE8F05F9848DB
:10813000FEF78ABA88ED003A88ED012AC8ED028A76
:1081400088ED034A88ED048AD4F8E00008F026FAA6
:1081500041EC100BB0EE4A1AF0EE6A1AFAF7D1FCB5
:1081600051EC100B07F036FB00EE100AD4ED380A84
:1081700030EE200A85ED020A85498648BDEC0A8B5F
:10818000BDE8F05FFDF75CBDB08800EB400007EB99
:10819000800090ED000A85ED000A90ED010A85ED62
:1081A000010AD4F8E00008F0F9F941EC100BB0EE48
:1081B0004A1AF0EE6A1AFAF7A4FC51EC100B07F019
:1081C00009FB00EE100AD4ED380A30EE200A85EDE6
:1081D000020AF0EE680AB0EE480ABDEC0A8BBDE870
:1081E000F05F6B48FEF730BA6C490878B0B30128ED
:1081F00039D0022864D003287FF418AFB08800EB90
:10820000400007EB800090ED000A85ED000A90ED3C
:10821000010A85ED010AD4F8E00008F0BFF941EC4D
:10822000100BB0EE4A1AF0EE6A1AFAF76AFC51EC3B
:10823000100B07F0CFFA00EE100AD4ED380A30EE3A
:10824000200A85ED020AF0EE680AB0EE480ABDEC9D
:108250000A8BBDE8F05F4E48FEF7F6B981F8009052
:108260008AF80090EAE44C480C3090ED000A85ED65
:10827000000A90ED010A85ED010AD4F8E00008F04B
:108280008DF941EC100BB0EE4C1AF0EE6C1AFAF7C7
:1082900038FC51EC100B07F09DFA00EE100AD4EDFB
:1082A000380A30EE200A85ED020AF0EE480AB0EEF8
:1082B000680ABDEC0A8BBDE8F05F3548FEF7C4B92B
:1082C00088ED003A88ED012AC8ED028A88ED034A5C
:1082D00088ED048AD4F8E00008F060F941EC100B56
:1082E000B0EE4A1AF0EE6A1AFAF70BFC51EC100BDA
:1082F00007F070FA00EE100AD4ED380A30EE200ACA
:1083000085ED020A22492348BDEC0A8BBDE8F05FE7
:10831000FDF796BC21490878A8B3012840D002286F
:1083200069D003289ED1B08800EB400007EB8000A5
:1083300090ED000A85ED000A90ED010A85ED010A35
:10834000D4F8E00008F02AF941EC100BB0EE4B1A1B
:10835000F0EE6B1AFAF7D5FB51EC100B07F03AFA76
:1083600000EE100AD4ED380A30EE200A85ED020A3C
:10837000F0EE680AB0EE480ABDEC0A8BBDE8F05F8B
:108380000348FEF761B981F800908AF8009055E43F
:1083900090080020C0600020280E00201D0A002048
:1083A0009BED000A85ED000A9BED010A85ED010AAF
:1083B000D4F8E00008F0F2F841EC100BB0EE4C1AE3
:1083C000F0EE6C1AFAF79DFB51EC100B07F002FA75
:1083D00000EE100AD4ED380A30EE200A85ED020ACC
:1083E000F0EE480AB0EE680ABDEC0A8BBDE8F05F1B
:1083F000FC48FEF729B988ED003AC8ED011AC8ED2E
:10840000028AC8ED032A88ED048AD4F8E00008F057
:10841000C5F841EC100BB0EE4B1AF0EE6B1AFAF700
:1084200070FB51EC100B07F0D5F900EE100AD4EDFB
:10843000380A30EE200A85ED020AEA49EA48BDEC26
:108440000A8BBDE8F05FFDF7FBBBE849087806281A
:108450009DD2DFE800F0030836608DB781F8009008
:108460008AF8009082E4E24890ED000A85ED000A67
:1084700090ED010A85ED010AD4F8E00008F08EF8CD
:1084800041EC100B00E0B7E1B0EE4C1AF0EE6C1AC4
:10849000FAF737FB51EC100B07F09CF900EE100ACD
:1084A000D4ED380A30EE200A85ED020AF0EE480AD3
:1084B000B0EE680ABDEC0A8BBDE8F05FC948FEF774
:1084C000C3B888ED003A88ED012AC8ED028A88ED2C
:1084D000034A88ED048AD4F8E00008F05FF841EC24
:1084E000100BB0EE4A1AF0EE6A1AFAF70AFB51ECDA
:1084F000100B07F06FF900EE100AD4ED380A30EED9
:10850000200A85ED020AB749B748BDEC0A8BBDE8E1
:10851000F05FFDF795BBB648303890ED000A85ED69
:10852000000A90ED010A85ED010AD4F8E00008F098
:1085300035F841EC100BB0EE4A1AF0EE6A1AFAF771
:10854000E0FA51EC100B07F045F900EE100AD4EDFB
:10855000380A30EE200A85ED020AF0EE480AB0EE45
:10856000680ABDEC0A8BBDE8F05F9E48FEF76CB868
:10857000C8ED000A88ED012AC8ED023A88ED031A19
:1085800088ED048AD4F8E00008F008F841EC100BFC
:10859000B0EE491AF0EE691AFAF7B3FA51EC100B83
:1085A00007F018F900EE100AD4ED380A30EE200A70
:1085B00085ED020A8B498C48BDEC0A8BBDE8F05F63
:1085C000FDF73EBBB08800EB400007EB800090ED6C
:1085D000000A85ED000A90ED010A85ED010AD4F844
:1085E000E00007F0DBFF41EC100BB0EE491AF0EEB3
:1085F000691AFAF786FA51EC100B07F0EBF800EE67
:10860000100AD4ED380A30EE200A85ED020AF0EEA9
:10861000680AB0EE480ABDEC0A8BBDE8F05F71480D
:10862000FEF712B880F800908AF800900AE49BEDFB
:10863000000A85ED000A9BED010A85ED010AD4F8D8
:10864000E00007F0ABFF41EC100BB0EE4C1AF0EE7F
:108650006C1AFAF756FA51EC100B07F0BBF800EE63
:10866000100AD4ED380A30EE200A85ED020AF0EE49
:10867000480AB0EE680ABDEC0A8BBDE8F05F5948C5
:10868000FDF7E2BF88ED003AC8ED011AC8ED028A95
:10869000C8ED032A88ED048AD4F8E00007F07EFFD5
:1086A00041EC100BB0EE4B1AF0EE6B1AFAF729FA08
:1086B00051EC100B07F08EF800EE100AD4ED380ADA
:1086C00030EE200A85ED020A46494748BDEC0A8B88
:1086D000BDE8F05FFDF7B4BA4548183890ED000AE0
:1086E00085ED000A90ED010A85ED010AD4F8E0005D
:1086F00007F054FF41EC100BB0EE4B1AF0EE6B1A82
:10870000FAF7FFF951EC100B07F064F800EE100ACD
:10871000D4ED380A30EE200A85ED020AF0EE480A60
:10872000B0EE680ABDEC0A8BBDE8F05F2D48FDF79E
:108730008BBFC8ED000AC8ED011AC8ED022A88ED0A
:10874000031A88ED048AD4F8E00007F027FF41EC13
:10875000100BB0EE491AF0EE691AFAF7D2F951ECA3
:10876000100B07F037F800EE100AD4ED380A30EE9F
:10877000200A85ED020A1B491B48BDEC0A8BBDE8A7
:10878000F05FFDF75DBAB08800EB400007EB8000BA
:1087900090ED000A85ED000A90ED010A85ED010AD1
:1087A000D4F8E00007F0FAFE41EC100BB0EE491AE5
:1087B000F0EE691AFAF7A5F951EC100B07F00AF878
:1087C00000EE100AD4ED380A30EE200A85ED020AD8
:1087D000F0EE680AB0EE480ABDEC0A8BBDE8F05F27
:1087E000004807E090080020C06000201E0A00201A
:1087F000340E0020FDF728BF01EB410007EB80009D
:1088000090ED000A85ED000A90ED010A85ED010A60
:1088100004F0D8FD012806D002281DD0032834D04A
:10882000042863D14AE0D4F8E00007F0B7FE41EC39
:10883000100BB0EE491AF0EE691AFAF762F951EC32
:10884000100B06F0C7FF00EE100AD4ED380A30EE28
:10885000200A85ED020A49E0D4F8E00007F09EFE08
:1088600041EC100BB0EE4A1AF0EE6A1AFAF749F929
:1088700051EC100B06F0AEFF00EE100AD4ED380AF2
:1088800030EE200A85ED020A30E0D4F8E00007F06F
:1088900085FE41EC100BB0EE4B1AF0EE6B1AFAF7B6
:1088A00030F951EC100B06F095FF00EE100AD4EDF4
:1088B000380A30EE200A85ED020A17E0D4F8E0000D
:1088C00007F06CFE41EC100BB0EE4C1AF0EE6C1A97
:1088D000FAF717F951EC100B06F07CFF00EE100AC6
:1088E000D4ED380A30EE200A85ED020A4046BDEC90
:1088F0000A8BBDE8F05FFDF75DBA000010B5414995
:10890000002081F8800181F881013F483F490088BB
:10891000002802D0012840D10FE09FED3D0A81EDF3
:10892000000A9FED3C0A81ED010A9FED3B0A81EDB3
:10893000020A3A48FDF72CFC2FE03948DFED390AEE
:108940009FED390A0078012804D002280ED00328B0
:1089500023D117E09FED351A81ED001AC1ED010A10
:1089600081ED020A2D48FDF713FC16E09FED301A49
:1089700081ED001AC1ED010A81ED020A2748FDF7D9
:1089800007FC0AE09FED2B1A81ED001AC1ED010AE8
:1089900081ED020A2148FDF7FBFB00F073FA1F4846
:1089A0001C3000F0D1FF1D487C3000F0CDFF1B488B
:1089B000DC3000F0C9FF1948DFED1F0A90ED0F0A07
:1089C000D0ED4F1A20EE201A9FED1C0A01EE801AFE
:1089D00080ED011A90ED271AD0ED501A21EE201AE1
:1089E00001EE801A80ED021A90ED3F1A61EE200A26
:1089F00090ED511A41EE000AC0ED030ABDE81040A7
:108A000001F0F0B9B8000020180A00206C5F0020C7
:108A10000000C8C20080BF44000000009008002091
:108A20001C0A0020000888450000B442000074C3FE
:108A3000000044C40080A5C49A99993E3333333F63
:108A400070B56349002081F8800181F881019FEDB4
:108A5000610B624880ED000B614800889FED610A60
:108A60006149DFED620A9FED621ADFED621A0628A6
:108A70005FD2DFE800F0030B0F204B555E48007813
:108A800068BB5E495E4800F04BFC52E05C4800F079
:108A9000ADFB4EE05B4A0120D070DFED5B0AC1ED1B
:108AA000000ADFED5A0AC1ED010A81ED020A5448BD
:108AB000FDF76EFB3DE056480078012804D00228FF
:108AC0000ED0032835D117E09FED521A81ED001A20
:108AD000C1ED010A81ED020A4948FDF759FB28E082
:108AE0009FED4D1A81ED001AC1ED010A81ED020AD8
:108AF0004348FDF74DFB1CE081ED001AC1ED010A72
:108B000081ED020A3E48FDF743FB12E081ED001AB9
:108B1000C1ED010AC1ED021A3948FDF739FB08E041
:108B200081ED001AC1ED010AC1ED021A3448FDF7CA
:108B30002FFB3A48324C007804F1DC05B8B12846E6
:108B400000F002FF94ED4F0A84ED010A94ED500A03
:108B500084ED020A94ED3F0AD4ED510A30EE200A6A
:108B600084ED030ABDE87040254801F03BB900F0F0
:108B700089F923481C3000F0E7FE21487C3000F0E2
:108B8000E3FE284600F0E0FED4ED0F0A9FED240A34
:108B9000D4ED4F1A20EE801ADFED220A01EEA01A62
:108BA00084ED011A94ED271AD4ED501A21EE001A23
:108BB00001EEA01A84ED021A94ED3F1A21EE000A8C
:108BC00094ED511A01EE200A84ED030ACAE7000071
:108BD000B80000200000000000805640980C0020E3
:108BE0001A0A00200000B4426C5F0020000888458B
:108BF0000080A5C400000000FC090020000A00203D
:108C000090080020E85E00200000C8C20080BF4439
:108C10001C0A0020000074C3004049C4FD09002064
:108C20009A99993E3333333F2DE9F0417E49002034
:108C300081F8800181F881017C4E7D4D7D4C30783A
:108C40000127002805D1A86807F0A8FCC4E90001A5
:108C50003770794800889FED791ADFED791A9FED1A
:108C6000790B06280CD2DFE800F0030C182D697C84
:108C700076480078002803D17549764800F050FB0B
:108C800083E094ED000B51EC100B06F0A3FD00EE19
:108C9000100A704800F0AAFA77E06F48C7709FED9D
:108CA0006F0A85ED000A9FED6E0A85ED010A94EDCD
:108CB000000B51EC100B06F08DFDA8606548FDF728
:108CC00067FA62E0674800789FED670A012804D0E0
:108CD000022813D0032858D11FE0DFED640AC5ED48
:108CE000000A85ED010A94ED000B51EC100B06F023
:108CF00071FDA8605748FDF74BFA46E085ED001A74
:108D000085ED010A94ED000B51EC100B06F062FDAD
:108D1000A8605048FDF73CFA37E0DFED550AC5ED95
:108D2000000A85ED010A94ED000B51EC100B06F0E2
:108D300051FDA8604748FDF72BFA26E085ED001AA3
:108D4000C5ED011A53EC102B94ED000B51EC100BF8
:108D500007F03AFB06F03EFDA8603E48FDF718FA22
:108D600013E09FED441A85ED001AC5ED011A53EC8E
:108D7000102B94ED000B51EC100B07F025FB06F0C7
:108D800029FDA8603348FDF703FA3B48314C0078D1
:108D900004F1DC05B8B1284600F0D6FD94ED4F0A89
:108DA00084ED010A94ED500A84ED020A94ED3F0A25
:108DB000D4ED510A30EE200A84ED030ABDE8F041FB
:108DC000244801F00FB800F05DF822481C3000F094
:108DD000BBFD20487C3000F0B7FD284600F0B4FD14
:108DE000D4ED0F0A9FED250AD4ED4F1A20EE801A1C
:108DF000DFED230A01EEA01A84ED011A94ED271A83
:108E0000D4ED501A21EE001A01EEA01A84ED021AD8
:108E100094ED3F1A21EE000A94ED511A01EE200A5A
:108E200084ED030ACAE70000B8000020290A0020E8
:108E30006C5F0020980C0020160A0020004049C4F6
:108E4000009051450000000000805640FC090020C1
:108E5000000A002090080020E85E00200000C8C240
:108E60000080BF441C0A002000088845000074C32D
:108E70000080A5C4004017C4FD0900209A99993EBE
:108E80003333333F10B52DED088BC04C94ED080AF9
:108E9000D4ED070A30EE600A10EE100A07F07EFBF0
:108EA00041EC100B02F08CFB51EC100B06F092FC25
:108EB00008EE900A94ED200AD4ED1F0A30EE600A05
:108EC00010EE100A07F06AFB41EC100B02F078FB81
:108ED00051EC100B06F07EFC08EE100A94ED380AF7
:108EE000D4ED370A30EE600A10EE100A07F056FB98
:108EF00041EC100B02F064FB51EC100B06F06AFC25
:108F000002EE900A9FEDA23ADFEDA2BAB0EE6B2A14
:108F10009FEDA1BAF0EE4B1ADFEDA03AB0EE634A36
:108F20009FED9F5AF0EE084A18EE900A9D4A4FF0C6
:108F30008243F2EE02AAF0EE049AF1EE046A9FED8B
:108F40009A9A9FED9A6A9FED9AAADFED9A7A9FED21
:108F50009A7ADFED9A5A984206DBF0EE6A0AB0EE92
:108F6000690AB0EE631A36E018EE900A904212DDFC
:108F700078EEE60AB0EE081A80EE810AF1EE000AF9
:108F800040EE260AB0EE461A00EE091AB0EE410A8B
:108F9000B0EE631A1FE0F4EEE48AF1EE10FA0EDD93
:108FA000F0EE080AB0EE4A0AB0EE671AB0EE474A91
:108FB000B0EE653AB0EE432AF0EE451A0BE0F0EE63
:108FC000630AB0EE631AB0EE630AB0EE633AB0EE35
:108FD000632AF0EE631A6D48C0ED0C0A80ED0D1A9D
:108FE00080ED0E0A80ED143A80ED152AC0ED171AB7
:108FF00080ED164AB0EE450A80ED180AC0ED194A18
:109000009FED633AB0EE6B2AF0EE4B1AB0EE634A76
:10901000F0EE080AF0EE604A18EE101A994206DBEC
:10902000F0EE6A0AB0EE690AB0EE631A30E018EEAC
:10903000101A91420EDD38EE660A80EE201AF1EE2B
:10904000000A41EE260AB0EE460A01EE090AB0EE29
:10905000631A1DE0B4EEE48AF1EE10FA0CDDB0EE16
:109060004A0AB0EE671AB0EE474AB0EE652AB0EE93
:10907000423AF0EE451A0BE0B0EE630AF0EE400A19
:10908000B0EE401AB0EE403AB0EE402AF0EE401A90
:10909000C0ED240A80ED251A80ED260A80ED2C3AD9
:1090A00080ED2D2AC0ED2F1A80ED2E4A80ED305A2A
:1090B000C0ED314A9FED420ADFED420AB0EE404A70
:1090C0009FED413A12EE901AB1F17F5F06DBB2EEEE
:1090D000001AF1EE001AB0EE632A3FE012EE901A89
:1090E0003A4AB1EE081A914220DD9FED390ADFEDD0
:1090F000391A32EEC00AC0EE212AB0EE000A02EEA2
:10910000801A9FED350ADFED351A42EE801AB0EE77
:10911000632ADFED334AB0EE600A02EEA40AF3EEF2
:10912000090AF0EE604A42EEA40A17E0F4EEC32A00
:10913000F1EE10FA08DDDFED2B1AB0EE632A9FED99
:109140002A0AF3EE020A09E0B0EE630AB0EE401A12
:10915000B0EE402AF0EE401AF0EE400A80ED3C1AE4
:1091600080ED3D2AC0ED3E1AB0EE401A80ED441A63
:1091700080ED450AC0ED470AC0ED463A80ED484A09
:1091800080ED493ABDEC088B10BD0000900800202E
:1091900000401C450080BB44000048440000000023
:1091A0000000FA430000A040CDCC8C3F3333B33FE6
:1091B000CDCC4C3F6F12033B0000964300007A4435
:1091C0000000B44200004842CDCCCC3DCDCC4C3E5A
:1091D000CDCC4C3E6666A63FCDCC0C406666E63FE5
:1091E000000020429A99993F00000C422DE9F0417D
:1091F0003C4A00233C4914789FED3C1A3C4D3D4EBF
:10920000002C0ED0C0F84831D0ED380AC1ED000A6C
:1092100080ED3B1A70EE600AC5ED000AC6ED090A42
:109220001370D0ED520A344CF8EE600AD4ED001AF7
:10923000324C60EEA10AC4ED000A10EE904AB4F17F
:109240007E5F0BDA91ED001A96ED090A00EE201A06
:1092500080ED371A80ED510ABDE8F08110EE906A7A
:10926000274F0124BE420ADA91ED000AD5ED000A2B
:1092700030EE200A80ED370A80ED511AECE780EDE0
:109280003B1AC0F8483114701E48B2EE041AD0EDF3
:10929000000A40EE410A10EE900A07F07FF941EC17
:1092A000100B02F08DF99FED181B51EC100B53ECD5
:1092B000112B06F099FDCFD8154800780228CBD1A4
:1092C000144A1078072802D0092805D008E012486F
:1092D0000188491C018003E010490888401C08806F
:1092E0001470B9E72A0A00202C0A002000000000B0
:1092F000F8090020080D0020EC090020200A0020B9
:10930000CDCC8C3F8C0C0020000000000080414040
:109310003307002090080020160A00201A0A0020B7
:109320002DE9F05F04462DED088B0D46FD4FFE49FB
:10933000FE4B3A7891ED000A18789FEDFD1AFD4931
:10934000DFF8F4A300264FF001089FEDFC8ADFF858
:10935000F093072A06D0092A7ED18AF800800028D7
:109360007BD049E18AF8008018B9C4F8486183F8D5
:109370000080D4ED520AF8EE600A20EE800A81EDFA
:10938000000AD5ED001AD5ED020A61EEA08AD5EDEE
:10939000011A88EEA1BAF4EEC00ADFF8A8B3F1EE24
:1093A00010FA42DD10EE100A07F0F8F841EC1A0B43
:1093B000286907F0F3F841EC100B01F0F5FFB0EE6F
:1093C000409AF0EE609A286807F0E8F853EC192B01
:1093D00006F046FD53EC1A2B06F042FD06F0FAF9B2
:1093E000C4F83C01D348006807F0D8F841EC1A0BE8
:1093F000286907F0D3F841EC100B02F0EDFFB0EE56
:10940000409AF0EE609A286807F0C8F853EC192BE0
:1094100006F026FD53EC1A2B06F022FD06F0DAF9D1
:10942000C4F8400184ED518ABEE0D5ED031A70EE18
:10943000A10AF4EEC00AF1EE10FA33DD286907F054
:10944000ADF841EC100B01F0AFFFB0EE409AF0EE3A
:10945000609A18EE900A01E0C6E0C9E007F09EF8B5
:1094600053EC192B06F0FCFC06F0B4F9C4F83C01EF
:10947000286907F093F841EC100B02F0ADFFB0EE55
:10948000409AF0EE609A18EE900A07F087F853ECD5
:10949000192B06F0E5FC06F09DF9C4F8400184EDB7
:1094A000518A81E070EE8B0AF4EEC00AF1EE10FAF8
:1094B00051DD30EEC00A10EE100A07F06FF841ECF3
:1094C0001A0B286907F06AF841EC100B01F06CFFE9
:1094D000B0EE409AF0EE609A686807F05FF853ECDF
:1094E000192B06F0BDFC53EC1A2B06F0B9FC06F064
:1094F00071F9C4F83C0195ED020AD5ED030A8D48D7
:1095000030EE200AD0ED000A30EE0B0A30EE600A91
:1095100010EE100A07F042F841EC1A0B286907F028
:109520003DF841EC100B02F057FFB0EE409AF0EE20
:10953000609A686807F032F853EC192B06F090FC3B
:1095400053EC1A2B06F08CFC06F044F9C4F84001E9
:1095500084ED518A28E070EE810AF4EEC00AF1EE43
:1095600010FA06DD84ED4F8A84ED508A84ED518A2D
:109570001AE0C4F8486184ED0B8A84ED238A97EDE4
:10958000080A87ED070A97ED200A87ED1F0A97ED75
:10959000380A87ED370A89F800808AF80060BBF83E
:1095A0000000401CABF800006748684980688842AA
:1095B0001ADDC4F8486184ED0B8A84ED238A97EDA7
:1095C000080A87ED070A97ED200A87ED1F0A97ED35
:1095D000380A87ED370A89F800808AF80060BBF8FE
:1095E0000000401CABF80000BDEC088BBDE8F09F0C
:1095F000C4F8486183F80080D4ED520AF8EE600A9E
:1096000020EE800A81ED000AD5ED001AD5ED020AA0
:1096100061EEA08AD5ED011A88EEA1BAF4EEC00A77
:10962000DFF82CB1F1EE10FA42DD10EE100A06F070
:10963000B5FF41EC1A0B286906F0B0FF41EC100BA6
:1096400001F0B2FEB0EE409AF0EE609A286806F0A3
:10965000A5FF53EC192B06F003FC53EC1A2B06F074
:10966000FFFB06F0B7F8C4F83C013248006806F08A
:1096700095FF41EC1A0B286906F090FF41EC100BA6
:1096800002F0AAFEB0EE409AF0EE609A286806F06A
:1096900085FF53EC192B06F0E3FB53EC1A2B06F075
:1096A000DFFB06F097F8C4F8400184ED518AD3E05F
:1096B000D5ED031A70EEA10AF4EEC00AF1EE10FA2D
:1096C00048DD286906F06AFF41EC100B01F06CFEE2
:1096D000B0EE409AF0EE609A18EE900A06F05EFF47
:1096E00053EC192B06F0BCFB06F074F8C4F83C01EF
:1096F000286906F053FF41EC100B02F06DFEB0EE4E
:10970000409AF0EE609A18EE900A06F047FF53EC8C
:10971000192B06F0A5FB06F05DF8C4F8400184EDB6
:10972000518A99E090080020EC090020280A0020C6
:10973000CDCCCC3D200A0020FD0900200000000017
:10974000FC090020160A0020B05F00200000DC4366
:109750001A0A002070EE8B0AF4EEC00AF1EE10FA3D
:1097600051DD30EEC00A10EE100A06F017FF41EC92
:109770001A0B286906F012FF41EC100B01F014FEE1
:10978000B0EE409AF0EE609A686806F007FF53EC7E
:10979000192B06F065FB53EC1A2B06F061FB06F063
:1097A00019F8C4F83C0195ED020AD5ED030A3B48CF
:1097B00030EE200AD0ED000A30EE0B0A30EE600ADF
:1097C00010EE100A06F0EAFE41EC1A0B286906F0CA
:1097D000E5FE41EC100B02F0FFFDB0EE409AF0EE1A
:1097E000609A686806F0DAFE53EC192B06F038FB35
:1097F00053EC1A2B06F034FB05F0ECFFC4F84001E3
:1098000084ED518A28E070EE810AF4EEC00AF1EE90
:1098100010FA06DD84ED4F8A84ED508A84ED518A7A
:109820001AE0C4F8486184ED0B8A84ED238A97ED31
:10983000080A87ED070A97ED200A87ED1F0A97EDC2
:10984000380A87ED370A89F800808AF80060BBF88B
:109850000000401CABF800001148124980688842A3
:109860007FF7C2AEC4F8486184ED0B8A84ED238A89
:1098700097ED080A87ED070A97ED200A87ED1F0A82
:1098800097ED380A87ED370A89F800808AF800607A
:10989000BBF80000401CABF80000A5E6200A002041
:1098A000B05F00200000AF43044C03F06FFF608EF8
:1098B000401C6086052005F073F9F6E7E85F00209C
:1098C00010B52DED048B9FED1A9BB0EE491AF0EE0A
:1098D000691A01F07FFEB0EE408AF0EE608A9FEDDB
:1098E000160B51EC180B53EC102B06F07DFA07D237
:1098F00053EC192B51EC180B05F09EFF41EC180BA3
:109900009FED0F0B51EC180B53EC102B06F04EFC97
:1099100007D253EC192B51EC180B06F055FD41EC16
:10992000180BB0EE480AF0EE680ABDEC048B10BDCF
:1099300000000000008076400000000000000000F1
:1099400000000000008066402DE9F04104462DED46
:10995000048B9FED6F9A00266E4D012794ED020A4D
:1099600084ED030A94ED000AD4ED010A70EE609ACA
:10997000C4ED029AA06C06F011FE41EC180B19EE32
:10998000900A06F00BFE41EC100B01F019FE53ECAF
:10999000182B51EC100B06F027FA01D884ED029A2F
:1099A000206806F0FBFD41EC100B01F009FE9FED75
:1099B0005A1B51EC100B53EC112B06F015FA01D881
:1099C0006E7000E06F70206806F0E8FD41EC100B4F
:1099D00001F0F6FD9FED521B51EC100B53EC112BD7
:1099E00006F002FA01D82E7000E02F7094ED111AE3
:1099F00094ED020AF1EE410AF7F702FA84ED020A49
:109A0000F0EE409A94ED040A30EE290A84ED040A3F
:109A1000A87806F0D5F941EC180B19EE900A06F07B
:109A2000BDFD41EC100B01F0CBFD53EC182B51ECBC
:109A3000100B06F0BBFB01D884ED049A94ED0F1ACD
:109A400094ED040AF1EE410AF7F7DAF984ED040A1D
:109A500094ED050AD4ED020A94ED0E1A20EE200AC8
:109A6000F1EE410AF7F7CCF984ED090A94ED060A04
:109A7000D4ED040A20EE200A84ED0A0A94ED020ACD
:109A8000D4ED030A94ED101A30EE600AD4ED070A03
:109A900020EE200AF1EE410AF7F7B2F984ED0B0A45
:109AA00094ED000A00F08CF900EE100AD4ED140ACF
:109AB000D4ED131AB8EEC00A287820EE201A94EDDF
:109AC000090AD4ED0A0A30EE200AD4ED0B0A30EE72
:109AD000200AD4ED020A60EEA11A00EE900A68781E
:109AE000F8EE600A01EEA00A00EE900AF8EE600AB5
:109AF00001EE200A84ED080A94ED0D1AF1EE410AF8
:109B0000F7F77EF984ED080ABDEC048BBDE8F0811F
:109B100000000000040D00200000000000003E4096
:109B2000000000000000F83F2DE9F0412DED028B10
:109B3000424C434D94ED000A85ED060A414E94EDEA
:109B4000010A86ED060A4048F2EE040A3F4F90ED06
:109B5000000A80EE201A87ED061A2846F6F77EFEE8
:109B60003046F6F77BFE3846F6F778FE95ED010AAB
:109B7000374D85ED020A96ED010A85ED070A97ED4E
:109B8000010A85ED0C0A2846FBF79EFD05F114003D
:109B9000FBF79AFD05F12800FBF796FD95ED010A0C
:109BA00084ED040A95ED060A84ED050A95ED0B0A8D
:109BB00084ED060A94ED030ADFED260A20EE200A62
:109BC000F7F796F9F0EE408AB0EE680A01F050FC23
:109BD000B0EE408AB0EE680A02F062FC94ED041A1E
:109BE000D4ED050A61EE081A40EE801AC4ED071A9A
:109BF00060EE880A41EE400AC4ED080A94ED060AB8
:109C000084ED090A00F012FF134D94ED070A134882
:109C1000D5ED010AFBF738FCD5ED060A94ED080AEC
:109C20000F48FBF731FCD5ED0B0A94ED090A0D48FE
:109C3000BDEC028BBDE8F041FBF726BC785F00204D
:109C400094070020B00700208C0C0020CC070020D7
:109C5000E807002088C3E43A580700203C080020A9
:109C6000580800207408002030B587B00446154617
:109C700001910021029103910491059301232A4649
:109C800001A92046F8F782FF00280DD002232A46BA
:109C900001A92046F8F77AFF002805D004232A46B8
:109CA00001A92046F8F772FF07B030BD384F394E92
:109CB000394C3A4DDFF8E890DFF8E880387803282F
:109CC0000DD13949394803F085FF394803F074FF55
:109CD000052237493748FBF781FB002038701A22EC
:109CE00035493648FBF77AFB96ED070A84ED000A02
:109CF00096ED080A84ED010A96ED1F0A84ED020A2A
:109D000096ED200A84ED030A96ED370A84ED040AE5
:109D100096ED380A84ED050A95ED300A84ED060AC1
:109D200095ED310A84ED070A95ED000A84ED080AE5
:109D300095ED010A84ED090A95ED180A84ED0A0AE9
:109D400095ED190A84ED0B0A95ED480A84ED0C0A8D
:109D500095ED490A84ED0D0A99ED040A84ED100A87
:109D6000B8F84C0000EE100AB8EE400A84ED110A73
:109D7000B8F8380000EE100AB8EE400A84ED120A76
:109D80001321054800F0E0FD012004F009FF95E7EC
:109D9000B0000020900800207C5E0020B800002069
:109DA000385F0020E85F002038600020C85E002097
:109DB0007E0C00206C0F0020E85E0020FC0F0020CD
:109DC000B5EEC00AF1EE10FA02D24FF0FF30704744
:109DD000B5EEC00AF1EE10FA01D100207047012063
:109DE0007047000070B504462DED0A8B20780328DB
:109DF0007DD0AE4890ED030ADFEDAD0A20EE200ADB
:109E0000F7F776F8AB49201DF7F70AF894ED030A47
:109E1000DFEDA90AA74C20EE200A84ED020A0020FB
:109E20002075206806F0BAFB41EC180B9FEDA3CB20
:109E3000B0EE4C0AF0EE6C0A02F0CEFA53EC182B9E
:109E400051EC100B06F00CF841EC180B606806F0B2
:109E5000A5FB41EC190BB0EE4C0AF0EE6C0A02F0D7
:109E6000BBFA53EC192B51EC100B05F0F9FF53EC36
:109E7000182B06F0A9FA9FED938B53EC182B05F0E5
:109E800097FD9FED929B53EC192B05F0E9FF05F030
:109E9000A1FC04F11805A860606806F07FFB41ECA6
:109EA0001A0BB0EE4C0AF0EE6C0A02F095FA53EC85
:109EB0001A2B51EC100B05F0D3FF41EC1A0B206864
:109EC00006F06CFB41EC1B0BB0EE4C0AF0EE6C0A9A
:109ED00002F082FA53EC1B2B51EC100B05F0C0FF83
:109EE00053EC1A2B05F0A8FC53EC182B00E0DAE039
:109EF00005F05EFD53EC192B05F0B2FF05F06AFC8E
:109F00002860606806F04AFB41EC1A0BB0EE4C0A80
:109F1000F0EE6C0A02F060FA53EC1A2B51EC100BC5
:109F200005F09EFF41EC1A0B206806F037FB41EC70
:109F30001B0BB0EE4C0AF0EE6C0A02F04DFA53EC3B
:109F40001B2B51EC100B05F08BFF53EC1A2B06F07A
:109F50003BFA53EC182B05F02BFD53EC192B05F0B5
:109F60007FFF05F037FC6860606806F017FB41EC86
:109F70001A0BB0EE4C0AF0EE6C0A02F02DFA53EC1C
:109F80001A2B51EC100B05F06BFF41EC1A0B2068FB
:109F900006F004FB41EC1B0BB0EE4C0AF0EE6C0A31
:109FA00002F01AFA51EC100B05F008FC53EC1B2BD5
:109FB00005F056FF53EC1A2B06F006FA53EC182B5B
:109FC00005F0F6FC53EC192B05F04AFF05F002FCF6
:109FD000E8609FED409AF0EE490AB0EE490AF8F7C2
:109FE00047FDD4ED020A9FED3C8AF1EE088A60EE4F
:109FF000200A04F1280680EE880A20EE280A86ED61
:10A00000020AF0EE490AB0EE490AF8F731FDD4ED44
:10A01000020A20EE201A81EE080A20EE280A86EDB8
:10A02000000AF0EE490AB0EE490AF8F721FDD4ED36
:10A03000020A60EE200A80EE880A20EE280A86EDE9
:10A04000010AF0EE490AB0EE490AF8F711FDD4ED25
:10A05000020A20EE200AC0EE080A20EEA80A86EDC9
:10A06000030AD5ED020A96ED021A1C4870EE810A29
:10A07000C0ED000AD5ED000A96ED001A70EE810AD7
:10A08000C0ED180AD5ED010A96ED011A70EE810AAD
:10A09000C0ED480AD5ED030A30EE800A80ED300AA3
:10A0A000BDEC0A8B70BD9FED0E0AABE6785F002019
:10A0B00088C3E43A8860002035FA8E3C00000060D6
:10A0C000FB21E93F0000000000405040000000007C
:10A0D000000018400000C84300008242B800002081
:10A0E0000000000000B50C4B588803F0C5F902468B
:10A0F000988803F0C1F9801A01B24FF0FF300029AF
:10A1000003DD072900DC012000BD494209B207290F
:10A11000FADB012000BD0000300D002010B54FF02B
:10A12000E020006905F088F9012803D0BDE810405F
:10A1300004F0A2BE10BD000030B593B0302107A8D6
:10A14000F6F7D6F9142102A8F6F7D2F900251D4832
:10A15000016841F080510160006800F0805001907A
:10A160001948016841F480410160006800F48040B2
:10A170000190012007900004089002240D948001B2
:10A180000E9004200F90A82110911194129007A80E
:10A19000F9F740FF08B1F8F7C2FA0F2002900394D4
:10A1A00004954FF4A05005904FF48050069005217F
:10A1B00002A8F9F711FE002801D0F8F7B0FA13B0A1
:10A1C00030BD000040380240007000400248016885
:10A1D00041F470010160704788ED00E00148FAF732
:10A1E000D8BA0000240F00200148FAF7D2BA0000C4
:10A1F000941400202DE9F0410268284D284E294F83
:10A20000DFF8A4C0294B4FF08048A84209D0404550
:10A2100007D0B04205D0B84203D0604501D0984283
:10A2200003D122F070044A682243A8421BD0404563
:10A2300019D0B04217D0B84215D0604513D098421B
:10A2400011D01B4CA0420ED01A4CA0420BD01A4C7D
:10A25000A04208D0194CA04205D0194CA04202D00F
:10A26000184CA04203D122F44074CA6822434C69BE
:10A2700022F0800222438C68C4620C688462A84287
:10A2800001D0984201D109690163016841F00401DC
:10A290000160012141610260BDE8F08100000140E0
:10A2A0000004004000080040000C00400004014091
:10A2B00000400140004401400048014000180040B7
:10A2C000001C00400020004010B5846824F47F4446
:10A2D00042EA03220A432243826010BD826822F0D0
:10A2E00070020A4342F007018160704710B5036AAB
:10A2F000046A24F001040462846924F0F00444EA4E
:10A30000021423F00A020A438461026210BD10B5F0
:10A31000036A046A24F010040462846924F470441B
:10A3200044EA023223F0A00343EA01118261016290
:10A3300010BD00000148FAF7E1BC00006C0F0020DE
:10A340000148FAF7DBBC0000B40F002010B5806BA9
:10A350000021C185FAF77AFC10BD70B5846B2068C6
:10A360004069C0F3C01094F841100025212904D1A0
:10A3700018B1E584204600F0C1F820684069C0F3B8
:10A38000801094F84210222904D118B1E5852046A6
:10A3900000F080F8606C40F0100060642046FAF72E
:10A3A00055FC70BD10B50146886B096809684FF00F
:10A3B0000003C9052ED4C38501680C3151E8002F74
:10A3C00022F4807241E80024002CF5D10168143198
:10A3D00051E8002F22F0010241E80024002CF5D1C1
:10A3E0000168143151E8002F22F0400241E80024B6
:10A3F000002CF5D1202180F84210016B012909D1F0
:10A4000001680C3151E8002F22F0100241E80024CD
:10A41000002CF5D14363016B012902D0FAF7DCFF70
:10A4200010BD818DFAF722FB10BD10B5806B0121A4
:10A430004163016B012902D0FAF7CFFF10BD818D76
:10A440004908FAF713FB10BD10B50146886B09687F
:10A450000968C90516D40021C1840168143151E886
:10A46000002F22F0800241E80023002BF5D1016883
:10A470000C3151E8002F42F0400241E80023002B4C
:10A48000F5D110BDFAF7F0FF10BD10B5806BFAF7EB
:10A49000F9FF10BD01680C3151E8002F22F49072D1
:10A4A00041E80023002BF5D10168143151E8002F59
:10A4B00022F0010241E80023002BF5D1016B0129B4
:10A4C00009D101680C3151E8002F22F0100241E857
:10A4D0000023002BF5D1202180F8421000210163D8
:10A4E000704710B50168CA6822F04002CA60202196
:10A4F00080F84110FAF7B8FF002010BD01680C3158
:10A5000051E8002F22F0C00241E80023002BF5D1D2
:10A51000202180F84110704770B50022113926E0E3
:10A52000835CAA2B21D185186B78552B1DD1EB7B31
:10A53000552B1AD12B7CAA2B17D100240023D61817
:10A540000644B6783444E4B25B1C0C2BF7DBAB7BDF
:10A55000A3420AD18118084851F8022F02604A68C4
:10A56000426089688160012070BD521C92B28A42AB
:10A57000D6DD002070BD0000D460002008B590F842
:10A580004210222901D0022008BD82684FF4805376
:10A590009A4201D1016921B1816A9A421DD052B11A
:10A5A0000BE0816A02685268C2F308020A80816A7D
:10A5B000891C816209E002697AB10268526802F07E
:10A5C0007F020A70816A491C8162C18D491E09049B
:10A5D000090CC18505D0002008BD026852680A70C8
:10A5E000F0E70168CA6822F02002CA600168CA6800
:10A5F00022F48072CA6001684A6922F001024A614D
:10A60000202180F8421000214163026B012A03D00F
:10A61000FAF7E2FE002008BD016301680C3151E841
:10A62000002F22F0100241E80023002BF5D1016831
:10A630000A68D20602D50A6849680091818DFAF746
:10A6400015FAE7E72DE9F041044620680169E26860
:10A6500021F4405111430161A1682069E26901437D
:10A660006069104301432068C26849F20C639A4351
:10A670000A43C26020684169A26921F44071114314
:10A68000416133492068884202D03249884202D170
:10A69000F9F77CFC01E0F9F769FCE169002319276F
:10A6A00064253226B1F5004F28D061688B0F8A00EF
:10A6B000A0FB0701F5F758FE0146B0FBF5F07A4222
:10A6C000504301EB800006EB0010B0FBF5F000F00A
:10A6D000F002B1FBF5F002EB0012B1FBF5F07B42AA
:10A6E000584301EB800006EB0010B0FBF5F0216849
:10A6F00000F00F0010448860BDE8F08161684A18DE
:10A70000A0FB07015B41F5F72FFE0146B0FBF5F01A
:10A710000201B1FBF5F06FF01803584301EB800024
:10A7200006EBC000B0FBF5F000F0F80002EB4002D1
:10A73000B1FBF5F0584301EB800006EBC000B0FB25
:10A74000F5F0216800F0070010448860D4E70000AD
:10A75000001001400014014037B582B00446134692
:10A76000039AA262A38500206064222184F842102B
:10A77000E56B1F49E963E56B1E492964E56B1E49DA
:10A78000E964E16B08652168E06B091DF9F72CF9B4
:10A7900038B110206064202084F84200012005B008
:10A7A00030BD2068016840680190206948B1206888
:10A7B0000C3050E8001F41F4807140E80012002A7C
:10A7C000F5D12068143050E8001F41F0010140E845
:10A7D0000012002AF5D12068143050E8001F41F023
:10A7E000400140E80012002AF5D10020D7E7000020
:10A7F000A5A300082BA400085BA3000890F8411053
:10A80000212901D0022070478168B1F5805F01D114
:10A81000016961B1016A4A1C0262026809785160EB
:10A82000C18C491E0904090CC1840AD013E0016AD5
:10A8300002680988C1F308015160016A891C01623C
:10A84000EEE70168CA6822F08002CA600068C16849
:10A8500041F04001C16000207047000038B5224C33
:10A860002068016809070AD5016840680090204601
:10A87000FAF7B4F906221D492046FAF79FFD206831
:10A88000016889070AD50168406800901648FAF700
:10A89000A5F9062215491448FAF790FD20680168C9
:10A8A000C9061CD50168406800900F48FAF796F970
:10A8B0000F48006840680F49C0F1140008700B4849
:10A8C0000D4902780A700D49407808700322074943
:10A8D0000548FAF773FD0A48C18F491CC187BDE8D6
:10A8E00038400148FAF70ABAFC0F00208C06002015
:10A8F00054120020920600207A0C00207D0C0020CB
:10A90000E85F00200148FAF7F9B900004410002080
:10A910000148FAF7F3B900008C10002091ED000A0D
:10A9200080ED080A91ED010A80ED200A0449F2EE5B
:10A93000040A91ED000A80EE201A80ED381A704763
:10A940008C0C0020FEE7000010B50C460146A2006A
:10A950000D48F5F780FD00200B4903E001EB840270
:10A960001060641C322CF9DB074808498030096804
:10A970008164CC2204490648FAF730FD0549888EE7
:10A98000401C888610BD0000B05D00202809010829
:10A990008C100020E85F002013490A6842604A6872
:10A9A000026090ED000AB1EE400A80ED000A8A686C
:10A9B0008260CA68C2600A6902614A6942618A6942
:10A9C0008261CA69C2610A6A026208480A69026051
:10A9D0004A6942608A698260CA69C260096A016123
:10A9E000034800F015B80000115F0020ED5E002064
:10A9F0009008002004481121017022218170014635
:10AA000003220248FAF7EABC900C0020B40F0020A1
:10AA100010B5054C94F85800002804D0FAF7B2FDA0
:10AA2000002084F8580010BDAC0600202DE9F0414C
:10AA30002DED0A8B9FED4E0AF0EE400AF8F718F85C
:10AA4000F3EE080A20EE200ADFED4A0A4A4C4B4D8D
:10AA500020EE200AD4ED3C0A95ED3C1A484E494FB1
:10AA600070EE810A96ED3C1A70EE810A97ED3C1A61
:10AA700070EE810A9FED449ADFF8108160EE890A3A
:10AA800080EE801A88ED0C1A9FED41CBB0EE4C0A97
:10AA9000F0EE6C0A01F0A0FC9FED3FAB51EC100B07
:10AAA00053EC1A2B05F0DCF99FED3DBB53EC1B2B4F
:10AAB00005F0D6F994ED3C0AD5ED3C0A41EC180BB3
:10AAC000B1EE400A30EE600AD6ED3C0A30EE200AC4
:10AAD000D7ED3C0A30EE200A20EE090A10EE100AEB
:10AAE00005F05CFD53EC182B04F062FF04F072FEDD
:10AAF000C8F80800B0EE4C0AF0EE6C0A01F06CFCED
:10AB000053EC1A2B51EC100B05F0AAF953EC1B2B4C
:10AB100005F0A6F995ED3C0AD4ED3C0A41EC180B82
:10AB200030EE600AD6ED3C0A30EE200AD7ED3C0A42
:10AB300030EE600A20EE090A10EE100A05F02EFD34
:10AB400053EC182B04F034FF04F044FEC8F81C004A
:10AB500008F12800FAF7B8FD4046FAF7B5FDBDEC5C
:10AB60000A8B08F11400BDE8F041FAF7ADBD000012
:10AB70000000C84335FA8E3C3C02002064040020EB
:10AB80007805002050030020000082425807002072
:10AB900000000060FB21E93F0000000000001040C1
:10ABA000000000000000184003B401984100009824
:10ABB00050EAC12018BF04204A0D18BF40F0010020
:10ABC00040F2FF72B2EB515F08BF40F00200012873
:10ABD00008BF052002B070474100080218BF0420DA
:10ABE0000A0E18BF40F001004FF07F4232EA010127
:10ABF00008BF40F00200012808BF05207047090780
:10AC0000090E002804DB00F1E02080F800147047F2
:10AC100000F00F0000F1E02080F8141D70470000E4
:10AC200070B59B482DED020B2DED068B079D25F091
:10AC30000044A04218DC9748844202DC0AD10698FE
:10AC400040B19DED060BBDEC068B02B0BDE8704037
:10AC500002F04AB9002DCCBF9FED8F0B9FED900BFA
:10AC6000BDEC068B02B070BD8F48A04215DD8F4849
:10AC7000A042D8BF4FF0FF3458DD9DED060B51ECDC
:10AC8000100BFFF791FF042808BF02F061F99DED5A
:10AC9000060BBDEC068B02B070BD9DED060B51ECB2
:10ACA000100B02F012FCCDE9060181489FED828B6A
:10ACB000A0423CDD8248A0421FDD00249FED82AB14
:10ACC0009DED060B53EC1A2B51EC100B04F0B4FD68
:10ACD0009DED060B41EC190B53EC1A2B51EC100BAC
:10ACE00005F0BEF853EC182B05F06EFB53EC192B56
:10ACF00004F05EFECDE9060149E09DED060B01245E
:10AD000053EC182B51EC100B04F096FD9DED060B47
:10AD100041EC190B53EC182B51EC100B05F054FBC4
:10AD200053EC192B04F044FECDE906012FE06848EE
:10AD3000A0421FDD02249FED689B9DED060B53ECA6
:10AD4000192B51EC100B05F08BF853EC182B04F079
:10AD500073FD9DED060B41EC180B53EC192B51ECD8
:10AD6000100B05F031FB53EC182B04F021FECDE95C
:10AD700006010CE09DED060B032453EC102B9FED18
:10AD8000580B51EC100B04F013FECDE906019DEDBC
:10AD9000060B53EC102B51EC100B05F061F841EC55
:10ADA000180B53EC182B05F05BF841EC190B4E48CF
:10ADB0000621B0EE490AF0EE690A784401F068FF16
:10ADC00053EC182B51EC100B05F04AF841EC180B22
:10ADD0004648B0EE490AF0EE690A0521784401F0D0
:10ADE00057FF53EC192B51EC100B05F039F841ECDF
:10ADF000100B51EC180B53EC102B002C0EDA04F056
:10AE00001BFD9DED061B53EC112B05F029F89DED64
:10AE1000061B53EC112B05F0FFF935E004F00CFD97
:10AE20009DED061B53EC112B05F01AF841EC100BAD
:10AE30002F48784400EBC40090ED001B51EC100B40
:10AE400053EC112B05F0C0FA9DED061B53EC112BB2
:10AE500005F0BAFA41EC100B2648784400EBC40028
:10AE600090ED001B51EC100B53EC112B05F0D4F9B5
:10AE700041EC100B002DA2BFBDEC068B02B070BDE3
:10AE800051EC100B04F09AFC41EC100B01E70000B0
:10AE9000000010440000F07F182D4454FB21F93FBE
:10AEA000182D4454FB21F9BF0000DC3F0000203E78
:10AEB0000000F33F00000000000000000000F03F31
:10AEC0000000E63F0000000000000000000000401D
:10AED0000080034000000000000000000000F83F78
:10AEE000000000000000F0BF625C0000185C000081
:10AEF000A25B00005A5B000070B56F4E2DED040B95
:10AF00002DED048B82B0DDF824C0DDE907235C421F
:10AF10002CF000411C4341EAD474069D22F000400D
:10AF2000B44205D86C422C4340EAD474B4420BD9E5
:10AF30009DED081B9DED060B02B0BDEC048B04B02B
:10AF4000BDE8704001F0DABFACF14054A4F17F6479
:10AF50001C430BD0022404EAAC7444EAD2740543C7
:10AF60009FED578B9FED582B07D015E09DED060BFD
:10AF700051EC100B02F0FEF942E0002C11BF012C45
:10AF80009DED060B02B0BDEC048B04BF04B070BD98
:10AF9000022C38D0032C3BD00B439FED4D1B9FED73
:10AFA0004E0B0AD0B14218D1B04209D121F08041F4
:10AFB00020F08040099107900FE0002A15DA10E098
:10AFC000474B7B44002C08BF93ED000B0DD0012CA8
:10AFD00010D0022C17D0032C1AD0B0421DD1002A59
:10AFE00003DAB0EE410AF0EE610A02B0BDEC048B68
:10AFF00004B070BD93ED000B51EC100B04F0DEFBC0
:10B0000041EC100BF1E7B0EE480AF0EE680AECE70D
:10B01000B0EE420AF0EE620AE7E7401A00159FED33
:10B02000329B3C28C8BF8DED000B17DCBCF1000F34
:10B03000BCBF10F13C0F8DED009B0FDB9DED080BAD
:10B0400053EC102B9DED060B51EC100B04F0B0FCF3
:10B0500002F03BFA02F08EF9CDE90001B4B1012C07
:10B0600010D0022C9FED220B53EC102B9DED000B0A
:10B0700051EC100B19D005F0A7F953EC182B05F083
:10B08000A3F9BDE7019880F0004001909DED000B11
:10B0900053EC192B51EC100B04F0E2FD04BF02201D
:10B0A000F5F755FA9DED000B9FE705F08DF953EC90
:10B0B000182B05F0B1F8A3E70000F07F00000000B6
:10B0C000182D4454FB210940182D4454FB2109C07C
:10B0D000182D4454FB21F9BF182D4454FB21F93F8E
:10B0E000BA5A00000000000000000000000000004C
:10B0F000075C143326A6A13C70B54FF068422DEDD5
:10B10000048BF0EE408A18EE900AB0EE608A18EEDA
:10B11000101A02EB4003B3F1654F3CBF02EB410252
:10B12000B2F1654F7DD200BFC0F3C753C1F3C75220
:10B130009A1A1B2A09DD10F0004F14BF9FED830AF5
:10B140009FED830ABDEC048B70BD12F11A0F36DA45
:10B1500011F0004F09D010F0004F0CBF9FED7D0A99
:10B160009FED7D0ABDEC048B70BD88EE889A19EEC8
:10B17000100AFFF731FD042808BF01F007FF18EEA1
:10B18000900AFFF729FD054618EE100AFFF724FD87
:10B19000044619EE100AFFF71FFD042D18BF052DF8
:10B1A00008D1042C18BF052C04D1002804BF0220AC
:10B1B000F5F7CDF9B0EE490ABDEC048B70BD420045
:10B1C000B2EB410F3AD910F0004F19BFDFED630A1F
:10B1D0009FED630ADFED630A9FED630AB0EE481A44
:10B1E0000A46B1EE688A80F00041F0EE418A1046CE
:10B1F0000A1A5200B2F1807F34D2484010F0004F5A
:10B20000DFED5A1A9FED5A2A1DBFBEEE001A70EEEE
:10B21000E10A30EE420AB6EE001A08BF70EEA10A4B
:10B2200000E040E008BF30EE020AB0EE682A01EE0E
:10B23000482A08EE818AC2EE081A15E011F0004F84
:10B2400004BF9FED4C0AF0EE400AD1D010F0004F41
:10B2500019BFDFED490A9FED490ADFED490A9FED6D
:10B26000490AC5E7C8EE881A21EEA11A9FED462AC1
:10B27000DFED462A41EE022A9FED452A01EE222A01
:10B28000DFED442A41EE022A9FED432ABDEC048BF8
:10B2900001EE222A21EE811A01EE020A30EE210A85
:10B2A00030EE200A70BD4FF07F42B2EB400F28BF56
:10B2B000B2EB410F09D2F0EE480AB0EE680ABDECDD
:10B2C000048BBDE8704001F056BE40EA01035B000C
:10B2D00008BF41F0FF410BD0B2EB400F08BFB2EB0B
:10B2E000410F08D120F0804008EE900A21F0804103
:10B2F00008EE101A18E7B2EB400F12BF5FEA4103E5
:10B3000040F0FF4001F000413FF40EAFB2EB410FBF
:10B3100012BF5FEA400200F0004041F0FF413FF4FD
:10B3200003AF4A0092EA40033FF5FEAE002AACBFED
:10B330009FED1A0A9FED1A0A68EE808A28EE008AAD
:10B3400018EE900A18EE101AEEE60000DB0FC9BFE7
:10B35000DB0FC93FDB0F4940DB0F49C00000C9BF0D
:10B3600022AAFDB90000C93F22AAFD390060ED3EC6
:10B37000C30ACE3700000000000049C022AA7DBAEF
:10B380000000494022AA7D3A2DAD65BD8FB8D53D5C
:10B390000FB511BE61C84C3EA8AAAABE0000804FDE
:10B3A0000000802F0000000010B52F499FED2C1BDE
:10B3B0002DED020B84B0059820F000408842D8BFE4
:10B3C0009DED040B2DDD2949884209D1049840B92F
:10B3D0004FF00100F5F7BBF801F09AFD06B010BD83
:10B3E00005DB9DED040B01F07FFD06B010BD684646
:10B3F0009DED040B01F078F910F0030004BF9DED02
:10B40000021B9DED000B0CD001280ED09DED021B00
:10B410009DED000B022817D0012001F0B5FC06B00D
:10B4200010BD01F07DFB06B010BD9DED021B9DED32
:10B43000000B012001F0A8FC51EC100B04F0BEF948
:10B4400006B041EC100B10BD01F06AFB51EC100B83
:10B4500004F0B4F906B041EC100B10BD0000000080
:10B460000000000000000000FB21E93F0000F07F29
:10B4700010EE101A08B5444A6846B2EB410F28D9BD
:10B480004FF0E640B0EB410F94BF00204FF0FF308B
:10B4900000900098002861DB60EE000A10F0010FB8
:10B4A00045D010F0020FDFED391A9FED391A00EE8A
:10B4B000E11ADFED381A40EE811A21EEA01AF0EE03
:10B4C000400A40EE010A08BFF1EE600AB0EE600AE1
:10B4D00008BD314B21F0004293423CD911F0004F9E
:10B4E000DFED2E0A20EE201ADFED2D0A19BF31EE16
:10B4F000601A71EE200A31EE201A71EE600ABDEE7C
:10B50000E01A11EE100A9FED271A00F0030000EE7A
:10B51000C10A9FED251A009000EEC10A9FED231A83
:10B5200000EEC10A9FED221A00EEC10AB1E79FEDBD
:10B53000211A9FED210A10F0020F00EE810A9FED03
:10B540001F1A00EE801AB7EE000A00EE810A18BF3B
:10B55000B1EE400A08BD01F021FD9AE710EE100A95
:10B560004000B0F17F4F3CBFB7EE000A08BD07D1E5
:10B570004FF00100F4F7EBFFBDE8084001F0FEBC1E
:10B58000BDE8084001F0F4BCB61F927E336D4C3923
:10B59000DA82083CA0AA2ABE490E494683F9223F16
:10B5A0000000004B0000C93F00A0FD390020A2337D
:10B5B0001A61342CB93AB2BACA9F2A3DDDFFFFBEE8
:10B5C0002DED020B019820F0004001909DED000B45
:10B5D00002B0704710B52DED040B86B09DED060B43
:10B5E00010EE100A10EE901A8DED000B002818BF17
:10B5F0000120084320F00040C0F17F6000F1E040EE
:10B60000C00F21D19DED080B10EE101A10EE900A1C
:10B610008DED000B002918BF0121084320F00040E8
:10B62000C0F17F6000F1E040C00F0DD129490798BB
:10B63000B1EB400F04BF0698002842D009984000A3
:10B6400004BF089800283CD09DED080B53EC102B4C
:10B650009DED060B51EC100B04F0FAFCCDE9020154
:10B660009DED020B40F2FF7110EE900A8DED000B84
:10B6700031EA105021D00798039900F0004001F002
:10B680000041884219D09DED080B8DED040B9DED16
:10B69000020B8DED000B10EE900A059961F31E0070
:10B6A00005909DED041B9DED020B51EC110B53EC2D
:10B6B000102B04F0B1FDCDE902019DED020B0AB0A3
:10B6C00010BD0120F4F743FF0AB0BDE8104001F0BF
:10B6D0001FBC00000000E0FF10B52DED028BF0EE66
:10B6E000408A18EE900AB0EE608A20F00040C0F167
:10B6F000FF40C00F07D118EE100A20F00040C0F143
:10B70000FF40C00F2BD018EE101A18EE900A04F06C
:10B71000BBFF00EE100A10EE100A6FEAD05010F0D6
:10B72000FF0F04BFBDEC028B10BD18EE900A00F0B5
:10B73000004110EE100A00F00040814204BFBDEC51
:10B74000028B10BD18EE101A10EE100ABDEC028B21
:10B7500061F31E0000EE900A30EE600A10BD18EE94
:10B76000900A4FF07F41B1EB400F1CBF18EE100A5A
:10B770005FEA4000C7D10120F4F7E9FEBDEC028B7F
:10B78000BDE8104001F0FABB2DE9F04D2DED040BA2
:10B790002DED0E8B96B0DDE92550279CDDF890A0AD
:10B7A00025F0004624F00048BAF1000F14BF012133
:10B7B000002101EB4502FC4953184A1093422AD359
:10B7C000002814BF0123002303EB44030B44F74973
:10B7D0008B4220D358EA00019FEDF59B76D0DFF82D
:10B7E000D8B35D4503D1BAF1000F05D188E0BAF1B5
:10B7F000000F08BF002100D0012101EB450111F528
:10B80000001F08D8002814BF0121002101EB4401CA
:10B8100011F5001F0BD99DED261B9DED240B16B0D5
:10B82000BDEC0E8B04B0BDE8F04D01F067BB002706
:10B83000002DBCBFE149884521DAE1498845A8BF10
:10B8400002271CDAC3451ADCDE4901EB2851142912
:10B8500008DDC1F1340220FA02F101FA02F282425B
:10B860000DD108E058B9C1F1140228FA02F101FA29
:10B8700002F2424503D101F00101C1F1020756EA8B
:10B880000A0124D1002C22DA002D18BF022F01D08A
:10B89000012F0AD00220F4F75AFE16B0BDEC0E8B31
:10B8A00004B0BDE8F04D01F007BB0220F4F74FFEF5
:10B8B00001F002FB51EC100B03F080FF41EC100B88
:10B8C00016B0BDEC0E8B04B0BDE8F08D18E09FED16
:10B8D000BEAB9FEDBF8B002871D1B848804522D107
:10B8E00005F1804010F5801008BFBAF1000F07D0B5
:10B8F000B3450ADC002CA8BF9DED260BE0DA0DE075
:10B90000B0EE490AF0EE690ADAE7002C06DA9DED9E
:10B91000260B51EC100B03F051FF6FE0AE4878445A
:10B9200090ED000BCCE7D8454DD1002C48DA2EB174
:10B9300086423AD1BAF1000F42D126E0BAF1000FA7
:10B9400013D00220F4F703FE01F0F2FA8DED020BA2
:10B950009DED240B8DED000B10EE900A039961F321
:10B960001E0003909DED020BAAE78DED02AB9DED4D
:10B97000240B1AEE901A10EE900A8DED000B61F375
:10B980001E0003909DED020B9AE78DED028B9DED5D
:10B99000240B18EE901A10EE900A8DED000B61F357
:10B9A0001E0003909DED020B8AE709DA9DED240B42
:10B9B00051EC190B53EC102B03F0FAFF1EE020E0C2
:10B9C0009DED240B7CE786421BDAB4F1804F0DD04D
:10B9D000A4F10050B0F1FF5013D1002D11DB9DED0B
:10B9E000240B51EC100B02F06EFF07E09DED240BD1
:10B9F00053EC102B51EC100B00F0C2BC41EC100BBF
:10BA00005EE79DED240B51EC100B01F05EFDBAF1E9
:10BA1000000FCDE90E0142D19FED710B46B3A6F1A7
:10BA2000E040B0F17F600CD05E4538D1002D00DAE7
:10BA3000A7B3022F0CBF01204FF0FF3004F0A9F98B
:10BA4000DCE7002D01DD002C0DDA002D01DD002CDE
:10BA50001FDB002D16DA002C14DB012F08BF9FED31
:10BA6000620B3FF42DAFB0EE4A0AF0EE6A0A27E708
:10BA7000022F18BF002D0CD0012F0AD1002DFFF688
:10BA80001FAF06E0002DB8BF002C08DA012F3FF4ED
:10BA900017AFB0EE480AF0EE680A11E71BE001208C
:10BAA00000EBE57050EA070115D0791EB0EE498A27
:10BAB000F0EE698A084308BF9FED4D8B4E48002584
:10BAC000804570DD4D494E48884514DDB0420DDBA0
:10BAD000002C19DB2FE00120F4F739FD16B0BDEC86
:10BAE0000E8B04B0BDE8F04D01F012BAB34502DC94
:10BAF000002C09DC1FE0864202DA002C1BDA03E08E
:10BB00005E452BDD002C16DD0220F4F720FD01F050
:10BB10000FFA8DED020B53EC1A2B51EC180B04F0BD
:10BB20009FF9CDE900010399019861F31E0003908C
:10BB30009DED020BC4E60220F4F709FD01F008FABE
:10BB400010EE901A18EE900A8DED020B8DED008B21
:10BB500061F31E0003909DED020BB1E69DED0E0B0F
:10BB600053EC192B51EC100B04F02EFC9FED260B1F
:10BB7000CDE9080153EC102B9DED080B51EC100B97
:10BB800004F06EF99FED221B53EC112B04F044FBE3
:10BB90009DED081B53EC112B04F062F99FED1E1B69
:10BBA00053EC112B3CE08CE0FFFF1F00FFFF0F0068
:10BBB000000000000000F03F0000F03F0000F07FB8
:10BBC0000000404301FCFFFF000000000000F07F88
:10BBD00000000000000000005E51000000000000B6
:10BBE0000000000000000080000000000000F0FFE6
:10BBF000000000000000F0BF0000E0410000F04342
:10BC0000FFFFEF3F00000000000000000000D03FF9
:10BC1000555555555555D53F000000000000E03FF3
:10BC200004F0FAFA9DED080B41EC1A0B53EC102BC3
:10BC300051EC100B04F014F953EC1A2B04F010F92A
:10BC400041EC1A0B9FEDFE0B53EC102B9DED080BF6
:10BC500051EC100B04F004F941EC1B0B9FEDFA0BB7
:10BC600051EC1A0B53EC102B04F0FAF841EC1A0BC0
:10BC70009FEDF70B53EC102B9DED080B51EC100BC7
:10BC800004F0EEF853EC1A2B04F09EFB41EC1A0B77
:10BC900051EC1B0B53EC1A2B03F0CEFD0690CDE9B3
:10BCA00006519DED060B53EC1B2B51EC100B04F0D1
:10BCB0008BFB53EC1A2B04F0AFFA41EC100B00F0A5
:10BCC000A1B90020B6F5801F0EDA9FEDE30B53EC0F
:10BCD000102B9DED0E0B51EC100B04F0C1F8CDE9CB
:10BCE0000E016FF034000E4600EB2650A0F2FF3735
:10BCF000C6F31300DA4940F07F6646F040568842AA
:10BD0000D8BF002408DDD7498142C8BF012403DC25
:10BD10000024A6F580167F1CD348784400EBC400AD
:10BD20000F9690ED00CB9DED0E0B53EC1C2B51ECC0
:10BD3000100B04F049FB9DED0E0B41EC1B0B53EC7B
:10BD40001C2B51EC100B03F077FD41EC100B51EC68
:10BD5000190B53EC102B03F02BFE41EC1D0B51EC97
:10BD60001B0B53EC1D2B04F07BF841EC1A0BBF4866
:10BD70008DED10AB7844109590ED000B4FF0005016
:10BD800040EA660000EB84408DED080B00F50020D2
:10BD900009909DED080B53EC1C2B51EC100B04F09B
:10BDA00013FB9DED0E1B53EC112B04F035FA41EC07
:10BDB000100B53EC102B9DED100B51EC100B04F0FD
:10BDC0004FF89DED080B41EC1C0B53EC102B9DED37
:10BDD000100B51EC100B04F043F853EC1B2B04F048
:10BDE0001BFA53EC1C2B04F0EFFA53EC1D2B04F060
:10BDF00037F841EC1C0B53EC1A2B51EC1A0B04F0E6
:10BE00002FF841EC1B0B9A480621B0EE4B0AF0EEDE
:10BE10006B0A784400F03CFFB0EE401AF0EE601A76
:10BE2000B0EE41DAF0EE61DA53EC1B2B51EC1B0B58
:10BE300004F016F853EC1D2B04F012F89DED100BD6
:10BE400041EC1B0B53EC1A2B51EC100B03F0F4FCE0
:10BE500053EC1C2B04F004F853EC1B2B03F0ECFC0C
:10BE60009DED100B41EC1B0B53EC102B51EC100B08
:10BE700003F0F6FF41EC1D0B9FED7FEB53EC1E2B07
:10BE800003F0DAFC53EC1B2B03F0D6FC0890CDE951
:10BE900008519DED080B53EC1E2B51EC100B04F0D8
:10BEA00093FA53EC1D2B04F08FFA53EC1B2B04F088
:10BEB000B3F99DED080B41EC1D0B53EC102B9DEDE0
:10BEC000100B51EC100B03F0CBFF41EC1B0B53ECB0
:10BED0001A2B51EC1D0B03F0C3FF9DED080B41EC39
:10BEE0001A0B53EC102B51EC1C0B03F0B9FF53EC65
:10BEF0001A2B03F0A1FC41EC1A0B51EC1B0B53EC79
:10BF00001A2B03F099FC0C90CDE90C519DED0C0B14
:10BF100053EC1B2B51EC100B04F056FA53EC1A2B7C
:10BF200004F07AF941EC1B0B9FED550B53EC102BF1
:10BF30009DED0C0B51EC100B03F092FF41EC1A0B32
:10BF40009FED510B51EC1B0B53EC102B03F088FFB2
:10BF500041EC1B0B9FED4E0B53EC102B9DED0C0B8E
:10BF600051EC100B03F07CFF53EC1B2B03F064FC33
:10BF700041EC100B4848784400EBC40090ED001BE6
:10BF800051EC100B53EC112B03F056FC41EC1B0B46
:10BF9000384603F0FEFECDE9080153EC1B2B51ECB3
:10BFA0001A0B03F049FC41EC100B3C48784400EBC1
:10BFB000C40090ED00CB51EC100B53EC1C2B03F0A4
:10BFC0003BFC9DED081B53EC112B03F035FC069058
:10BFD000CDE906519DED080B53EC102B9DED060BA2
:10BFE00051EC100B04F0F0F953EC1C2B04F0ECF9BD
:10BFF00053EC1A2B04F0E8F953EC1B2B04F00CF96A
:10C0000041EC100B9DED261B53EC102B8DED001B0E
:10C0100000959DED260B51EC100B03F021FF9DEDDB
:10C02000000B41EC1A0B53EC102B9DED260B51EC41
:10C03000100B04F0C9F99DED061B53EC112B2FE0FA
:10C04000000000604715F73FFE822B654715F73F5C
:10C0500044DF5DF80BAE543E00000000000040439A
:10C060008E9803007AB60B00124C0000084D0000B9
:10C070004A4B0000000000000000000000000840E3
:10C08000000000E009C7EE3FFD033ADC09C7EE3FC0
:10C09000F5015B14E02F3EBED64900009049000038
:10C0A00003F0DEFE53EC1A2B03F0C6FB9DED060BEE
:10C0B00041EC1A0B53EC102B9DED000B51EC100BC7
:10C0C00003F0CEFECDE90C019DED0C0B51EC1A0BEB
:10C0D00053EC102B03F0B0FBCDE902010C46AA494A
:10C0E0008C422FDB611A084318D19DED0C0B53ECE9
:10C0F000102B9DED020B51EC100B04F065F941EC97
:10C100001B0B9FEDA30B51EC1A0B53EC102B03F000
:10C1100093FB53EC1B2B04F049F82DD20220F4F7CB
:10C1200016FA00F005FF10EE901A18EE900A8DED49
:10C13000020B8DED008B61F31E0003909DED020B51
:10C14000FFF7BEBB944A24F00041914214D39349B7
:10C15000214408437FF4EFAC9DED0C0B53EC102B06
:10C160009DED020B51EC100B04F02EF953EC1A2B41
:10C1700004F01CF87FF6DFAC24F000408849894ABF
:10C18000002601EB205182422BDA481C4FF480112B
:10C1900021FA00F02044844AC0F30A517A44A1F203
:10C1A000FF3192ED000B814A8DED080BCA4020EA69
:10C1B0000202C0F3130040F48010C1F1140120FA10
:10C1C00001F60992002CB8BF76429DED080B53ECA6
:10C1D000102B9DED0C0B51EC100B04F0F5F8CDE994
:10C1E0000C019DED0C0B51EC1A0B53EC102B03F0D2
:10C1F00023FB9FED6F0B0890CDE9085153EC102BFA
:10C200009DED080B51EC100B03F02AFE41EC1B0BCB
:10C210009FED690B53EC102B9DED080B51EC100BAF
:10C2200003F01EFE9DED0C0B41EC1C0B53EC102B90
:10C230009DED080B51EC100B04F0C6F853EC1A2BD3
:10C2400003F0EAFF9FED5E1B53EC112B03F008FE99
:10C2500053EC1C2B03F0F0FA41EC1A0B51EC1B0BC6
:10C2600053EC1A2B03F0E8FACDE902019DED020B25
:10C2700053EC1B2B51EC100B04F0A6F853EC1A2BCB
:10C2800003F0CAFF9DED020B41EC1A0B53EC102B8F
:10C2900051EC100B03F0E4FDCDE908014A489DED97
:10C2A000080B0521784400F0F3FC9DED081B51ECD0
:10C2B000100B53EC112B03F0D3FD9DED021B53EC3F
:10C2C000112B03F0A9FFCDE906019DED020B53EC04
:10C2D0001A2B51EC100B03F0C3FD53EC1A2B03F097
:10C2E000ABFA9FED3B0B41EC1A0B53EC102B9DED81
:10C2F000060B51EC100B04F067F89DED060B41ECBA
:10C300001B0B53EC102B9DED020B51EC100B03F0AB
:10C31000A7FD53EC1B2B03F04BFB53EC1A2B04F043
:10C3200053F89DED021B53EC112B04F04DF853EC28
:10C33000192B03F071FFCDE9020101EB0650011545
:10C340000029C8BF039015DC9DED020B324651EC6D
:10C35000100B04F04AFAFEF727FC042808BF00F08F
:10C36000F7FD32469DED020B51EC100B04F03DFA47
:10C37000CDE902019DED020B51EC180B53EC102B93
:10C3800003F06EFDFFF73ABB000090400000000094
:10C39000FE822B654715973C00CC904000346F3FE0
:10C3A00001FCFFFF0000E03FE0480000FFFF0F003E
:10C3B00000000000432EE63F396CA80C615C20BEF3
:10C3C000EF39FAFE422EE63FE8460000000000008A
:10C3D000000000000000004010B52F499FED2C1B0D
:10C3E0002DED020B84B0059820F000408842DCBFA0
:10C3F00000209DED040B32DD2849884209D10498C4
:10C4000040B94FF00100F4F7A2F800F081FD06B04A
:10C4100010BD05DB9DED040B00F066FD06B010BD00
:10C4200068469DED040B00F05FF910F0030011D099
:10C43000012818D09DED021B9DED000B02281AD09B
:10C4400000F06EFB51EC100B03F0B8F906B041ECB4
:10C45000100B10BD9DED021B9DED000B012000F0A7
:10C4600093FC06B010BD9DED021B9DED000B00F08E
:10C4700057FB06B010BD012000F086FC51EC100BFC
:10C4800003F09CF906B041EC100B10BD0000000059
:10C490000000000000000000FB21E93F0000F07FE9
:10C4A00000B510EE101A2DED028B81B0524A68468D
:10C4B000B2EB410F2ED94FF0E640B0EB410F94BFE5
:10C4C00000204FF0FF3000900098B0EE408A002826
:10C4D0006ADB10F0010F4BD068EE080A9FED471A97
:10C4E0009FED470A00EE810A9FED461A10F0020FF9
:10C4F00000EE801AB7EE000A00EE810A02BF01B01A
:10C50000BDEC028B00BD00BF01B0B1EE400ABDEC36
:10C51000028B00BD3C4B21F00042934241D911F007
:10C52000004FDFED3A0A20EE201ADFED390A19BF7D
:10C5300031EE601A71EE200A31EE201A71EE600AB7
:10C54000BDEEE01A11EE100A9FED321A00F0030062
:10C5500000EEC10A9FED301A009000EEC10A9FED77
:10C560002F1A00EEC10A9FED2E1A00EEC10AABE7AA
:10C5700028EE080A9FED2B1ADFED2B0A10F0020FB0
:10C5800040EE410A9FED291A00EE201A61EE000AE2
:10C59000B0EE480A08EE200AB6D101B0BDEC028B1D
:10C5A00000BD00F0FBFC8FE718EE100A4000B0F170
:10C5B0007F4F0DD218EE100AFEF70EFB042808BFBD
:10C5C00000F0E4FCB0EE480A01B0BDEC028B00BD07
:10C5D00009D10120F3F7BBFF01B0BDEC028B5DF880
:10C5E00004EB00F0CBBC01B0B0EE480ABDEC028B0E
:10C5F0005DF804EB00F0BCBCB61F927EB93AB2BA4B
:10C60000CA9F2A3DDDFFFFBE490E494683F9223FFE
:10C610000000004B0000C93F00A0FD390020A233FC
:10C620001A61342C336D4C39DA82083CA0AA2ABE38
:10C6300000B52DED048BB0EE409AF0EE609A83B019
:10C6400051EC190B03F0F4FD41EC180B18EE100A35
:10C6500018EE901A8DED008B002818BF01200843BA
:10C6600020F00040C0F17F6000F1E040C00F14D026
:10C6700019EE101A19EE900A8DED009B002918BFD3
:10C680000121084320F00040C0F17F6000F1E0404C
:10C69000C00F04BF0120F3F75AFFB0EE480A03B001
:10C6A000F0EE680ABDEC048B00BD10B52DED028BD9
:10C6B000B1EEC08A18EE100A20F00040C0F1FF4031
:10C6C000C00F0AD010EE100A20F00040C0F1FF4069
:10C6D000C00F04BF0120F3F73AFFB0EE480ABDECEB
:10C6E000028B10BD000000002DE9F14F04462DED36
:10C6F000020B2DED088B8AB09FEDE70B80ED020B4E
:10C70000139EE74826F0004585420ADC9DED120B9A
:10C71000002084ED000B0AB0BDEC088B03B0BDE82F
:10C72000F08FE0489FEDE0AB9FEDE1BBA84247DD15
:10C73000E14F9FEDE39B9FEDE48B9DED120B53ECDE
:10C740001A2B51EC100B002E1CDD03F03DFE41ECCA
:10C75000100BBD4208D053EC1B2B51EC100B03F017
:10C7600033FEC4E900010BE053EC192B51EC100B24
:10C7700003F02AFE53EC182B03F026FEC4E9000157
:10C780000120C8E703F058F841EC100BBD4208D077
:10C7900053EC1B2B51EC100B03F04EF8C4E90001D5
:10C7A0000BE053EC192B51EC100B03F045F853EC54
:10C7B000182B03F041F8C4E900014FF0FF30AAE75D
:10C7C000C348A84279DB9DED120B51EC100B00F031
:10C7D0007CFE41EC180B9FEDC00B53EC102B03F0CB
:10C7E0003FFB9FEDBF1B53EC112B03F025F803F02B
:10C7F00073FA074603F0CDFA41EC190B53EC1A2BF0
:10C8000003F02EFB53EC182B03F006FD41EC180B44
:10C8100053EC1B2B51EC190B03F022FBDFF8C8A2E1
:10C8200041EC100B4FEA15580125FA4453EC102B3C
:10C8300051EC180B03F0C8FD032DC4E900013DD0F5
:10C84000C1F30A5005EB4511A8EB000011398142F4
:10C8500034DA0AEB051BB0EE48AA9BED000BF0EEB4
:10C8600068AA53EC102B51EC190B03F0F9FA41ECC8
:10C870001B0B51EC1A0B53EC1B2B03F0A5FD41ECE9
:10C88000180B51EC1A0B53EC182B03F09DFD53ECD5
:10C890001B2B03F099FD9BED020B41EC1A0B53ECA3
:10C8A000102B51EC190B03F0DBFA53EC1A2B03F0AD
:10C8B0008BFD41EC100B6D1CB8E70EE0002EA8BFFD
:10C8C0003846BFF628AF94ED000B51EC100B02F088
:10C8D00075FFC4E9000178421DE7C6F3130040F478
:10C8E000801EC6F30A50A0F2F530471100F01F0574
:10C8F000C5F12000DDF848B00890002006900790B0
:10C900000520EC467949002D07EB0002794408BF69
:10C9100051F8221009D051F8223001EB8201AB40CE
:10C920004A68089922FA01F11943A1FB0E26A1FBDE
:10C930000B131A449A4234BF0123002303EB060869
:10C940000CEB8003D3E901A60E448E4234BF0121D3
:10C95000002192448A4411B1924502D903E09245E4
:10C9600001D2012100E00021C3E901A641444CF8B5
:10C970002010011EA0F10100C4DC029800F100505B
:10C98000850F0298DDE903678000DDF8148003F06D
:10C9900000FA41EC1A0B304603F012FA9FED541BDB
:10C9A00053EC112B03F05CFA41EC1B0B384603F0FF
:10C9B00007FA9FED511B53EC112B03F051FA41EC98
:10C9C000180B404603F0FCF99FED4D1B53EC112B67
:10C9D00003F046FA41EC190B51EC180B53EC192BF0
:10C9E00002F02AFF53EC1B2B02F026FF53EC1A2B0C
:10C9F00002F022FFCDE90801002008909DED080B10
:10CA000053EC1A2B51EC100B03F0DEFC53EC1B2BF8
:10CA100003F0DAFC53EC182B03F0D6FC53EC192B83
:10CA200003F0FAFB9FED381B53EC112B03F018FABF
:10CA30009FED370B41EC180B53EC102B9DED080BC1
:10CA400051EC100B03F00CFA53EC182B02F0F4FE2F
:10CA50009FED310B41EC180B53EC102B9DED080BA7
:10CA600051EC100B03F0FCF953EC182B02F0E4FE30
:10CA700041EC100B139810F0004F06D06D4251ECB2
:10CA8000100B02F09BFE41EC100B284684ED000BCE
:10CA900041E600000000000000000000000000006F
:10CAA000FB21E93F7CD9024000004054FB21F93FC3
:10CAB0003163621A61B4D03DFB21F93F00000000F0
:10CAC0000000601A61B4D03D7370032E8A19A33B35
:10CAD000FB2139410000000083C8C96D305FE43F8D
:10CAE000000000000000E03F5A420000A8410000A2
:10CAF000000000000000103E000000000000103C9C
:10CB0000000000000000103A182D4454FB21F93DAC
:10CB10003326A611460B113C00000054FB21F93DC1
:10CB200010B52DED040B2DED088B82B0B0EE419ABF
:10CB3000F0EE619A0B9820F000449FED4BABB4F1FE
:10CB4000795F11DA9DED0A0B51EC100B03F0C4F87C
:10CB5000002801BFB0EE4A0AF0EE6A0A02B0BDEC4E
:10CB6000088B04BF04B010BD9DED0A0B53EC102BD5
:10CB700051EC100B03F074F941EC180B3C48062102
:10CB8000B0EE480AF0EE680A784400F081F853EC01
:10CB9000182B51EC100B03F063F99DED0A0B41ECDF
:10CBA0001B0B53EC192B51EC100B03F059F941EC12
:10CBB000190B53EC1B2B51EC180B03F051F953ECF0
:10CBC000192B03F001FC9FED2C0B41EC190B53ECDE
:10CBD000102B51EC180B03F043F941EC100B2848D3
:10CBE000844210DA53EC192B51EC100B03F0ECFBE0
:10CBF00053EC1A2B03F010FB41EC100B02B0BDEC10
:10CC0000088B04B010BD1F48A042BCBF9FED1E1B87
:10CC10008DED001B06DBA4F50010019000200090B4
:10CC20009DED001B51EC100B53EC112B03F0CCFBD2
:10CC30009DED000B41EC180B53EC102B51EC1A0B33
:10CC400003F0C2FB41EC1A0B53EC192B51EC180BFF
:10CC500003F0BAFB53EC1A2B03F0DEFA41EC100B95
:10CC6000CCE7000000000000000000000000F03FE2
:10CC7000C43E000000000000000000000000E03F93
:10CC80003333D33F0000E93F000000000000D23FF3
:10CC900070B504462DED028B4D1E00EBC500B0EEC5
:10CCA000408AF0EE608A90ED000B35F0060017D058
:10CCB00053EC182B51EC100B03F0D2F841EC100B95
:10CCC0006D1E04EBC50090ED001B51EC100B53ECF6
:10CCD000112B02F0B1FD41EC100B35F00600E7D14D
:10CCE000022D36D0042D1CD0062D1CBFBDEC028BAE
:10CCF00070BD53EC182B51EC100B03F0B1F894ED10
:10CD00000A1B53EC112B02F097FD53EC182B03F088
:10CD1000A7F894ED081B53EC112B02F08DFD41ECAC
:10CD2000100B53EC182B51EC100B03F099F894ED09
:10CD3000061B53EC112B02F07FFD53EC182B03F074
:10CD40008FF894ED040B53EC102B02F075FD41ECC1
:10CD5000100B53EC182B51EC100B03F081F894EDF1
:10CD6000021B53EC112B02F067FD53EC182B03F060
:10CD700077F894ED001B53EC112B02F05DFDBDEC38
:10CD8000028B41EC100B70BD31B504462DED040B48
:10CD90002DED0A8BB0EE41BAF0EE61BA0B989DED25
:10CDA0000A0B20F00040B0F1795F0DDA51EC100B66
:10CDB000FDF7FAFE042808BF00F0CAF89DED0A0B43
:10CDC000BDEC0A8B05B030BD53EC102B51EC100BB1
:10CDD00003F046F841EC180B9DED0A0B53EC182BB1
:10CDE00051EC100B03F03CF841EC190B2C48B0EE61
:10CDF000480AF0EE680A05217844FFF749FF9FEDE5
:10CE00002ACBB0EE40AAF0EE60AA9CB353EC1C2BE8
:10CE100051EC190B03F024F841EC1C0B53EC1A2BCA
:10CE200051EC190B03F01CF89FED210B41EC190B91
:10CE300053EC102B51EC1B0B03F012F853EC192B95
:10CE400003F0C2FA53EC182B03F00AF853EC1B2B37
:10CE500003F0BAFA53EC1C2B03F0B6FA9DED0A1B53
:10CE600053EC112B03F0D8F9BDEC0A8B05B041EC63
:10CE7000100B30BDFFE753EC1A2B51EC180B02F0EE
:10CE8000EFFF53EC1C2B02F0D7FC53EC192B02F0F4
:10CE9000E7FF9DED0A1B53EC112B02F0CDFCE3E7FD
:10CEA000743D000000000000495555555555C5BF5B
:10CEB000000000000000E03F9FED070B10B553ECB1
:10CEC000102B9FED070B51EC100B02F071FD41ECA4
:10CED000100B10BD0000000000000000000000006A
:10CEE000000000000000F03F10B553EC102B51EC97
:10CEF000100B02F0A1FC41EC100B10BD10B553EC6F
:10CF0000112B51EC100B02F097FC41EC100B10BDF3
:10CF10009FED050B10B553EC102B51EC100B02F0EC
:10CF200047FD41EC100B10BD0000000000000000A8
:10CF30009FED050B10B553EC102B51EC100B02F0CC
:10CF40008FFF41EC100B10BD0000000000000070CE
:10CF50009FED050B10B553EC102B51EC100B02F0AC
:10CF60007FFF41EC100B10BD00000000000000101E
:10CF700030EE000A704730EE200A7047DFED020AFB
:10CF800080EEA00A70470000000000009FED020A3A
:10CF900020EE000A70470000000000102DE9F001AB
:10CFA0004FF07F42B2EB410F9FBF4FF0FF31016066
:10CFB000BDE8F00170474FF0004242EA0123C1F39F
:10CFC000C752783A551112F01F0C434CCCF1200691
:10CFD0007C44C1F3C752A2F178024FEA621204EB1B
:10CFE000820254F8254008BFD2E9015612D0556894
:10CFF00004FA0CF425FA06F73C43976805FA0CF599
:10D0000027FA06F8D26807FA0CFCF24045EA080550
:10D010004CEA0206A4FB034CA5FB0352A6FB0363E8
:10D020001D449D4234BF012600261319334416B116
:10D03000934202D903E0934201D2012200E0002290
:10D04000624402F1200C9206DC0C42EA443200EE0B
:10D05000102A5B03DFED210AF8EEC01A00EE103A49
:10D060004FEA9C1C11F0004FB8EE400AC0F800C017
:10D0700020EE201A00EE105ADFED190AB8EE400A31
:10D0800020EE200A71EE810A70EE800A10EE902ADE
:10D0900002F500626FF30B0200EE902A70EEE11AC7
:10D0A00031EEC11ADFED101A30EE411A9FED0D0A74
:10D0B00020EE800A01EE210A9FED0C1A00EE810A93
:10D0C00004BFBDE8F0017047CCF180510160BDE8BC
:10D0D000F001B1EE400A70477C3B000000000036D2
:10D0E0000000802C22AAFD29DB0FC92F0000C92FC8
:10D0F0002DE9F04F2DED068B8FB08A498A48F5F760
:10D1000011FB8948894990ED000AD1ED000A884950
:10D1100070EE600AC1ED020A864AD0ED010A92ED76
:10D12000001A30EEC11A81ED031A8DED000ACDED23
:10D13000010A90ED030A8DED030A6846F5F79EF9A2
:10D140006846F5F753F87C487C4E7D4F0078DFF851
:10D15000F4819FED7D8ADFF8F49104287DD07C4C2A
:10D16000208800EE100A7B48B8EE400AD0ED008A15
:10D1700038EEC00A10EE100A03F010FA41EC100B62
:10D18000FEF71EFA51EC100B02F024FB724D2860E2
:10D190000E90608800EE100A7048B8EE400A90EDDC
:10D1A000009A39EE400A10EE100A03F0F7F941EC4C
:10D1B000100BFEF705FA51EC100B02F00BFB834647
:10D1C0006860A08800EE100A6548B8EE400AD0ED0D
:10D1D000009A39EEC00A10EE100A03F0DFF941ECB4
:10D1E000100BFEF7EDF951EC100B02F0F3FA82464A
:10D1F000A860E08800EE100A5A48B8EE400A90EDA8
:10D2000000AA3AEE400A10EE100A03F0C7F941EC0A
:10D21000100BFEF7D5F951EC100B02F0DBFAE860C9
:10D22000BCEEE80A10EE101A2180BCEEC90A10EE1E
:10D23000101A6180BCEEE90A10EE101AA180BCEE53
:10D24000CA0A10EE101AE180474A0E99B7EE000A9A
:10D25000914208DCD6ED000A00E027E070EE800A7B
:10D26000C6ED000A01E086ED008A934506DCD7EDA5
:10D27000000A70EE800AC7ED000A01E087ED008A1F
:10D28000924506DCD8ED000A70EE800AC8ED000A6F
:10D2900001E088ED008A904206DCD9ED000A30EE0C
:10D2A000800A89ED000A01E089ED008A204C60685F
:10D2B0000A282FD32D4D287860B36846F4F740F83C
:10D2C0009DED000A94ED021A184870EE410AC0ED77
:10D2D000000A9DED010AD4ED031A164830EE610AEA
:10D2E00080ED000A71EE200A0F48C0ED000A31EE11
:10D2F000800A80ED010A00206060287086ED008AB7
:10D3000087ED008A88ED008A89ED008A18490A783D
:10D3100002B108706068401C60600FB0BDEC068B05
:10D32000BDE8F08F54600020785F002008070020DF
:10D33000A80C00200C07002032070020380700202E
:10D340003C070020400700200000000044070020A8
:10D3500048070020180700205C5F00201407002009
:10D360001C0700202007002000002040100700209C
:10D370003007002010B541EC100BFDF751FC51ECCB
:10D38000100B10BD10B50648F3F7DCF90448F6F7AA
:10D390004CF9BDE8104002210148F5F7E5BB00005B
:10D3A0007C0E002010B50648F3F7F2F90448F6F7B2
:10D3B0003CF9BDE8104002210148F5F7D5BB00005B
:10D3C000A40E002010B590ED010A1F4A10EE101AAD
:10D3D00011441E4A914207D21D4A016811441D4A58
:10D3E000914201D2012010BDB5EEC00A1A4AF1EEF9
:10D3F00010FA1A4B0ADD10EE101A194CA14205DA88
:10D4000001681144994201D2022010BD10EE101A99
:10D41000144C0C4414498C4205D2046822449A42AC
:10D4200001D2032010BD10EE102A104B1A44104BED
:10D430009A4206D200680F4A1044884201D2042062
:10D4400010BD002010BD0000FF7F76BBFF3FEA004B
:10D45000FFFFB7BBFFFF4D00FFFF1EBBFF7FDA00E2
:10D460000000C843FFFF69BAFF7F0C00FFFF69BBE4
:10D47000FFFFE300FF7F2BBA0E2824D2DFE800F085
:10D4800007090B0D0F11131517191B1D1F21002064
:10D49000704701207047022070470D20704703201D
:10D4A00070470C207047042070470B207047052000
:10D4B00070470A20704706207047092070470820EF
:10D4C0007047072070470020704782B0CDE9000107
:10D4D00021F0004001909DED000B02B051EC100BCB
:10D4E0007047000021490889401C80B2088102EE83
:10D4F000100A71EE402AB8EE422A32EE402A82EE3D
:10D50000220A9FED1B2ADFED1B2A20EE022A60EE85
:10D51000222A22EE002A22EE002A02EE802ADFEDE5
:10D52000162A00EE222A00EE100AB8EE400AB4EEE7
:10D53000C10AF1EE10FA06D831EEE01AB0EE600A38
:10D5400001EE020A704700EE100AB8EE400AB4EE8F
:10D55000C10AF1EE10FA05DD002088810881B0EEE5
:10D56000610A7047B0EE610A704700004C0E00205F
:10D570008FC2953FB81E55C0E7FB494021494889F5
:10D58000401C80B2488102EE100A71EE402AB8EECB
:10D59000422A32EE402A82EE220A9FED1B2ADFED5C
:10D5A0001B2A20EE022A60EE222A22EE002A22EE18
:10D5B000002A02EE802ADFED162A00EE222A00EE73
:10D5C000100AB8EE400AB4EEC10AF1EE10FA06D81D
:10D5D00031EEE01AB0EE600A01EE020A704700EE8A
:10D5E000100AB8EE400AB4EEC10AF1EE10FA05DDF9
:10D5F0000020C8814881B0EE610A7047B0EE610A30
:10D60000704700004C0E00208FC2953FB81E55C0D9
:10D61000E7FB4940F6F71EFBFCF78EFDF8F7BEF975
:10D62000F8F72CF9F8F7AEFAF8F7C8FAF8F7E2FAD3
:10D63000F8F7DCF8F8F7FEF8F8F716FAF8F76AFAF0
:10D64000F8F734FAF8F782FAFFF79CFEFFF7AAFE24
:10D6500020480068C16841F01001C1601E48F6F71B
:10D66000DDFF11221D491E48F7F7D7F91D48006854
:10D67000016821F0080101601B480068C16841F0A1
:10D680001001C160032219491748F7F797FE18489F
:10D690001121017022214176092216491648F7F717
:10D6A000BCF916480068016821F0080101602622D3
:10D6B00013491448F7F7B1F913480068016821F0DD
:10D6C0000801016000F0EAF9F8F73EF900F0FAF914
:10D6D000FEE700008C100020240F00207460002062
:10D6E0004410002014130020FC0F00208C060020A2
:10D6F000E85E0020C85E00206C0F0020D4100020DF
:10D70000105F0020B40F00209411002010B588B0E5
:10D710000A9C029000200490059008200690080AB8
:10D720008DF800008DF80110100A8DF802008DF8B8
:10D730000320180A8DF804008DF80530200A8DF8B2
:10D7400006008DF8074001236A4602A90B48F5F749
:10D750001DFA60B102236A4602A90848F5F716FAD5
:10D7600028B104236A4602A90448F5F70FFA0448D1
:10D770004188491C418008B010BD0000A40E002063
:10D78000E85F0020002800DA404270472DE9F041B0
:10D790002DED048B84B0B64CB6492278DFEDB69AF5
:10D7A000204600274FF4FA7C00F11C0600F17C08AB
:10D7B00000F1DC050A2A0AD2DFE802F0050E1CFCA3
:10D7C00055ECF3FBFAF981F8807181F8817104B0AE
:10D7D000BDEC048BBDE8F081012081F8800181F867
:10D7E0008171C1ED209AC1ED089AC1ED389AC1ED61
:10D7F000509AECE7A148017841B194ED080A84ED14
:10D80000070A94ED200A84ED1F0A07702D20CDE948
:10D8100002C0CDE900C76246002395499848F3F756
:10D82000D1F8FBF72FFB3046FCF78EF84046FCF7AB
:10D830008BF8D4ED0F0A9FED930A60EE800AC4EDD9
:10D84000010AD4ED270A20EE800A84ED020A94ED45
:10D85000510A84ED030A04B08548BDEC048BBDE891
:10D86000F041FCF7BFBA81F8807181F88171962090
:10D8700040F6AC5342008DE80C1003907C49804880
:10D88000F3F7A0F8804E94ED4F0A201DD6ED000A64
:10D8900000F0E6FF764894ED500AD6ED000A083015
:10D8A00000F0DEFF79487A4EB2EE049A01789FEDDF
:10D8B000798B012906D196ED000AC0EE090AC4ED64
:10D8C000370A0770D4F8440102F068FE41EC100BEF
:10D8D000FDF776FE53EC182B51EC100B02F084FA96
:10D8E00001D2C4ED519AD4F8440102F057FE41EC44
:10D8F000100BFDF765FE53EC182B51EC100B02F0EA
:10D9000055FC05D896ED000AC0EE090AC4ED370AA9
:10D9100096ED000AC0EE090AC4ED380AFBF7B2FA28
:10D920002846FCF711F8D4F8440102F037FE41EC28
:10D93000100BFDF745FE53EC182B51EC100B02F0C9
:10D9400053FA04D294ED3F0A84ED030A12E0D4F8AE
:10D95000440102F023FE41EC100BFDF731FE53ECC5
:10D96000182B51EC100B02F021FC03D894ED510A56
:10D9700084ED030A94ED4F0A84ED010A94ED500AF8
:10D9800084ED020A04B03A48BDEC048BBDE8F041D6
:10D99000FCF728BA04B0BDEC048BBDE8F041F8F701
:10D9A000E1BF81F8807181F88171314803E058E06E
:10D9B00035E02DE03AE0F9F76FF8FBF763FA30460F
:10D9C000FBF7C2FF4046FBF7BFFF2846FBF7BCFF53
:10D9D00094ED0F0AD4ED4F0A30EE200A84ED010ACF
:10D9E00094ED270AD4ED500A30EE200A84ED020AA5
:10D9F00094ED3F0AD4ED510A30EE200A84ED030A7B
:10DA000004B01B48BDEC048BBDE8F041FCF7EAB95B
:10DA100004B0BDEC048BBDE8F041FBF705B904B0E0
:10DA2000BDEC048BBDE8F041FAF768BF94ED4F0AF6
:10DA300084ED010A94ED500A84ED020A2846FBF7B2
:10DA400083FF94ED3F0AD4ED510A30EE200A84EDB5
:10DA5000030A04B00648BDEC048BBDE8F041FCF7B6
:10DA6000C1B904B0BDEC048BBDE8F041FAF7E8BFE2
:10DA700090080020B800002000000000E809002005
:10DA8000386000209A99993E240A00201F0A00203D
:10DA90008C0C00200000000000002440EFF3058003
:10DAA000002802D06FF0050070470548016811B1E9
:10DAB0004FF0FF30704701210160002070470000E7
:10DAC0007400002010B5EFF30580002802D06FF03D
:10DAD000050010BD07480168012902D04FF0FF3052
:10DAE00010BD054A002111700221016001F0C6F845
:10DAF000002010BD740000201FED00E02DE9FF475D
:10DB00000B464FF00008CDF80C80EFF3058199BB70
:10DB100090B3802618240025691E72B3176807B1D8
:10DB20003D46976907B13C46671E382F02D21779E8
:10DB3000FF0703D0002004B0BDE8F087576907B1A4
:10DB4000BE08D2F808C0BCF1000F0CD0D2F80C907F
:10DB5000B9F15C0F07D3D2F81090B9F1000F02D0E1
:10DB60000FB101210BE0BCF1000F08D1D76837B924
:10DB7000176927B9002102E01BE0FFE70021012916
:10DB800001D059B115E0916812690291CDE90042C6
:10DB90003246294601F022FC03900AE003A9CDE9B0
:10DBA0000041B2B2294601F0E7FB012801D0CDF8CF
:10DBB0000C800398BFE7000005490A7802704A7894
:10DBC0004270897881700021C17001717047000036
:10DBD000B40000202DE9F05F04460D4660782178FE
:10DBE00040EA01206882E078A17840EA0120A8821A
:10DBF0006079217940EA0120E882E079A17940EA60
:10DC000001202883207A2880BC4BA0785870E078C7
:10DC100098702888BA4AC1B21170BA4E32789042D0
:10DC200004D018B119712878307001E000B91A7168
:10DC3000B5F800B0B44BB54E00270122B448B54941
:10DC40004FF0070A4FF006084FF005094FF0030C9C
:10DC5000BBF1210F19D2DFE80BF018BFB6AD189257
:10DC6000E789186EE1651856DD4D183ED935FE2757
:10DC70001911181818F818F5F418F3001F8009780E
:10DC8000062901D0042900D102702BE11A800978FD
:10DC9000062901D0042900D10270052901D00429E8
:10DCA000F3D186F801A01DE10978062901D00429E5
:10DCB00002D102271F800270052901D00429E4D176
:10DCC00072700FE10978062901D00429DDD1A3F88B
:10DCD00000C0027006E10978062901D0042902D1AA
:10DCE00004271F800270052901D00429CDD102200C
:10DCF0007070F7E00978062901D0042902D1A3F851
:10DD000000900270EEE00978062901D0042902D1C2
:10DD1000A3F800800270052901D0042901D186F8FA
:10DD200001C0DFE00978062901D0042902D1A3F857
:10DD300000A00270D6E00978062901D0042902D19A
:10DD400008271F800270082905D0072903D004295D
:10DD500001D0092903D1704B83F800C00270052956
:10DD600001D0042901D104207070BBE00978062994
:10DD700001D0042902D1092119800270B2E009788A
:10DD8000062901D0042902D10A271F800270082920
:10DD900005D0072903D0042901D0092903D15E4FFA
:10DDA00002233B700270052901D0042901D186F8B5
:10DDB000019097E00978062901D0042902D10B21AE
:10DDC000198002708EE00978062901D0042902D159
:10DDD0000C211980027085E00978062901D00429F8
:10DDE00002D10D271F800270082905D0072903D012
:10DDF000042901D0092902D1474B1A700270052964
:10DE000001D004296ED186F801806BE081F8009082
:10DE1000027067E081F80080027063E03F4B1F7082
:10DE200081F800A002705DE009230B7002703C488D
:10DE300090ED020A3B4880ED000A80ED010A51E0B6
:10DE400043E00FE044E000E005E0017801B9027032
:10DE50000820707046E0344802703448077004208F
:10DE600008703FE00B784FF47A76052B0ED1D1F88D
:10DE700048C1B4450AD3DFF8B8C09CF8008008F167
:10DE800001088CF800800270C1F84871072B0ED190
:10DE9000D1F848C1B4450AD3DFF89880B8F800C07B
:10DEA0000CF1010CA8F800C00270C1F84871092BF0
:10DEB00018D1D1F84831B34214D31F4E33885B1CBC
:10DEC00033800270C1F848710CE01C48027009E010
:10DED0001B4E327001220A491A48F7F77FFA0848A8
:10DEE000077037700020211805EB4002497A5180F5
:10DEF000401C0828F7DBBDE8F09F0000E85E00202A
:10DF00009C06002093060020340D0020900C002079
:10DF10002A0A0020900800201C0A0020FC0900208A
:10DF2000045F0020A00600201F0A0020300D002002
:10DF3000140A0020160A00201A0A002030070020C8
:10DF40009D060020441000202DE9F04104460F46B4
:10DF5000134EF5683068001D00F0ECFC601C07D122
:10DF600037B13168BDE8F041091D0E4800F032BDFF
:10DF70002C4430684460AC4206D23168B06B091D55
:10DF8000BDE8F04100F00EBD3168706B091D00F076
:10DF900009FDB06A844200D2B462BDE8F08100009D
:10DFA00024000020CC19002070B5044600F01EFDAE
:10DFB0001C4DA868401CA860286810B1686938B179
:10DFC0000CE02C60A868012808D100F099F905E060
:10DFD0002868E16AC06A884200D82C60686A401CE0
:10DFE00068626064E06A2969884200D928610E4944
:10DFF00000EB800001EB8000211D00F0EBFC00F045
:10E0000015FD686900280CD02868E16AC06A88425A
:10E0100007D206494FF080500860BFF34F8FBFF31F
:10E020006F8F70BD240000201C15002004ED00E05F
:10E0300038B500F0DBFC104C2068C8B90F4800F080
:10E04000A3FC0E48143000F09FFC0C48E060143034
:10E0500020610A4B0020F03B009003F15002102198
:10E060000A2000F01FFF206010B105A100F062FD42
:10E07000BDE8384000F0DABC60000020D01A002073
:10E08000546D72510000000070B50C4D0C4E11E043
:10E0900000F0ACFCF068C468201D00F04BFCA868E0
:10E0A000401EA8606868401E686000F0BFFC204603
:10E0B00000F053F868680028EAD170BD2400002001
:10E0C000B819002030B40B46026C002A0CD0C1688D
:10E0D0001144C1608468A14201D30168C160C16874
:10E0E00030BC1846F2F7B7B930BC70472DE9F041A3
:10E0F000044617460026A56B226C002A10D0C7B133
:10E10000E068F2F7A8F9E168206C091AE16022687A
:10E11000914202D2A168081AE060022F16D017E0DF
:10E120002068A8B9A06801F001FA06460020A060A6
:10E130000EE06068F2F78FF9216C60680844606057
:10E14000A168884204D32068606001E005B16D1EBB
:10E150006D1CA5633046BDE8F08110B5044694F807
:10E16000590000280BD0012811D0022814D05020CB
:10E1700080F31188BFF34F8FBFF36F8FFEE7206BE3
:10E1800000F06AFC2046BDE8104000F065BC204667
:10E19000BDE8104000F060BC10BD00000749CA682F
:10E1A0001168002904D00021016019B100207047D6
:10E1B0000121F9E7D0680068704700006000002086
:10E1C0004FF470510F48420706D0C01D20F00700E1
:10E1D0000C49411AC1F570510B4A1060002353607D
:10E1E0000144083921F00701183A11604B600B60B7
:10E1F0000B1A436001604068906050604FF000402F
:10E2000050617047B021002090000020074E4FF071
:10E210008054074DFFF738FF30680128FAD92C6089
:10E22000BFF34F8FBFF36F8FF4E700001C15002082
:10E2300004ED00E070B51D46049C002909D0226061
:10E24000E06321640121204600F062FE84F84C5016
:10E2500070BD2460F4E72DE9F05F8246DDE90A59DC
:10E260000C9C0E4617469B46B900A522206BF2F780
:10E2700037F9206B7F1E00EB870020F00707780737
:10E2800007D0502080F31188BFF34F8FBFF36F8FFB
:10E29000FEE74FF0000866B100202218315C82F8DA
:10E2A0003410315C11B1401C1028F6D384F843803F
:10E2B00001E084F83480382D00D33725E562E56429
:10E2C000C4F85080201D00F06AFB04F1180000F033
:10E2D00066FB2461C5F13800A0616462C4F8548013
:10E2E00084F858805A465146384600F0A7FA206014
:10E2F000B9F1000F01D0C9F80040BDE8F09F00005F
:10E3000070B50024114D04EB840005EB800000F093
:10E310003BFB641C382CF6D30D4800F035FB0C4851
:10E32000143000F031FB0A48283000F02DFB08487B
:10E330003C3000F029FB0648503000F025FB054832
:10E34000034941631431816370BD00001C15002036
:10E350007C1900202400002030B5134900E011464C
:10E360000A688242FBD34B685C18844203D1406840
:10E370001844486008460D6844682318AB420DD124
:10E38000094B183B1B689A4206D0526822444260EF
:10E390000A681268026002E0036000E002608142E5
:10E3A00000D0086030BD00009000002070B500244F
:10E3B000416000610C4D91420AD8D11A82699142A4
:10E3C00001D301240EE0011D286900F0EBFA09E0F9
:10E3D0009A4203D2994201D3012403E0011DE86867
:10E3E00000F0E0FA204670BD6000002010B5044641
:10E3F00000F0FCFAA06B20B1002400F017FB2046CF
:10E4000010BD0124F9E710B5044600F0EFFAA06B47
:10E41000E16B884201D1012400E0002400F006FBFA
:10E42000204610BDF8B505460E461748C068C068BE
:10E43000C468201D00F07EFA94F82800410718D522
:10E44000A0692B46411932462046FFF7AFFFA0B125
:10E4500000200346014600902A46204601F078F944
:10E4600058B9502080F31188BFF34F8FBFF36F8FDF
:10E47000FEE720F0010084F82800216A01B0204660
:10E48000BDE8F040084700006000002030B587B0CC
:10E490003C4D6EE00398002803DADDE9042006997C
:10E4A00090470398002864DB059C606910B1201D2B
:10E4B00000F040FA02A800F0AFF8024603980A28DC
:10E4C00057D2DFE800F00505052D334A05052D3349
:10E4D00094F8280040F0010084F828000498A1690D
:10E4E000034601442046FFF761FF68B3216A2046D6
:10E4F000884794F8280040073BD5002000900498F6
:10E50000A169002342181946204601F021F9D8B923
:10E51000502080F31188BFF34F8FBFF36F8FFEE75A
:10E5200014F8280F20F00100207022E094F8280051
:10E5300040F0010084F828000498A06128B18118F7
:10E5400013462046FFF732FF13E0502080F3118876
:10E55000BFF34F8FBFF36F8FFEE794F8280081075A
:10E5600003D4204600F078FA03E020F0010084F89C
:10E570002800002203A9286800F022FE002889D183
:10E5800007B030BD60000020F8B506460D4600F02B
:10E59000BDFB684600F040F80446009810B101F059
:10E5A0003FF8F8BD45B9A64206D801F039F8214632
:10E5B0003046FFF737FFF8BD0C481DB10169096807
:10E5C00091B10025311B2A46006800F0C5FA01F020
:10E5D00027F80028EFD106494FF080500860BFF3BC
:10E5E0004F8FBFF36F8FF8BD0125EBE76000002070
:10E5F00004ED00E00748416B0968002905D0416B34
:10E60000C968C9684968816270474FF0FF3181620B
:10E61000704700002400002070B5054600F01AFF86
:10E620000446074EB068844204D200F00BF8012083
:10E63000286001E000202860B460204670BD000022
:10E6400060000020F8B51A4E20E0C0680568C46874
:10E65000201D00F06FF9216A2046884794F82800B1
:10E66000400713D5A0692844A84206D960602461F8
:10E67000211DF06800F096F908E0002003460146ED
:10E6800000902A46204601F063F840B1F068016826
:10E690000029DAD1F0683169F1603061F8BD5020AD
:10E6A00080F31188BFF34F8FBFF36F8FFEE7000039
:10E6B0006000002009484068401C07D0502080F3CB
:10E6C0001188BFF34F8FBFF36F8FFEE7502080F3A9
:10E6D0001188BFF34F8FBFF36F8FFEE798000020C4
:10E6E00008B56846FFF75AFD0099FFF74DFFFFF7A1
:10E6F000CDFEF6E72DE9F041044600F077F994F9F4
:10E70000455004F1240609E0606A48B1304600F043
:10E710004BFF08B100F074FA6D1E6DB2002DF3DCF2
:10E720004FF0FF3684F8456000F080F900F05EF9A4
:10E7300094F9445004F1100709E0206948B13846C3
:10E7400000F032FF08B100F05BFA6D1E6DB2002DD3
:10E75000F3DC84F84460BDE8F04100F067B90000E4
:10E760002DE9F0410546002600F0D0FA324F386816
:10E7700008B9FFF725FD786905424DD18DB10835FF
:10E7800068070ED005F00700C0F1080005446807CF
:10E7900007D0502080F31188BFF34F8FBFF36F8FE6
:10E7A000FEE7CDB37868854236D82349183108464C
:10E7B000046801E0214604466068A84202D220684D
:10E7C0000028F7D13868844226D00E6808362068C1
:10E7D00008606068411B10290ED96019420707D0F4
:10E7E000502080F31188BFF34F8FBFF36F8FFEE788
:10E7F00041606560FFF7B0FD61687868401A786035
:10E80000BA68904200D2B860786901436160002024
:10E810002060F868401CF86000F002FF700707D025
:10E82000502080F31188BFF34F8FBFF36F8FFEE747
:10E830003046BDE8F08100007800002024384FF019
:10E840008073036221F00101C1610449816142606A
:10E850006FF0020140F8201970470000B5E600088B
:10E86000002190ED001AB4EEC01AF1EE10FA01D3B7
:10E8700000DD012139B1B4EEC01AF1EE10FA16D85C
:10E8800080ED000A7047B4EEC01AF1EE10FA02DB18
:10E8900080ED000A704771EE200AC0ED000AF4EE28
:10E8A000C00AF1EE10FAF5DB80ED000A704771EE58
:10E8B000600AC0ED000AF4EEC00AF1EE10FAF5D8D5
:10E8C00080ED000A704700B52DED048B83B041EC5C
:10E8D000190B01F0ADFC41EC180B18EE100A18EE04
:10E8E000901A8DED008B002818BF0120084320F0FE
:10E8F0000040C0F17F6000F1E040C00F14D019EE7D
:10E90000101A19EE900A8DED009B002918BF012105
:10E91000084320F00040C0F17F6000F1E040C00FEC
:10E9200004BF0120F1F713FE51EC180B03B0BDEC4E
:10E93000048B00BD0169D0E901329A60D0E901235E
:10E940005A604A68824201D182684A6000220261AC
:10E950000868401E0860086870470000034B0360A9
:10E9600003F15C000860802010607047F81A0020F6
:10E97000044B036003F15C0008604FF4807010608A
:10E9800070470000541D002000F1080141604FF065
:10E99000FF328260C1600161002101607047002187
:10E9A0000161704730B50C68621C02D000F10802AA
:10E9B00002E0026904E01A4653681D68A542FAD9CC
:10E9C00053684B6099608A60516008610168491C16
:10E9D000016030BD42684A6093688B6093685960FB
:10E9E000916008610168491C01607047502080F304
:10E9F0001188BFF34F8FBFF36F8F0A494868401CDF
:10EA0000486001280CD10848006810F0FF0F07D0BB
:10EA1000502080F31188BFF34F8FBFF36F8FFEE755
:10EA2000704700009800002004ED00E009494868A4
:10EA3000002806D0401E4860002801D180F31188CC
:10EA40007047502080F31188BFF34F8FBFF36F8F53
:10EA5000FEE700009800002070B500282AD0083892
:10EA60000446154D60686969084207D1502080F35B
:10EA70001188BFF34F8FBFF36F8FFEE722683AB163
:10EA8000502080F31188BFF34F8FBFF36F8FFEE7E5
:10EA90008843606000F03AF960686968084468601B
:10EAA0002046FFF759FC2869401C2861BDE87040EA
:10EAB00000F0B6BD70BD0000780000204FF0E020EF
:10EAC00000210161816105494FF47A720968B1FB47
:10EAD000F2F1491E416107210161704720000020C9
:10EAE00010B5F1F71DFC114910280ED300F1E020FC
:10EAF00090F8F0030A78904207D2502080F31188F2
:10EB0000BFF34F8FBFF36F8FFEE709480068896836
:10EB100000F4E060884207D9502080F31188BFF3E9
:10EB20004F8FBFF36F8FFEE710BD000098000020ED
:10EB30000CED00E010B50022064B53F832401CB13A
:10EB4000521C082AF9D310BD43F8321003EBC2015E
:10EB5000486010BDDC14002070B504460D46164612
:10EB6000FFF744FF94F944304FF000005B1C01D1E3
:10EB700084F8440094F94510491C01D184F84500FB
:10EB8000FFF754FFA06B28B93246294604F1240050
:10EB900000F056F82046BDE87040FFF7ABBD00001E
:10EBA00010B502460020002A12D00F48006B38B181
:10EBB000502080F31188BFF34F8FBFF36F8FFEE7B4
:10EBC00000F0A4F800211046FFF7BEF900F028FD80
:10EBD000002807D105494FF080500860BFF34F8FE0
:10EBE000BFF36F8F10BD00002400002004ED00E093
:10EBF00002490A6A0260C968416070472400002027
:10EC000001490120C86170472400002010B50C465E
:10EC100000280AD0094909681831FFF7C3FE2046C9
:10EC2000BDE810400121FFF78FB9502080F3118813
:10EC3000BFF34F8FBFF36F8FFEE70000240000206B
:10EC400070B50D46144600280DD00B4909681831DF
:10EC5000FFF7C0FE0CB14FF0FF3521462846BDE856
:10EC60007040FFF771B9502080F31188BFF34F8FC8
:10EC7000BFF36F8FFEE700002400002030B587B09F
:10EC800000250695059504AA05A906A8FFF766FEC6
:10EC9000DDE90510CDE900510290002317A11948C4
:10ECA000049A00F09BFB184CE06208B1012000E0E0
:10ECB0000020012801D100F017FD012809D0401CD7
:10ECC00019D1502080F31188BFF34F8FBFF36F8F9E
:10ECD000FEE7502080F31188BFF34F8FBFF36F8F93
:10ECE0004FF0FF30A06201206061E56007B0BDE831
:10ECF000304000F047B807B030BD000049444C45F3
:10ED0000000000000DE20008240000200248016B12
:10ED1000491C0163704700002400002010B5174B08
:10ED2000186B002802D00120D86110BD0020D861E6
:10ED30001869134901E0C0B1401E00EB800251F890
:10ED40002220002AF7D000EB800201EB82014A6802
:10ED500052684A6001F10804A24201D152684A6037
:10ED60004968C9681960186110BD502080F3118886
:10ED7000BFF34F8FBFF36F8FFEE70000240000202A
:10ED80001C1500201CB537480168374A914207D14D
:10ED9000502080F31188BFF34F8FBFF36F8FFEE7D2
:10EDA00000683149491E884207D1502080F31188FC
:10EDB000BFF34F8FBFF36F8FFEE72C4908780190A8
:10EDC000FF200870087800909DF800009DF8002052
:10EDD00000F0F000904207D0502080F31188BFF37C
:10EDE0004F8FBFF36F8FFEE79DF80000204C00F0BF
:10EDF000500020700720A06006E0A068401EA060C0
:10EE00009DF80000400000909DF800000006F4D43A
:10EE1000A068032807D0502080F31188BFF34F8FDC
:10EE2000BFF36F8FFEE74FF44070A0600198087049
:10EE30000C482030016841F470010160016841F024
:10EE400070410160FFF73AFE00206060F1F730FA90
:10EE50000848016841F040410160F1F715FA0020CF
:10EE60001CBD000000ED00E071C20F4100E400E0B5
:10EE70009800002034EF00E010B5502080F3118896
:10EE8000BFF34F8FBFF36F8F00F0EAFA18B1044958
:10EE90004FF080500860002080F3118810BD000002
:10EEA00004ED00E038B5049D002804D05BB102B148
:10EEB00089B1C2B120E0502080F31188BFF34F8F99
:10EEC000BFF36F8FFEE7502080F31188BFF34F8FA1
:10EED000BFF36F8FFEE7502080F31188BFF34F8F91
:10EEE000BFF36F8FFEE739B1502080F31188BFF375
:10EEF0004F8FBFF36F8FFEE7502400941C46012311
:10EF000084F846302B460094FFF794F9204638BD2C
:10EF100070B504460D46002C25D0FFF767FDD4E9F7
:10EF20000F20216802FB0011A1600021A16321686C
:10EF30006160E06B2268216C401E00FB0121E160F2
:10EF40004FF0FF3084F8440084F8450004F11000CD
:10EF50008DB1FFF719FD04F12400FFF715FDFFF750
:10EF600065FD012070BD502080F31188BFF34F8FE5
:10EF7000BFF36F8FFEE721690029F0D000F014FB8A
:10EF80000028ECD004494FF080500860BFF34F8F49
:10EF9000BFF36F8FE3E7000004ED00E02DE9FF47CA
:10EFA00082B004468A461E460025002C03D0BAF1E2
:10EFB000000F08D011E0502080F31188BFF34F8F6D
:10EFC000BFF36F8FFEE7206C38B1502080F31188BB
:10EFD000BFF34F8FBFF36F8FFEE7022E0AD1E06BB6
:10EFE000012807D0502080F31188BFF34F8FBFF363
:10EFF0006F8FFEE700F020FA48B9049838B150202E
:10F0000080F31188BFF34F8FBFF36F8FFEE74FF090
:10F0100000094FF08057DFF8E480FFF7E7FCA06BB2
:10F02000E16B884205D3022E03D0049808B325B3C0
:10F0300027E0324651462046FFF758F8616A59B139
:10F0400004F1240000F0B0FA68B1C8F80070BFF312
:10F050004F8FBFF36F8F06E028B1C8F80070BFF381
:10F060004F8FBFF36F8FFFF7E1FC012006B0BDE8C3
:10F07000F087FFF7DBFC0020F8E76846FFF7B8FDF4
:10F080000125FFF7D3FCFFF741FEFFF7AFFC94F932
:10F090004400401C01D184F8449094F94500401C80
:10F0A00001D184F84590FFF7C1FC04A9684600F03F
:10F0B00025F930B12046FFF71DFB00F0B1FA002022
:10F0C000D4E72046FFF79FF990B104F110000499AE
:10F0D000FFF79CFD2046FFF70DFB00F0A1FA00288A
:10F0E0009BD1C8F80070BFF34F8FBFF36F8F94E7C9
:10F0F0002046FFF7FFFA00F093FA8EE704ED00E0F8
:10F100002DE9F0470446894690461F46002C03D05F
:10F11000B9F1000F08D011E0502080F31188BFF33F
:10F120004F8FBFF36F8FFEE7206C38B1502080F314
:10F130001188BFF34F8FBFF36F8FFEE7022F0AD105
:10F14000E06B012807D0502080F31188BFF34F8F68
:10F15000BFF36F8FFEE7FFF7C3FC5020EFF311867C
:10F1600080F31188BFF34F8FBFF36F8FA06BE16BFC
:10F17000884206D3022F04D0002086F31188BDE810
:10F18000F08794F94550A06B3A4649462046FEF771
:10F19000ADFF681C04D06D1C84F845500120ECE7DD
:10F1A000606A0028FAD004F1240000F0FDF900287C
:10F1B000F4D0B8F1000FF1D00120C8F80000EDE75D
:10F1C0002DE9F74783B004468A460026002C03D079
:10F1D000BAF1000F08D011E0502080F31188BFF37E
:10F1E0004F8FBFF36F8FFEE7206C38B1502080F354
:10F1F0001188BFF34F8FBFF36F8FFEE700F01CF94C
:10F2000048B9059838B1502080F31188BFF34F8F6B
:10F21000BFF36F8FFEE700274FF08058DFF8D890DC
:10F22000FFF7E4FBA56BC5B151462046FEF74AFF48
:10F230006D1EA563206950B104F1100000F0B4F90F
:10F2400028B1C9F80080BFF34F8FBFF36F8FFFF76E
:10F25000EDFB012006B0BDE8F087059808B126B1A6
:10F2600007E0FFF7E3FB0020F4E701A8FFF7C0FC8D
:10F270000126FFF7DBFBFFF749FDFFF7B7FB94F92A
:10F280004400401C01D184F8447094F94500401CAE
:10F2900001D184F84570FFF7C9FB05A901A800F06A
:10F2A0002DF858B12046FFF725FA00F0B9F92046AD
:10F2B000FFF79CF80028B3D00020CBE72046FFF7EB
:10F2C00095F890B104F124000599FFF79FFC2046C2
:10F2D000FFF710FA00F0A4F90028A1D1C9F80080C6
:10F2E000BFF34F8FBFF36F8F9AE72046FFF702FA05
:10F2F00000F096F994E7000004ED00E02DE9F041FC
:10F3000005460C46002D11D0C4B1FFF76FFB194E16
:10F31000F0686B68C11A2268571C17D02F68366ACC
:10F32000B74215D0834213D801241DE0502080F34A
:10F330001188BFF34F8FBFF36F8FFEE7502080F32C
:10F340001188BFF34F8FBFF36F8FFEE700240BE0F0
:10F350008A4206D9501A20602846FFF749FC00244B
:10F3600002E0002020600124FFF760FB2046BDE89A
:10F37000F0810000240000202DE9FF5F8146DDE9D7
:10F380000E788A4616469B46B000FFF7E9F9054617
:10F3900028000AD05C20FFF7E3F904460CB125638E
:10F3A00004E02846FFF758FB00E000249CB1002051
:10F3B00084F85900CDE90240CDE900785B46324639
:10F3C00051464846FEF747FF2046FEF7EDFD012077
:10F3D00004B0BDE8F09F4FF0FF30F9E7F0B585B01D
:10F3E0000746DDE90A600C9C002815D0E4B15C25D5
:10F3F00003952063022084F85900002004ADCDE974
:10F400000240CDE900653846FEF725FF2046FEF7AD
:10F41000CBFD049805B0F0BD502080F31188BFF3F8
:10F420004F8FBFF36F8FFEE7502080F31188BFF33B
:10F430004F8FBFF36F8FFEE705484169002903D066
:10F44000006B18B100207047012070470220704700
:10F45000240000200148C0687047000024000020FC
:10F460002DE9F04100262F4F386B002805D0B869F0
:10F47000401CB8613046BDE8F081FD686D1CFD6040
:10F480009DB9786B006838B1502080F31188BFF3C4
:10F490004F8FBFF36F8FFEE7786BB96B7963B863FB
:10F4A000386A401C3862FFF7A5F8B86ADFF8788040
:10F4B00085420DD3786B006838B1786BC068C4683A
:10F4C0006068854212D2B86202E04FF0FF30B86245
:10F4D0003868C06A00EB800058F82000012800D985
:10F4E0000126F8690028C5D00126C3E7201DFFF7D3
:10F4F00021FAA06A18B104F11800FFF71BFAE06ABC
:10F500003969884200D9386100EB800008EB80003F
:10F51000211DFFF75FFAE06A3968C96A8842C9D3DA
:10F520000126C7E7240000201C15002070B5044602
:10F530000020002C2BD01A4D29688C4207D0502077
:10F5400080F31188BFF34F8FBFF36F8FFEE7216DFC
:10F55000F1B1491E2165E36CE26A9A4217D0002995
:10F5600015D1201DFFF7E6F9E06CE062C0F138002C
:10F57000A061E06A2969884200D92861094900EB45
:10F58000800001EB8000211DFFF724FA012070BDEF
:10F59000502080F31188BFF34F8FBFF36F8FFEE7CA
:10F5A000240000201C15002070B5C068C468002C21
:10F5B00014D004F118000646FFF7BCF9154D2A6B6C
:10F5C000A2B131461448FFF705FAE06A2968C96A12
:10F5D00088421CD901200121E96170BD502080F3CF
:10F5E0001188BFF34F8FBFF36F8FFEE7201DFFF72A
:10F5F000A1F9E06A2969884200D92861074900EB2E
:10F60000800001EB8000211DFFF7E4F9DDE7002019
:10F6100070BD000024000020A41900201C1500204B
:10F620002DE9F041002400272B4D286B002807D03E
:10F63000FFF7DCF9286B401E2863286B40B146E0D9
:10F64000502080F31188BFF34F8FBFF36F8FFEE719
:10F65000A868E0B3DFF8848001261CE0D8F80C002D
:10F66000C46804F11800FFF765F9201DFFF762F97F
:10F67000E06A2969884200D92861194900EB8000B5
:10F6800001EB8000211DFFF7A5F9E06A2968C96A2E
:10F69000884200D3EE61D8F800000028DED10CB11A
:10F6A000FEF7A8FFAC6944B1FFF7DAFE00B1EE61E6
:10F6B000641E002CF8D10020A861E86938B1012748
:10F6C000084938070860BFF34F8FBFF36F8FFFF70C
:10F6D000ADF93846BDE8F08124000020A4190020CF
:10F6E0001C15002004ED00E030B587B00024FEF7C3
:10F6F0009FFC134D2868B0B100200690059004AA25
:10F7000005A906A8FFF734F9DDE905100222CDE9C5
:10F710000021029000230BA10C48049AFFF75EFE23
:10F72000686000B1012414B107B0204630BD5020FC
:10F7300080F31188BFF34F8FBFF36F8FFEE7000098
:10F7400060000020546D722053766300E1E60008EB
:10F750002DE9FF4106460A9F9C460020002E15D049
:10F76000154D2C68002C0ED00091019202960629AE
:10F770001BDAFFF761FE022810D000231A46694603
:10F780002868FFF70BFC04B0BDE8F081502080F33F
:10F790001188BFF34F8FBFF36F8FFEE700233A4608
:10F7A00069462868FFF7FAFBEDE7002362466946E1
:10F7B0002046FFF7A5FCE6E76000002081F000414D
:10F7C000704780F00040704721F00041704720F002
:10F7D0000040704721F00042A2F16052B2F5801F54
:10F7E00001F0004328BFD2F17F6C0BD95FEA001C07
:10F7F00043EAC20242EB507018BF704728BF20F0A6
:10F8000001007047B2F5801FBCBF184670474FEA31
:10F81000410C1CF5001F02D2084600F0AFBF70B5C6
:10F8200000F0C8FB00000089FFF7F6BF4FF0004072
:10F83000A0F580007047000010B591EA030F48BFA3
:10F8400083F0004300F1C885841A71EB030C05D2E4
:10F85000121943EB0C03001B61EB0C01DFF824E1F0
:10F860004FEA1154A4EB135C1EEA430F18BF9EEA43
:10F87000445F73D023EA0E03DCF1200E21EA045129
:10F8800043F4801332D322FA0CFE10EB0E0023FA5D
:10F890000CFE41EB0E01CCF1200E03FA0EFE10EB34
:10F8A0000E0051F10001B1F5801FCCF1200E32D2D3
:10F8B00001EB045112FA0EF2BDE8104058BF704738
:10F8C000401C38BF5FEA420218BF7047002814BFCF
:10F8D00020F0010041F100014FEA410313F5001F40
:10F8E00038BF7047A1F1C04100F05ABC012A43EB78
:10F8F0000302ACF1200CDCF11F0E32BF4FF0000E02
:10F9000023FA0CF310EB030041EB0451B4EB115F4D
:10F91000D0D0A1EB045101F5801149085FEA300015
:10F9200001EB04510ED350F1000038BF12FA0EFE65
:10F9300008D1BDE81040C9E7401C38BF5FEA420269
:10F94000CAD1C3E7BDE810404FEA410313F5001FD9
:10F9500038BF7047A1F1C04100F022BC9EEA445F6D
:10F9600008D011EA5E0FBDE8104004BF01F000416D
:10F9700000207047BDE8104070B500F01BFB00BFD1
:10F9800064FBBE3E0000E0FF02494FF0000000F0C3
:10F99000FABE00BF0000F87F491058BFC1F14041D6
:10F9A0005B1058BFC3F140438B42EFF300807047B8
:10F9B0002DE9C04130B4DFF8A0C23CEA111418BFF1
:10F9C0003CEA131400F0EC8081EA03051CEA1114F0
:10F9D00044EAD57418BF1CEA131500F0C780A4EBE5
:10F9E00005044FF0004545EAC12145EAC32341EA39
:10F9F000505143EA525304F17F74994204F50034A4
:10FA00004FEAC0204FEAC22208BF904200F09C801B
:10FA10004FEA13650FF24016765D4FEA134506FB79
:10FA200005F7C7F1807706FB07F74FEAD737A7FB43
:10FA300003687642C8F58038A7FB06CE38BFA8F128
:10FA4000010807FB08E64FF0000EA6FB028CE6FB60
:10FA500003CEDCF1000CCEF1004E38BFAEF1010E4A
:10FA6000A6FB0C584FF000074FF00005E6FB0E8791
:10FA7000A1FB08C6A0FB07CE16EB0E0645F100055C
:10FA8000E1FB076515F1E04E7EBFA4F580345FEA27
:10FA900046066D4116F1800745F100054FEA17272C
:10FAA0004FEA066647EA0567A6F1DE46B6F1805FD3
:10FAB0004FEA15251FD9384624F0010C05EBC47117
:10FAC000BCF1FE6F01EB0C1102D8F0BCBDE8008167
:10FAD00024425CBF01F5801E9EEAC47F02D4F0BCC4
:10FAE000BDE80081244238D4F0BCA1F1C041BDE89A
:10FAF000004100F055BB4FEAD22242EA43524FEA9E
:10FB0000D323A7FB02864FEAD02040EA415007FBEF
:10FB100003661EEA0E0F4FEAD12105FB026658BFAD
:10FB2000A6EB0056B6EB00564FEA520E4EEAC37EE5
:10FB300018EB0E0E56EB530EBDD518EB02085E41C6
:10FB40007F1C55F10005B6E74FF480154FF0000714
:10FB50004FF000064FF00008ADE7F0BC4FF000009A
:10FB600001F1C04101F00041BDE8008111EA0C1F24
:10FB70000CEA131500D00CE013EA0C1F00F02580EE
:10FB80004FF00000F0BC81EA030101F00041BDE844
:10FB90000081F0BCBDE8004181EA030100F000BB38
:10FBA000F0BCBDE8004170B500F004FA097EFC3EEF
:10FBB00000F007B881EA03014FF0000001F00041B6
:10FBC000704781EA030100F0EBBAF0BCBDE80041E8
:10FBD0004FF0000021497047FFFDFBF9F7F5F4F203
:10FBE000F0EEEDEBE9E8E6E4E3E1E0DEDDDBDAD8D8
:10FBF000D7D5D4D3D1D0CFCDCCCBCAC8C7C6C5C436
:10FC0000C2C1C0BFBEBDBCBBBAB9B8B7B6B5B4B34C
:10FC1000B2B1B0AFAEADACABAAA9A8A8A7A6A5A437
:10FC2000A3A3A2A1A09F9F9E9D9C9C9B9A999998FB
:10FC30009797969595949393929191908F8F8E8E9E
:10FC40008D8C8C8B8B8A898988888787868585842B
:10FC500084838382828181800000FF070000F87F17
:10FC600051EA030C17D41CF5801F58BFBCF5801F48
:10FC700000F10680994218BF704708BF9042704754
:10FC800007D711F5801F58BF13F5801F19D499426B
:10FC90007047894270471CF5801F08D5BCF5801F4E
:10FCA000F7D58B4218BF704708BF824270474FF4A8
:10FCB000001C1CEB410F38BF1CEB430F01D28B42E1
:10FCC000704770B500F076F9922449004FF000516A
:10FCD0004FF08053FFF760BE4FEA41034FEA5353A2
:10FCE000A3F58063D3F11E03C8BFD3F1210C0CDD53
:10FCF0004FF0004242EAC12242EA505232FA03FC7B
:10FD00008CEAE17CACEBE1707047102BC4BF0020A3
:10FD1000704703F5787CBCF1FF3F04D06FF00042E0
:10FD200082EA2100704770B500F044F949922480BE
:10FD300000207047F2E700004FEA1153A3F58063FB
:10FD4000D3F11E03A8BFD3F1200C08DB4FF0004213
:10FD500042EAC12252EA505232FA03F07047094295
:10FD60000BD4102BC4BF0020704703F5787CBCF186
:10FD7000FF3F05D04FF0FF3070474FF00000704755
:10FD800070B500F017F900BF499224800020704739
:10FD9000F0E710F0004248BF4042B0FA80F310FA9A
:10FDA00003F10AD0C3F11D0303F580634FEA41500C
:10FDB00002EB035202EBD12170474FF00000704775
:10FDC000B0FA80F310FA03F10AD0C3F11D0303F572
:10FDD00080634FEA41504FEA035202EBD121704752
:10FDE0004FF000007047000051EA030C17D41CF5D7
:10FDF000801F58BFBCF5801F00F10680994218BFD4
:10FE0000704708BF9042704707D711F5801F58BF51
:10FE100013F5801F19D499427047894270471CF529
:10FE2000801F08D5BCF5801FF7D58B4218BF7047DF
:10FE300008BF824270474FF4001C1CEB410F38BFD3
:10FE40001CEB430F01D28B42704770B500F0B2F843
:10FE5000922449004FF000514FF08053FFF79CBDB2
:10FE6000DFF848C170B51CEA111E1EBF1CEA13154D
:10FE70009EEA0C0F95EA0C0F00F06F8081EA0304F4
:10FE800023EA4C134EEAD47E21EA4C1141F480114E
:10FE900043F48013AE44A1FB024CA0FB0365AEF11A
:10FEA0007F7E361955EB0C05A1FB034C4CF100038A
:10FEB000A0FB021C16EB0C06654153F1000309423E
:10FEC00018BF46F0010613F4007F0BD14FEA03314F
:10FED0004FEA0530340341EA155140EA16506FF0FD
:10FEE00003020AE04FEAC3214FEAC520F40241EAC7
:10FEF000555140EA56506FF0020202EB2E4201EBE0
:10FF0000025585EACE710AD05FEA440C18BF24F08E
:10FF1000004450F1000041F1000120EAD47040F2A9
:10FF2000FE7C624500D270BDA84214BF4FF08044F1
:10FF30004FF04044002E08BF0024BEF1806FA8BFE0
:10FF4000A1F1C041BDE8704080F22A814FF000006D
:10FF500001F1C04101F0004170479EEA0C0F0CEA2C
:10FF6000131518BF95EA0C0F06D04FF0000081EA78
:10FF7000030E0EF0004170BD00F01CF88900013E38
:10FF800000F007B800F009B84FEA430C5FEA5C5C88
:10FF900008D081EA030100F003B94FEA410C5FEA9F
:10FFA0005C5CF6D14FF00000014970470000FF078C
:10FFB0000000F87F0EF1020E2EF0030E5EF8046BC7
:10FFC000364205D4012A43EB030515F5001F12D86C
:10FFD000012841EB010C1CF5001F0CD80ED14FEA93
:10FFE000D17C15F5001F0CEB4C0C0CF1020C08BF7A
:10FFF0004CEBD37C04E04FF0080C01E04FEAD37CDB
:020000040801F1
:100000000CEB4C0526FA05F606F00706B6F1040CD3
:1000100006D20EEB860CBDE870404CF0010C604738
:10002000DFE80CF0090B02024FF000414FF0000036
:10003000A1F5002170BD19461046012851EB0104BD
:1000400018BFD4F5001484BF002001F0004170BD3A
:10005000DFF844C170B53CEA111418BF3CEA13152F
:1000600000F08F8011F1004F1CEA13150CEA1114F7
:1000700068BF45F0050518BF11EA0C1F00F0798034
:100080002E4621EA4C1123EA4C1341F4801143F42B
:100090008013A5F58035AC423DDD801A9941A4F569
:1000A000803609D54042C1F1000134BFB1F10101F0
:1000B000B1F1000185F0010511F4F01F08D011F431
:1000C000801FE8D1400041EB0101A4F58034F6E740
:1000D00021F00041B1FA81F6202E04BFB0FA80FE73
:1000E0000EF12006A6F10B06B6F1200EA4EB064495
:1000F0000CD2C6F1200E01FA06F120FA0EF641EA02
:100100000601CEF1200600FA06F003E000FA0EF137
:100110004FF00000BFE750EA410E23D04FEA244ED3
:10012000BEEB254F0FDB994208BF904204D00AD3A3
:10013000520043EB0303B0E74FEA1646B6EB144F09
:1001400008BF85F00105B4F5803401EB041181EAA4
:10015000C57100DB70BD01F1C0414FF0000001F03E
:10016000004170BD4FEA45714FF0000001F00041C1
:1001700070BD1CEA131F09D04FF0000001F00041D0
:1001800070BDFFF717FF00BFEDFFFF3EBDE87040F9
:100190004FF00000014970470000FF070000F87FA2
:1001A0000808A0F500114FEA3101704753EA010C2D
:1001B00017D41CF5801F58BFBCF5801F00F10680C6
:1001C0008B4218BF704708BF8242704707D713F5AC
:1001D000801F58BF11F5801F19D48B4270479B4276
:1001E00070471CF5801F08D5BCF5801FF7D59942D4
:1001F00018BF704708BF904270474FF4001C1CEBBB
:10020000430F38BF1CEB410F01D2994270470FB426
:100210000CBC03BCFFF719BE91EA030F10B581F0C7
:1002200000413FF511AB83F0004300F0D5B800006A
:100230002DE9F04101F5801CBCF5001FC0F2A9803A
:100240004FEA115C21EA0C510CF1FD0C41F48011D4
:100250005FEA5C0C0CF5C07C01D34000494130A43E
:10026000890241EA905187028E0E0A0CA45D04FBBC
:1002700004F602FB06F6C6F14046A4FB0662F60D44
:1002800046EA422606FB06F4A4FB01235242C3F1D0
:10029000404338BF5B1EA6FB02420024E6FB03245A
:1002A000D20B42EA4446A6FB0623A1FB02E2A3FBD3
:1002B00007E4E3FB61426442C2F1404E38BFAEF155
:1002C000010EA6FB04234FF00002E6FB0E32A2FB58
:1002D00003463400E2FB6264A1FB06E6A4FB07E8E8
:1002E000E4FB61687642C8F1405838BFA8F10108C4
:1002F000A2FB06E4A3FB08E5E2FB6854A1FB05E6CC
:10030000A7FB04E8E1FB648618F1200556F100061E
:10031000A809A8F11B08B10908F03F08B8F10A0FB5
:1003200040EA86601CD901EB0C51BDE8F08100BFAA
:10033000FCF5EEE8E2DDD8D3CFCBC7C3C0BDB9B67C
:10034000B4B1AEACA9A7A5A3A19F9D9B9A98969581
:100350009392908F8D8C8B89888786858483828108
:10036000A0FB006800FB01F208EB4208B8EB87280D
:1003700007D5341858EB0104D5D5401C51F10001C4
:10038000D1E7341A78EB0104CDD4401E71F100019D
:10039000C9E75FEA4C0C5FEA9C5C0DD105D34FF0D6
:1003A000000001F00041BDE8F081BDE8F04170B50A
:1003B000FFF700FE6DDBFFBEBDE8F0414FF000002F
:1003C000004970470000F87F10B591EA030F48BF5D
:1003D00083F000433FF538AA841A71EB030C07D26F
:1003E00012198CF0004C43EB0C03001B61EB0C0169
:1003F000DFF8A4E14FEA1154A4EB135C1EEA430FAB
:1004000018BF9EEA445F00F0B08023EA6E035242B8
:1004100021EA0451C3EB6E0338BF5B1EDCF1200EF2
:1004200025D322FA0CFE10EB0E0043FA0CFE41EB32
:100430000E01CCF1200E03FA0EFE10EB0E0051F16E
:100440000001CCF1200E29D412FA0EF201EB045176
:10045000BDE8104058BF7047401C1CBFB2F1004FB0
:10046000704700280CBF491C20F00100704712EBB8
:10047000020E43EB030218BF4FF0010E4EEA420298
:10048000ACF1200CDCF11E0E54D943FA0CFE10EB3B
:100490000E0051F1FF31CCF11E0ED5D50EF1010E3B
:1004A00012FA0EFE404141EB010101EB445C5FEAB0
:1004B0005C5C10D910EBDE7001EB045138BFBEF16B
:1004C000004FBDE8104018BF704700280CBF491C02
:1004D00020F00100704730D24FEAD42C11F5001102
:1004E00024F400641BD0B1FA81F20B3AA41AA41EC2
:1004F000D2F12003914030FA03F31943904001EB0D
:10050000CC71002C01EB0451BDE81040A8BF70472E
:1005100001F1C0414FF0000001F000417047B0FA16
:1005200080F310FA03F100D110BDE41A173C48051E
:10053000C90AE4E701EB045110BD491001EB045175
:10054000BDE810404FEA300002E04FF00001704774
:100550004A0008BF0042F8D0B2F5001F28BF70471C
:1005600001F000414FF0000070479EEA445F07D061
:1005700011EA5E0FBDE8104004BF00210020704763
:10058000BDE8104070B5FFF715FD00BF40DFF63E37
:1005900083F00041104670470000E0FF43004FEA3F
:1005A000D30C4FEA3C0C43401FBF40070CF1605195
:1005B00013F0FE4F70471CF0006F03D100200CF0C9
:1005C000004170470CF0004343EA507010B540EA18
:1005D000CC0000F00EF800BF000000924FEA0001CE
:1005E000FFF7DEBD4FF000414FF00000A1F5002104
:1005F00070470EF1020E2EF0030E5EF8044B2442FB
:1006000004D44FEA4102B2F17F4F11D84FEA4003C0
:10061000B3F17F4F0CD80ED14FEAD07CB2F17F4FAF
:100620000CEB4C0C0CF1020C08BF4CEBD17C04E041
:100630004FF0080C01E04FEAD17C0CEB4C0324FA9C
:1006400003F404F00704B4F1040C06D20EEB840C9E
:10065000BDE810404CF0010C6047DFE80CF00708E3
:1006600002024FF00040A0F5800010BD0846420095
:1006700018BFD2F1807288BF00F0004010BD4FF06B
:100680004070E1EE100A70474FF07F4C3CEA4103A6
:1006900018BF3CEA400200F062804FF47F0C10F07B
:1006A000004F0CEAD11318BF43F005031CEAD01227
:1006B00018BF13EA0C0F00F057804FF0004C4CEAC3
:1006C00000204CEA0121A3F580339A4210DDB0F1FD
:1006D000004F23F0020306D3401A43F00203BCBFCD
:1006E000404283F001034FEA4000A2F58032ECE77C
:1006F0004FEA224CBCEB234F08DB884206D31CD0C8
:10070000A0EB4100C0F1000083F0010340001DD2C6
:1007100017D40DD0B0FA80FC0CF1010C00FA0CF0EB
:10072000A2EB0C42D2F1000C12DB4FEAC37070470F
:100730004FEA437000F00040704713F0020FE5D01D
:10074000DEE7B2F580324FEA4000EBDD002AE9DD5A
:100750004FEAC21242EA502040EAC370704710B517
:10076000FFF747FFEDFFFF3E1CEAD11F02D000F06C
:1007700000407047004870470000C07FFF2141EAF9
:10078000D050C00570470CF00F03092B08BF08209C
:1007900000F059800A2B0BD0082B18BF704708BFF8
:1007A0001CF0400F0AD04FF000004FF000017047DE
:1007B0001CF0400F18BF4FF0004070471CF0100FA6
:1007C00008D020F0704300F07F4242EAD3014FEAA4
:1007D0004370704700F0604021F07F4242EA00021F
:1007E00001F07F4040EA727070474FF0FF0C4CF40C
:1007F000E06C1CEA11531CBF9CEA030C9445C2BF79
:10080000DA4201EB02517047002B0DD0BCF1000F12
:100810000FD0002A01F00041A4BF41F0E04141F0B7
:100820007F614FF00000704701F000414FF0000081
:10083000704750EA01334FF09B0C18BF4CF0806CAE
:100840007FF4A2A870471CF4801F11D01CF4E02F85
:1008500003D06FEACC31490070474FF04050EFF3BE
:10086000008222F0704242EA000282F30088704760
:100870004FF0000070470000980B010800000000D6
:100880000000000000000000000000000008000060
:10089000180000000000000000000000C40B010868
:1008A0000000000000000000000000000000000048
:1008B0000010000008000000000000000000000020
:1008C000B80B01080000000000000000000000005C
:1008D00000000000001000001800000000000000F0
:1008E00000000000A80B010800000000000000004C
:1008F00000000000000000000008000020000000D0
:10090000000000000000000000061016000610168F
:1009100000000000000000000102030406070809AF
:1009200000000000010203040000807F00000000BE
:10093000000000000000F03F000000000000F83F51
:1009400000000000000000000000004003B8E23F8B
:10095000000000000000000006D0CF43EBFD4C3E3D
:10096000033333333333E33FFFAB6FDBB66DDB3F32
:100970004D268F515555D53F01411DA96074D13F7A
:1009800065DBC9934A86CD3FEF4E454A287ECA3F74
:100990003E5555555555C53F93BDBE166CC166BFF6
:1009A0002CDE25AF6A56113FF16BD2C541BDBBBEEF
:1009B000D0A4BE726937663E4FBB610567ACDD3FB0
:1009C000182D4454FB21E93F9BF681D20B73EF3F76
:1009D000182D4454FB21F93FE2652F227F2B7A3CEE
:1009E000075C143326A6813CBDCBF07A8807703CA7
:1009F000075C143326A6913CC4EB98999999C9BF1A
:100A0000711623FEC671BCBF6D9A74AFF2B0B3BF4E
:100A10009AFDDE522DDEADBF2F6C6A2C44B4A2BF0E
:100A20000D5555555555D53FFF8300922449C23F7A
:100A30006E204CC5CD45B73F513DD0A0660DB13FAE
:100A4000EB0D76244B7BA93F11DA22E33AAD903FC0
:100A50004C5555555555A53F7751C1166CC156BFDC
:100A60009015CB19A001FA3EAD529C804F7E92BEEC
:100A7000C4B1B4BD9EEE213ED43888BEE9FAA8BD0B
:100A8000000000000000000000004054FB21F93F7E
:100A90003163621A61B4D03D0000601A61B4D03D88
:100AA0007370032E8A19A33B0000002E8A19A33B02
:100AB000C14920259A837B39000000000000000016
:100AC0006E83F9A22915444ED15727FCC0DD34F5B9
:100AD000999562DB4190433CAB6351FE61C5BBDE3F
:100AE0003A6E24B7E0D24D42EA2E49061C92D10953
:100AF0001CEB1DFE3EA729B1F53582E88444BB2ED0
:100B000026709CE9417E5FB439D69139F43953831C
:100B10008B5F849C3B28F9BDFF97F81F0F9805DE7B
:100B20008B112FEF1F6D0A5ACF7E366DB709CB2779
:100B3000663F464F2DEA5F9EC7BA27757BF1E5EB0E
:100B4000F739073DEA92528AB15FFB6B085D8D1F52
:100B5000000000006E83F9A22915444ED15727FCEE
:100B6000C0DD34F5999562DB4190433CAB6351FEA7
:100B7000A6F810111111813FD561C119A0012ABF3A
:100B80007DFEB157E31DC73EEB9C2B8AE6E55ABEBE
:100B90007CD5CF5A3AD9E53D5F52656D6F74655F7C
:100BA000436F6E74726F6C005F4C6F63616C5F4378
:100BB0006F6E74726F6C00005F4C6F636174696F6D
:100BC0006E0000005F4E617669676174696F6E0048
:100BD000F00B0108000000207C0E0000C40100089A
:100BE000E80D01087C0E0020C45800002002000817
:100BF000011432018210037924F41AAA01012E276C
:100C00008C429A99193F0315A0403C803B4604242E
:100C1000409C45237A4463484323F0421A2F1481B1
:100C20000B4F2041601B80BB100959600B5CC00F4B
:100C3000C0110A2116C0291B01FF011402FF200167
:100C40001402FF20011402FF20F1035E01013DCDDB
:100C5000CCCC3D68012C0234050F3348426F12831F
:100C60003A142C409C451409102C09391C093A905F
:100C70000111200F803F0AD7233CCDCCCC3DCDCCF9
:100C80004C3D2316430B3020411C1A7018691C017F
:100C90002C1F8040A69BC43A4802163E23FA4413F8
:100CA0007A441C409C460C19802904110A2A406091
:100CB0000D5A52491D39600D186F12833A344BB4E6
:100CC000420429683A200C09188C011A320159682B
:100CD0000912C00A1245804A0237317B20410B01BC
:100CE000148A2064012A1AF0CC031A803F1AFA945D
:100CF00029044A16A00C1C50C347300110071AA043
:100D0000406F12033B195814803B463C409C4660A0
:100D10001B401C08092A60F16220022D010B1CF007
:100D200042744BFA450419AC29A40C2C50C347A4B7
:100D3000071AA0406F12033B195814803B461B4012
:100D40009CFC19601B401C08092A607119440809A1
:100D500026CDCCCC3D6F12833A1C024D020B10A065
:100D600041E8092614213401010523FA441A7A04C2
:100D700001201A010241A3FA431384445BA0AA3C58
:100D8000190C8C5020450C5A6B0C1A08085A663402
:100D9000190C5B8098189A5318190C79189A8F18A7
:100DA000190C69188B80B418290C69187C18D64561
:100DB00084290C6984390C5984148086444B403F43
:100DC00024290C5B68886C13C5444B8084541B40F9
:100DD000C754590C29185A08602918690C1AE0548C
:080DE0006948290C7948012E35
:040000050800018965
:00000001FF
