:020000040800F2
:10000000D80101205D02000869610008595A000802
:10001000216000084D1200085D9B000800000000F0
:100020000000000000000000000000009D0100082A
:100030008B22000800000000F9010008A9880008D0
:1000400077020008770200087702000877020008AC
:10005000770200087702000877020008770200089C
:10006000770200087702000877020008770200088C
:10007000012100087702000811210008770200081A
:1000800021210008312100087702000877020008CA
:10009000991200087702000877020008770200082A
:1000A000770200087702000877020008770200084C
:1000B0007702000877020008D18B00087702000859
:1000C000770200087702000877020008770200082C
:1000D000D5860008E5950008359600088996000841
:1000E000770200087702000877020008770200080C
:1000F00077020008770200087702000877020008FC
:1001000077020008770200087702000877020008EB
:100110007702000877020008E18B000877020008E8
:1001200077020008412100085121000877020008E9
:1001300077020008AD220008770200087702000865
:10014000F112000877020008770200087702000821
:10015000770200086121000871210008C996000893
:10016000770200087702000877020008770200088B
:1001700077020008770200087702000800000000FC
:100180007702000877020008DFF80CD000F036FC98
:1001900000480047AFCF0008D80101202C4B196858
:1001A0000868B0E8F04F80F30988BFF36F8F4FF015
:1001B000000080F3118870470000000008480068C4
:1001C000006880F308884FF0000080F3148862B65E
:1001D00061B6BFF34F8FBFF36F8F00DF00BF00BF6B
:1001E00008ED00E0DFF80C00016841F470010160E7
:1001F000704700BF88ED00E0EFF30980BFF36F8F19
:10020000134B1A681EF0100F08BF20ED108A20E96A
:10021000F04F106009B44FF0500080F31188BFF325
:100220004F8FBFF36F8F0FF02FFC4FF0000080F364
:10023000118809BC19680868B0E8F04F1EF0100F6B
:1002400008BFB0EC108A80F30988BFF36F8F704746
:1002500078000010EFF305807047000006488047E3
:1002600006480047FEE7FEE7FEE7FEE7FEE7FEE79B
:10027000FEE7FEE7FEE7FEE7758900088901000852
:100280002DE9F05F0546002092469B4688460646CB
:10029000814640241BE0284641464746224600F05E
:1002A00066FA53465A46C01A914110D31146184671
:1002B000224600F04DFA2D1A67EB01084F46224600
:1002C0000120002100F044FA17EB00094E41201EE6
:1002D000A4F10104DFDC484631462A464346BDE826
:1002E000F09F10B5431A934209D28318881803E08F
:1002F00010F8011D03F8011D521EF9D210BD40EA8D
:1003000001039B0703D009E008C9121F08C0042A93
:10031000FAD203E011F8013B00F8013B521EF9D27A
:1003200010BDD2B201E000F8012B491EFBD270478C
:100330000022F6E710B513460A4604461946FFF7B1
:10034000F0FF204610BD2DE9FE4F804681EA0300F4
:10035000C00F0C46009021F0004123F00045B8EB9F
:100360000200A94105D24046214690461C460B4654
:10037000024623F00040104347D0270DC7F30A0080
:10038000C3F30A510290401A019040286BDAC3F37C
:10039000130040F4801B0098924620B10023D2EB5A
:1003A000030A63EB0B0B01985946C0F1400250461B
:1003B00000F0CEF906460D4650465946019A00F027
:1003C000E6F910EB08006141002487EA115284EA43
:1003D000E7731A4340D0009A62B3019A012A4FEAA8
:1003E000075215DC001B61EB02014FF0004202EAEC
:1003F0000752CDE90042001C41F5801132462B46E0
:1004000000F046FA03B0BDE8F08F40462146F9E718
:10041000001B61EB0201001C41F5801300185B41D9
:100420002018A2F5001747EB030140EAD570B61972
:100430006D4111E06D084FEA360645EAC0754FEA96
:100440000752001B61EB0201001C41F580114908B5
:100450004FEA30000019514132462B4603B0BDE847
:10046000F04F00F006BA0098012240000023D0EBC4
:10047000020263EBE073009821464FEAE074B8EBA8
:10048000000061EB0401E9E783F000435BE781F0E2
:10049000004158E72DE9FE4F81EA030404F00044CF
:1004A00021F0004100944FF0000B23F0004350EA8C
:1004B00001045ED052EA03045BD0C3F30A54C1F3D3
:1004C0000A552C44A4F2F3340194A0FB0254C1F366
:1004D000130141F48011C3F3130343F4801301FBB0
:1004E000024400FB034E840A970A44EA815447EA17
:1004F0008357A4FB076802958D0A05FB07854FEA21
:10050000932C04FB0C542705029D4FEA065847EA3A
:100510001637B5EB08056EEB070C870E920E47EA0F
:10052000811742EA8312A7FB0201B6EB0B0164EBD1
:1005300000042B0D43EA0C335E1844EB1C50DA46E2
:100540005146E7FB0201C5F313044FEA0B3343EABC
:1005500014534FEA0432019C43EA0603A4F10C044D
:100560000294009CCDE900B400F092F903B0BDE81C
:10057000F08F00200146F9E72DE9F04D81EA0304F0
:1005800004F0004B21F0004514464FF0000A23F020
:10059000004150EA050220D054EA01021DD0C5F303
:1005A0000A570246C5F31303C1F31300C1F30A56F9
:1005B00040F4801543F48013A7EB0608101BD646C1
:1005C00008F2FD3873EB050002D308F1010801E0E1
:1005D00092185B41B8F1000F03DA00200146BDE834
:1005E000F08D00204FF48011064684460EE0171B64
:1005F00073EB050705D3121B63EB050306434CEAB7
:10060000010C49084FEA300092185B4150EA01079B
:10061000EDD152EA030012D082EA040083EA050118
:10062000084305D0101BAB4106D20122002306E08F
:1006300000224FF0004302E06FF0010253101AEB6A
:1006400006004CEB085110EB0A0041EB0B01BDE832
:10065000F04D00F00EB90EB5C10F80EAE07008440D
:10066000CA07002140F233438DE80E000A460B46CC
:1006700000F00EF903B000BD0EB540F23341029117
:100680000021CDE900110A460B4600F001F903B044
:1006900000BD00F0004230F000400AD0C10D01F56D
:1006A0006071C0F3160042EA0151C20840071143CD
:1006B000704700200146704730B5041E71F10004F8
:1006C00004DB4FF00044404264EB0101141E73F15F
:1006D000000405DB1C464FF00043524263EB040369
:1006E0008B4208BF824230BD30B5041E71F1000458
:1006F00004DB4FF00044404264EB0101141E73F12F
:10070000000405DB1C464FF00043524263EB040338
:10071000994208BF904230BD01F0004330B421F04F
:10072000004150EA010206D00A0DA2F56072C1F341
:100730001301002A02DC30BC00207047440F44EA59
:10074000C104C100E01830BC00EBC25000F031B869
:10075000202A04DB203A00FA02F100207047914081
:10076000C2F1200320FA03F3194390407047202A76
:1007700004DB203A21FA02F00021704721FA02F34B
:10078000D040C2F120029140084319467047202A08
:1007900006DBCB17203A41FA02F043EAE07306E0A9
:1007A00041FA02F3D040C2F12002914008431946B9
:1007B00070470029A8BF7047401C490008BF20F0BF
:1007C0000100704710B4B0FA80FC00FA0CF050EA57
:1007D000010404BF10BC704749B1CCF1200421FAD8
:1007E00004F411FA0CF118BF012121430843A3EBD3
:1007F0000C01CB1D4FEA00614FEA102042BF0020E0
:1008000010BC704700EBC35010440029A4BF10BCBB
:100810007047401C490008BF20F0010010BC704721
:10082000F0B400F0004221F0004120F00040CE0D75
:10083000C30DC1F3160141F40001C0F316004C4290
:10084000154640F40000761E09E010EB440002D586
:1008500082F0004240428842F7D840005B1EB3421B
:10086000F9DA18B1F0BC0021FFF7ACBF2846F0BCA4
:10087000704710B5141E73F1000408DA401C41F1F2
:10088000000192185B411A4301D120F0010010BD14
:100890002DE9F04D92469B4611B1B1FA81F202E08A
:1008A000B0FA80F220329046FFF752FF04460F461E
:1008B00040EA0A0041EA0B0153465A46084313D066
:1008C000114653EA010019D0C8F140025046FFF723
:1008D0004EFF05460E46504659464246FFF738FF42
:1008E000084305D0012004E020463946BDE8F08DDC
:1008F0000020054346EAE0762C4337430A98630517
:10090000E40AA0EB08000022FD0A44EA47540A303A
:1009100002D500200146E9E7010510196941DDE92A
:10092000084500196941BDE8F04DA2E770B521F016
:10093000004303430CD0C1F30A550024D5EB040552
:1009400064EB0403D617AD1AB34102DB0020014665
:1009500070BD201841EB025170BD2DE9F04D002310
:100960001A461B1A8A4103DB00200146BDE8F08DC0
:10097000C1F30A52C1F3130141F480154FF0000B8B
:10098000D10702D100186D41521E0027044640F2E3
:10099000FF11384601EB620A3E46804602460020BF
:1009A0004FF48011FFF7E3FEC2197141BB1846EB0B
:1009B0000100B4EB030C75EB000C04D3E41A65EBF7
:1009C000000517460E46241908F101006D418046C6
:1009D0003428E3DDF91946EB0600091BA84103D2D0
:1009E0004FF0FF32134601E0002213461BEB0700D5
:1009F00046EB0A51BDE8F04DFFF73BBF064C074DF3
:100A000006E0E06840F0010394E8070098471034DE
:100A1000AC42F6D3FFF7BCFB680D0108A80D010836
:100A200070B5C1F30A5201F000450024C1F313016F
:100A300040F2FF3341F480119A4201DA002070BD88
:100A400040F233439A42A2F2334203DC5242FFF7B0
:100A50008EFE00E090402C43F1D0404270BD70B556
:100A60008C1810F8015B15F0070301D110F8013B59
:100A70002A1106D110F8012B03E010F8016B01F8E0
:100A8000016B5B1EF9D12B0705D40023521E0DD438
:100A900001F8013BFAE710F8013BCB1A921C03E086
:100AA00013F8015B01F8015B521EF9D5A142D8D3BE
:100AB000002070BD08B50BF09BF80BF0A7F821489B
:100AC0000068C06840F010001E490968C8601E48F0
:100AD0000068C06840F010001B490968C8601B48E6
:100AE0000068C06820F4005018490968C8601748B9
:100AF0000068406800BF002000901448006800684B
:100B00000090124800684068009000BF00BF4FF49A
:100B100000720F490D4804F00FFF0C480068C068D0
:100B200040F0100009490968C86008480068C068BA
:100B300040F4005005490968C860064804F004F90B
:100B400008BD00001821002060210020F0210020B5
:100B5000F51A00204020002010B51E48007830B162
:100B6000012805D0022817D0032830D11BE02FE040
:100B700064200CF08DFF092017490870C8200CF084
:100B800087FF00201449087014480078012802D11A
:100B90000220104908701BE01048007810B90320AB
:100BA0000C49087014E064200CF072FF03200A491D
:100BB0000870C8200CF06CFF002007490870084836
:100BC0000078012802D100200249087000E000BF2F
:100BD00000BF10BD42000020340000208A0A00201F
:100BE000850A002010B51D48007830B1012805D0D5
:100BF00002281DD003282DD121E02CE00120184926
:100C000008700B201749087064200CF041FF072082
:100C100015490870C8200CF03BFF002012490870ED
:100C200012480078012802D102200C49087012E015
:100C30000E48007810B90320084908700BE0012025
:100C40000B4908700B480078012802D100200349A5
:100C5000087000E000BF00BF10BD00004000002091
:100C6000AD0900205C00002034000020830A002031
:100C700043000020860A002010B52148007830B1DA
:100C8000012805D0022815D0032835D126E034E00C
:100C90001C480078022806D108201B490870012052
:100CA0001A49087002E00020174908700220144910
:100CB000087022E064200CF0EBFE05201449087057
:100CC00064200CF0E5FE00201149087011480078FE
:100CD000012802D103200A4908700EE00D4800786F
:100CE00048B908480078022802D00B20064908704D
:100CF00000200349087000E000BF00BF10BD0000E5
:100D000041000020AD0900205C00002024000020EC
:100D100034000020870A002010B56E4800780128B2
:100D20007ED16D480078662804D16B4890F8250084
:100D3000992800D010BD69486749D1F80D100160AD
:100D40006549D1F8111041606349D1F8151001616E
:100D50006149D1F8191041615F49D1F81D10416214
:100D60005D49D1F82110C161D0ED000AB0EE600AF2
:100D700007F0F0FA5A48D0ED000A30EE200A594840
:100D800080ED000A554890ED010ADFED570A20EE8C
:100D9000200A544880ED010A5448007880B94F4831
:100DA00090ED040A4F4880ED020A4C4890ED050A88
:100DB0004F48D0ED000A20EE200A4A4880ED030A91
:100DC0004A48007801280FD19FED4A0A454880ED36
:100DD000020A424890ED070A4548D0ED000A20EE8D
:100DE000200A404880ED030A4048007802280FD1CD
:100DF0009FED410A3B4880ED020A384890ED090A10
:100E00003B48D0ED000A20EE200A364880ED030A68
:100E10003448D0ED000AB0EE600A9FED381A00E0C9
:100E200015E0DFED370A01F023F9364880ED020ABC
:100E300004F014FE334890ED010A2A4880ED000AC0
:100E40003148008D401C81B22F4801853FE0214888
:100E5000007803282AD100F063F82C48D0ED340A3A
:100E6000B0EE600A2A48D0ED000A00F097FB29484E
:100E7000D0ED000A30EE200A224880ED020A04F08C
:100E8000EDFD204890ED010A164880ED000A9FED27
:100E9000220A80ED030A9FED200A80ED020A1F4816
:100EA00090ED000A0F4880ED010A10E09FED1A0A4C
:100EB0000C4880ED000A9FED180A80ED030A9FEDB3
:100EC000160A80ED020A9FED140A80ED010A00BFA8
:100ED00030E70000AD090020F81E002000190020B6
:100EE000480000202819002000007A44BE09002094
:100EF0004C0000200060D14500C00F460000B44205
:100F00000000B4C250030020040C00205C0000204C
:100F1000600B0020780B002000000000640B002014
:100F200010B52DED048B3A4890ED020A394880ED5A
:100F3000000A374890ED1B0A374880ED000A354813
:100F400090ED000ADFED350A30EEC00A344880ED3E
:100F5000000A314890ED000ADFED320A30EEC00A97
:100F6000314880ED000A2E48D0ED000A2E4890ED61
:100F7000000A08F06FFEDFED2D0A80EE201A9FEDCB
:100F80002C0A31EE400A2B4880ED000A2648D0EDAD
:100F9000000A234890ED000A01F052FB264880ED3C
:100FA000000A19E0234890ED000AB5EEC00AF1EE00
:100FB00010FA08DB90ED000ADFED200A30EE600A3F
:100FC00080ED000A08E01B4890ED000ADFED1B0AE7
:100FD00030EE200A80ED000A16480068FFF759FB42
:100FE00041EC190BB0EE490AF0EE690A09F068F815
:100FF000B0EE408AF0EE608A9FED110B53EC102B9F
:1010000051EC180BFFF770FBCCD9BDEC048B10BD75
:101010005C000020700B0020740B002000C078459D
:10102000680B0020000070446C0B002035FA8E3CE9
:101030000000B442600B0020640B00200000B443A9
:1010400000000000008066400948007810B10128C7
:101050000BD100E009E0042006490870064800783A
:1010600010B100200249087000BF00BF70470000A7
:1010700043000020340000204100002010B5194832
:101080000078012814D1184890ED000ADFED170A06
:1010900030EE200A80ED000A15480078401C40B26E
:1010A00013490870C8200CF0F3FC00200D490870AB
:1010B0000C480078022814D10B4890ED000ADFEDAF
:1010C0000B0A30EE600A80ED000A09480078401EE5
:1010D00040B207490870C8200CF0DAFC0020014932
:1010E000087010BD530000204C0000206F12833A9E
:1010F0005000002010B519480078012814D1184874
:1011000090ED000ADFED170A30EE200A80ED000AAC
:1011100015480078401C40B213490870C8200CF0F4
:10112000B7FC00200D4908700C480078022814D143
:101130000B4890ED000ADFED0B0A30EE600A80EDFF
:10114000000A09480078401E40B207490870C820CC
:101150000CF09EFC00200149087010BD52000020D8
:1011600048000020CDCCCC3D51000020314A1278FF
:10117000002A5DD0304A12788A423ADA2E4A127832
:1011800002EB820200EB820292ED010A2B4A82ED11
:10119000330A294A127802EB820200EB820292EDB6
:1011A000030A264A82ED4C0A234A127802EB820295
:1011B00000EB820292ED040A204A82ED4D0A1E4A9B
:1011C000127802EB820200EB820292ED020A1C4AC4
:1011D000D2ED000AB4EEE00AF1EE10FA28D89FED45
:1011E000190A82ED000A144A1278521C124B1A7026
:1011F0001EE09FED140A114A82ED4C0A9FED110A80
:1012000082ED4D0A0E4A92ED000ADFED0F0AB4EEB0
:10121000E00AF1EE10FA0BDD9FED0A0A82ED000AFA
:101220000022054B1A70034B1A700322034B1A70ED
:1012300070470000C4090020480B00205C0000201B
:10124000C0090020000000000000FA4300BFFEE7D4
:1012500010B58AB004460020059006900120079042
:1012600047F6FE70009000200290019003900490D9
:101270000E200990012008906946064801F03AFBCB
:10128000044802F084F80221024801F079FA0AB019
:1012900010BD0000F01F002010B5024801F087FCCF
:1012A00010BD0000F01F002010B58AB004460E20CB
:1012B0000590002006900120079047F6FE700090F0
:1012C000002002900190039004901C2009900120BE
:1012D00008906946054801F00DFB044802F057F8F4
:1012E0000221024801F04CFA0AB010BD182000207B
:1012F00010B5024801F05BFC10BD00001820002072
:101300002DE9FC4781460E4614461D46DDE90A7864
:10131000200A8DF80000E0B28DF80100280A8DF84F
:101320000200E8B28DF80300380A8DF80400F8B224
:101330008DF805004FEA18208DF8060008F0FF0030
:101340008DF80700B1B208236A46484600F002F85B
:10135000BDE8FC872DE9F04106460C4617461D46C0
:101360000E48046000200D4948608860C860084647
:10137000056101233A46304601F017FA60B10223B5
:101380003A460649304601F010FA28B104233A469D
:101390000249304601F009FABDE8F081EC0B00206B
:1013A00030B52DED108B83B004469FED7B0AB0EE77
:1013B00040FA94ED000AD4ED060A30EE600A84ED9E
:1013C000020A94ED030AD4ED040A20EE200AB0EEDE
:1013D000408A94ED040A20EE080A10EE105A94EDAB
:1013E000020AD4ED040A94ED011A00EE810AF0EE2F
:1013F000408A18EE900AFFF74CF941EC1E0BB0EE54
:101400004E0AF0EE6E0A08F05BFEB0EE40DAF0EE47
:1014100060DA94ED030AF2EE000A20EE200A10EEE4
:10142000101A0846FFF735F953EC1D2BCDE90001E2
:101430009DED000B51EC100BFFF72CF841EC1B0B52
:1014400028EE080A10EE101A0846FFF722F941ECC0
:101450001C0B53EC1B2BFEF776FF41EC1A0BB0EE86
:101460004A0AF0EE6A0A09F0E3FDB0EE409AF0EEA7
:10147000609A51EC190BFFF74FF902902846FFF7DD
:1014800008F941EC190B18EE900AFFF702F941EC4C
:101490001B0BB0EE4B0AF0EE6B0A08F011FEB0EE3B
:1014A00040AAF0EE60AA53EC192B51EC1A0BFFF78F
:1014B0001BF918D2B0EE680A07F0E0F900EE100A46
:1014C000F8EEC00A9DED020A30EE480A60EE800A8E
:1014D000B0EE001A80EE810AD4ED010A30EE200A47
:1014E000B0EE40FA09E0D4ED040A88EEA00AD4ED8B
:1014F000010A30EE200AB0EE40FA18EE100AFFF7AB
:10150000C8F841EC190B1FEE100AFFF7C2F841ECC6
:101510001B0BB0EE4B0AF0EE6B0A08F0D1FDB0EEFB
:1015200040AAF0EE60AA53EC192B51EC1A0BFFF70E
:10153000DBF810D2B0EE4F0A07F0A0F900EE100A67
:10154000B8EEC00AD4ED030ABFEE001A60EE810ABD
:1015500060EE20FA09E094ED030AFFEE000A20EEA7
:10156000200A20EE0F0AC0EE08FA94ED000AD4ED2E
:10157000050A94ED011A00EE810A84ED000A94ED4B
:10158000010AD4ED050A00EEAF0A84ED010A03B0AA
:10159000BDEC108B30BD000000000000B0EE401A22
:1015A00070EEC11AB0EE610ADFED0D1AB4EEE10A79
:1015B000F1EE10FA06DBDFED0B1A70EE611AB0EEF9
:1015C000610A0CE0DFED081AB4EEE10AF1EE10FA60
:1015D00005D2DFED041A70EE211AB0EE610A7047F1
:1015E000000034430000B443000034C3B0EE401A9E
:1015F00070EEC11AB0EE610ADFED0D1AB4EEE10A29
:10160000F1EE10FA06DBDFED0B1A70EE611AB0EEA8
:10161000610A0CE0DFED081AB4EEE10AF1EE10FA0F
:1016200005D2DFED041A70EE211AB0EE610A7047A0
:101630000000E144000061450000E1C410B5C2486B
:10164000D0ED000A9FEDC11A60EE810AB0EE600A8B
:101650009FEDBF1ADFEDBF0A00F00AFDBE4880ED26
:10166000000AB948D0ED320A9FEDB81A60EE810A3F
:10167000B0EE600A9FEDB91ADFEDB90A00F0F8FC90
:10168000B84880ED000AB048D0ED190A9FEDAF1AB6
:1016900060EE810AB0EE600A9FEDB31ADFEDB30A87
:1016A00000F0E6FCB24880ED000AA748D0ED4B0AF6
:1016B0009FEDA61A60EE810AB0EE600A9FEDAD1AAA
:1016C000DFEDAD0A00F0D4FCAC4880ED000A9E4886
:1016D00090ED000AAA48D0ED000A30EE600ADFED76
:1016E000A90A20EE200A9C4880ED020A964890ED57
:1016F000320AA548D0ED000A30EE600ADFEDA10AFB
:1017000020EE200A974880ED020A8F4890ED190AD2
:101710009E48D0ED000A30EE600ADFED9A0A20EE16
:10172000200A934880ED020A874890ED4B0A9848BA
:10173000D0ED000A30EE600ADFED920A20EE200ABA
:101740008E4880ED020A804890ED000A8C4880EDBA
:10175000000A7D4890ED190A8C4880ED000A7A480D
:1017600090ED320A884880ED000A774890ED4B0AE8
:10177000874880ED000A874890ED0B1AF0EE410A89
:10178000854890ED0B1AB0EE410A00F059FF8348EE
:1017900080ED000A704890ED000AD0ED020A30EEAC
:1017A000200A7F48D0ED000A7C4890ED001A00EE38
:1017B000810A694880ED030A6D4890ED000AD0ED7A
:1017C000020A30EE200A7648D0ED000A734890ED08
:1017D000001A00EE810A664880ED030A614890ED28
:1017E000000AD0ED020A30EE200A6D48D0ED000A62
:1017F0006A4890ED001A00EE810A5A4880ED030A0B
:101800005E4890ED000AD0ED020A30EE200A6448EE
:10181000D0ED000A614890ED001A00EE810A5748A9
:1018200080ED030A4848D0ED640A9FED5E1A60EE31
:10183000810AB0EE600A9FED5B1ADFED5B0A00F0F3
:1018400017FC5A4880ED000A3F48D0EDCA0A9FEDC8
:10185000551A60EE810AB0EE600A9FED521ADFED74
:10186000520A00F005FC524880ED000A3648D0EDDF
:10187000970A9FED4C1A60EE810AB0EE600A9FED68
:10188000491ADFED490A00F0F3FB4A4880ED000AEF
:101890002D48D0EDFD0A9FED431A60EE810AB0EEAF
:1018A000600A9FED401ADFED400A00F0E1FB42487C
:1018B00080ED000A3D48D0ED000A90ED021A70EE6E
:1018C000810AB0EE600A9FED2F1ADFED3C0A00F0AE
:1018D000CFFB364880ED030A3648D0ED000A90ED84
:1018E000021A70EE810AB0EE600A9FED261ADFED53
:1018F000330A00F0BDFB2F4880ED030A2C48D0EDE1
:10190000000A90ED021A70EE810AB0EE600A9FEDB7
:101910001D1ADFED2A0A00F0ABFB254880ED030A13
:101920002548D0ED000A90ED021A70EE810AB0EE63
:10193000600A9FED141ADFED210A00F099FB1E48A2
:1019400080ED030A10BD0000640300200000C842BF
:101950000000C8430000C8C3EC000010000016449B
:10196000000016C40C01001000803B4400803BC402
:10197000FC00001000002F4400002FC41C010010C8
:101980005C00001000409C466400001060000010E5
:10199000680000102C020020C80100207000001018
:1019A0006C0000100000FA430000FAC3800D002014
:1019B000A00D0020900D0020B00D002000409CC61E
:1019C0002DE9F0472DED0C8B8046894614461D46C7
:1019D000149EDDED159A169F9DED17AAB3EE0E0A23
:1019E000F0EE40AAB8F81200A0F6110000EE100ABE
:1019F000B8EEC00AB0EE409A2046FEF73DFE41EC3C
:101A00001B0B19EE100AFEF744FE41EC1D0BB0EE65
:101A10004D0AF0EE6D0A08F053FBB0EE40CAF0EE4E
:101A200060CA53EC1B2B51EC1C0BFEF745FE05D294
:101A30009FED820A824880ED020A30E0B5EEC09A3E
:101A4000F1EE10FA13DD00EE104AB8EE400A79EE1E
:101A5000400A00EE105AB8EEC00A20EE800ADFED10
:101A6000790A80EE201A764880ED021A17E0B5EE6A
:101A7000C09AF1EE10FA12D200EE104AB8EE400A07
:101A800079EE000A00EE105AB8EEC00A20EE800A85
:101A9000DFED6D0A80EE201A694880ED021AB8F871
:101AA0001400A0F2EE7000EE100AB8EEC08A3046C4
:101AB000FEF7E2FD41EC1B0B18EE100AFEF7E9FD04
:101AC00041EC1D0BB0EE4D0AF0EE6D0A08F0F8FA8D
:101AD000B0EE40CAF0EE60CA53EC1B2B51EC1C0B6D
:101AE000FEF7EAFD05D29FED550A584880ED020A3F
:101AF0002CE0B5EEC08AF1EE10FA11DD00EE106AAE
:101B0000B8EE400A38EE400AF8EEE90A20EE200A64
:101B1000DFED4F0A80EE201A4C4880ED021A15E0E6
:101B2000B5EEC08AF1EE10FA10D200EE106AB8EEEF
:101B3000400A38EE000AF8EEE90A20EE200ADFED4E
:101B4000450A80EE201A414880ED021AB8F81600C6
:101B5000A0F62A0000EE100AF8EEC08A3846FEF71A
:101B60008BFD41EC1B0B18EE900AFEF792FD41EC49
:101B70001D0BB0EE4D0AF0EE6D0A08F0A1FAB0EEC2
:101B800040CAF0EE60CA53EC1B2B51EC1C0BFEF765
:101B900093FD05D29FED290A2F4880ED020A2CE023
:101BA000F5EEC08AF1EE10FA11DD00EE107AB8EE13
:101BB000400A38EEC00AF8EECA0A20EE200ADFED2D
:101BC000270A80EE201A244880ED021A15E0F5EE6F
:101BD000C08AF1EE10FA10D200EE107AB8EE400A88
:101BE00038EE800AF8EECA0A20EE200ADFED1C0A61
:101BF00080EE201A184880ED021A114803F02EFFDB
:101C0000124803F02BFF144803F028FF0C4890ED16
:101C1000010AB1EE400A89ED4C0A0C4890ED010A28
:101C200089ED4D0A0C4890ED010AB1EE400A89EDAC
:101C3000550ABDEC0C8BBDE8F087000000000000E9
:101C4000980A002000E0F1440040FB44AC0A002068
:101C50000040F64400E0F644C00A00200000FA44C8
:101C600000C0F844F0B52DED0C8B8DB006460C4647
:101C7000302101A8FEF75CFB04F5C0600390103032
:101C800006901030099010300C900025BFE005EB55
:101C9000450001A901EB800087689FED890AB0EE3D
:101CA000408A96ED560AD6ED580A97ED001A00EED6
:101CB000C10AF0EE409A96ED570AD6ED580A97ED14
:101CC000011A00EEC10AB0EE40AAF0EE4A0AB0EEE8
:101CD000690A00F0B5FCF0EE408A7A4800780928DD
:101CE00003D0784800780A2805D19FED770A774815
:101CF00080ED000A04E0B2EE040A744880ED000AA8
:101D000072480068FEF7C5FC41EC1B0B18EE900A08
:101D1000FEF7BFFC41EC1D0BB0EE4D0AF0EE6D0A74
:101D200008F0CEF9B0EE40CAF0EE60CA53EC1B2BBF
:101D300051EC1C0BFEF7D8FC12D2F0EE690AB0EEA3
:101D40004A0A07F087FFB0EE40BA06F003FBB0EE98
:101D5000408AB0EE480A0BF049FEB0EE408A03E03C
:101D600097ED030AB0EE408A97ED030A38EE400A79
:101D7000B0EE409A9FED560A69EE00AAB0EE6A0AEC
:101D800008F0F6F8B0EE40BAB0EE6A0A09F088F84A
:101D9000F0EE40BAF0EE4B0A07F05CFFDFED4D0AC3
:101DA00020EE200AB0EE409AB0EE490A0BF01EFE7B
:101DB000B0EE409AB0EEC90ADFED470AB4EEE00A91
:101DC000F1EE10FA0DDDDFED450A78EE200AB0EEF7
:101DD000600A0BF00BFEB0EE408AB1EE680AF0EE3E
:101DE000408A05EB450001A901EB8000C0ED008AA7
:101DF00005EB450001EB800080ED018A05EB450015
:101E000001EB800090ED010A87ED030A6D1C042DA3
:101E1000FFF63DAFDDED010A9FED311A80EE810A3C
:101E2000DFED300A20EE200A84ED000A9DED020A63
:101E3000F2EE040A20EE200A84ED7D0ADDED040AAC
:101E40009FED271A80EE810ADFED260A20EE200A98
:101E500084ED190A9DED050AF2EE040A20EE200A2F
:101E600084EDB00ADDED070A9FED1D1A80EE810AB0
:101E7000DFED1C0A20EE200A84ED320A9DED080AEF
:101E8000F2EE040A20EE200A84EDE30A9DED0A0A30
:101E90009FED131AC0EE010A9FED120A20EE800A90
:101EA00084ED4B0A9DED0B0AF2EE040A20EE200AA7
:101EB00004F57D7080ED190A0DB0BDEC0C8BF0BD02
:101EC000000000005C0000200000484358000010A3
:101ED00035FA8E3CE02E65420000B44200003443E7
:101EE000000038429A99A94091F8642A574B1B7810
:101EF0009A4220DD01F6C412544B1B7802EB830298
:101F000092ED000A524AD2ED000AB4EEE00AF1EE78
:101F100010FA10D84D4A1278521C4C4B1A709FED93
:101F20004D0A80ED4F0A9FED4B0A80ED060A9FEDAA
:101F3000490A80ED1F0A91F8642A444B1B789A42A3
:101F400067D1454A12784AB1434A1278012A7BD1B7
:101F500091F8652A414B1B789A4275D13C4A92ED23
:101F6000000ADFED3F0AB4EEE00AF1EE10FA51D2BA
:101F7000364A1278521E02EB420201EBC20292ED87
:101F8000010A324A1278521E02EB420301F5F07246
:101F900002EBC302D2ED010A30EE200A80ED010A05
:101FA0002A4A1278521E02EB420201EBC20292ED63
:101FB000020A264A1278521E02EB420301F5F07221
:101FC00002EBC302D2ED020A30EE200A80ED1A0ABB
:101FD000224A1278521E01F5F06303EB820292ED61
:101FE000000A1E4A1278521E503303EB8202D2EDD1
:101FF000000A30EE200A80ED330A9FED160A80EDCC
:102000004C0A9FED140A80ED4D0A9FED120A80EDF7
:102010004E0A19E000220D4B1A70104B1A709FEDFA
:102020000D0A80ED4F0A9FED0B0A80ED510A9FEDDE
:10203000090A80ED500A01220A4B1A7003220A4B4A
:102040001A700122094B1A70704700001E0B002005
:10205000F00A0020000000001C0B00201F0B0020D5
:10206000CDCCCC3DB80900205C0000201E00002033
:10207000F0EE401AF4EEE01AF1EE10FA02D2B0EEF1
:10208000600A7047F4EEC11AF1EE10FA02DDB0EE0C
:10209000410AF6E7B0EE610AF3E7000000BFDFEDAA
:1020A000150AB4EEE00AF1EE10FA06DBDFED120AD3
:1020B00070EE600AB0EE600A0CE0DFED100AB4EEDC
:1020C000E00AF1EE10FA05D2DFED0B0A70EE200AFD
:1020D000B0EE600ADFED070AB4EEE00AF1EE10FAA6
:1020E000DDDADFED060AB4EEE00AF1EE10FAD6D33F
:1020F00070470000DB0F4940DB0FC940DB0F49C0D0
:1021000010B5024801F0E4F910BD0000B82300202A
:1021100010B5024801F0DCF910BD000018240020C1
:1021200010B5024801F0D4F910BD0000F8220020DB
:1021300010B5024801F0CCF910BD00005823002072
:1021400010B5024801F0C4F910BD00007824002049
:1021500010B5024801F0BCF910BD00003822002083
:1021600010B5024801F0B4F910BD0000D8240020D9
:1021700010B5024801F0ACF910BD00009822002013
:102180000146087810381823B0FBF3F20848805C49
:10219000C865032A05D908686FF30900001D886522
:1021A00003E008686FF309008865886D70470000D8
:1021B000E40A0108014600208A6A8B69CBB932B172
:1021C000012A0DD0022A03D0032A10D10EE000BF4D
:1021D000CB6A03F08073B3F1807F00D1012007E068
:1021E000CB6AB3F1C07F00D1012001E000E000BF65
:1021F00034E08B69B3F5005F1AD132B1012A07D000
:10220000022A03D0032A11D10AE000BF01200EE008
:10221000CB6A03F08073B3F1807F00D1012006E028
:10222000CB6AB3F1C07F00D1012000E000BF15E010
:1022300032B1012A05D0022A04D0032A0CD103E0CE
:1022400000BF00BF012008E0CB6A03F08073B3F148
:10225000807F00D1012000E000BF00BF704730B593
:102260000468246824F4802405682C600468636092
:102270008468402C04D10468A2600468E16003E033
:102280000468A1600468E26030BD7047F0EE400A67
:102290009FED040A20EE801ADFED031A81EE210A79
:1022A00070470000DB0F49400000344310B502487E
:1022B00001F002FB10BD0000D0FC002000207047A0
:1022C00010B501F029FD10BD10B5024801F0B8FBB2
:1022D000002010BDD0FC002070B504460D46164607
:1022E00033462A462146044801F06BFB10B14FF0FB
:1022F000FF3070BD0020FCE7D0FC002070B5044624
:102300000D46164633462A462146044801F0CFFBC7
:1023100010B14FF0FF3070BD0020FCE7D0FC002072
:1023200072B600BFFEE7000030B52DED0A8B85B018
:1023300005460C46D5ED020A9FEDA71A60EE810A0C
:10234000B0EE600AFFF7AAFEB0EE409AA34890ED07
:10235000000ABDEEC00A84ED030AA14890ED000A10
:10236000BDEEC00A84ED050AD4E90323D11A002981
:1023700001DB0A4600E04A42642A09DCD4E905236D
:10238000D01A002801DB024600E04242642A07DD41
:10239000E06820616069A06105B0BDEC0A8B30BDCA
:1023A000D4E90301884215DBD4E90312881AFEF749
:1023B00052F941EC1C0B9FED8B0B53EC102BFEF7ED
:1023C00069F841EC1B0BFEF7A7F908EE100A9FED28
:1023D00087AA14E0D4E90312881AFEF73CF941EC0D
:1023E0001C0B9FED830B53EC102BFEF753F841ECC5
:1023F0001B0BFEF791F908EE100A9FED7FAAD4E9B6
:102400000501884215DBD4E90512881AFEF723F985
:1024100041EC1C0B9FED790B53EC102BFEF73AF8B7
:1024200041EC1B0BFEF778F908EE900ADFED759A88
:1024300014E0D4E90512881AFEF70DF941EC1C0BE3
:102440009FED710B53EC102BFEF724F841EC1B0BA6
:10245000FEF762F908EE900ADFED6D9A6D4880EDA7
:10246000008A6D48C0ED008AB0EE4A0A08F018FDF7
:102470006A4880ED000AB0EE690A08F011FD68486C
:1024800080ED000AB0EE4A0A07F072FD654880ED63
:10249000000AB0EE690A07F06BFD634880ED000AA0
:1024A0007AEE090A9FED611A70EEC10AB0EE600A79
:1024B00008F0F6FCB1EE400A8DED010A79EE890ACA
:1024C000B0EE600A08F0ECFCB1EE400A8DED020AB5
:1024D0007AEE090A9FED551A70EEC10AB0EE600A55
:1024E00007F046FD8DED030A79EE890AB0EE600A29
:1024F00007F03EFD8DED040A9DED010A20EE080A6D
:10250000DDED020A00EEA80AD4ED010A30EE200A41
:1025100084ED010A9DED030A20EE080ADDED040AB0
:1025200000EEA80AD4ED000A30EE200A84ED000A7D
:102530009DED030A20EE080ADDED040A00EEA80A6C
:1025400084ED090A9DED010A20EE080ADDED020A7C
:1025500000EEA80A84ED0A0ADFED350A79EE200ABA
:10256000B0EE600A08F09CFCF0EE40AA9FED300A45
:1025700008F096FC7AEE800A94ED000A2D4890ED62
:10258000001A30EE010A9FED2C1A00EE810A85ED4B
:10259000000ADFED270A79EE200AB0EE600A07F0A4
:1025A000E7FCF0EE40AA9FED220A07F0E1FC7AEE8C
:1025B000C00A94ED010A214890ED001A30EE010A9C
:1025C0009FED1D1A00EE810A85ED010AE068206189
:1025D0006069A06100BFDFE635FA8E3C0000002094
:1025E0000400002047C1735C58A5CCBF3F7C17C0D6
:1025F00015B0EC358399CCBFD42F17C038820DCEDF
:10260000A98FCCBFDD7044BFFB473D1E6686CCBFA3
:10261000DBF044BF24000010280000102C00001044
:10262000300000103400001038000010DB0F49406B
:1026300000000000080000200000A0430C00002063
:1026400010B52DED0C8BB0EE408AF0EE608A18EEDE
:10265000900AFEF71EF841EC1D0B9FED1C1BB0EE1F
:102660004D0AF0EE6D0A07F08FFDB0EE40BAF0EEC5
:1026700060BA18EE100AFEF70CF841EC1D0B9FED46
:10268000131BB0EE4D0AF0EE6D0A07F07DFDB0EEC3
:1026900040CAF0EE60CA53EC1B2B51EC1C0BFDF74B
:1026A00052FE41EC1A0BB0EE4A0AF0EE6A0A08F04C
:1026B000BFFCB0EE409AF0EE609A51EC190BFEF7B9
:1026C0002BF800EE100ABDEC0C8B10BD00000000D2
:1026D0000000004010B52DED028B0446254800781F
:1026E00006280FD0234800780F280BD02148007807
:1026F0000D2807D01F4800780E2803D01D48007809
:10270000112802D19FED1C8A08E01C48D0ED020A76
:10271000B0EE600AFFF7BAFDB1EE408AB0EE480AAB
:1027200007F026FCD4ED530A60EE208AB0EE480A8A
:1027300008F0B6FBD4ED540A40EEC08AC4ED568AC8
:10274000B0EE480A08F0ACFBD4ED530A60EE208AE4
:10275000B0EE480A07F00CFCD4ED540A40EE808A33
:10276000C4ED578A94ED550A84ED580ABDEC028BEE
:1027700010BD00005C00002000000000840C002060
:1027800010B5024692F82030012B01D0022B06D161
:1027900010684069084314686061002010BD506AE9
:1027A00040F4802050620120F8E7F0B504460D4661
:1027B0001E4694F8207020688368A86800B900E07D
:1027C00000BF012F01D0022F7DD103F0806030B90E
:1027D00003F0006018B903F0805000287ED0C3F3E6
:1027E0000161012088403060A86860B9B5F800C078
:1027F000E86840EA4C5C206800F5C07000EB01100E
:10280000C0F800C00FE0D5E901C040EACC00D5F81F
:102810000CC040EA0C00D4F800C00CF5C07C0CEBF6
:10282000011CCCF80000D5F810C0206800F5C0707D
:1028300000EB0110C0F804C0287D01280ED12068EB
:1028400000F5C07000EB0110406840F4807C206807
:1028500000F5C07000EB0110C0F804C0D07900068C
:1028600092F806C040EA0C4092F805C040EA0C20FD
:1028700092F804C040EA0C00D4F800C00CF5C07C0B
:102880000CEB011CCCF80C00D078000692F802C0CA
:1028900040EA0C4092F801C040EA0C2092F800C0D7
:1028A00040EA0C00D4F800C00CF5C07C0CEB011C15
:1028B000CCF80800206800F5C07000EB011000683B
:1028C00040F0010C01E00FE008E0206800F5C07066
:1028D00000EB0110C0F800C00020F0BD606A40F4B9
:1028E000001060620120F8E7606A40F480206062B6
:1028F0000120F2E7F0B504460A46216894F820501A
:10290000012D01D0022D7ED1424901F500710868E8
:1029100040F001000860086820F47C5008600868F6
:10292000566A40EA06200860107D00F01F0601206C
:1029300000FA06F3C8699843C861A1F50071D0692F
:10294000C8B9D1F80C029843C1F80C02908880B243
:10295000968940EA064601F51070576940F83760DD
:10296000108880B2168940EA064601F51070576952
:1029700000EBC7004660D069012819D1D1F80C02DC
:102980001843C1F80C02908880B2168840EA0646C7
:1029900001F51070576940F83760908980B2168948
:1029A00040EA064601F51070576900EBC700466023
:1029B000906928B9D1F804029843C1F8040204E0F0
:1029C000D1F804021843C1F80402106928B9D1F8FB
:1029D00014029843C1F8140204E0D1F81402184319
:1029E000C1F81402106A012804D1D1F81C0218435E
:1029F000C1F81C02D1F8000220F00100C1F8000269
:102A00000020F0BDFFE7606A40F480206062012092
:102A1000F7E7000000640040704770B5044694F882
:102A20002050012D01D0022D7DD151B92068C06800
:102A300000F0030080B9606A40F400106062012079
:102A400070BD2068006900F0030028B9606A40F496
:102A5000001060620120F3E7206800F5D87000EBF9
:102A60000110006800F004009060906840B9206890
:102A700000F5D87000EB01100068400D106007E011
:102A8000206800F5D87000EB01100068C0085060A5
:102A9000206800F5D87000EB0110006800F002001B
:102AA000D060206800F5D87000EB0110406800F09D
:102AB0000F00082802D30820106108E0206800F504
:102AC000D87000EB0110406800F00F001061206822
:102AD00000F5D87000EB0110406800F47F40000A58
:102AE0009061206800F5D87000EB01104068000C80
:102AF0005061206800F5D87000EB011080681870F4
:102B0000206800F5D87000EB0110806800F47F4069
:102B1000000A5870206800F5D87000EB011080683A
:102B200000F47F0000E03CE0000C9870206800F5A5
:102B3000D87000EB01108068000ED870206800F596
:102B4000D87000EB0110C0681871206800F5D870CB
:102B500000EB0110C06800F47F40000A5871206843
:102B600000F5D87000EB0110C06800F47F00000C85
:102B70009871206800F5D87000EB0110C068000E55
:102B8000D87131B92068C06840F020002668F06034
:102B900005E02068006940F02000266830610020D0
:102BA0004EE7606A40F480206062012048E72DE92A
:102BB000F05F04460025206846692068D0F804903C
:102BC000206887682068D0F80CA02068D0F810B082
:102BD0002068D0F8188006F00100002855D007F0D2
:102BE0000100C0B101202168886007F0020018B11F
:102BF000204600F0FCFB0EE007F0040010B145F4A5
:102C0000006508E007F0080010B145F4805502E0C7
:102C1000204600F0EBFB07F48070C8B14FF48070E1
:102C20002168886007F4007018B1204600F0E1FBCD
:102C30000EE007F4806010B145F4005508E007F499
:102C4000006010B145F4804502E0204600F0D0FB62
:102C500007F48030C8B14FF480302168886007F4F1
:102C6000003018B1204600F0C6FB0EE007F48020CB
:102C700010B145F4004508E007F4002010B145F418
:102C8000803502E0204600F0B5FB06F0080038B1C0
:102C90000AF0100020B145F4007510202168C860CA
:102CA00006F0040040B10AF0080028B108202168AD
:102CB000C860204600F00CFA06F0020038B1206827
:102CC000C06800F0030010B1204600F003FA06F0DF
:102CD000400038B10BF0100020B145F480651020A1
:102CE0002168086106F0200040B10BF0080028B10F
:102CF000082021680861204600F046FB06F010001D
:102D000038B12068006900F0030010B1204600F0DF
:102D10003CFB06F4003040B109F0100028B110204F
:102D200021684860204600F031FB06F4803040B155
:102D300009F0080028B1082021684860204600F00A
:102D40005BFB06F4004088B309F0040078B306F496
:102D5000807020B108F0010008B145F0010506F4CB
:102D6000007020B108F0020008B145F0020506F439
:102D7000806020B108F0040008B145F0040506F4B5
:102D80000060A0B108F0700088B108F07000402821
:102D900017D006DC10280BD020280CD0302819D1F1
:102DA0000CE0502810D0602814D110E01DE019E08C
:102DB00045F008050FE045F010050CE045F0200552
:102DC00009E045F0400506E045F0800503E045F4E4
:102DD000807500E000BF00BF2068806920F07000AF
:102DE000216888610420216848602DB1606A284309
:102DF00060622046FFF710FEBDE8F09F70B5044604
:102E00000CB9012070BD94F8200010B9204600F0E4
:102E1000AFF82068006840F001002168086000F009
:102E20007BFF05460DE000F077FF401B0A2808D91C
:102E3000606A40F400306062052084F820000120C0
:102E4000E0E72068406800F001000028EBD020682F
:102E5000006820F002002168086000F05DFF054670
:102E60000DE000F059FF401B0A2808D9606A40F4C1
:102E700000306062052084F820000120C2E720684D
:102E8000406800F002000028EBD1207E012806D126
:102E90002068006840F080002168086005E0206834
:102EA000006820F0800021680860607E012806D15B
:102EB0002068006840F040002168086005E0206854
:102EC000006820F0400021680860A07E012806D13B
:102ED0002068006840F020002168086005E0206854
:102EE000006820F0200021680860E07E012806D1FB
:102EF0002068006820F010002168086005E0206864
:102F0000006840F0100021680860207F012806D189
:102F10002068006840F008002168086005E020682B
:102F2000006820F0080021680860607F012806D151
:102F30002068006840F004002168086005E020680F
:102F4000006820F0040021680860D4E90201084309
:102F500021690843616908436168491E0843216883
:102F6000C86100206062012084F82000002049E749
:102F700010B586B00446142101A8FDF7D9F94F49D0
:102F80002068884242D14E480068401C4C49086085
:102F90000846006801280FD100BF00200090494872
:102FA000006840F00070474908600846006800F07B
:102FB0000070009000BF00BF00BF0020009041489B
:102FC0001038006840F002003E4910390860084699
:102FD000006800F00200009000BF00BF4FF4407096
:102FE0000190022002900120039003200490092008
:102FF000059001A9344800F08FFD0022052114201E
:1030000000F052FF142000F03BFF54E02F492068ED
:10301000884250D100BF002000902A48006840F04C
:103020008060284908600846006800F080600090D1
:1030300000BF00BF22480068401C214908600846C4
:10304000006801280FD100BF002000901D480068D3
:1030500040F000701B4908600846006800F00070EE
:10306000009000BF00BF00BF00200090154810383E
:10307000006840F0020013491039086008460068F3
:1030800000F00200009000BF00BF6020019002200D
:10309000029001200390032004900920059001A9CB
:1030A000094800F039FD00220521402000F0FCFE17
:1030B000402000F0E5FE06B010BD000000640040B6
:1030C00074000010403802400004024000680040D4
:1030D0007047000010B588B00446A14920688842B6
:1030E0007ED1A04B01AA00212046FFF796FC40F2BA
:1030F00003220198811A90423AD005DCA0F2012007
:1031000048B101286DD11CE0012952D0A1F2531120
:103110000029F7D172E0944892490968C0F8C414B4
:1031200090494968C0F8C01400F5806090ED300AFD
:103130008D4880ED010A8D488088401C8B4988802D
:103140006CE0894887490968C0F8EC1485494968EA
:10315000C0F8E81400F5806090ED3A0A824880EDEE
:103160001A0A8248C088401C81B28048C18055E05C
:103170007D487C490968C0F864157A494968C0F8F7
:10318000601500F5806090ED580A774880ED650A7B
:1031900000F5AC6005F010FE754890ED060A724827
:1031A00080ED7E0A71488089401C81B26F48818120
:1031B00034E06D486B490968C0F88C156949496865
:1031C000C0F8881500F5806090ED620A664880EDD1
:1031D000980A00F5B16005F0EFFD6548283001E080
:1031E0001EE01AE090ED060A5F4880EDB10A5F48E4
:1031F000C089401C81B25D48C1810FE05D485949DA
:10320000096801605C485749496801605748808AED
:10321000401C81B25548818200E000BF00BF9DE0A4
:10322000564920688842FAD1554B01AA0021204610
:10323000FFF7F3FB40F203220198811A904239D044
:1032400005DCA0F2012038B1012878D11BE001296A
:1032500052D0FD297FD173E0434849490968C0F83D
:10326000141547494968C0F8101500F5806090EDC5
:10327000440A3D4880ED330A3C480089401C81B235
:103280003A48018168E038483D490968C0F83C1572
:103290003B494968C0F8381500F5806090ED4E0A4A
:1032A000314880ED4C0A31484089401C81B22F489A
:1032B000418151E02C4832490968C0F8B4153049C1
:1032C0004968C0F8B01500F5806090ED6C0A26489A
:1032D00080EDCB0A00F5B66005F06EFD2448503055
:1032E00090ED060A204880EDE40A2048008A401C40
:1032F00081B21E4801822FE01B4821490968C0F8AD
:10330000DC151F494968C0F8D81500F5806090EDBC
:10331000760A154880EDFE0A00F5BB6005F04CFD0D
:103320001348783090ED060AA0F5F27080ED1A0A85
:103330000E48408A401C81B20C4841820CE00AE0F1
:1033400010480F49098801800848808C401C81B2D0
:103350000648818400E000BF00BF00BF08B010BD78
:10336000006400400000001064030020040C0020F2
:10337000C408002000000020040000200068004075
:1033800008000010BA09002070477047704770B5F8
:10339000044694F82000012822D1022084F820005D
:1033A0002068006820F001002168086000F0B4FC8B
:1033B00005460DE000F0B0FC401B0A2808D9606A01
:1033C00040F400306062052084F82000012070BDC8
:1033D0002068406800F001000028EBD16062F6E749
:1033E000606A40F4002060620120F0E77047704797
:1033F0007047704770477047704770B50446A56DB9
:1034000000F08AFC064694F83500022808D0802097
:10341000606500BF002084F8340000BF012070BD4B
:103420002068006820F01600216808602068406964
:1034300020F0800021684861206C08B9A06C28B198
:103440002068006820F00800216808602068006893
:1034500020F001002168086010E000F05DFC801B96
:1034600005280BD920206065032084F8350000BFB3
:10347000002084F8340000BF0320D0E720680068F3
:1034800000F001000028E8D194F85C103F2088404B
:10349000A860012084F8350000BF002084F83400C3
:1034A00000BF00BFBBE7014691F83500022803D0FA
:1034B0008020486501207047052081F835000868A4
:1034C000006820F001000A6810600020F3E70000A7
:1034D000F8B50446002000908C4800684FF416515F
:1034E000B0FBF1F7A56D2E6894F85C1008208840B9
:1034F000304098B12068006800F0040070B1206886
:10350000006820F004002168086094F85C1008202E
:103510008840A860606D40F00100606594F85C1020
:1035200001208840304068B12068406900F0800088
:1035300040B194F85C1001208840A860606D40F0B4
:103540000200606594F85C1004208840304068B147
:103550002068006800F0020040B194F85C1004207C
:103560008840A860606D40F00400606594F85C10CD
:1035700010208840304078B32068006800F00800D0
:1035800050B394F85C1010208840A8602068006850
:1035900000F4802080B12068006800F4002028B981
:1035A000206CC8B12046216C884715E0A06C98B10A
:1035B0002046A16C88470FE02068006800F4807006
:1035C00028B92068006820F0080021680860206C95
:1035D00010B12046216C884794F85C102020884068
:1035E0003040002865D02068006800F010000028F6
:1035F0005FD094F85C1020208840A86094F83500D3
:10360000052828D12068006820F01600216808608D
:103610002068406920F0800021684861206C08B96A
:10362000A06C28B12068006820F0080021680860BC
:1036300094F85C103F208840A860012084F8350091
:1036400000BF002084F8340000BF206D10B1204678
:10365000216D8847F8BD2068006800F4802080B1A3
:103660002068006800F4002028B9606C10B1204682
:10367000616C88471DE0E06BD8B12046E16B88475C
:1036800017E02068006800F4807068B9206800685E
:1036900020F0100021680860012084F8350000BF88
:1036A000002084F8340000BFE06B10B12046E16BCD
:1036B0008847606D38B3606D00F00100F0B10520FF
:1036C00084F835002068006820F001002168086057
:1036D00000BF0098401C0090B84200D905E0206867
:1036E000006800F001000028F3D100BF012084F839
:1036F000350000BF002084F8340000BFE06C10B13A
:103700002046E16C884700BFA4E70000B40B00200E
:103710002DE9F0410446002500F0FEFA074614B9F1
:103720000120BDE8F081606A00B100BF022084F88A
:10373000350000BF002084F8340000BF2068006816
:1037400020F00100216808600AE000F0E5FAC01BE3
:10375000052805D920206065032084F83500E0E7BE
:103760002068006800F001000028EED1206805689C
:1037700021480540D4E901010843E1680843216973
:10378000084361690843A1690843E1690843216A64
:1037900008430543606A042803D1D4E90B010843B8
:1037A0000543206805602068456925F00705606AC3
:1037B0000543606A04280DD1A06A0543E06A48B158
:1037C0002046FEF7F7FC28B140206065012084F810
:1037D0003500A6E7206845612046FEF7D1FC064685
:1037E00094F85C103F208840B060002060650120A4
:1037F00084F83500002094E73F8010F02DE9F04771
:1038000004460D4616461F464FF00008D4F858905F
:1038100000BF94F83400012802D10220BDE8F087EF
:10382000012084F8340000BF94F83500012825D128
:10383000022084F83500002060653B463246294668
:103840002046FEF70CFD94F85C103F208840C9F834
:1038500008002068006840F0160021680860206CAD
:1038600028B12068006840F00800216808602068DE
:10387000006840F001002168086006E000BF0020F9
:1038800084F8340000BF4FF002084046C6E700004D
:1038900010B50446204600F00BF800F080008028A8
:1038A00003D1024800680AF049F910BDCC0B002092
:1038B0000146D1F88C0070472DE9F041044620689C
:1038C000876B206800F580504569206800F58050BE
:1038D000C6693848D0F8008005F0400050B106F0C5
:1038E000400038B13449206800F5805041612046DD
:1038F00000F09CF805F0010058B106F0010040B15D
:103900004FF00111206800F580504161204600F021
:10391000C3F805F4004088B306F4004070B3D4F84F
:10392000880040F00800C4F8880005F40050A8B1F1
:10393000206800F58050406920490840C4F88C0098
:10394000206800F58050C06920F4C031206800F57F
:103950008050C161E020C4F884000CE0206800F5CC
:103960008050406948F280610840C4F88C002068AB
:1039700000F5805041612046FFF78AFF07F00800FC
:1039800058B12068C06A00F06000C4F89400204676
:1039900000F016F80020C4F8940008F4002030B1BC
:1039A0004FF4002003490860204600F07FF8BDE88E
:1039B000F0810000143C01404000010000207E0026
:1039C00070472DE9F04705460E4617469846286889
:1039D000046904F01C044FF4784000EAC620044354
:1039E0004FF4F86000EA8710044324F0020444F026
:1039F00001042868046100F08FF981460BE000F0B3
:103A00008BF9A0EB0900B0F5803F02D30120BDE89F
:103A1000F0872868046904F001000028EFD12868C5
:103A2000406980B2C8F800000020F0E710B50446F5
:103A3000024800680AF082F810BD0000CC0B00209C
:103A400070B506463068046924F01C0400F062FB7F
:103A500005460D48854202D244F0080411E00B48A7
:103A6000854202D244F00C040BE00948854200D2A2
:103A700007E00848854202D244F0040401E044F023
:103A800010043068046170BDC00E160200879303F5
:103A900000E1F50580D1F00810B504460248006841
:103AA0000AF04CF810BD0000D00B002070472DE943
:103AB000F04705460E46174698462868046904F004
:103AC0001C044FF4784000EAC62004434FF4F86029
:103AD00000EA8710044344F0020444F001041FFA92
:103AE00088F0296848612868046100F015F981466A
:103AF0000BE000F011F9A0EB0900B0F5803F02D314
:103B00000120BDE8F0872868046904F0010000285E
:103B1000EFD100BFF5E70000F8B502460B460025DF
:103B2000002400200021D6E0012606FA01F51E68D7
:103B300006EA0504AC4274D11E7906F00306012E94
:103B400004D01E7906F00306022E13D190684F00B0
:103B50000326BE40B0434F00DE68BE403043906055
:103B6000506801268E40B0431E79C6F300168E4081
:103B7000304350601E7906F00306032E09D0D0684A
:103B80004F000326BE40B0434F009E68BE40304306
:103B9000D0601E7906F00306022E13D1CF0802F181
:103BA000200656F827004E07F70E0F26BE40B043FA
:103BB0004F07FF0E1E69BE403043CF0802F12006BA
:103BC00046F8270010684F000326BE40B0431E7918
:103BD00006F003064F00BE40304310605E6806F4F6
:103BE0004036002E76D000BF002600963C4E366848
:103BF00046F480463A4F3E603E46366806F48046BC
:103C0000009600BF00BF374E8F0856F827008E077A
:103C1000370F0F26BE40B043334EB24202D10026CA
:103C200024E057E0314EB24201D101261EE0304E71
:103C3000B24201D1022619E02E4EB24201D1032632
:103C400014E02D4EB24201D104260FE02B4EB242B9
:103C500001D105260AE02A4EB24201D1062605E02E
:103C6000284EB24201D1072600E008268F073F0FF9
:103C7000BE4030431B4E8F0846F82700224E306866
:103C8000A0435E6806F4801606B120431E4E3060E5
:103C9000361D3068A0435E6806F4001606B1204366
:103CA000194E361D3060184E361F3068A0435E68CE
:103CB00006F4003606B12043134E361F3060361F1F
:103CC0003068A0435E6806F4803606B120430E4E8D
:103CD000083E3060491C1029FFF426AFF8BD0000F3
:103CE000443802400838014000000240000402400D
:103CF00000080240000C0240001002400014024084
:103D000000180240001C0240083C01400AB18161D9
:103D100001E00B04836170470148006870470000B0
:103D2000A80B0020034800680349097808440149AA
:103D300008607047A80B0020B00B002010B50D489C
:103D4000006840F400700B4908600846006840F4C1
:103D5000806008600846006840F4807008600320B6
:103D600000F0E0F80F2000F007F800F05FF8002006
:103D700010BD0000003C02402DE9F04188B004462F
:103D80000027B84600BF002001902348006840F09B
:103D90000400214908600846006800F00400019012
:103DA00000BF00BF02A903A800F092F9069F1FB947
:103DB00000F0B6F9054602E000F0B2F945001748F8
:103DC000B5FBF0F0A0F1010815481649086040F273
:103DD000E7311448C160C0F80480002101618160AE
:103DE000816100F043FF064696B90E4800F0ACFF33
:103DF00006466EB91E2000F043F8102C07D20022B0
:103E000021461E2000F050F80748046000E001261B
:103E1000304608B0BDE8F0814038024040420F0013
:103E20000008004084010010AC0B002008B500BF62
:103E3000002000901148006840F480400F4908605D
:103E40000846006800F48040009000BF00BF00BF3B
:103E500000200090081F006840F08050091F086093
:103E60000846006800F08050009000BF00BF0022AC
:103E70000F21901E00F018F808BD000044380240E1
:103E80000146084600280DDB00BF00BF00F01F03FD
:103E900001229A4043099B0003F1E023C3F800216B
:103EA00000BF00BF00BF70472DE9F05F80460D46A0
:103EB0001646002705F0AEFE074639462A46334629
:103EC00001F00700C0F1070ABAF1040F02D94FF060
:103ED000040A01E0C0F1070AD14600F1040ABAF170
:103EE000070F02D24FF0000A01E0A0F1030AD44606
:103EF0004FF0010A0AFA09FAAAF1010A0AEA020ACB
:103F00000AFA0CFA4FF0010B0BFA0CFBABF1010BA8
:103F10000BEA030B4AEA0B042146404605F082FEF9
:103F2000BDE8F09F00BF00F00702064B19684FF68E
:103F3000FF031940044B0B4343EA0221014B196074
:103F400000BF70470CED00E00000FA0570B50446B4
:103F50000D460CB9012070BD5848006800F00700FC
:103F6000A84209D255490D700846006800F00700C4
:103F7000A84201D00120EEE7207800F002000228DC
:103F80001DD1207800F00400042805D14C480068B9
:103F900040F4E0504A490860207800F00800082802
:103FA00005D14748006840F46040454908604448EE
:103FB000006820F0F000A1680843414908602078BB
:103FC00000F00100A8B36068012807D13C48083818
:103FD0000068C0F34040B8B90120BCE7606802281F
:103FE00002D06068032807D1354808380068C0F35C
:103FF000406048B90120AEE7314808380068C0F396
:10400000400008B90120A6E72D48006820F0030011
:10401000616808432A490860FFF77EFE064609E00A
:10402000FFF77AFE801B41F28831884202D90320D3
:1040300091E707E02248006800F00C006168B0EBEF
:10404000810FEDD11D48006800F00700A84209D992
:104050001A490D700846006800F00700A84201D018
:10406000012078E7207800F00400042807D11448E4
:10407000006820F4E050E1680843114908602078A6
:1040800000F00800082808D10D48006820F46040BE
:10409000216940EAC1000A49086000F061F8084956
:1040A0000968C1F30311074A515CC840064908601A
:1040B00006480068FFF760FE00204CE7003C024025
:1040C00008380240EC0A0108B40B0020AC0B0020B9
:1040D0000F2202600D4A126802F0030242600B4A8E
:1040E000126802F0F0028260084A126802F4E0529C
:1040F000C260064A126802F46042D2080261044AB1
:10410000126802F007020A60704700000838024097
:10411000003C02400148006870470000B40B0020DA
:1041200000B5FFF7F7FF04490968C1F38221034A8C
:10413000515CC84000BD000008380240FC0A01087C
:1041400000B5FFF7E7FF04490968C1F34231034AAC
:10415000515CC84000BD000008380240FC0A01085C
:104160002DE9F047002400250026A14625480068D7
:1041700000F00C0020B1042805D008283AD105E051
:10418000DFF8849039E0DFF8849036E01D48001FA6
:10419000006800F03F041B48001F006800F4800026
:1041A00078B11A481749091F0968C1F38811A0FBA3
:1041B00001700146224600233846FCF761F80546A7
:1041C0000EE011480F49091F0968C1F38811A0FBCF
:1041D00001700146224600233846FCF751F8054697
:1041E0000848001F0068C0F30140401C4600B5FBB2
:1041F000F6F902E0DFF8109000BF00BF4846BDE8C6
:10420000F0870000083802400024F40000127A0011
:10421000F8B504460CB90120F8BD207800F0010083
:10422000002874D0F948006800F00C0004280DD074
:10423000F648006800F00C00082813D1F348001F6E
:10424000006800F48000B0F5800F0BD1EF4808380B
:104250000068C0F34040002859D06068002856D15B
:104260000120D9E700BF6068B0F5803F08D1E7487A
:104270000838006840F48030E449083908601EE0DE
:104280006068B0F5A02F0DD1E0480838006840F410
:104290008020DE49083908600846006840F4803014
:1042A00008600CE0D9480838006820F48030D7490D
:1042B000083908600846006820F48020086000BFC4
:1042C000606890B1FFF728FD054606E0FFF724FD82
:1042D000401B642801D903209EE7CC4808380068B9
:1042E000C0F340400028F1D011E0FFF715FD05466E
:1042F00006E0FFF711FD401B642801D903208BE77E
:10430000C24808380068C0F340400028F1D1207846
:1043100000F0020002285FD1BC48006800F00C00E9
:1043200058B1BA48006800F00C0008281CD1B74802
:10433000001F006800F48000B0B9B4480838006875
:10434000C0F3400020B1E068012801D0012063E7FC
:10435000AE480838006820F0F800216940EAC10042
:10436000AA490839086037E0E06800B30120A8498D
:104370000860FFF7D1FC054606E0FFF7CDFC401BC7
:10438000022801D9032047E7A04808380068C0F395
:1043900040000028F1D09D480838006820F0F8005F
:1043A000216940EAC10099490839086014E00020F9
:1043B00097490860FFF7B0FC054606E0FFF7ACFC44
:1043C000401B022801D9032026E7904808380068DE
:1043D000C0F340000028F1D1207800F00800082840
:1043E0002CD16069A8B101208A490860FFF794FCCC
:1043F000054606E0FFF790FC401B022801D9032088
:104400000AE782486C300068C0F340000028F1D011
:1044100014E000207F490860FFF77EFC054606E0B7
:10442000FFF77AFC401B022801D90320F4E6774805
:104430006C300068C0F340000028F1D1207800F013
:104440000400042870D1002770483830006800F05C
:10445000805090B900BF002000906C483830006850
:1044600040F080506949383108600846006800F023
:104470008050009000BF00BF01276748006800F42B
:104480008070B0B96448006840F480706249086088
:10449000FFF742FC054606E0FFF73EFC401B022802
:1044A00001D90320B8E65C48006800F48070002859
:1044B000F2D000BFA068012808D1544868300068D5
:1044C00040F001005149683108601DE0A0680528EE
:1044D0000DD14E486830006840F004004B49683107
:1044E00008600846006840F0010008600CE047489A
:1044F0006830006820F001004449683108600846CF
:10450000006820F00400086000BFA068A8B1FFF7B1
:1045100003FC054609E0FFF7FFFB401B41F2883131
:10452000884202D9032077E626E0384868300068E0
:10453000C0F340000028EED013E0FFF7EDFB054686
:1045400008E0FFF7E9FB401B41F28831884201D9BE
:10455000032061E62D4868300068C0F34000002861
:10456000EFD1012F07D129483830006820F0805062
:1045700026493831086000BFA069002845D023488B
:10458000006800F00C0008285DD0A069022845D121
:1045900000201F490866FFF7BFFB054606E0FFF74E
:1045A000BBFB401B022801D9032035E61748083819
:1045B0000068C0F340600028F1D1D4E90701084346
:1045C000616A40EA81110122A06AC2EB500041EA0F
:1045D00000412C20005D41EA00600C49091F086081
:1045E00001200B490866FFF797FB054606E0FFF739
:1045F00093FB401B022801D903200DE6034808382D
:104600000068C0F340600028F1D049E0083802405B
:1046100000004742800E47420070004000202149C0
:104620000866FFF779FB054606E0FFF775FB401BC0
:10463000022801D90320EFE51B480068C0F3406061
:104640000028F2D12CE0A069012800D1E4E5164849
:10465000001D0668A069012820D006F48001E069E9
:1046600081421BD106F03F01206A814216D147F6F4
:10467000C0703040616AB0EB811F0FD106F4403149
:104680000122A06AC2EB5000B1EB004F06D106F048
:1046900070612C20005DB1EB006F01D00120BBE503
:1046A0000020B9E500004742003802407047000092
:1046B000F8B504462068466820688568C5F3801010
:1046C00048B905F0010030B1C6F3801018B120469A
:1046D000216C8847F8BDC5F3400030B1C6F3C01067
:1046E00018B12046616C8847F4E7C5F3401030B933
:1046F000C5F3801018B9C5F3002000287CD0C6F39C
:10470000401000287DD0C5F38010F0B194F851001E
:1047100003280ED0606D40F00400606500BF0020EB
:1047200000902068C068009020688068009000BFFA
:104730000BE000BF002000902068C0680090206857
:104740008068009000BF00BFC4E7C5F3401088B187
:10475000606D40F00100606500BF0020009020689F
:10476000806800902068006820F0400021680860A0
:1047700000BF00BFC5F3002058B1606D40F00800D5
:10478000606500BF0020009020688068009000BF36
:1047900000BF606D78B32068406820F0E0002168B9
:1047A0004860012084F8510006F00200022802D07F
:1047B00006F0010008B32068406820F0030021687B
:1047C0004860E06C50B11048E16C0865E06CFEF7A1
:1047D0006AFE18B1606D40F040006065A06C50B199
:1047E0000948A16C0865A06CFEF75DFE18B1606D0C
:1047F00040F04000606503E003E02046FFF756FF0D
:1048000068E700BF66E70000E586000810B50446CB
:104810000CB9012010BD606A38B96068B0F5827FBC
:1048200000D105E00021E16102E000212161616128
:104830000021A16294F8510028B9002084F85000AA
:10484000204600F047F8022084F8510020680068F4
:1048500020F0400021680860A08800F4827021895F
:1048600001F404410843A18901F400610843217C5B
:1048700001F002010843217D01F001010843218B71
:1048800001F400710843217F01F038010843202121
:10489000095D01F080010843218D01F400510843B6
:1048A000216808600421A06901EA104094F82410EE
:1048B00001F010010843216848602068C06920F4B5
:1048C00000602168C86100206065012084F8510003
:1048D00000209FE710B586B00446142101A8FBF71D
:1048E00027FD1F492068884238D100BF0020009072
:1048F0001C48006840F480401A4908600846006877
:1049000000F48040009000BF00BF00BF0020009076
:1049100014481038006840F002001249103908604D
:104920000846006800F00200009000BF00BF4FF48E
:104930006040019002200290002003900320049028
:104940000520059001A90848FFF7E6F80022052197
:104950002420FFF7A9FA2420FFF792FA06B010BD31
:104960000038004040380240000402402DE9FE4F6C
:1049700004460F4690461D460C9E01200190FFF70D
:10498000CBF9814694F851B060680290AA46BBF119
:10499000010F0BD00298B0F5827F04D1A06810B946
:1049A000BBF1040F02D00220BDE8FE8F1FB1B8F1A9
:1049B000000F00D00DB90120F6E700BF94F85000B9
:1049C000012801D10220EFE7012084F8500000BF48
:1049D00094F85100042802D0052084F851000020EA
:1049E0006065C4F83880E587A5872763E586A586D6
:1049F000206460642068006800F04000402805D012
:104A00002068006840F0400021680860E068B0F568
:104A1000006F52D1606810B1BAF1010F09D1206B5B
:104A200000882168C860206B801C2063E08E401ED7
:104A3000E0863BE02068806800F00200022810D188
:104A4000E08E70B1019801280BD1206B008821689D
:104A5000C860206B801C2063E08E401EE086002032
:104A600001902068806800F0010068B1E08F58B1C3
:104A70002068C068A16B0880A06B801CA063E08FD9
:104A8000401EE08701200190FFF746F9A0EB0900E6
:104A9000B0420BD3701C48B1012084F8510000BF14
:104AA000002084F8500000BF03207DE7E08E00283E
:104AB000C0D1E08F0028BDD152E0606810B1BAF1DA
:104AC000010F09D1206B007821680873206B401C0E
:104AD0002063E08E401EE0863CE02068806800F0A5
:104AE0000200022810D1E08E70B1019801280BD18C
:104AF000206B007821680873206B401C2063E08ED7
:104B0000401EE086002001902068806800F00100CF
:104B100068B1E08F58B12068C068A16B0870A06BC5
:104B2000401CA063E08F401EE08701200190FFF74A
:104B3000F3F8A0EB0900B04201D3701C00B94EB9E4
:104B4000012084F8510000BF002084F8500000BF0D
:104B5000032029E7E08E0028BFD1E08F0028BCD1D8
:104B60004A463146204603F0C7FD40B1202060652B
:104B700000BF002084F8500000BF012014E7A068A7
:104B800050B900BF002000902068C06800902068E5
:104B90008068009000BF00BF012084F8510000BF72
:104BA000002084F8500000BF606D08B10120FBE6D2
:104BB0000020F9E67047704730B502460B4600BF4B
:104BC00092F83C00012801D1022030BD012082F87A
:104BD0003C0000BF022082F83D0010684468106865
:104BE000816824F070041868044310684460184D0C
:104BF0001068A8421BD01068B0F1804F17D0154D37
:104C00001068A84213D0144D1068A8420FD0134D5D
:104C10001068A8420BD0124D1068A84207D0114D61
:104C20001068A84203D0104D1068A84205D121F0A9
:104C300080015868014310688160012082F83D00BE
:104C400000BF002082F83C0000BF00BFBDE70000AD
:104C5000000001400004004000080040000C00403B
:104C600000040140004001400018004010B5044617
:104C70000CB9012010BD94F83D0028B9002084F83B
:104C80003C00204600F026F8022084F83D00211D5B
:104C9000206804F00FF8012084F8460000BF84F873
:104CA0003E0001213F200155402001554120015582
:104CB00000BF00BF012084F842004320015544207A
:104CC00001554520015500BF012084F83D0000201A
:104CD000D0E7000038B5044618492068884218D14A
:104CE00000BF002000901648006840F010001449F2
:104CF00008600846006800F01000009000BF00BF88
:104D0000002205213620FFF7CFF83620FFF7B8F84C
:104D100013E00C49206888420FD100BF00200090AA
:104D20000748006840F02000054908600846006810
:104D300000F02000009000BF00BF38BD0010004010
:104D40004038024000140040014691F83D0001281F
:104D500001D001207047022081F83D000868C0683A
:104D600040F001000B68D8601A4B086898421BD0CD
:104D70000868B0F1804F17D0174B0868984213D0DD
:104D8000164B086898420FD0154B086898420BD014
:104D9000144B0868984207D0134B0868984203D018
:104DA000124B086898420CD10868806800F007022E
:104DB000062A0CD00868006840F001000B681860F3
:104DC00005E00868006840F001000B6818600020EA
:104DD000C0E700000000014000040040000800405F
:104DE000000C004000040140004001400018004059
:104DF000704770B504462068C5682068066906F0EB
:104E00000200022819D105F00200022815D1401F26
:104E100021680861012020772068806900F0030084
:104E200018B12046FFF7E4FF05E0204600F097F8B0
:104E3000204600F095F80020207706F004000428B2
:104E400019D105F00400042815D1C0432168086178
:104E5000022020772068806900F4407018B1204655
:104E6000FFF7C6FF05E0204600F079F8204600F085
:104E700077F80020207706F00800082819D105F0FF
:104E80000800082815D1C043216808610420207754
:104E90002068C06900F0030018B12046FFF7A8FFA2
:104EA00005E0204600F05BF8204600F059F80020AD
:104EB000207706F01000102819D105F010001028F6
:104EC00015D1C04321680861082020772068C06997
:104ED00000F4407018B12046FFF78AFF05E0204635
:104EE00000F03DF8204600F03BF80020207706F067
:104EF000010048B105F0010030B16FF001002168F8
:104F00000861204600F02EF806F08000802809D1C4
:104F100005F08000802805D1C04321680861204643
:104F2000FFF748FE06F04000402809D105F0400098
:104F3000402805D1C04321680861204600F01EF8D2
:104F400006F02000202809D105F02000202805D1F6
:104F5000C043216808612046FFF72DFE70BD7047F1
:104F60007047000010B5044603492068884201D10B
:104F7000FEF7D8FE10BD00000008004070477047E3
:104F800008B5014691F8410021280ED100BF00BFAD
:104F90000A68143252E8002F42F080000A68143286
:104FA00042E80003002BF3D100BF91F84200222811
:104FB00039D100BF002000900868006800900868A0
:104FC0004068009000BF00BF086970B100BF00BF1B
:104FD0000A680C3252E8002F42F480700A680C32E2
:104FE00042E80003002BF3D100BF00BF00BF0A68F6
:104FF000143252E8002F42F001000A68143242E8ED
:105000000003002BF3D100BF00BF00BF0A681432B9
:1050100052E8002F42F040000A68143242E80003D0
:10502000002BF3D100BF002008BD70B50446002559
:1050300020684069C0F3C01594F84100212817D1B9
:10504000B5B100BF00BF2168143151E8001F21F045
:1050500080002168143141E80002002AF3D100BF2A
:10506000A06B10B1A06BFEF7C8F9204604F05FF802
:1050700020684069C0F3801594F84200222817D1B7
:10508000B5B100BF00BF2168143151E8001F21F005
:1050900040002168143141E80002002AF3D100BF2A
:1050A000E06B10B1E06BFEF7A8F9204603F0F9FFC2
:1050B000002070BD704700002DE9F84F04462068BD
:1050C00005682068C668206847694FF00009CA462D
:1050D00005F00F09B9F1000F0AD105F0200038B131
:1050E00006F0200020B1204604F034F8BDE8F88F27
:1050F000B9F1000F7CD007F0010018B906F49070E8
:10510000002875D005F0010030B106F4807018B1A8
:10511000606C40F00100606405F0040030B107F0FD
:10512000010018B1606C40F00200606405F00200FC
:1051300030B107F0010018B1606C40F00400606409
:1051400005F0080048B106F0200010B907F0010092
:1051500018B1606C40F008006064606C002846D0B4
:1051600005F0200028B106F0200010B1204603F021
:10517000F1FF20684069C0F3801A606C00F00800FD
:1051800010B9BAF1000F2DD0204603F08AFF206835
:10519000406900F04000402820D100BF00BF2168D6
:1051A000143151E8001F21F040002168143141E81A
:1051B0000002002AF3D100BFE06B50B17748E16BE9
:1051C0000865E06BFEF76FF988B1E06B016D884709
:1051D0000DE02046FFF76EFF09E009E02046FFF7EB
:1051E00069FF04E02046FFF765FF002060647DE76B
:1051F000206B012878D105F01000002874D006F04B
:1052000010000028FAD000BF00200090206800683D
:10521000009020684068009000BF00BF206840698F
:1052200000F04000402860D1E06B006840681FFA41
:1052300080F8B8F1000F56D0A08D404553DDA4F89A
:105240002E80E06BC069B0F5807F43D000BF00BF07
:1052500021680C3151E8001F21F4807021680C3165
:1052600041E80002002AF3D100BF00BF00BF21685F
:10527000143151E8001F21F001002168143141E888
:105280000002002AF3D100BF00BF00BF2168143123
:1052900051E8001F21F040002168143141E800026C
:1052A000002AF3D100BF202084F8420000202063B0
:1052B00000BF00BF21680C3151E8001F21F0100031
:1052C00021680C3141E80002002AF3D100BFE06BF5
:1052D000FEF793F802206063A08DE28D801A81B200
:1052E0002046FFF74CFE01E742E0A08DE18D401A19
:1052F0001FFA80F8E08DD0B3B8F1000F37D000BFAF
:1053000000BF21680C3151E8001F21F49070216822
:105310000C3141E80002002AF3D100BF00BF00BFFA
:105320002168143151E8001F21F001002168143177
:1053300041E80002002AF3D100BF202084F8420097
:105340000020206300BF00BF21680C3151E8001F1E
:1053500021F0100021680C3141E80002002AF3D14D
:1053600000BF0220606341462046FFF708FEBDE60D
:1053700005F0800030B106F0800018B1204604F03E
:1053800001F9B3E605F0400030B106F0400018B175
:10539000204603F0BCFEA9E600BFA7E6018F000887
:1053A00010B504460CB9012010BDA06900B100E0A1
:1053B00000BF94F8410028B9002084F8400020463E
:1053C00000F02AF8242084F841002068C06820F406
:1053D00000502168C860204603F03AFF2068006949
:1053E00020F49040216808612068406920F02A007C
:1053F000216848612068C06840F400502168C86096
:1054000000206064202084F8410084F842000020DD
:10541000606300BFC8E7000010B586B004461421E1
:1054200001A8FAF785FFFE49206888424ED100BFE7
:1054300000200090FB48006840F40020F949086013
:105440000846006800F40020009000BF00BF00BFC5
:1054500000200090F3481038006840F00100F14946
:10546000103908600846006800F00100009000BF95
:1054700000BF00BF002000900846006840F0040014
:1054800008600846006800F00400009000BF00BFFC
:10549000012001900220029000200390032004903C
:1054A0000820059001A9E048FEF736FB4FF40060A4
:1054B0000190022002900020039003200490082015
:1054C000059001A9D948FEF727FB2BE2D8492068AF
:1054D00088427DD100BF00200090D248001D0068A6
:1054E00040F01000CF49091D08600846006800F030
:1054F0001000009000BF00BF00BF00200090C9480E
:105500001038006840F00100C649103908600846AC
:10551000006800F00100009000BF00BF4815019036
:1055200002200290012003900320049007200590A0
:1055300001A9BD48FEF7F0FA4FF480600190022007
:1055400002900390032004900720059001A9B6481B
:10555000FEF7E2FAB748B84908604FF000604860CB
:105560000021B5488160C1604FF480610161002174
:1055700041618161C16101624162FEF7C9F808B110
:10558000FCF7CEFE00BFAC48E063846300BFA948CF
:105590007830AA4908604FF0006048604021A74871
:1055A00081600021C1604FF480610161002141618F
:1055B0008161C16101624162FEF7AAF808B1FCF79E
:1055C000AFFE00BF9D48A063846300BF002200E0DF
:1055D00007E005212520FEF767FC2520FEF750FC9B
:1055E000A0E197492068884275D100BF0020009053
:1055F0008C48006840F400308A490860084600681A
:1056000000F40030009000BF00BF00BF00200090F9
:1056100084481038006840F008008249103908605A
:105620000846006800F00800009000BF00BF60203E
:105630000190022002900120039003200490072093
:10564000059001A97F48FEF767FA7F487F49086007
:105650004FF00060486000217C488160C1604FF4D9
:1056600080610161002141618161C161016241622A
:10567000FEF74EF808B1FCF753FE00BF7348E06335
:10568000846300BF70481830714908604FF00060B3
:10569000486040216E4881600021C1604FF4806104
:1056A0000161002141618161C16101624162FEF7D6
:1056B0002FF808B1FCF734FE00BF6548A06384638F
:1056C00000BF002205212620FEF7EEFB2620FEF774
:1056D000D7FB27E1FFE75F492068884277D100BF09
:1056E000002000904F48006840F480204D49086039
:1056F0000846006800F48020009000BF00BF00BF93
:105700000020009047481038006840F002004549EA
:10571000103908600846006800F00200009000BFE1
:1057200000BF4FF4406001900220029001200390DE
:10573000032004900720059001A94748FEF7ECF9E3
:1057400041486038454908604FF0006048600021DA
:1057500042488160C1604FF4806101610021416174
:105760008161C16101624162FDF7D2FF08B1FCF7BE
:10577000D7FD00BF3948E063846300BF324830384A
:10578000374908604FF0006048604021344881602C
:105790000021C1604FF4806101610021416181619C
:1057A000C16101624162FDF7B3FF08B1FCF7B8FDCA
:1057B00000BF2B48A063846300BF0022052127207F
:1057C000FEF772FB2720FEF75BFBABE0FFE7254906
:1057D00020688842F9D100BF002000901148001DC8
:1057E000006840F020000F49091D08600846006865
:1057F00000F02000009000BF00BF00BF002000901C
:1058000008481038006840F0040006491039086064
:105810000846006800F00400009000BF00BF23E0CD
:10582000004C0040403802400000024000080240A6
:1058300000100140406402403822002098220020DD
:1058400000440040000C024088600240F822002022
:10585000582300200048004000040240B8230020E4
:1058600018240020001401404020019002200290E2
:1058700001200390032004900820059001A92A48E4
:10588000FEF74AF980200190022002900390032045
:1058900004900820059001A92348FEF73DF923480C
:1058A0002349086080054860002121488160C1606B
:1058B0004FF480610161002141618161C161016238
:1058C0004162FDF725FF08B1FCF72AFD00BF18482B
:1058D000E063846300BF15487830164908604FF0D4
:1058E000206048604021134881600021C1604FF46E
:1058F00080610161002141618161C1610162416298
:10590000FDF706FF08B1FCF70BFD00BF0948A063D7
:10591000846300BF002205214720FEF7C5FA472017
:10592000FEF7AEFA06B010BD00080240286402403F
:1059300078240020D824002070B504460D46164671
:1059400094F8420020280BD105B10EB9012070BD9A
:105950000020206332462946204603F08FFDF6E7FB
:105960000220F4E770B504460D46164694F842004E
:1059700020280BD105B10EB9012070BD0020206395
:1059800032462946204603F0DDFDF6E70220F4E723
:1059900010B50446084884420CD1084800786628AF
:1059A00004D1064890F82D00992800D010BD044875
:1059B00004F0D6F800BFF9E760210020F81E0020AF
:1059C000A418002070470000F7B50446154694F867
:1059D0004100202836D1019800B10DB90120FEBD4B
:1059E00001982062A584E58400206064212084F869
:1059F00041001548A16BC8631448A16B08641448A2
:105A0000A16BC8640020A16B086501AE23681A1D54
:105A100031682B46A06BFDF7F1FE6FF04000216866
:105A2000086000BF00BF2168143151E8001F41F039
:105A300080002168143141E80002002AF3D100BF40
:105A40000020CCE70220CAE73D90000895900008AE
:105A5000158F00087047704700BFFEE790ED031AEE
:105A6000D0ED041AF7EE000A41EE210AB7EE001A53
:105A7000C1EE201AB0EE610AF7EE000A70EEC00A1D
:105A800090ED021A60EE810A90ED001A40EE010AD4
:105A9000C0ED010AD0ED010AC0ED000A7047000018
:105AA00010B50E480E4908600320486000210C48DC
:105AB0008160C1604FF4002101614FF440114161E8
:105AC0000021017641768176C17601774177FDF735
:105AD00095F908B1FCF724FC10BD000000640040FB
:105AE000F01F002010B50E480E49086003204860E2
:105AF00000210C488160C1604FF4002101614FF426
:105B0000401141610021017641768176C1760177AD
:105B10004177FDF773F908B1FCF702FC10BD0000F6
:105B2000006800401820002008B500BF0020009049
:105B30002E48006840F480002C4908600846006840
:105B400000F48000009000BF00BF00BF0020009064
:105B50000846006840F4001008600846006800F439
:105B60000010009000BF00BF002205210C20FEF7AE
:105B70009BF90C20FEF784F9002205210E20FEF788
:105B800093F90E20FEF77CF9002205211020FEF784
:105B90008BF91020FEF774F9002205211120FEF781
:105BA00083F91120FEF76CF9002205213920FEF758
:105BB0007BF93920FEF764F9002205213A20FEF72F
:105BC00073F93A20FEF75CF9002205214520FEF723
:105BD0006BF94520FEF754F9002205214620FEF717
:105BE00063F94620FEF74CF908BD0000303802404A
:105BF00010B5234A0021234807F0CEFF2249086050
:105C0000224A0021224807F0C7FF22490860224AA1
:105C10000021224807F0C0FF21490860214A0021E5
:105C2000214807F0B9FF21490860214A0021214895
:105C300007F0B2FF20490860204A0021204807F001
:105C4000ABFF20490860204A0021204807F0A4FF4C
:105C50001F4908601F4A00211F4807F09DFF1F4988
:105C600008601F4A00211F4807F096FF1E49086080
:105C70001E4A00211E4807F08FFF1E49086010BD14
:105C80007C0901089F880008800B0020A0090108FA
:105C900035F40008840B0020C409010843F400080F
:105CA000880B0020E8090108E5F400088C0B0020AF
:105CB0000C0A0108A9F50008900B0020300A010821
:105CC00081F30008940B0020540A0108FDCF00085E
:105CD000980B0020780A0108D7F400089C0B0020DC
:105CE0009C0A010811BD0008A00B0020C00A010891
:105CF000A5CF0008A40B002000B587B0142102A88E
:105D0000FAF716FB00BF002001904548006840F0FC
:105D10008000434908600846006800F08000019058
:105D200000BF00BF00BF002001900846006840F09F
:105D3000040008600846006800F00400019000BFFD
:105D400000BF00BF002001900846006840F001003D
:105D500008600846006800F00100019000BF00BF25
:105D600000BF002001900846006840F00200086073
:105D70000846006800F00200019000BF00BF00BFAD
:105D8000002001900846006840F0080008600846BE
:105D9000006800F00800019000BF00BF00BF0020B5
:105DA00001900846006840F040000860084600681E
:105DB00000F04000019000BF00BF01228914194883
:105DC000FDF7A4FF00224FF480711748FDF79EFFF6
:105DD0004FF4805002900120039000200490032093
:105DE000059002A90F48FDF797FE4FF480700290CE
:105DF00001200390002004900320059002A90A4886
:105E0000FDF78AFE4FF400700290002003900120FD
:105E1000049002A90448FDF77FFE07B000BD000012
:105E20003038024000040240000C024010B50E4819
:105E30000E4908604FF48270486000210B48816071
:105E4000C160016141614FF4007181611821C1613C
:105E500000210162416281620A21C162FEF7D6FC23
:105E600008B1FCF75DFA10BD003800402C010010AD
:105E70001CB50020009001900E480F49086040F2C8
:105E80004730486000210C4881606321C1600021D7
:105E90008161FEF7EBFE08B1FCF742FA00200090AA
:105EA000019069460448FEF787FE08B1FCF738FA0E
:105EB0001CBD000000100040402000201CB5002048
:105EC000009001900E480F490860002048600021B2
:105ED0000C4881604FF6FF71C16000218161FEF7BF
:105EE000C5FE08B1FCF71CFA00200090019069463D
:105EF0000448FEF761FE08B1FCF712FA1CBD000071
:105F0000001400408820002010B50B480B490860A1
:105F10004FF4E1304860002108488160C1600161B0
:105F20000C21416100218161C161FFF739FA08B19B
:105F3000FCF7F6F910BD0000004C0040D020002016
:105F400010B50B480B4908604FF4612048600021F0
:105F500008488160C16001610C21416100218161BB
:105F6000C161FFF71DFA08B1FCF7DAF910BD0000B6
:105F7000001001401821002010B50B480B490860A3
:105F80004FF4E1304860002108488160C160016140
:105F90000C21416100218161C161FFF701FA08B163
:105FA000FCF7BEF910BD0000004400406021002055
:105FB00010B50B480B4908604FF4E13048600021F0
:105FC00008488160C16001610C214161002181614B
:105FD000C161FFF7E5F908B1FCF7A2F910BD0000B7
:105FE00000480040A821002010B50B480B4908606C
:105FF0004FF4E1204860002108488160C1600161E0
:106000000C21416100218161C161FFF7C9F908B12B
:10601000FCF786F910BD000000140140F0210020BB
:1060200000BFFEE710B52DED088B0446464890ED05
:10603000000A464880ED060A434890ED010A4448AC
:1060400080ED060A4148FBF7ABF94148FBF7A8F998
:106050003E4890ED010A3F4880ED020A3C4890ED31
:10606000010A3D4880ED020A3A48FFF7F7FC3A483A
:10607000FFF7F4FC374890ED010A334880ED030A3E
:10608000354890ED010A304880ED040A90ED030A8E
:1060900010EE101A0846FAF7FCFA41EC1B0B9FEDC4
:1060A0002F0B53EC102BFAF7F5F941EC190B26489E
:1060B00090ED050A10EE101A0846FAF7EAFA41ECDC
:1060C0001A0B53EC192BFAF73EF941EC180BFAF7BF
:1060D00023FB1D494861084690ED040A10EE101A92
:1060E0000846FAF7D6FA41EC1B0B9FED1C0B53EC5C
:1060F000102BFAF7CFF941EC190B134890ED060A73
:1061000010EE101A0846FAF7C4FA41EC1A0B53ECD9
:10611000192BFAF718F941EC180BFAF7FDFA0A49AE
:106120008861084690ED050A84ED000A90ED060AA4
:1061300084ED010A0B48C08A401C81B20948C18223
:10614000BDEC088B10BD0000A418002090020020B8
:10615000AC020020280300203C0300207B14AE4743
:10616000E17A943F040C002000BFFEE71CB510A1AB
:1061700003C9CDE9000105226946302000F0E2F8AC
:1061800005226946102000F04DF8002406E01DF8B5
:106190000400A52800D003E0601CC4B2052CF6DB87
:1061A00000BF052C01D001201CBD0020FCE7000031
:1061B000A5A5A5A5A500000010B500224FF480718B
:1061C0001648FDF7A3FD0F21202000F0E3F8012180
:1061D000212000F0DFF80121222000F0DBF832213D
:1061E000252000F0D7F80F21262000F0D3F8012158
:1061F0003C2000F0CFF806213D2000F0CBF8202114
:10620000312000F0C7F8052205492A2000F09AF84D
:10621000012211020148FDF779FD10BD000C02407A
:10622000750901082DE9F04105460E461746002282
:106230004FF480510D48FDF769FD29460C4802F0E6
:106240000BFB8046002406E0FF21094802F004FB16
:106250003055601CC4B2BC42F6DB01221103034876
:10626000FDF754FD4046BDE8F08100000004024007
:106270002C01001070B5044600224FF480510948EB
:10628000FDF744FD2146084802F0E6FAFF210648E2
:1062900002F0E2FA0546012211030248FDF736FD3D
:1062A000284670BD000402402C01001070B5054660
:1062B000002400224FF480711348FDF727FD0720CA
:1062C000FFF7D8FF06463146272000F063F806F0B6
:1062D000400088B16020FFF7CDFF0446212C05DA8D
:1062E000224629466120FFF79DFF00E00024FF21A0
:1062F000E22000F04FF804E004480078401C034915
:106300000870204670BD0000000C024054000010D0
:106310000FB410B5FF21E12000F03CF89DF82820D3
:106320009DF8291041F0A80002A900F00BF8012205
:1063300011020348FDF7EAFC10BC5DF814FB0000F5
:10634000000C02402DE9F04105460C46164600229D
:106350004FF480510D48FDF7D9FC29460C4802F056
:106360007BFA8046002706E014F8011B084802F07B
:1063700073FA781CC7B2B742F6DB01221103034857
:10638000FDF7C4FC4046BDE8F08100000004024077
:106390002C01001070B504460D4600224FF48051C8
:1063A0000948FDF7B3FC2146084802F055FA0646B5
:1063B0002946064802F050FA012211030248FDF76F
:1063C000A5FC304670BD0000000402402C01001006
:1063D00070B52DED108B05460C4695ED4F0AFE4825
:1063E000D0ED000A20EE200AFC4880ED000A04F5FA
:1063F0000C60FB490978405C00286BD104F6D4009E
:10640000F74A127800EB820090ED000A10EE101AA5
:106410000846FAF73EF941EC1A0BB0EE4A0AF0EEE4
:106420006A0A03F04DFEB0EE409AF0EE609A9FEDDE
:10643000ED0B53EC102B51EC190BFAF73DF94AD840
:10644000E748007800EB400004EBC00090ED010A43
:10645000E348007800EB400104F5707000EBC100E8
:10646000D0ED010ADD4890ED001A00EE810A85EDBD
:10647000010ADB48007800EB400004EBC00090ED1F
:10648000020AD748007800EB400104F5707000EB79
:10649000C100D0ED020AD14890ED001A00EE810A49
:1064A00085ED1A0ACE48007800EB400104F57070C3
:1064B00000EBC10090ED010A85ED4C0AC848007858
:1064C00000EB400104F5707000EBC10090ED020A92
:1064D00085ED4D0A2FE1C1480068FAF7DAF841EC82
:1064E0001F0B9FEDC21BB0EE4F0AF0EE6F0A03F0D8
:1064F0004BFEB0EE40DAF0EE60DAB948007800EB1F
:10650000400104F5B46000EBC100D0ED050A9FED39
:10651000B91A60EE810AB0EE600A03F029FD04F6B4
:10652000D400AF49097800EB8100D0ED000A20EEDD
:10653000200A10EE106A3046FAF7ABF841EC1E0B59
:1065400053EC1D2BF9F7A6FF41EC1C0B9FEDA70B9D
:1065500053EC102BFAF710F841EC1A0BA048007816
:1065600000EB400004EBC00090ED010A9C4800786D
:1065700000EB400204F5707000EBC200D0ED010AA0
:10658000964890ED001A00EE810A10EE101A0846A7
:10659000FAF77FF841EC1B0B53EC1A2BF9F7D3FEFB
:1065A00041EC190BFAF7B8F868608C480068FAF704
:1065B00070F841EC1F0B9FED8D1BB0EE4F0AF0EE13
:1065C0006F0A03F0E1FDB0EE40DAF0EE60DA8448E5
:1065D000007800EB400104F5B46000EBC100D0EDA1
:1065E000050A9FED841A60EE810AB0EE600A04F09D
:1065F00057FC04F6D4007A49097800EB8100D0ED0D
:10660000000A20EE200A10EE106A3046FAF741F830
:1066100041EC1E0B53EC1D2BF9F73CFF41EC1C0B1E
:106620009FED720B53EC102BF9F7A6FF41EC1A0B00
:106630006B48007800EB400004EBC00090ED020ACC
:106640006748007800EB400204F5707000EBC20070
:10665000D0ED020A614890ED001A00EE810A10EEBA
:10666000101A0846FAF715F841EC1B0B53EC1A2BDD
:10667000F9F769FE41EC190BFAF74EF8A86658488D
:10668000007800EB400104F5B46000EBC100D0EDF0
:10669000050A9FED581A60EE810AB0EE600A03F019
:1066A00067FC4F48007800EB400104F5707000EB88
:1066B000C100D0ED010A04F6D4004949097800EB85
:1066C000810090ED001A4548D0ED001A21EE211A04
:1066D00041EE000AC5ED4C0A4148007800EB40014C
:1066E00004F5B46000EBC100D0ED050A9FED411A3E
:1066F00060EE810AB0EE600A04F0D2FBF0EE400AD0
:106700003748007800EB400104F5707000EBC100E1
:1067100090ED020A04F6D4003149097800EB8100BB
:1067200090ED001A2D48D0ED001A21EE211A01EE4D
:10673000200A85ED4D0A04F50C6029490978405C72
:1067400001287CD12648007800EB400104F5B460B4
:1067500000EBC10090ED050A2148007800EB4001F4
:1067600004F5707000EBC100D0ED050A30EE608AD0
:106770009FED210AB4EEC08AF1EE10FA05DD9FED1F
:106780001F0A38EE400AB0EE408A9FED1D0AB4EEB3
:10679000C08AF1EE10FA05D29FED180A38EE000A11
:1067A000B0EE408A0D4890ED000A28EE000A04F68B
:1067B000C4100B49097800EB8100D0ED000A80EE8F
:1067C000201A0748007800EB400104F5707000EBD8
:1067D000C10090ED050A15E0F80A0020F00A00203B
:1067E0001E0B0020F168E388B5F8E43E00000000CD
:1067F0000000004035FA8E3C000034430000B443F2
:10680000000034C331EE000A5FED060A20EE200AD4
:10681000F0EE408A04F044FBB0EE409A6D480078F8
:1068200000EB400104F5707000EBC100D0ED050AEB
:106830001FED101A60EE810AB0EE600A00E0C6E0BB
:1068400004F02EFB79EE400A6248007800EB40002D
:1068500004EBC00090ED010A04F674105D4909785C
:1068600000EB810090ED001A01EE200A85ED010A8F
:106870005848007800EB400104F5707000EBC1004F
:10688000D0ED050A1FED251A60EE810AB0EE600A10
:1068900003F06EFBB0EE409A4F4890ED000A28EEF0
:1068A000000A04F6C4104B49097800EB8100D0EDD2
:1068B000000A80EE201A4748007800EB400104F5FA
:1068C000707000EBC10090ED050A31EE000A5FED3B
:1068D000370A20EE200AF0EE408A03F049FB79EEF9
:1068E000400A3C48007800EB400004EBC00090ED0B
:1068F000020A04F674103749097800EB810090ED24
:10690000001A01EE200A85ED1A0A334890ED000ABC
:1069100068EE000A04F6C4102E49097800EB8100E5
:1069200090ED001A80EE810A2A48007800EB4001C1
:1069300004F5707000EBC100D0ED050A30EE200ABE
:106940005FED540A20EE200AF0EE408A03F010FBBF
:106950002048007800EB400104F5707000EBC100A6
:10696000D0ED040A20EE200A85ED4C0A1A4890ED7D
:10697000000A68EE000A04F6C4101649097800EB14
:10698000810090ED001A80EE810A1248007800EB39
:10699000400104F5707000EBC100D0ED050A30EE47
:1069A000200A5FED6C0A20EE200AF0EE408A04F027
:1069B00077FA0848007800EB400104F5707000EBAE
:1069C000C100D0ED040A20EE200A85ED4D0ABDEC91
:1069D000108B70BD1E0B0020F00A002010B52DEDAD
:1069E000068B044694ED030A84ED040A94ED001A24
:1069F000F0EE410A94ED011AB0EE410AFAF7CEFD2D
:106A000084ED030AD4ED151AB0EE611AD4ED151A0F
:106A1000F1EE611AF0EE610AD4ED031AB0EE610AEC
:106A2000FBF726FB84ED030AD4ED081A94ED032A44
:106A300061EE821AB0EE610AD4ED111AB0EE611A5D
:106A4000D4ED111AF1EE611AF0EE610AFBF710FBBA
:106A500084ED0C0A94ED060A10EE101A0846F9F7B8
:106A600018FE41EC180B94ED030A10EE101A0846BC
:106A7000F9F70FFE41EC1A0BB0EE4A0AF0EE6A0A83
:106A800003F01EFBB0EE409AF0EE609A53EC182B28
:106A900051EC190BF9F710FE1BD294ED0D0AD4ED51
:106AA000090A94ED031A00EE810A84ED0D0AD4ED73
:106AB000121AB0EE611AD4ED121AF1EE611AF0EE6C
:106AC000610AD4ED0D1AB0EE610AFBF7D1FA84ED3C
:106AD0000D0AD4ED031A94ED042A71EEC21A94ED56
:106AE0000A2A61EE821AB0EE610AD4ED131AB0EEF2
:106AF000611AD4ED131AF1EE611AF0EE610AFBF798
:106B0000B7FA84ED0E0A94ED160A10EE101A084634
:106B1000F9F7BFFD41EC180B94ED030A10EE101AC3
:106B20000846F9F7B6FD41EC1A0BB0EE4A0AF0EE52
:106B30006A0A03F0C5FAB0EE409AF0EE609A53ECA0
:106B4000182B51EC190BF9F7B7FD03D89FED270A65
:106B500084ED0C0A94ED070A10EE101A0846F9F7B6
:106B600098FD41EC180B94ED030A10EE101A08463C
:106B7000F9F78FFD41EC1A0BB0EE4A0AF0EE6A0A03
:106B800003F09EFAB0EE409AF0EE609A53EC182BA8
:106B900051EC190BF9F790FD07D29FED140A84ED23
:106BA0000D0A9FED120A84ED0E0A94ED0C0AD4ED45
:106BB0000D0A30EE200AD4ED0E0A30EE200A84EDE4
:106BC0000B0AD4ED101AB0EE611AD4ED101AF1EEE2
:106BD000611AF0EE610AD4ED0B1AB0EE610AFBF710
:106BE00047FA84ED0B0ABDEC068B10BD00000000D7
:106BF00010B52DED068B044694ED030A84ED040ACE
:106C000094ED000AD4ED010A30EE600A84ED030A27
:106C1000D4ED151AB0EE611AD4ED151AF1EE611A21
:106C2000F0EE610AD4ED031AB0EE610AFBF720FA28
:106C300084ED030AD4ED081A94ED032A61EE821A5A
:106C4000B0EE610AD4ED111AB0EE611AD4ED111A4A
:106C5000F1EE611AF0EE610AFBF70AFA84ED0C0A14
:106C600094ED060A10EE101A0846F9F712FD41ECF1
:106C7000180B94ED030A10EE101A0846F9F709FDF7
:106C800041EC1A0BB0EE4A0AF0EE6A0A03F018FA69
:106C9000B0EE409AF0EE609A53EC182B51EC190BC1
:106CA000F9F70AFD1BD294ED0D0AD4ED090A94ED13
:106CB000031A00EE810A84ED0D0AD4ED121AB0EE2B
:106CC000611AD4ED121AF1EE611AF0EE610AD4EDF8
:106CD0000D1AB0EE610AFBF7CBF984ED0D0AD4ED85
:106CE000031A94ED042A71EEC21A94ED0A2A61EE99
:106CF000821AB0EE610AD4ED131AB0EE611AD4ED27
:106D0000131AF1EE611AF0EE610AFBF7B1F984EDA6
:106D10000E0A94ED160A10EE101A0846F9F7B9FC9F
:106D200041EC180B94ED030A10EE101A0846F9F71F
:106D3000B0FC41EC1A0BB0EE4A0AF0EE6A0A03F01E
:106D4000BFF9B0EE409AF0EE609A53EC182B51EC7C
:106D5000190BF9F7B1FC03D89FED270A84ED0C0A53
:106D600094ED070A10EE101A0846F9F792FC41EC70
:106D7000180B94ED030A10EE101A0846F9F789FC77
:106D800041EC1A0BB0EE4A0AF0EE6A0A03F098F9E9
:106D9000B0EE409AF0EE609A53EC182B51EC190BC0
:106DA000F9F78AFC07D29FED140A84ED0D0A9FEDD6
:106DB000120A84ED0E0A94ED0C0AD4ED0D0A30EEA1
:106DC000200AD4ED0E0A30EE200A84ED0B0AD4ED31
:106DD000101AB0EE611AD4ED101AF1EE611AF0EE4D
:106DE000610AD4ED0B1AB0EE610AFBF741F984EDAC
:106DF0000B0ABDEC068B10BD0000000010B52DED98
:106E0000068B044694ED030A84ED040A94ED001AFF
:106E1000F0EE410A94ED011AB0EE410AFAF7E6FBF2
:106E200084ED030AD4ED151AB0EE611AD4ED151AEB
:106E3000F1EE611AF0EE610AD4ED031AB0EE610AC8
:106E4000FBF716F984ED030AD4ED081A94ED032A32
:106E500061EE821AB0EE610AD4ED111AB0EE611A39
:106E6000D4ED111AF1EE611AF0EE610AFBF700F9A8
:106E700084ED0C0A94ED060A10EE101A0846F9F794
:106E800008FC41EC180B94ED030A10EE101A0846AA
:106E9000F9F7FFFB41EC1A0BB0EE4A0AF0EE6A0A72
:106EA00003F00EF9B0EE409AF0EE609A53EC182B16
:106EB00051EC190BF9F700FC1BD294ED0D0AD4ED3F
:106EC000090A94ED031A00EE810A84ED0D0AD4ED4F
:106ED000121AB0EE611AD4ED121AF1EE611AF0EE48
:106EE000610AD4ED0D1AB0EE610AFBF7C1F884ED2A
:106EF0000D0AD4ED031A94ED042A71EEC21A94ED32
:106F00000A2A61EE821AB0EE610AD4ED131AB0EECD
:106F1000611AD4ED131AF1EE611AF0EE610AFBF773
:106F2000A7F884ED0E0A94ED160A10EE101A084622
:106F3000F9F7AFFB41EC180B94ED030A10EE101AB1
:106F40000846F9F7A6FB41EC1A0BB0EE4A0AF0EE40
:106F50006A0A03F0B5F8B0EE409AF0EE609A53EC8E
:106F6000182B51EC190BF9F7A7FB03D89FED270A53
:106F700084ED0C0A94ED070A10EE101A0846F9F792
:106F800088FB41EC180B94ED030A10EE101A08462A
:106F9000F9F77FFB41EC1A0BB0EE4A0AF0EE6A0AF1
:106FA00003F08EF8B0EE409AF0EE609A53EC182B96
:106FB00051EC190BF9F780FB07D29FED140A84ED11
:106FC0000D0A9FED120A84ED0E0A94ED0C0AD4ED21
:106FD0000D0A30EE200AD4ED0E0A30EE200A84EDC0
:106FE0000B0AD4ED101AB0EE611AD4ED101AF1EEBE
:106FF000611AF0EE610AD4ED0B1AB0EE610AFBF7EC
:1070000037F884ED0B0ABDEC068B10BD00000000C4
:1070100010B52DED068B044694ED030A84ED040AA9
:107020007C4890ED000A84ED030AD4ED151AB0EE09
:10703000611AD4ED151AF1EE611AF0EE610AD4ED81
:10704000031AB0EE610AFBF713F884ED030AD4EDDE
:10705000081A94ED032A61EE821AB0EE610AD4EDAB
:10706000111AB0EE611AD4ED111AF1EE611AF0EEB8
:10707000610AFAF7FDFF84ED0C0A94ED060A10EEA2
:10708000101A0846F9F705FB41EC180B94ED030ABA
:1070900010EE101A0846F9F7FCFA41EC1A0BB0EEA4
:1070A0004A0AF0EE6A0A03F00BF8B0EE409AF0EEEE
:1070B000609A53EC182B51EC190BF9F7FDFA1BD21F
:1070C00094ED0D0AD4ED090A94ED031A00EE810A3D
:1070D00084ED0D0AD4ED121AB0EE611AD4ED121A35
:1070E000F1EE611AF0EE610AD4ED0D1AB0EE610A0C
:1070F000FAF7BEFF84ED0D0AD4ED031A94ED042ACD
:1071000071EEC21A94ED0A2A61EE821AB0EE610A9B
:10711000D4ED131AB0EE611AD4ED131AF1EE611A20
:10712000F0EE610AFAF7A4FF84ED0E0A94ED160A58
:1071300010EE101A0846F9F7ACFA41EC180B94ED72
:10714000030A10EE101A0846F9F7A3FA41EC1A0BDD
:10715000B0EE4A0AF0EE6A0A02F0B2FFB0EE409AD0
:10716000F0EE609A53EC182B51EC190BF9F7A4FAD6
:1071700003D89FED290A84ED0C0A94ED070A10EE5E
:10718000101A0846F9F785FA41EC180B94ED030A3A
:1071900010EE101A0846F9F77CFA41EC1A0BB0EE23
:1071A0004A0AF0EE6A0A02F08BFFB0EE409AF0EE67
:1071B000609A53EC182B51EC190BF9F77DFA07D2B2
:1071C0009FED150A84ED0D0A9FED130A84ED0E0A5A
:1071D00094ED0C0AD4ED0D0A30EE200AD4ED0E0A1F
:1071E00030EE200A84ED0B0AD4ED101AB0EE611ACD
:1071F000D4ED101AF1EE611AF0EE610AD4ED0B1A1B
:10720000B0EE610AFAF734FF84ED0B0ABDEC068B91
:1072100010BD0000281900200000000010B52DED61
:10722000068B044694ED030A84ED040A94ED010AEA
:10723000D4ED170A94ED001A10EE810A84ED030ACA
:10724000D4ED151AB0EE611AD4ED151AF1EE611AEB
:10725000F0EE610AD4ED031AB0EE610AFAF708FF06
:1072600084ED030AD4ED081A94ED032A61EE821A24
:10727000B0EE610AD4ED111AB0EE611AD4ED111A14
:10728000F1EE611AF0EE610AFAF7F2FE84ED0C0AF3
:1072900094ED060A10EE101A0846F9F7FAF941ECD7
:1072A000180B94ED030A10EE101A0846F9F7F1F9DD
:1072B00041EC1A0BB0EE4A0AF0EE6A0A02F000FF47
:1072C000B0EE409AF0EE609A53EC182B51EC190B8B
:1072D000F9F7F2F91BD294ED0D0AD4ED090A94EDF9
:1072E000031A00EE810A84ED0D0AD4ED121AB0EEF5
:1072F000611AD4ED121AF1EE611AF0EE610AD4EDC2
:107300000D1AB0EE610AFAF7B3FE84ED0D0AD4ED62
:10731000031A94ED042A71EEC21A94ED0A2A61EE62
:10732000821AB0EE610AD4ED131AB0EE611AD4EDF0
:10733000131AF1EE611AF0EE610AFAF799FE84ED84
:107340000E0A94ED160A10EE101A0846F9F7A1F984
:1073500041EC180B94ED030A10EE101A0846F9F7E9
:1073600098F941EC1A0BB0EE4A0AF0EE6A0A02F004
:10737000A7FEB0EE409AF0EE609A53EC182B51EC59
:10738000190BF9F799F903D89FED270A84ED0C0A38
:1073900094ED070A10EE101A0846F9F77AF941EC55
:1073A000180B94ED000A10EE101A0846F9F771F95F
:1073B00041EC1A0BB0EE4A0AF0EE6A0A02F080FEC7
:1073C000B0EE409AF0EE609A53EC182B51EC190B8A
:1073D000F9F772F907D29FED140A84ED0D0A9FEDBB
:1073E000120A84ED0E0A94ED0C0AD4ED0D0A30EE6B
:1073F000200AD4ED0E0A30EE200A84ED0B0AD4EDFB
:10740000101AB0EE611AD4ED101AF1EE611AF0EE16
:10741000610AD4ED0B1AB0EE610AFAF729FE84ED89
:107420000B0ABDEC068B10BD0000000010B5044631
:1074300004F16400FFF7E2FC94ED240A84ED000AF5
:107440002046FFF7EBFE10BD03B597B0FE4800786D
:1074500000287CD0179890ED020AFC4880ED000AC5
:10746000179890ED1B0AFA4880ED000A179890EDE6
:10747000340AF84880ED000A9FEDF70A179880ED6E
:107480000E0A9FEDF50A179880ED270A9FEDF20A84
:10749000179880ED400AF14890ED000AEB48D0EDD6
:1074A000000A30EE600AEE4880ED000AEB4890EDED
:1074B000010AE748D0ED000A30EE600AE94880EDA5
:1074C000000AE64890ED020AE248D0ED000A30EEEC
:1074D000600AE54880ED000A19E0E34890ED000AF3
:1074E000B5EEC00AF1EE10FA08DB90ED000ADFED10
:1074F000DF0A30EE600A80ED000A08E0DA4890ED1D
:10750000000ADFEDDA0A30EE200A80ED000AD648E4
:107510000068F9F7BEF8CDE912019DED120B02F0FB
:10752000CFFD8DED140B9FEDD20B53EC102B9DED89
:10753000140B51EC100BF9F7D7F8CED99FEDCE0A0A
:10754000CE4880ED000A9FEDCE0ACE4800E0AEE0C6
:1075500080ED000AC248D0ED000AC24890ED000A52
:1075600002F078FBC84880ED000AC6480068F9F7C9
:1075700090F8CDE90E01C1480068F9F78AF89FED4F
:10758000C31BCDE90A019DED0A0B02F0FDFD8DED57
:107590000C0B9DED0E0B53EC102B9DED0C0B51ECD9
:1075A000100BF8F7E9FFCDE91201AE48D0ED000A63
:1075B000AB4890ED000AFBF743F88DED0F0A0F98EA
:1075C000F9F767F8CDE910019DED120B53EC102B84
:1075D0009DED100B51EC100BF8F756FF9FEDAD0B26
:1075E00053EC102BCDE914019DED140B51EC100B55
:1075F000F9F77AF82BD2A14890ED000AA148D0ED16
:10760000000A80EE201AA54880ED001A9548D0EDBA
:10761000000A934890ED000AFBF712F89F48D0ED5E
:10762000000A60EEA00A974890ED001A00EEC10A29
:107630009248D0ED000A80EE201A994880ED001A99
:10764000964890ED000A974880ED000A2CE08548A6
:10765000D0ED000A824890ED000AFAF7F1FF894860
:1076600090ED001AC0EE010ACDED110A1198F9F75C
:1076700010F8CDE912019DED120B03F0D9FC8DED50
:10768000140B9DED140B51EC100BF9F745F88349E1
:1076900008609FED710A824880ED000A084690ED6F
:1076A000000A804880ED000A00206749087017989A
:1076B00090ED4F0A7C48D0ED000A20EE200A7B486E
:1076C00080ED000A90ED000A7448D0ED000AB4EE97
:1076D000E00AF1EE10FA7CD274480068F8F7D9FF9E
:1076E0009FED6A1BCDE908019DED080B02F04CFDF2
:1076F0008DED0C0B64480068F8F7CBFFCDE9040171
:107700009DED040B02F0D0FB8DED080B5D48006889
:10771000F8F7BFFFCDE906019DED080B53EC102BE8
:107720009DED060B51EC100BF8F7B4FECDE90A0104
:107730009DED0C0B53EC102B9DED0A0B51EC100B37
:10774000F8F7A8FE9FED510B53EC102BCDE90E017D
:107750009DED0E0B51EC100BF8F70EFFCDE9120169
:107760003A480068F8F795FFCDE910019DED120B3E
:1077700053EC102B9DED100B51EC100BF8F7E3FDC3
:10778000CDE914019DED140B51EC100BF8F7C4FF7B
:107790001799486045480068F8F77BFF9FED3B1B51
:1077A000CDE908019DED080B02F0EEFC8DED0C0B10
:1077B00035480068F8F76DFFCDE904019DED040B35
:1077C00003F00AFB8DED080B2E480068F8F761FF07
:1077D00000E0EBE0CDE906019DED080B53EC102B2A
:1077E0009DED060B51EC100BF8F754FECDE90A01A4
:1077F0009DED0C0B53EC102B9DED0A0B51EC100B77
:10780000F8F748FE9FED210B53EC102BCDE90E014C
:107810009DED0E0B51EC100BF8F7AEFECDE9120109
:107820000B480068F8F735FFCDE910019DED120B0C
:1078300053EC102B9DED100B51EC100BF8F783FD62
:10784000CDE9140134E00000D40A0020D80A002059
:10785000DC0A0020E00A002000000000040E0020E6
:10786000E40A0020E80A0020EC0A00200000B443EB
:10787000000000000080664000007A45200B0020D8
:1078800000002F45240B0020280B002000000000E2
:10789000000000400000000000000000FC0A002082
:1078A000000B0020040B0020F80A0020F00A002042
:1078B0009DED140B51EC100BF8F72EFF01461798B5
:1078C0008166FE480068F8F7E4FECDE91201FC4845
:1078D0000068F8F7DEFECDE90A019DED0A0B02F023
:1078E000E3FA8DED0E0BF7480068F8F7D2FECDE90C
:1078F0000C019DED0E0B53EC102B9DED0C0B51EC80
:10790000100BF8F7C7FDCDE910019DED120B53ECFC
:10791000102B9DED100B51EC100BF8F7BBFDCDE9D2
:1079200014019DED140B51EC100BF8F7F5FE014618
:107930001798C0F83011E1480068F8F7AAFECDE9C1
:107940001201DF480068F8F7A4FECDE90A019DEDB9
:107950000A0B03F041FA8DED0E0BDA480068F8F7D8
:1079600098FECDE90C019DED0E0B53EC102B9DED17
:107970000C0B51EC100BF8F78DFDCDE910019DEDCE
:10798000120B53EC102B9DED100B51EC100BF8F774
:1079900081FDCDE914019DED140B51EC100BF8F7AE
:1079A000BBFE01461798C0F83411D6E3C64890EDE7
:1079B000000AC648D0ED000A30EE200ABF48D0EDDC
:1079C000000AB4EEE00AF1EE10FA7DDD90ED000A57
:1079D000BD48D0ED000A30EE600A8DED0B0A0B9821
:1079E000F8F757FECDE90E01B5480068F8F751FEEB
:1079F000CDE906019DED060B02F056FA8DED0A0B5E
:107A0000B3480068F8F745FECDE908019DED0A0B83
:107A100053EC102B9DED080B51EC100BF8F73AFDD1
:107A2000CDE90C019DED0E0B53EC102B9DED0C0BD5
:107A300051EC100BF8F72EFDCDE91201A2480068B9
:107A4000F8F727FE1FED6F1BCDE904019DED040B38
:107A500002F09AFB8DED080B99480068F8F719FEC3
:107A6000CDE900019DED000B02F01EFA8DED040B37
:107A700094480068F8F70DFECDE902019DED040B76
:107A800053EC102B9DED020B51EC100BF8F702FD9F
:107A9000CDE906019DED080B53EC102B9DED060B77
:107AA00051EC100BF8F7F6FC1FED880B53EC102B84
:107AB000CDE90A019DED0A0B51EC100BF8F75CFDC6
:107AC000CDE90E01834800E02BE10068F8F7E1FD05
:107AD000CDE90C019DED0E0B53EC102B9DED0C0B25
:107AE00051EC100BF8F72FFCCDE910019DED120BB6
:107AF00053EC102B9DED100B51EC100BF8F723FC01
:107B0000CDE914019DED140B51EC100BF8F704FEB8
:107B100017994860694890ED000A6B48D0ED000A5B
:107B200030EE600A8DED0B0A0B98F8F7B2FDCDE947
:107B30000E0163480068F8F7ACFDCDE906019DED44
:107B4000060B03F049F98DED0A0B61480068F8F760
:107B5000A0FDCDE908019DED0A0B53EC102B9DED26
:107B6000080B51EC100BF8F795FCCDE90C019DEDDD
:107B70000E0B53EC102B9DED0C0B51EC100BF8F78A
:107B800089FCCDE9120150480068F8F782FD1FED2D
:107B9000C11BCDE904019DED040B02F0F5FA8DED5A
:107BA000080B47480068F8F774FDCDE900019DED2A
:107BB000000B03F011F98DED040B42480068F8F753
:107BC00068FDCDE902019DED040B53EC102B9DEDFA
:107BD000020B51EC100BF8F75DFCCDE906019DEDB1
:107BE000080B53EC102B9DED060B51EC100BF8F726
:107BF00051FC1FEDDA0B53EC102BCDE90A019DED82
:107C00000A0B51EC100BF8F7B7FCCDE90E01324826
:107C10000068F8F73EFDCDE90C019DED0E0B53EC2D
:107C2000102B9DED0C0B51EC100BF8F78CFBCDE9F4
:107C300010019DED120B53EC102B9DED100B51EC30
:107C4000100BF8F780FBCDE914019DED140B51ECFE
:107C5000100BF8F761FD0146179881661848006817
:107C6000F8F717FDCDE90E019DED0E0B02F01CF9A2
:107C70008DED120B16480068F8F70BFDCDE91001E9
:107C80009DED120B53EC102B9DED100B51EC100BD6
:107C9000F8F700FCCDE914019DED140B51EC100B2D
:107CA000F8F73AFD01461798C0F83011044800680B
:107CB000F8F7EFFCCDE90E0110E00000F00A00201B
:107CC000280B0020240B0020FC0A0020000B0020C1
:107CD000200B0020D80A0020DC0A00209DED0E0BAE
:107CE00003F07AF88DED120BFE480068F8F7D1FC2E
:107CF000CDE910019DED120B53EC102B9DED100BF7
:107D000051EC100BF8F7C6FBCDE914019DED140BF7
:107D100051EC100BF8F700FD01461798C0F834112C
:107D20001BE2F14890ED000AF048D0ED000A30EE79
:107D3000200AEF48D0ED000A30EE200AED48D0EDE1
:107D4000000AB4EEE00AF1EE10FA7DDDE64890EDAF
:107D5000000AE648D0ED000A30EE200AE448D0EDF3
:107D6000000A30EE200AE348D0ED000A30EE600A47
:107D70008DED070A0798F8F78CFC9FEDDF1BCDE926
:107D800008019DED080B02F0FFF98DED0C0BDC48AE
:107D90000068F8F77EFCCDE904019DED040B02F0CC
:107DA00083F88DED080BD7480068F8F772FCCDE931
:107DB00006019DED080B53EC102B9DED060B51ECCD
:107DC000100BF8F767FBCDE90A019DED0C0B53ECA6
:107DD000102B9DED0A0B51EC100BF8F75BFB9FEDA0
:107DE000C60B53EC102BCDE90E019DED0E0B51ECA3
:107DF000100BF8F7C1FBCDE91201C34890ED000A62
:107E0000C248D0ED000A30EE200A8DED0F0A0F981F
:107E1000F8F73FFCCDE910019DED120B53EC102B50
:107E20009DED100B51EC100BF8F72EFBCDE9140172
:107E30009DED140B51EC100BF8F76EFC1799486090
:107E4000A94890ED000A00E012E1A848D0ED000A30
:107E500030EE200AA648D0ED000A30EE200AA548F0
:107E6000D0ED000A30EE600A8DED070A0798F8F7AA
:107E700010FC9FEDA11BCDE908019DED080B02F060
:107E800083F98DED0C0B9E480068F8F702FCCDE9F4
:107E900004019DED040B02F09FFF8DED080B994846
:107EA0000068F8F7F6FBCDE906019DED080B53ECF1
:107EB000102B9DED060B51EC100BF8F7EBFACDE90A
:107EC0000A019DED0C0B53EC102B9DED0A0B51ECB0
:107ED000100BF8F7DFFA9FED880B53EC102BCDE970
:107EE0000E019DED0E0B51EC100BF8F745FBCDE9A3
:107EF0001201874890ED000A8648D0ED000A30EE66
:107F0000200A8DED0F0A0F98F8F7C3FBCDE9100199
:107F10009DED120B53EC102B9DED100B51EC100B43
:107F2000F8F7B2FACDE914019DED140B51EC100BEA
:107F3000F8F7F2FB0146179881666B4890ED000A4E
:107F40006A48D0ED000A30EE200A6948D0ED000AF8
:107F500030EE200A6748D0ED000A30EE600A8DED61
:107F60000F0A0F98F8F795FBCDE9120164480068F5
:107F7000F8F78FFBCDE90A019DED0A0B01F094FFA4
:107F80008DED0E0B5F480068F8F783FBCDE90C011F
:107F90009DED0E0B53EC102B9DED0C0B51EC100BCB
:107FA000F8F778FACDE910019DED120B53EC102B88
:107FB0009DED100B51EC100BF8F76CFACDE91401A4
:107FC0009DED140B51EC100BF8F7A6FB014617982A
:107FD000C0F83011444890ED000A4448D0ED000A42
:107FE00030EE200A4248D0ED000A30EE200A414827
:107FF000D0ED000A30EE600A8DED0F0A0F98F8F709
:1080000048FBCDE912013E480068F8F742FBCDE994
:108010000A019DED0A0B02F0DFFE8DED0E0B3948D3
:108020000068F8F736FBCDE90C019DED0E0B53EC23
:10803000102B9DED0C0B51EC100BF8F72BFACDE942
:1080400010019DED120B53EC102B9DED100B51EC1C
:10805000100BF8F71FFACDE914019DED140B51EC4C
:10806000100BF8F759FB01461798C0F8341174E06B
:108070001D4890ED000A1D48D0ED000A30EE200AA0
:108080001B48D0ED000A30EE200ADFED230A30EE67
:10809000200A1848D0ED000AB4EEE00AF1EE10FA1A
:1080A0003EDD194890ED000A1848D0ED000A30EE88
:1080B000200A179880ED010A154890ED000A15482E
:1080C000D0ED000A30EE200A179880ED1A0A9FEDD5
:1080D000130A179880ED4C0A9FED100A179880ED4F
:1080E0004D0A3AE0200B0020FC0A0020000B002083
:1080F000040B0020F00A00200000000000000040F7
:10810000280B0020240B0020D80A0020E40A0020BD
:10811000DC0A0020E80A0020CDCCCC3E00000000A4
:108120001FED020A179880ED4F0A0321179801707E
:1081300000200B4908701FED070A179880ED0E0A02
:108140001FED0A0A179880ED270A1FED0C0A1798F1
:1081500080ED400A01200349087019B000BD0000FD
:108160001C000020B809002010B504466B4890EDB3
:10817000530A6B4880ED000A684890ED540A69483C
:1081800080ED000A684890ED030A654880ED010A19
:10819000654890ED040A634880ED010A6048FFF7E6
:1081A0003DF86048FFF73AF82046FFF737F804F14A
:1081B0006400FFF733F804F1C800FFF72FF804F567
:1081C0009670FFF72BF855480078012810D104F578
:1081D000C870FFF723F804F51770FFF71FF804F5D0
:1081E0004A70FFF71BF804F57D70FFF717F80FE0F2
:1081F00004F5C870FFF71AF904F51770FFF716F9C0
:1082000004F54A70FFF712F904F57D70FFF70EF9D7
:10821000464890F84006012801D1F9F70FFA434883
:10822000D0ED0B0AB0EE600A9FED411ADFED410A76
:10823000F9F71EFF84ED180A3C48D0ED240AB0EE91
:10824000600A9FED3B1ADFED3B0AF9F711FF84ED61
:10825000310A3648D0ED3D0AB0EE600A9FED341A7F
:10826000DFED340AF9F704FF84ED4A0A2F48D0ED18
:10827000560AB0EE600A9FED2E1ADFED2E0AF9F7CE
:10828000F7FE84ED630A2948D0ED6F0A2A4890ED85
:10829000031A70EE810AB0EE600A9FED281ADFED36
:1082A000280AF9F7E5FE84ED960A2048D0EDA20AE7
:1082B000244890ED031A70EE810AB0EE600A9FED3B
:1082C0001F1ADFED1F0AF9F7D3FE84EDC90A17481C
:1082D000D0EDD50A1C4890ED031A70EE810AB0EE7D
:1082E000600A9FED161ADFED160AF9F7C1FE84ED5C
:1082F000FC0A1648D0ED0B0A154890ED031A70EEF3
:10830000810AB0EE600A9FED0D1ADFED0D0AF9F754
:10831000AFFE04F57D7080ED320A10BD5C000020D8
:10832000C80100202C020020840C002064030020DF
:108330000080BB460080BBC6800D002000401C466C
:1083400000401CC6900D0020A00D00205807002002
:10835000B00D0020F0EE400A9FED040A20EE801AD6
:10836000DFED031A81EE210A70470000000034435C
:10837000DB0F49409848008C401C81B2964801842C
:10838000964880881A2802D10020954908709348A1
:1083900000891C2802D10020924908708F4840882B
:1083A000192802D101208F4908708C48C0881B28E9
:1083B00002D102208B49087088480088192873D29E
:1083C000DFE800F0F70D24282F333A3E51646B7339
:1083D0007E8990979EA5B8CBDEE5E9EFF3000120FA
:1083E0008149087081490870814908708149087085
:1083F00081490870814908700020814908708149CD
:1084000008708149087081490870E2E000207649CF
:108410000870DEE003207449087001207C49087070
:10842000D7E0062070490870D3E008206E49087034
:10843000012078490870CCE00B206B490870C8E037
:10844000012075490870002074490870744908704B
:108450009FED740A744880ED000AB7EE000A734875
:1084600080ED000AB5E003206B49087000206B49DD
:1084700008706B4908709FED6B0A6B4880ED000A2D
:10848000B7EE000A694880ED000AA2E0544800787F
:1084900010B90120664908709BE05148007810B976
:1084A00007206449087094E083E04D48007818B1D3
:1084B0004B480078012802D108205E49087088E006
:1084C0004748007818B146480078012802D10220B8
:1084D000584908707DE04248007810B9012056499B
:1084E000087076E03E48007810B9012053490870C2
:1084F0006FE03B48007810B901205149087068E0EE
:108500003748007810B90A204A49087061E03448B9
:10851000007870B904204749087002203E4908706D
:1085200006203149087001204649087000203B4967
:1085300008704EE02A48007870B904203D49087060
:1085400002203549087006202749087002203D495D
:1085500008700020314908703BE02148007870B96C
:1085600004203449087002202B49087006201E4957
:10857000087003203349087000202849087028E05B
:108580001748007810B903202A49087021E001201B
:108590002D4908701DE002202B49087019E004E005
:1085A000FFE701202949087013E0022027490870DD
:1085B0000FE02148007858B92148007840B91C489C
:1085C000007828B91D48007810B9002019490870B2
:1085D00000BF00BF70470000040C0020680C0020A2
:1085E000AE090020BE0900205C000020250000200C
:1085F0002600002027000020280000202D00002059
:10860000290000202A0000202B0000202C00002040
:108610001C00002024000020AD0900205000002094
:108620005100002000000000480000204C00002005
:1086300042000020340000204000002043000020C1
:1086400041000020AC09002053000020520000200F
:1086500010B504F0E7FD0348808D401C81B201484D
:10866000818510BD040C002010B514480078012845
:108670000FD113480088401C114908800846008823
:1086800013280ADD0F48FDF7CDFC00200C490880B7
:1086900003E00D490B48F9F747FE0C4890ED020A3C
:1086A000084880ED020A03F04DFB0649084801F036
:1086B0008DF8044801F098F810BD00005400002027
:1086C0001A000010840C0020C00D0020F80D0020BE
:1086D0005C00002010B50248FBF7EAFF10BD000067
:1086E0002C01001070B50546AC6B0020E087E086D9
:1086F0002046FBF7DBFF70BD7CB504460E461546F1
:108700003346012202212046009500F039F828B1B5
:10871000606D40F02000606503207CBD1648006855
:108720001821B0FBF1F01549B0FBF1F04FF47A716C
:10873000484301906068B0F5827F0DD13346002236
:1087400080212046009500F01BF898B1606D40F044
:10875000200060650320E0E700BF019800B908E051
:108760000198401E019020688068C0F3C010002866
:10877000F3D100BF0020D0E7B40B002040420F002F
:108780002DE9F84F04460D4690461E46DDF8289028
:10879000FBF7C2FAA0EB0900371AFBF7BDFA8246D5
:1087A0002C480068C0F3CB307843009045E0701C43
:1087B000002842D0FBF7B0FAA0EB0A00B84200D282
:1087C000A7BB2068406820F0E0002168486060682E
:1087D000B0F5827F0DD1A068B0F5004F03D0A0683E
:1087E000B0F5806F05D12068006820F04000216856
:1087F0000860A06AB0F5005F0DD100BF2068006876
:1088000020F40050216808602068006840F400509F
:108810002168086000BF012084F8510000BF0020DB
:1088200084F8500000BF0320BDE8F88FFFE70098F0
:1088300000B900270098401E0090206880682840FA
:10884000A84201D1012000E000204045AFD1002026
:10885000EAE70000B40B00203EB505460C46019443
:10886000FF20012302AA01A900902846FCF77EF808
:1088700008B1FF2002909DF808003EBDB5EEC00A89
:10888000F1EE10FA01DD01207047B5EEC00AF1EEFD
:1088900010FA02D24FF0FF30F6E70020F4E700BFF5
:1088A000012005F0F5F8FBE710B54FF0E020006976
:1088B00007F008FE012801D007F0E2F910BD000022
:1088C00000B593B0302107A8F7F732FD142102A8B4
:1088D000F7F72EFD00BF002001902448006840F00B
:1088E0008050224908600846006800F080500190DE
:1088F00000BF00BF00BF002001901D48006840F489
:1089000080401B4908600846006800F480400190E0
:1089100000BF00BF012007900004089002200D90C6
:1089200041050E9104210F91A8211091022111916E
:108930000421129107A8FBF76BFC08B1F9F7F0FCD2
:108940000F20029002200390002004904FF4A050CA
:1089500005904FF480500690052102A8FBF7F6FA27
:1089600008B1F9F7DDFC13B000BD0000403802404B
:10897000007000400348006840F47000014908603E
:108980007047000088ED00E010B58D48808E40F201
:108990004C41884204DC8A48808EB0F5617F07DA5A
:1089A0000021884806F054FD01208749087003E043
:1089B0000021844806F052FD8148C08E40F24C41AF
:1089C000884204DC7E48C08EB0F5617F07DA012161
:1089D0007C4806F03DFD01207B49087003E0012141
:1089E000784806F03BFD7648008F40F24C418842C3
:1089F00004DC7348008FB0F5617F07DA022171480B
:108A000006F026FD01207049087003E002216D4840
:108A100006F024FD6A48408F40F24C41884204DC55
:108A20006748408FB0F5617F07DA0321654806F09B
:108A30000FFD01206449087003E00321614806F03E
:108A40000DFD5F48808F40F24C41884204DC5C4859
:108A5000808FB0F5617F07DA04215A4806F0F8FCF0
:108A600001205949087003E00421564806F0F6FC3D
:108A70005348C08F40F24C41884204DC5048C08FBC
:108A8000B0F5617F07DA05214E4806F0E1FC0120D0
:108A90004D49087003E005214A4806F0DFFC4848CC
:108AA000B0F8400040F24C41884205DC4448B0F840
:108AB0004000B0F5617F07DA0621424806F0C8FCA5
:108AC00001204149087003E006213E4806F0C6FC3B
:108AD0003B48B0F8420040F24C41884205DC38483F
:108AE000B0F84200B0F5617F07DA0721354806F09B
:108AF000AFFC01203449087003E00721314806F03B
:108B0000ADFC2F48B0F8440040F24C41884205DCEF
:108B10002B48B0F84400B0F5617F05DA0021294800
:108B2000401C06F095FC04E000212648401C06F09D
:108B300095FC2348B0F85A00322808DA0121214870
:108B4000401C06F085FC02201F49087007E0012147
:108B50001C48401C06F082FC00201B490870184885
:108B6000B0F84800B42805DA02211648401C06F087
:108B70006FFC04E002211348401C06F06FFC104813
:108B8000B0F84A00FA2804DC0D48B0F84A009628EC
:108B900005DA03210B48401C06F05AFC04E00321CF
:108BA0000848401C06F05AFC0848407805494978B6
:108BB00008430449487005480078887010BD0000DB
:108BC000040C0020921A00205600002057000020BC
:108BD00010B50248FCF70DF910BD0000840100102B
:108BE00010B52E480068006900F00100002851D03F
:108BF0006FF0010029490968086129480068401C94
:108C000027490860084600684FF47A71B0FBF1F01C
:108C10002449086024480068B0F57A7F05D22248CC
:108C20000068401C204908600EE030221E49091DE2
:108C300001F13000F7F755FB30211B48001DF7F715
:108C400077FB00201849086018480078092803D0ED
:108C5000164800780A2810D1144890ED4F0AF7EE14
:108C6000000A30EE200A80ED4F0A90ED510AF7EE2F
:108C7000000A30EE200A80ED510A0C4800781128D5
:108C800008D10B4890ED000AF7EE000A30EE200AFA
:108C900080ED000A0148FCF7ACF810BD4020002030
:108CA0003C00001040000010040C00205C0000207C
:108CB000C009002010B502682D4B98420ED0B0F1CB
:108CC000804F0BD02B4B984208D02B4B984205D0AD
:108CD0002A4B984202D02A4B984203D122F07002CC
:108CE0004B681A43224B984220D0B0F1804F1DD0E0
:108CF000204B98421AD0204B984217D01F4B9842D5
:108D000014D01F4B984211D01E4B98420ED01E4BD0
:108D100098420BD01D4B984208D01D4B984205D06D
:108D20001C4B984202D01C4B984203D122F4407253
:108D3000CB681A4322F080034C6943EA04020260C4
:108D40008B68C3620B688362094B984202D00C4B5C
:108D5000984201D10B69036301234361036903F066
:108D600001031BB1036923F00103036110BD00007F
:108D7000000001400004004000080040000C0040DA
:108D8000000401400040014000440140004801400F
:108D900000180040001C0040002000400246002057
:108DA00006E042FA00F303F001030B54431CD8B26F
:108DB0001028F6DB7047000010B52DED028B04463D
:108DC00094ED010AD4ED020A30EE600A84ED030A44
:108DD00094ED030ADFED440AB4EEE00AF1EE10FA76
:108DE00008DD94ED030ADFED410A30EE600A84ED00
:108DF000030A10E094ED030ADFED3D0AB4EEE00A49
:108E0000F1EE10FA07D294ED030ADFED380A30EEE6
:108E1000200A84ED030A94ED040AD4ED030A30EE2F
:108E2000200A84ED040AD4ED048ADFED320AB0EEA4
:108E3000680A01F04FF984ED060A94ED060ADFEDA9
:108E40002E0AB4EEE00AF1EE10FA08DB94ED060A01
:108E5000DFED280A30EE600A84ED060A10E094ED9A
:108E6000060ADFED260AB4EEE00AF1EE10FA07D2A8
:108E700094ED060ADFED1F0A30EE200A84ED060AA3
:108E800094ED060AD4ED070A30EE608A9FED1A0AC7
:108E9000B4EEC08AF1EE10FA03DD6069401E606135
:108EA00009E09FED160AB4EEC08AF1EE10FA02D284
:108EB0006069401C606194ED060A84ED070A206A2F
:108EC00001280AD10020606194ED090A84ED040AAA
:108ED00094ED090A84ED060A206294ED010A84EDFE
:108EE000020ABDEC028B10BD000034430000B44305
:108EF000000034C3000061450000E1440000E1C40B
:108F000070B50546AC6B0020E085E0842046FCF798
:108F1000D1F870BD70B506460025B46B2068406975
:108F2000C0F3C01594F84100212805D125B10020D7
:108F3000E084204600F0FBF820684069C0F380150B
:108F400094F84200222805D125B10020E085204672
:108F500000F0A7F8606C40F0100060642046FCF759
:108F6000A9F870BD70B50546AC6B2868006800F4C0
:108F70008070002842D1E08500BF00BF21680C311D
:108F800051E8001F21F4807021680C3141E8000293
:108F9000002AF3D100BF00BF00BF2168143151E89F
:108FA000001F21F001002168143141E80002002A6D
:108FB000F3D100BF00BF00BF2168143151E8001F8A
:108FC00021F040002168143141E80002002AF3D169
:108FD00000BF202084F84200206B01280ED100BF82
:108FE00000BF21680C3151E8001F21F010002168FA
:108FF0000C3141E80002002AF3D100BF0020606379
:10900000206B012804D1A18D2046FBF7B8FF02E0B8
:109010002046FCF7BDFC70BD70B50546AC6B012069
:109020006063206B012805D1A08D41082046FBF725
:10903000A6FF02E02046FCF7C5FC70BD70B50546F2
:10904000AC6B2868006800F48070F8B90020E084F8
:1090500000BF00BF2168143151E8001F21F08000DB
:109060002168143141E80002002AF3D100BF00BF9B
:1090700000BF21680C3151E8001F41F04000216819
:109080000C3141E80002002AF3D102E02046FCF74F
:10909000E1FC70BD70B50446A56B2846FCF7DBFC0F
:1090A00070BD00BF00BF02680C3252E8002F22F4EE
:1090B000907102680C3242E80013002BF3D100BF1C
:1090C00000BF00BF0268143252E8002F22F00101F5
:1090D0000268143242E80013002BF3D100BF016B89
:1090E00001290ED100BF00BF02680C3252E8002FE8
:1090F00022F0100102680C3242E80013002BF3D179
:1091000000BF202180F8421000210163704710B594
:1091100004462068C06820F040002168C860202014
:1091200084F841002046FCF795FC002010BD00BFEC
:1091300000BF02680C3252E8002F22F0C001026822
:109140000C3242E80013002BF3D100BF202180F83D
:1091500041107047F8B5044694F84200222875D1B2
:10916000A068B0F5805F0CD1206950B90025A66ACF
:1091700020684068C0F308003080A06A801CA062AC
:1091800015E0A56A0026A068B0F5805F03D0A0684E
:1091900028B9206918B920684068287004E0206860
:1091A000406800F07F002870A06A401CA062E08D3B
:1091B000401E80B2E085002846D12068C06820F0BB
:1091C00020002168C8602068C06820F48070216891
:1091D000C8602068406920F00100216848612020B3
:1091E00084F8420000206063206B012826D1002013
:1091F000206300BF00BF21680C3151E8001F21F03F
:10920000100021680C3141E80002002AF3D100BFB0
:109210002068006800F0100010280AD100BF00206C
:10922000009020680068009020684068009000BFAF
:1092300000BFA18D2046FBF7A2FE02E02046FCF70E
:10924000A7FB0020F8BD01E00020FBE70220F9E7C2
:109250002DE9F84F04462068006920F44050E16889
:109260000843216808612169A068084361690843CF
:10927000E169084300902068C06849F20C618843A6
:10928000009908432168C8602068406920F4407054
:10929000A16908432168486176492068884203D063
:1092A00075492068884203D1FAF74AFF814602E0F7
:1092B000FAF736FF8146E069B0F5004F6CD1022025
:1092C0006168A0FB015003461920A9FB007001460C
:1092D0002A463846F6F7D4FF6421B0FBF1F04FEA96
:1092E000001A02206168A0FB01510B461920A9FB5E
:1092F00000712A463846F6F7C3FF834602206168AC
:10930000A0FB015003461920A9FB00712A463846EC
:10931000F6F7B6FF6421B0FBF1F000EBC00101EB02
:109320000010ABEB8000322101EBC0006421B0FBE8
:10933000F1F000F0F8000AEB400A02206168A0FB9F
:10934000015003461920A9FB007001462A46384601
:10935000F6F796FF834602206168A0FB01500346A2
:109360001920A9FB00712A463846F6F789FF6421C7
:10937000B0FBF1F000EBC00101EB0010ABEB8000A3
:10938000322101EBC0006421B0FBF1F000F00700D6
:109390005044216888606AE004206168A0FB0150A5
:1093A00003461920A9FB007001462A463846F6F705
:1093B00067FF824604206168A0FB01500346192024
:1093C000A9FB007001462A463846F6F759FF64218A
:1093D000B0FBF1F000EBC00101EB0010AAEB800044
:1093E000322101EB00106421B0FBF1F000F0F00A33
:1093F00004206168A0FB017003461920A9FB0051FD
:109400003A462846F6F73CFF6421B0FBF1F00AEB40
:10941000001A04206168A0FB01510B461920A9FB2A
:1094200000712A463846F6F72BFF83460420616810
:10943000A0FB015003461920A9FB007001462A46F3
:109440003846F6F71DFF6421B0FBF1F000EBC001D8
:1094500001EB0010ABEB8000322101EB0010642126
:10946000B0FBF1F000F00F00504421688860BDE8C7
:10947000F88F0000001001400014014077B581B062
:10948000044615460298A062A5850020606422204B
:1094900084F842002848E16BC8632848E16B0864FF
:1094A0002748E16BC8640020E16B086502AE3268B2
:1094B0002368191D2B46E06BFAF7A0F900BF0020C6
:1094C000009020680068009020684068009000BF0D
:1094D00000BF206970B100BF00BF21680C3151E8A6
:1094E000001F41F4807021680C3141E80002002A1D
:1094F000F3D100BF00BF00BF2168143151E8001F45
:1095000041F001002168143141E80002002AF3D142
:1095100000BF00BF00BF2168143151E8001F41F0B7
:1095200040002168143141E80002002AF3D100BF55
:10953000002004B070BD0000658F0008199000087D
:10954000158F000810B5034699629A85DA850020C8
:109550005864222083F84200186928B11868C0684E
:1095600040F480701C68E0601868406940F00100B9
:109570001C6860611868C06840F020001C68E060EA
:10958000002010BD014691F84100212828D18868AB
:10959000B0F5805F0BD1086948B90A6A1088C0F33A
:1095A00008000B685860086A801C086205E00B6AB6
:1095B000581C086218780B685860C88C401E80B22E
:1095C000C88458B90868C06820F080000B68D8606B
:1095D0000868C06840F040000B68D8600020704701
:1095E0000220FCE708B5114800680068C0F30010CD
:1095F000B8B100BF002000900C48006800680090DF
:109600000A4800684068009000BF00BF0748FBF7A9
:109610000CFD1E2206490548FCF78EF90348FBF7AE
:10962000AFFC0248FBF748FD08BD000018210020F0
:109630004C1A002008B5114800680068C0F30010FB
:10964000B8B100BF002000900C480068006800908E
:109650000A4800684068009000BF00BF2622084901
:109660000648FCF77FF90748408D401C81B2054849
:1096700041850248FBF720FD08BD00006021002065
:10968000F81E0020040C002008B50E480068006891
:10969000C0F3001090B100BF00200090094800689E
:1096A00000680090074800684068009000BF00BF55
:1096B0000448FBF7BAFC0348FBF762FC0148FBF7E0
:1096C000FBFC08BDA821002008B53A48FBF7F4FCD4
:1096D00038480068006800F01000102869D100BF09
:1096E000002000903348006800680090314800680E
:1096F0004068009000BF00BF2E48C06B0068006843
:1097000020F001002B49C96B0968086029480068EE
:1097100040682848006800682648C06B00684068B8
:10972000C0F500702449088000202449224A12888C
:1097300088542048C06B00682149884205D94FF4FD
:1097400060601F494C3908601DE01A48C06B006812
:109750001C49884205D94FF46060194950390860A6
:1097600011E01448C06B006816496039884205D979
:109770004FF460601349B839C86004E04FF460608A
:109780001049B83988604FF400700A49C96B0968FC
:1097900048600D48008B401C81B20B48018305488E
:1097A000C06B0068006840F001000249C96B09689D
:1097B000086008BDF02100204E0B0020F51A0020A3
:1097C00058640240B8600240040C002091ED000A89
:1097D00080ED020A91ED010A80ED1B0A91ED020A6B
:1097E00080ED340A7047000010B50446174890ED2C
:1097F000000A174880ED060A144890ED010A154842
:1098000080ED060A1248F7F7CBFD1248F7F7C8FDBE
:109810000F4890ED010A104880ED020A0D4890EDC6
:10982000010A0E4880ED020A0B48FCF717F90B48B5
:10983000FCF714F9084890ED010A84ED030A074883
:1098400090ED010A84ED040A10BD0000840C002094
:10985000C8020020E40200200003002014030020BE
:1098600070B52DED048B7F48007866280FD07D48B9
:10987000407888280BD07B48007EFF2807D07A48A4
:109880000068401C78490860BDEC048B70BD7548C9
:10989000807D7449C97D40EA012514217148801CEE
:1098A00002F018FA0446A54200D0EDE76D48807832
:1098B0006E4908706B48C07848706A4800796C49F6
:1098C0000870684840796B490870664880796A4931
:1098D00008706448C079694908706248007A68492C
:1098E00008706048407A674908705E48807A664927
:1098F00008705C48C07A654908705A48007B644922
:109900000870644857490D310A680260496841602F
:10991000008800EE100AB8EE400A5F4880ED160A93
:109920005C48408800EE100AB8EE400A5A4880EDC4
:10993000170A5848808800EE100AB8EE400A5648C8
:1099400080ED140A5348C08800EE100AB8EE400AB1
:10995000514880ED150AD0ED140A9FED500A9FED95
:10996000501A01EE200A10EE101A0846F6F791FE82
:1099700041EC190BB0EE490AF0EE690A00F0A0FBC9
:10998000B0EE408AF0EE608A51EC180BF6F7C4FE98
:109990004149C8600846D0ED150A9FED420A9FED87
:1099A000421A01EE200A10EE101A0846F6F771FE70
:1099B00041EC190BB0EE490AF0EE690A00F080FBA9
:1099C000B0EE408AF0EE608A51EC180BF6F7A4FE78
:1099D000314908610846D0ED160A9FED340A9FED23
:1099E000341A01EE200A10EE101A0846F6F751FE5E
:1099F00041EC190BB0EE490AF0EE690A00F060FB89
:109A0000B0EE408AF0EE608A51EC180BF6F784FE57
:109A1000214948600846D0ED170A9FED260A9FEDC0
:109A2000261A01EE200A10EE101A0846F6F731FE4B
:109A300041EC190BB0EE490AF0EE690A00F040FB68
:109A4000B0EE408AF0EE608A51EC180BF6F764FE37
:109A5000114988601948408B401C81B217484183E6
:109A600000BF11E74C1A0020900A00205700002088
:109A7000880A0020830A0020840A0020850A00202A
:109A8000860A0020870A0020890A00208A0A00200E
:109A90008B0A0020C0010020C00C0020F6E8AA4379
:109AA00043AD693F91FDA643BE9F6A3F6AACCE437A
:109AB000FA7E6A3F4240D4435F296B3F040C00208A
:109AC00010B588201E49087005F020FD1D4800785B
:109AD0001B49C8711C48007808721A48007802288F
:109AE00002D0002018490870154818494968C0F884
:109AF000091016490968C0F80D1014498968C0F8A2
:109B000011101249C968C0F81510114800780C49A5
:109B100008771C210A48401C02F0DCF8044608497A
:109B20004C77200A8877FF20C87720220948FBF766
:109B30004BFF0948808B401C81B20748818310BDD0
:109B40002C1A0020AD090020AC09002028190020A3
:109B50005000002018210020040C002000BFFEE768
:109B600010B5044612481349D1F80110016011499B
:109B7000D1F8051041600F49D1F80910816090EDCE
:109B8000000ADFED0D0A20EE200A84ED000A90EDB8
:109B9000010ADFED090A20EE200A84ED010AD0ED6A
:109BA000020AB0EE600AFEF7D5FB84ED020A10BD92
:109BB00088180020F81E002000007A4403B40198A1
:109BC0004100009850EAC12018BF04204A0D18BF78
:109BD00040F0010040F2FF72B2EB515F08BF40F06D
:109BE0000200012808BF052002B0704741000802AA
:109BF00018BF04200A0E18BF40F001004FF07F424A
:109C000032EA010108BF40F00200012808BF052028
:109C10007047000002480068C0F30220704700004F
:109C20000CED00E010B5002804DB0A07130E054A0E
:109C3000135406E00A07140E034A00F00F031B1F1B
:109C4000D45410BD00E400E018ED00E0EFF305800F
:109C50007047000010EE100A10B510EE901A4FF089
:109C6000684202EB40032DED028BB3F1654F3CBF20
:109C700002EB4102B2F1654F7CD200BFC0F3C75383
:109C8000C1F3C7529A1A1B2A09DD10F0004F14BF06
:109C90009FED6E0A9FED6E0ABDEC028B10BD12F1B6
:109CA0001A0F1BDA11F0004F09D010F0004F0CBF53
:109CB0009FED680A9FED680ABDEC028B10BD80EE37
:109CC000208A18EE100AFFF791FF042808BF01F060
:109CD00041FEB0EE480ABDEC028B10BD4200B2EB73
:109CE000410F37D910F0004F19BFDFED5C1A9FED1F
:109CF0005C1ADFED5C1A9FED5C1AB0EE602A0A4632
:109D0000F1EE400A80F00041B0EE420A10460A1A15
:109D10005200B2F1807F34D2484010F0004FDFEDA6
:109D2000532A9FED533A1DBFBEEE002A71EEE21A90
:109D300031EE431AB6EE002A04BF71EEA21A31EEDC
:109D4000031AF0EE402A42EE602A40EE020A82EE4A
:109D5000A02A18E011F0004F04BF9FED461AF0EE64
:109D6000411AD4D010F0004F1CBFDFED431A9FED15
:109D7000431A00E026E004BFDFED411A9FED411ACF
:109D8000C5E780EE202A22EE020ADFED3F0ADFED72
:109D90003F2ABDEC028B40EE202ADFED3D0A40EE6B
:109DA000220ADFED3C2A40EE202ADFED3B0A40EE9E
:109DB000220A22EE000A00EE201A31EE020A30EEEC
:109DC000210A10BD4FF07F42B2EB400F28BFB2EB2B
:109DD000410F05D2BDEC028BBDE8104001F0AFBDD4
:109DE00040EA01035B0008BF41F0FF410BD0B2EB3A
:109DF000400F08BFB2EB410F08D120F0804000EEC9
:109E0000100A21F0804100EE901A37E7B2EB400FC4
:109E100012BF5FEA410240F0FF4001F000413FF411
:109E20002DAF4A0092EA40033FF528AF002AACBFAD
:109E30009FED1A1A9FED1A1A20EE010A60EE810AB0
:109E400010EE100A10EE901A18E70000DB0FC9BFE1
:109E5000DB0FC93FDB0F4940DB0F49C00000C9BF22
:109E600022AAFDB90000C93F22AAFD390060ED3EDB
:109E7000C30ACE3700000000000049C022AA7DBA04
:109E80000000494022AA7D3A2DAD65BD8FB8D53D71
:109E90000FB511BE61C84C3EA8AAAABE0000804FF3
:109EA0000000802F0000000010B52F499FED2C1BF3
:109EB0002DED020B84B0059820F000408842D8BFF9
:109EC0009DED040B2DDD2949884209D1049840B944
:109ED0004FF0010001F000FE01F0FEFC06B010BDE5
:109EE00005DB9DED040B01F0E3FC06B010BD6846F8
:109EF0009DED040B01F0DCF810F0030004BF9DEDB4
:109F0000021B9DED000B0CD001280ED09DED021B15
:109F10009DED000B022817D0012001F019FC06B0BE
:109F200010BD01F0E1FA06B010BD9DED021B9DEDE4
:109F3000000B012001F00CFC51EC100B81F00041F2
:109F400006B041EC100B10BD01F0CEFA51EC100B35
:109F500081F0004106B041EC100B10BD0000000084
:109F60000000000000000000FB21E93F0000F07F3E
:109F700010EE101A08B5444A6846B2EB410F28D9D2
:109F80004FF0E640B0EB410F94BF00204FF0FF30A0
:109F900000900098002861DB60EE000A10F0010FCD
:109FA00045D010F0020FDFED391A9FED391A00EE9F
:109FB000E11ADFED381A40EE811A21EEA01AF0EE18
:109FC000400A40EE010A08BFF1EE600AB0EE600AF6
:109FD00008BD314B21F0004293423CD911F0004FB3
:109FE000DFED2E0A20EE201ADFED2D0A19BF31EE2B
:109FF000601A71EE200A31EE201A71EE600ABDEE91
:10A00000E01A11EE100A9FED271A00F0030000EE8F
:10A01000C10A9FED251A009000EEC10A9FED231A98
:10A0200000EEC10A9FED221A00EEC10AB1E79FEDD2
:10A03000211A9FED210A10F0020F00EE810A9FED18
:10A040001F1A00EE801AB7EE000A00EE810A18BF50
:10A05000B1EE400A08BD01F085FC9AE710EE100A47
:10A060004000B0F17F4F3CBFB7EE000A08BD07D1FA
:10A070004FF0010001F030FDBDE8084001F062BC86
:10A08000BDE8084001F058BCB61F927E336D4C39D4
:10A09000DA82083CA0AA2ABE490E494683F9223F2B
:10A0A0000000004B0000C93F00A0FD390020A23392
:10A0B0001A61342CB93AB2BACA9F2A3DDDFFFFBEFD
:10A0C0002DED020B019820F0004001909DED000B5A
:10A0D00002B0704710B52DED028BF0EE408A18EEFD
:10A0E000900AB0EE608A20F00040C0F1FF40C00F3F
:10A0F00007D118EE100A20F00040C0F1FF40C00F59
:10A100002BD018EE101A18EE900AF6F789FB00EE25
:10A11000100A10EE100A6FEAD05010F0FF0F04BFC3
:10A12000BDEC028B10BD18EE900A00F0004110EE5D
:10A13000100A00F00040814204BFBDEC028B10BD4C
:10A1400018EE101A10EE100ABDEC028B61F31E001F
:10A1500000EE900A30EE600A10BD18EE900A4FF043
:10A160007F41B1EB400F1CBF18EE100A5FEA4000C0
:10A17000C7D1012001F0B0FCBDEC028BBDE810405E
:10A1800001F0E0BB000000002DE9F04D2DED040BC7
:10A190002DED0E8B96B0DDE92550279CDDF890A0C3
:10A1A00025F0004624F00048BAF1000F14BF012149
:10A1B000002101EB4502FC4953184A1093422AD36F
:10A1C000002814BF0123002303EB44030B44F74989
:10A1D0008B4220D358EA00019FEDF59B76D0DFF843
:10A1E000D8B35D4503D1BAF1000F05D188E0BAF1CB
:10A1F000000F08BF002100D0012101EB450111F53E
:10A20000001F08D8002814BF0121002101EB4401E0
:10A2100011F5001F0BD99DED261B9DED240B16B0EB
:10A22000BDEC0E8B04B0BDE8F04D01F04BBB002738
:10A23000002DBCBFE149884521DAE1498845A8BF26
:10A2400002271CDAC3451ADCDE4901EB2851142928
:10A2500008DDC1F1340220FA02F101FA02F2824271
:10A260000DD108E058B9C1F1140228FA02F101FA3F
:10A2700002F2424503D101F00101C1F1020756EAA1
:10A280000A0124D1002C22DA002D18BF022F01D0A0
:10A29000012F0AD0022001F01FFC16B0BDEC0E8B7E
:10A2A00004B0BDE8F04D01F0EBBA022001F014FC5F
:10A2B00001F0E6FA51EC100B81F0004141EC100B7B
:10A2C00016B0BDEC0E8B04B0BDE8F08D18E09FED2C
:10A2D000BEAB9FEDBF8B002871D1B848804522D11D
:10A2E00005F1804010F5801008BFBAF1000F07D0CB
:10A2F000B3450ADC002CA8BF9DED260BE0DA0DE08B
:10A30000B0EE490AF0EE690ADAE7002C06DA9DEDB4
:10A31000260B51EC100B81F000416FE0AE48784401
:10A3200090ED000BCCE7D8454DD1002C48DA2EB18A
:10A3300086423AD1BAF1000F42D126E0BAF1000FBD
:10A3400013D0022001F0C8FB01F0D6FA8DED020B0C
:10A350009DED240B8DED000B10EE900A039961F337
:10A360001E0003909DED020BAAE78DED02AB9DED63
:10A37000240B1AEE901A10EE900A8DED000B61F38B
:10A380001E0003909DED020B9AE78DED028B9DED73
:10A39000240B18EE901A10EE900A8DED000B61F36D
:10A3A0001E0003909DED020B8AE709DA9DED240B58
:10A3B00051EC190B53EC102BF6F7DEF81EE020E001
:10A3C0009DED240B7CE786421BDAB4F1804F0DD063
:10A3D000A4F10050B0F1FF5013D1002D11DB9DED21
:10A3E000240B51EC100B05F03FF807E09DED240B1A
:10A3F00053EC102B51EC100B00F0C2BC41EC100BD5
:10A400005EE79DED240B51EC100B02F0F6FCBAF167
:10A41000000FCDE90E0142D19FED710B46B3A6F1BD
:10A42000E040B0F17F600CD05E4538D1002D00DAFD
:10A43000A7B3022F0CBF01204FF0FF30F6F70BF946
:10A44000DCE7002D01DD002C0DDA002D01DD002CF4
:10A450001FDB002D16DA002C14DB012F08BF9FED47
:10A46000620B3FF42DAFB0EE4A0AF0EE6A0A27E71E
:10A47000022F18BF002D0CD0012F0AD1002DFFF69E
:10A480001FAF06E0002DB8BF002C08DA012F3FF403
:10A4900017AFB0EE480AF0EE680A11E71BE00120A2
:10A4A00000EBE57050EA070115D0791EB0EE498A3D
:10A4B000F0EE698A084308BF9FED4D8B4E4800259A
:10A4C000804570DD4D494E48884514DDB0420DDBB6
:10A4D000002C19DB2FE0012001F0FEFA16B0BDECD4
:10A4E0000E8B04B0BDE8F04D01F0F6B9B34502DCC7
:10A4F000002C09DC1FE0864202DA002C1BDA03E0A4
:10A500005E452BDD002C16DD022001F0E5FA01F09E
:10A51000F3F98DED020B53EC1A2B51EC180BF5F7F8
:10A52000B9FFCDE900010399019861F31E00039082
:10A530009DED020BC4E6022001F0CEFA01F0ECF929
:10A5400010EE901A18EE900A8DED020B8DED008B37
:10A5500061F31E0003909DED020BB1E69DED0E0B25
:10A5600053EC192B51EC100BF5F78EFF9FED260BDA
:10A57000CDE9080153EC102B9DED080B51EC100BAD
:10A58000F5F788FF9FED221B53EC112BF5F77FFFAA
:10A590009DED081B53EC112BF5F77CFF9FED1E1B67
:10A5A00053EC112B3CE08CE0FFFF1F00FFFF0F007E
:10A5B000000000000000F03F0000F03F0000F07FCE
:10A5C0000000404301FCFFFF000000000000F07F9E
:10A5D00000000000000000009E6800000000000075
:10A5E0000000000000000080000000000000F0FFFC
:10A5F000000000000000F0BF0000E0410000F04358
:10A60000FFFFEF3F00000000000000000000D03F0F
:10A61000555555555555D53F000000000000E03F09
:10A62000F5F735FF9DED080B41EC1A0B53EC102BA1
:10A6300051EC100BF5F72EFF53EC1A2BF5F72AFF10
:10A6400041EC1A0B9FEDFE0B53EC102B9DED080B0C
:10A6500051EC100BF5F71EFF41EC1B0B9FEDFA0BB5
:10A6600051EC1A0B53EC102BF5F714FF41EC1A0BBD
:10A670009FEDF70B53EC102B9DED080B51EC100BDD
:10A68000F5F708FF53EC1A2BF5F7FEFE41EC1A0B19
:10A6900051EC1B0B53EC1A2BF5F755FE0690CDE948
:10A6A00006519DED060B53EC1B2B51EC100BF5F7EF
:10A6B000EBFE53EC1A2BF5F7EAFE41EC100B00F021
:10A6C000A1B90020B6F5801F0EDA9FEDE30B53EC25
:10A6D000102B9DED0E0B51EC100BF5F7DBFECDE9C9
:10A6E0000E016FF034000E4600EB2650A0F2FF374B
:10A6F000C6F31300DA4940F07F6646F040568842C0
:10A70000D8BF002408DDD7498142C8BF012403DC3B
:10A710000024A6F580167F1CD348784400EBC400C3
:10A720000F9690ED00CB9DED0E0B53EC1C2B51ECD6
:10A73000100BF5F7A9FE9DED0E0B41EC1B0B53EC36
:10A740001C2B51EC100BF5F7FEFD41EC100B51ECFE
:10A75000190B53EC102BF5F70FFF41EC1D0B51ECCF
:10A760001B0B53EC1D2BF5F795FE41EC1A0BBF4864
:10A770008DED10AB7844109590ED000B4FF000502C
:10A7800040EA660000EB84408DED080B00F50020E8
:10A7900009909DED080B53EC1C2B51EC100BF5F7B9
:10A7A00073FE9DED0E1B53EC112BF5F770FE41EC83
:10A7B000100B53EC102B9DED100B51EC100BF5F71B
:10A7C00069FE9DED080B41EC1C0B53EC102B9DED2D
:10A7D000100B51EC100BF5F75DFE53EC1B2BF5F74E
:10A7E00056FE53EC1C2BF5F74FFE53EC1D2BF5F7E3
:10A7F00051FE41EC1C0B53EC1A2B51EC1A0BF5F7E4
:10A8000049FE41EC1B0B9A480621B0EE4B0AF0EED4
:10A810006B0A784400F020FFB0EE401AF0EE601AA8
:10A82000B0EE41DAF0EE61DA53EC1B2B51EC1B0B6E
:10A83000F5F730FE53EC1D2BF5F72CFE9DED100BBC
:10A8400041EC1B0B53EC1A2B51EC100BF5F77BFD75
:10A8500053EC1C2BF5F71EFE53EC1B2BF5F773FD89
:10A860009DED100B41EC1B0B53EC102B51EC100B1E
:10A87000F5F710FE41EC1D0B9FED7FEB53EC1E2B0B
:10A88000F5F761FD53EC1B2BF5F75DFD0890CDE965
:10A8900008519DED080B53EC1E2B51EC100BF5F7F6
:10A8A000F3FD53EC1D2BF5F7EFFD53EC1B2BF5F7E8
:10A8B000EEFD9DED080B41EC1D0B53EC102B9DEDB7
:10A8C000100B51EC100BF5F7E5FD41EC1B0B53ECB5
:10A8D0001A2B51EC1D0BF5F7DDFD9DED080B41EC3E
:10A8E0001A0B53EC102B51EC1C0BF5F7D3FD53EC6A
:10A8F0001A2BF5F728FD41EC1A0B51EC1B0B53EC0E
:10A900001A2BF5F720FD0C90CDE90C519DED0C0BA9
:10A9100053EC1B2B51EC100BF5F7B6FD53EC1A2B37
:10A92000F5F7B5FD41EC1B0B9FED550B53EC102BD0
:10A930009DED0C0B51EC100BF5F7ACFD41EC1A0B37
:10A940009FED510B51EC1B0B53EC102BF5F7A2FDB7
:10A9500041EC1B0B9FED4E0B53EC102B9DED0C0BA4
:10A9600051EC100BF5F796FD53EC1B2BF5F7EBFCB8
:10A9700041EC100B4848784400EBC40090ED001BFC
:10A9800051EC100B53EC112BF5F7DDFC41EC1B0BDC
:10A990003846F5F760FECDE9080153EC1B2B51EC6E
:10A9A0001A0BF5F7D0FC41EC100B3C48784400EB57
:10A9B000C40090ED00CB51EC100B53EC1C2BF5F7C1
:10A9C000C2FC9DED081B53EC112BF5F7BCFC069067
:10A9D000CDE906519DED080B53EC102B9DED060BB8
:10A9E00051EC100BF5F750FD53EC1C2BF5F74CFD1B
:10A9F00053EC1A2BF5F748FD53EC1B2BF5F747FDED
:10AA000041EC100B9DED261B53EC102B8DED001B24
:10AA100000959DED260B51EC100BF5F73BFD9DEDE0
:10AA2000000B41EC1A0B53EC102B9DED260B51EC57
:10AA3000100BF5F729FD9DED061B53EC112B2FE0B4
:10AA4000000000604715F73FFE822B654715F73F72
:10AA500044DF5DF80BAE543E0000000000004043B0
:10AA60008E9803007AB60B00EA6300004864000089
:10AA70002263000000000000000000000000084009
:10AA8000000000E009C7EE3FFD033ADC09C7EE3FD6
:10AA9000F5015B14E02F3EBEAE610000686100006E
:10AAA000F5F7F8FC53EC1A2BF5F74DFC9DED060B72
:10AAB00041EC1A0B53EC102B9DED000B51EC100BDD
:10AAC000F5F7E8FCCDE90C019DED0C0B51EC1A0BF0
:10AAD00053EC102BF5F737FCCDE902010C46AA49DF
:10AAE0008C422FDB611A084318D19DED0C0B53ECFF
:10AAF000102B9DED020B51EC100BF5F7C5FC41EC52
:10AB00001B0B9FEDA30B51EC1A0B53EC102BF5F71D
:10AB10001AFC53EC1B2BF5F7E7FD2DD2022000F0B9
:10AB2000DBFF00F0E9FE10EE901A18EE900A8DEDB2
:10AB3000020B8DED008B61F31E0003909DED020B67
:10AB4000FFF7BEBB944A24F00041914214D39349CD
:10AB5000214408437FF4EFAC9DED0C0B53EC102B1C
:10AB60009DED020B51EC100BF5F78EFC53EC1A2BFC
:10AB7000F5F7BAFD7FF6DFAC24F000408849894A3A
:10AB8000002601EB205182422BDA481C4FF4801141
:10AB900021FA00F02044844AC0F30A517A44A1F219
:10ABA000FF3192ED000B814A8DED080BCA4020EA7F
:10ABB0000202C0F3130040F48010C1F1140120FA26
:10ABC00001F60992002CB8BF76429DED080B53ECBC
:10ABD000102B9DED0C0B51EC100BF5F755FCCDE94E
:10ABE0000C019DED0C0B51EC1A0B53EC102BF5F7EF
:10ABF000AAFB9FED6F0B0890CDE9085153EC102B89
:10AC00009DED080B51EC100BF5F744FC41EC1B0BD0
:10AC10009FED690B53EC102B9DED080B51EC100BC5
:10AC2000F5F738FC9DED0C0B41EC1C0B53EC102B95
:10AC30009DED080B51EC100BF5F726FC53EC1A2B8D
:10AC4000F5F725FC9FED5E1B53EC112BF5F722FC6D
:10AC500053EC1C2BF5F777FB41EC1A0B51EC1B0B5B
:10AC600053EC1A2BF5F76FFBCDE902019DED020BBA
:10AC700053EC1B2B51EC100BF5F706FC53EC1A2B85
:10AC8000F5F705FC9DED020B41EC1A0B53EC102B74
:10AC900051EC100BF5F7FEFBCDE908014A489DED9C
:10ACA000080B0521784400F0D7FC9DED081B51EC02
:10ACB000100B53EC112BF5F7EDFB9DED021B53EC44
:10ACC000112BF5F7E4FBCDE906019DED020B53ECEA
:10ACD0001A2B51EC100BF5F7DDFB53EC1A2BF5F7A3
:10ACE00032FB9FED3B0B41EC1A0B53EC102B9DED0F
:10ACF000060B51EC100BF5F7C7FB9DED060B41EC75
:10AD00001B0B53EC102B9DED020B51EC100BF5F7C8
:10AD1000C1FB53EC1B2BF5F72FFC53EC1A2BF5F76B
:10AD2000B3FB9DED021B53EC112BF5F7ADFB53EC80
:10AD3000192BF5F7ACFBCDE9020101EB065001152B
:10AD40000029C8BF039015DC9DED020B324651EC83
:10AD5000100BF5F7EBFDFEF731FF042808BF00F0FC
:10AD6000DBFD32469DED020B51EC100BF5F7DEFDDD
:10AD7000CDE902019DED020B51EC180B53EC102BA9
:10AD8000F5F788FBFFF73ABB000090400000000099
:10AD9000FE822B654715973C00CC904000346F3FF6
:10ADA00001FCFFFF0000E03F20600000FFFF0F00FC
:10ADB00000000000432EE63F396CA80C615C20BE09
:10ADC000EF39FAFE422EE63FC05E000000000000B0
:10ADD000000000000000004010B52F499FED2C1B23
:10ADE0002DED020B84B0059820F000408842DCBFB6
:10ADF00000209DED040B32DD2849884209D10498DA
:10AE000040B94FF0010000F067FE00F065FD06B0AC
:10AE100010BD05DB9DED040B00F04AFD06B010BD32
:10AE200068469DED040B00F043F910F0030011D0CB
:10AE3000012818D09DED021B9DED000B02281AD0B1
:10AE400000F052FB51EC100B81F0004106B041ECD8
:10AE5000100B10BD9DED021B9DED000B012000F0BD
:10AE600077FC06B010BD9DED021B9DED000B00F0C0
:10AE70003BFB06B010BD012000F06AFC51EC100B4A
:10AE800081F0004106B041EC100B10BD0000000045
:10AE90000000000000000000FB21E93F0000F07FFF
:10AEA00000B510EE101A2DED028B81B0524A6846A3
:10AEB000B2EB410F2ED94FF0E640B0EB410F94BFFB
:10AEC00000204FF0FF3000900098B0EE408A00283C
:10AED0006ADB10F0010F4BD068EE080A9FED471AAD
:10AEE0009FED470A00EE810A9FED461A10F0020F0F
:10AEF00000EE801AB7EE000A00EE810A02BF01B030
:10AF0000BDEC028B00BD00BF01B0B1EE400ABDEC4C
:10AF1000028B00BD3C4B21F00042934241D911F01D
:10AF2000004FDFED3A0A20EE201ADFED390A19BF93
:10AF300031EE601A71EE200A31EE201A71EE600ACD
:10AF4000BDEEE01A11EE100A9FED321A00F0030078
:10AF500000EEC10A9FED301A009000EEC10A9FED8D
:10AF60002F1A00EEC10A9FED2E1A00EEC10AABE7C0
:10AF700028EE080A9FED2B1ADFED2B0A10F0020FC6
:10AF800040EE410A9FED291A00EE201A61EE000AF8
:10AF9000B0EE480A08EE200AB6D101B0BDEC028B33
:10AFA00000BD00F0DFFC8FE718EE100A4000B0F1A2
:10AFB0007F4F0DD218EE100AFEF718FE042808BFC6
:10AFC00000F0C8FCB0EE480A01B0BDEC028B00BD39
:10AFD00009D1012000F080FD01B0BDEC028B5DF8CD
:10AFE00004EB00F0AFBC01B0B0EE480ABDEC028B40
:10AFF0005DF804EB00F0A0BCB61F927EB93AB2BA7D
:10B00000CA9F2A3DDDFFFFBE490E494683F9223F14
:10B010000000004B0000C93F00A0FD390020A23312
:10B020001A61342C336D4C39DA82083CA0AA2ABE4E
:10B0300000B52DED048BB0EE409AF0EE609A83B02F
:10B0400051EC190BF5F789FC41EC180B18EE100ABE
:10B0500018EE901A8DED008B002818BF01200843D0
:10B0600020F00040C0F17F6000F1E040C00F14D03C
:10B0700019EE101A19EE900A8DED009B002918BFE9
:10B080000121084320F00040C0F17F6000F1E04062
:10B09000C00F04BF012000F01FFDB0EE480A03B04E
:10B0A000F0EE680ABDEC048B00BD0000000000005B
:10B0B0002DE9F14F04462DED020B2DED088B8AB0E2
:10B0C0009FEDE70B80ED020B139EE74826F000454D
:10B0D00085420ADC9DED120B002084ED000B0AB0C6
:10B0E000BDEC088B03B0BDE8F08FE0489FEDE0AB0E
:10B0F0009FEDE1BBA84247DDE14F9FEDE39B9FED54
:10B10000E48B9DED120B53EC1A2B51EC100B002E1F
:10B110001CDDF5F7B9F941EC100BBD4208D053EC3A
:10B120001B2B51EC100BF5F7AFF9C4E900010BE054
:10B1300053EC192B51EC100BF5F7A6F953EC182B27
:10B14000F5F7A2F9C4E900010120C8E7F5F7FBF81B
:10B1500041EC100BBD4208D053EC1B2B51EC100BF3
:10B16000F5F7F1F8C4E900010BE053EC192B51ECB1
:10B17000100BF5F7E8F853EC182BF5F7E4F8C4E9F1
:10B1800000014FF0FF30AAE7C348A84279DB9DEDEC
:10B19000120B51EC100B01F030FE41EC180B9FED3F
:10B1A000C00B53EC102BF5F775F99FEDBF1B53EC5B
:10B1B000112BF5F7C8F8F5F733FC0746F5F74BFA0E
:10B1C00041EC190B53EC1A2BF5F764F953EC182BDF
:10B1D000F5F75DF941EC180B53EC1B2B51EC190BF7
:10B1E000F5F758F9DFF8C8A241EC100B4FEA1558F3
:10B1F0000125FA4453EC102B51EC180BF5F744F9E8
:10B20000032DC4E900013DD0C1F30A5005EB4511FF
:10B21000A8EB00001139814234DA0AEB051BB0EECD
:10B2200048AA9BED000BF0EE68AA53EC102B51ECF2
:10B23000190BF5F72FF941EC1B0B51EC1A0B53ECE2
:10B240001B2BF5F721F941EC180B51EC1A0B53ECC1
:10B25000182BF5F719F953EC1B2BF5F715F99BEDA6
:10B26000020B41EC1A0B53EC102B51EC190BF5F7B8
:10B2700011F953EC1A2BF5F707F941EC100B6D1C83
:10B28000B8E70EE0002EA8BF3846BFF628AF94ED11
:10B29000000B51EC100B81F00041C4E90001784231
:10B2A0001DE7C6F3130040F4801EC6F30A50A0F257
:10B2B000F530471100F01F05C5F12000DDF848B05A
:10B2C00008900020069007900520EC467949002D53
:10B2D00007EB0002794408BF51F8221009D051F859
:10B2E000223001EB8201AB404A68089922FA01F151
:10B2F0001943A1FB0E26A1FB0B131A449A4234BF3B
:10B300000123002303EB06080CEB8003D3E901A61D
:10B310000E448E4234BF0121002192448A4411B16F
:10B32000924502D903E0924501D2012100E00021BB
:10B33000C3E901A641444CF82010011EA0F1010010
:10B34000C4DC029800F10050850F0298DDE9036724
:10B350008000DDF81480F5F77EF941EC1A0B3046D9
:10B36000F5F78AF99FED541B53EC112BF5F792F882
:10B3700041EC1B0B3846F5F77FF99FED511B53EC61
:10B38000112BF5F787F841EC180B4046F5F774F9E7
:10B390009FED4D1B53EC112BF5F77CF841EC190B8D
:10B3A00051EC180B53EC192BF4F7CDFF53EC1B2B7E
:10B3B000F4F7C9FF53EC1A2BF4F7C5FFCDE90801E8
:10B3C000002008909DED080B53EC1A2B51EC100B4C
:10B3D000F5F75AF853EC1B2BF5F756F853EC182BEE
:10B3E000F5F752F853EC192BF5F751F89FED381B90
:10B3F00053EC112BF5F74EF89FED370B41EC180B82
:10B4000053EC102B9DED080B51EC100BF5F742F8A7
:10B4100053EC182BF4F797FF9FED310B41EC180B11
:10B4200053EC102B9DED080B51EC100BF5F732F897
:10B4300053EC182BF4F787FF41EC100B139810F026
:10B44000004F06D06D4251EC100B81F0004141ECF1
:10B45000100B284684ED000B41E6000000000000C0
:10B460000000000000000000FB21E93F7CD9024001
:10B4700000004054FB21F93F3163621A61B4D03DB2
:10B48000FB21F93F000000000000601A61B4D03DCC
:10B490007370032E8A19A33BFB2139410000000081
:10B4A00083C8C96D305FE43F000000000000E03F4A
:10B4B000D259000020590000000000000000103E9A
:10B4C000000000000000103C000000000000103AE6
:10B4D000182D4454FB21F93D3326A611460B113C8F
:10B4E00000000054FB21F93D10B52DED040B2DEDAE
:10B4F000088B82B0B0EE419AF0EE619A0B9820F082
:10B5000000449FED4BABB4F1795F11DA9DED0A0B6E
:10B5100051EC100BF5F784FA002801BFB0EE4A0A8F
:10B52000F0EE6A0A02B0BDEC088B04BF04B010BD97
:10B530009DED0A0B53EC102B51EC100BF4F7AAFF06
:10B5400041EC180B3C480621B0EE480AF0EE680AC0
:10B55000784400F081F853EC182B51EC100BF4F701
:10B5600099FF9DED0A0B41EC1B0B53EC192B51EC91
:10B57000100BF4F78FFF41EC190B53EC1B2B51EC24
:10B58000180BF4F787FF53EC192BF4F77DFF9FEDB1
:10B590002C0B41EC190B53EC102B51EC180BF4F75E
:10B5A00079FF41EC100B2848844210DA53EC192B38
:10B5B00051EC100BF4F768FF53EC1A2BF4F767FF0C
:10B5C00041EC100B02B0BDEC088B04B010BD1F485D
:10B5D000A042BCBF9FED1E1B8DED001B06DBA4F53A
:10B5E00000100190002000909DED001B51EC100B0D
:10B5F00053EC112BF4F748FF9DED000B41EC180BB9
:10B6000053EC102B51EC1A0BF4F73EFF41EC1A0BE4
:10B6100053EC192B51EC180BF4F736FF53EC1A2BA3
:10B62000F4F735FF41EC100BCCE700000000000000
:10B63000000000000000F03F3C5600000000000049
:10B64000000000000000E03F3333D33F0000E93F3B
:10B65000000000000000D23F70B504462DED028BC3
:10B660004D1E00EBC500B0EE408AF0EE608A90ED12
:10B67000000B35F0060017D053EC182B51EC100BD3
:10B68000F4F708FF41EC100B6D1E04EBC50090EDC4
:10B69000001B51EC100B53EC112BF4F754FE41EC52
:10B6A000100B35F00600E7D1022D36D0042D1CD04A
:10B6B000062D1CBFBDEC028B70BD53EC182B51EC5A
:10B6C000100BF4F7E7FE94ED0A1B53EC112BF4F783
:10B6D0003AFE53EC182BF4F7DDFE94ED081B53EC07
:10B6E000112BF4F730FE41EC100B53EC182B51ECFE
:10B6F000100BF4F7CFFE94ED061B53EC112BF4F76F
:10B7000022FE53EC182BF4F7C5FE94ED040B53EC1A
:10B71000102BF4F718FE41EC100B53EC182B51ECE6
:10B72000100BF4F7B7FE94ED021B53EC112BF4F75A
:10B730000AFE53EC182BF4F7ADFE94ED001B53EC0E
:10B74000112BF4F700FEBDEC028B41EC100B70BD29
:10B7500031B504462DED040B2DED0A8BB0EE41BA48
:10B76000F0EE61BA0B989DED0A0B20F00040B0F1AD
:10B77000795F0DDA51EC100BFEF720FA042808BFB0
:10B7800000F0CAF89DED0A0BBDEC0A8B05B030BD88
:10B7900053EC102B51EC100BF4F77CFE41EC180B22
:10B7A0009DED0A0B53EC182B51EC100BF4F772FEC5
:10B7B00041EC190B2C48B0EE480AF0EE680A05215E
:10B7C0007844FFF749FF9FED2ACBB0EE40AAF0EE98
:10B7D00060AA9CB353EC1C2B51EC190BF4F75AFEE6
:10B7E00041EC1C0B53EC1A2B51EC190BF4F752FEE5
:10B7F0009FED210B41EC190B53EC102B51EC1B0B63
:10B80000F4F748FE53EC192BF4F73EFE53EC182BDB
:10B81000F4F740FE53EC1B2BF4F736FE53EC1C2BD5
:10B82000F4F732FE9DED0A1B53EC112BF4F72FFEBB
:10B83000BDEC0A8B05B041EC100B30BDFFE753ECBB
:10B840001A2B51EC180BF4F725FE53EC1C2BF4F7D4
:10B850007AFD53EC192BF4F71DFE9DED0A1B53ECFA
:10B86000112BF4F770FDE3E7EC540000000000003A
:10B87000495555555555C5BF000000000000E03F33
:10B880009FED070B10B553EC102B9FED070B51EC00
:10B89000100BF4F771FE41EC100B10BD000000001E
:10B8A0000000000000000000000000000000F03F69
:10B8B00010B553EC102B51EC100BF4F744FD41EC98
:10B8C000100B10BD10B553EC112B51EC100BF4F70D
:10B8D0003AFD41EC100B10BD9FED050B10B553EC7C
:10B8E000102B51EC100BF4F747FE41EC100B10BD80
:10B8F00000000000000000009FED050B10B553ECA8
:10B90000102B51EC100BF4F7C5FD41EC100B10BDE2
:10B9100000000000000000709FED050B10B553EC17
:10B92000102B51EC100BF4F7B5FD41EC100B10BDD2
:10B93000000000000000001030EE000A704730EEFA
:10B94000200A7047DFED020A80EEA00A704700006F
:10B95000000000009FED020A20EE000A7047000080
:10B96000000000102DE9F0014FF07F42B2EB410FD3
:10B970009FBF4FF0FF310160BDE8F00170474FF00D
:10B98000004242EA0123C1F3C752783A551112F03E
:10B990001F0C434CCCF120067C44C1F3C752A2F1EA
:10B9A00078024FEA621204EB820254F8254008BF85
:10B9B000D2E9015612D0556804FA0CF425FA06F7BC
:10B9C0003C43976805FA0CF527FA06F8D26807FA9F
:10B9D0000CFCF24045EA08054CEA0206A4FB034CC5
:10B9E000A5FB0352A6FB03631D449D4234BF012601
:10B9F00000261319334416B1934202D903E093424F
:10BA000001D2012200E00022624402F1200C9206E1
:10BA1000DC0C42EA443200EE102A5B03DFED210A1F
:10BA2000F8EEC01A00EE103A4FEA9C1C11F0004FDD
:10BA3000B8EE400AC0F800C020EE201A00EE105AFE
:10BA4000DFED190AB8EE400A20EE200A71EE810AF5
:10BA500070EE800A10EE902A02F500626FF30B027E
:10BA600000EE902A70EEE11A31EEC11ADFED101AE5
:10BA700030EE411A9FED0D0A20EE800A01EE210AF8
:10BA80009FED0C1A00EE810A04BFBDE8F00170477B
:10BA9000CCF180510160BDE8F001B1EE400A704781
:10BAA000F4520000000000360000802C22AAFD297C
:10BAB000DB0FC92F0000C92F02E008C8121F08C100
:10BAC000002AFAD170477047002001E001C1121F1F
:10BAD000002AFBD170470000014908607047000050
:10BAE000E80B00202DE9F8438946002100914E46DD
:10BAF000002802D0B9F1000F03DC4FF0FF30BDE8A1
:10BB0000F8836FF00107B9F1070F01DA3846F6E75D
:10BB1000044608E02078592802D16078532804D0E0
:10BB2000641C761E36B2022EF4DA072E05DAA9EB73
:10BB3000060000F0AFF83846E1E72579E81DB0428D
:10BB400001DD3846DBE7E81C81B26A46A01C00F044
:10BB500035F86019BDF80010B0F80500884209D02A
:10BB60002179A9EB0600C01D084400F093F86FF09E
:10BB70000200C4E705270FE004EB070808F1020202
:10BB800098F8011098F8000000F04EF801280CD049
:10BB90007F1CBFB26D1E2DB2002DEDDCA9EB06009F
:10BBA000C01D00F077F80020A9E798F80100BF1C3D
:10BBB000C1198FB2281A801E05B2EDE770B50024B6
:10BBC0000025002803D011B10AB1002309E04FF08D
:10BBD000FF3070BDC65C3444E4B22544EDB25B1C5A
:10BBE0009BB28B42F6D344EA05201080002070BD42
:10BBF00010B50548F5F72CFB0348F7F7C8FB022101
:10BC00000148F6F7BDFD10BDF01F002010B5054836
:10BC1000F5F74AFB0348F7F7BAFB02210148F6F7AC
:10BC2000AFFD10BD1820002030B51546FF23402879
:10BC300002D10C2902D00023184630BD012328462A
:10BC400001F0E7F800EE100A114CF8EEC00A9FED83
:10BC50000F0A60EE800AC4ED000A281D01F0D9F831
:10BC600000EE900AF8EEE00A60EE800AC4ED010AE8
:10BC700005F1080001F0CDF800EE900AF8EEE00AB8
:10BC800020EE800A84ED020AD6E70000BD37863533
:10BC9000EC0D002070B5044621460C48F4F748FB33
:10BCA0000B4DA888A0420ED9001B82B2AA80074E75
:10BCB00031193046F4F715FBA88821463044BDE819
:10BCC0007040F4F735BB0020A88070BDF51C002043
:10BCD0004C0B002030B502460B464FF6FF7000219A
:10BCE00012E0545C604000240AE000F0010525B138
:10BCF0004AF2010585EA600000E04010651CECB2E4
:10BD0000082CF2DB4C1CA1B29942EADB30BD0000EA
:10BD100000BF094909480088FDF740F801F020F903
:10BD200001F084F8064801F093FFF4F7F5FF0120D5
:10BD300003F0CAFDEDE70000100E0020BA09002054
:10BD4000921A002000B52DED028B8BB0FD4890EDCE
:10BD5000020A8DED060A9DED060AF6F797FA8DEDBB
:10BD60000A0A0020F84981F84E0081F84F00F54892
:10BD700080680190F4F78DFCCDE902019DED020B86
:10BD8000FEF79EF98DED040B9FEDF00B53EC102B9D
:10BD90009DED040B51EC100BF4F78EFC03D2002048
:10BDA000E94908708DE0E74890ED020ADFEDE90A05
:10BDB00030EE600A8DED010A0198F4F76AFCCDE9D6
:10BDC00002019DED020BFEF77BF98DED040B9FED5B
:10BDD000DF0B53EC102B9DED040B51EC100BF4F723
:10BDE0006BFC03D20120D84908706AE0D54890ED79
:10BDF000020ADFEDD90A30EE600A8DED010A0198E2
:10BE0000F4F747FCCDE902019DED020BFEF758F96E
:10BE10008DED040B9FEDCD0B53EC102B9DED040B22
:10BE200051EC100BF4F748FC1ED3C64890ED020A03
:10BE3000DFEDC90A30EE200A8DED010A0198F4F712
:10BE400028FCCDE902019DED020BFEF739F98DEDDD
:10BE5000040B9FEDBE0B53EC102B9DED040B51EC2E
:10BE6000100BF4F729FC03D20220B749087028E030
:10BE7000B44890ED020ADFEDB70A30EE200A8DEDEE
:10BE8000010A0198F4F705FCCDE902019DED020BD2
:10BE9000FEF716F98DED040B9FEDAC0B53EC102B58
:10BEA0009DED040B51EC100BF4F706FC03D20320BC
:10BEB000A549087005E00120A34981F84E0081F8EA
:10BEC0004F00A148007818B19F480078022851D14E
:10BED0009D4890ED030ADFEDA10AB4EEE00AF1EE11
:10BEE00010FA1ADCD0ED030A9FED9D0AF4EEC00AA9
:10BEF000F1EE10FA11D390ED040ADFED980AB4EEDA
:10BF0000E00AF1EE10FA08DC90ED040ADFED940A85
:10BF1000B4EEE00AF1EE10FA03D201208A4981F86A
:10BF20004E00894890ED010ADFED8E0AB4EEE00A7A
:10BF3000F1EE10FA1ADC90ED010ADFED890AB4EE99
:10BF4000E00AF1EE10FA11D390ED020ADFED850A56
:10BF5000B4EEE00AF1EE10FA08DCD0ED020A9FED33
:10BF6000800AF4EEC00AF1EE10FA03D201207649FD
:10BF700081F84F0074480078012803D07248007897
:10BF8000032870D1704890ED030ADFED760AB4EE15
:10BF9000E00AF1EE10FA1ADCD0ED030A9FED700A08
:10BFA000F4EEC00AF1EE10FA11D390ED040ADFEDC1
:10BFB0006D0AB4EEE00AF1EE10FA08DC90ED040A26
:10BFC000DFED670AB4EEE00AF1EE10FA03D20120C9
:10BFD0005D4981F84E005C4890ED010ADFED5F0A93
:10BFE000B4EEE00AF1EE10FA1ADC90ED010ADFED92
:10BFF0005C0AB4EEE00AF1EE10FA11D390ED020AF9
:10C00000DFED560AB4EEE00AF1EE10FA08DC90ED2E
:10C01000020ADFED530AB4EEE00AF1EE10FA03D2A1
:10C020000120494981F84F00474890ED010AD0EDC1
:10C03000020A30EE200ADFED4C0AB4EEE00AF1EE1F
:10C0400010FA0CD390ED010AD0ED020A30EE200A6E
:10C05000DFED460AB4EEE00AF1EE10FA03DD01204E
:10C06000394981F84F00384890ED030AD0ED040AB1
:10C0700030EE600A8DED010A0198F4F70AFBCDE974
:10C0800002019DED020BFEF71BF88DED040B9FEDF9
:10C09000380B53EC102B9DED040B51EC100BF4F707
:10C0A00023FB03D20120284981F84E00264890ED59
:10C0B000190A80ED180A90ED1A0A80ED190A90ED20
:10C0C0001B0A80ED1A0A90ED1C0A80ED1B0A90ED08
:10C0D000030A80ED1C0A0020069010E01A48D0EDFB
:10C0E0002C0A6030069900EB810090ED000A30EEDA
:10C0F000800A154880ED2C0A0698401C0690069888
:10C100000528EBDB0020069048E00F4890ED2C0A54
:10C11000F1EE040A80EE201A6030069900EB8100EF
:10C1200090ED000A30EE410A8DED010A0198F4F716
:10C13000B0FACDE902019DED020BFDF7C1FF8DEDD7
:10C14000040B19E0840C0020C00C0020000000004B
:10C15000000000400000B442000034430000FA45F3
:10C1600000004842007014460070F8450090FB45FE
:10C1700000000000000049409FEDF90B53EC102B2C
:10C180009DED040B51EC100BF4F7AEFA03D2012035
:10C19000F54981F84E000698401C0690069805283F
:10C1A000B3DB9FEDF20AF04880ED2C0A90ED1E0AF9
:10C1B00080ED1D0A90ED1F0A80ED1E0A90ED200A09
:10C1C00080ED1F0A90ED210A80ED200A90ED040A0F
:10C1D00080ED210A0020069010E0E34890ED2D0A42
:10C1E0007430069900EB8100D0ED000A30EE200A91
:10C1F000DD4880ED2D0A0698401C0690069805281B
:10C20000EBDB002006902DE0D74890ED2D0AB1EE33
:10C21000041AC0EE010A7430069900EB810090ED1B
:10C22000000A30EE600A8DED010A0198F4F731FA48
:10C23000CDE902019DED020BFDF742FF8DED040BF0
:10C240009FEDC70B53EC102B9DED040B51EC100B25
:10C25000F4F74AFA03D20120C34981F84E00069848
:10C26000401C069006980528CEDB9FEDC00ABE480C
:10C2700080ED2D0A90ED230A80ED220A90ED240A2C
:10C2800080ED230A90ED250A80ED240A90ED260A20
:10C2900080ED250A90ED010A80ED260A0020069027
:10C2A00010E0B14890ED2E0A8830069900EB81002D
:10C2B000D0ED000A30EE200AAB4880ED2E0A069839
:10C2C000401C069006980528EBDB002006902DE028
:10C2D000A54890ED2E0AF1EE040A80EE201A88306F
:10C2E000069900EB810090ED000A30EE410A8DEDD9
:10C2F000010A0198F4F7CDF9CDE902019DED020B99
:10C30000FDF7DEFE8DED040B9FED950B53EC102B2E
:10C310009DED040B51EC100BF4F7E6F903D201206C
:10C32000914981F84F000698401C06900698052810
:10C33000CEDB9FED8E0A8C4880ED2E0A90ED280A08
:10C3400080ED270A90ED290A80ED280A90ED2A0A4F
:10C3500080ED290A90ED2B0A80ED2A0A90ED020A61
:10C3600080ED2B0A0020069010E07F4890ED2F0A08
:10C370009C30069900EB8100D0ED000A30EE200AD7
:10C38000794880ED2F0A0698401C069006980528EB
:10C39000EBDB002006902DE0734890ED2F0AB1EE04
:10C3A000041AC0EE010A9C30069900EB810090ED62
:10C3B000000A30EE600A8DED010A0198F4F769F980
:10C3C000CDE902019DED020BFDF77AFE8DED040B28
:10C3D0009FED630B53EC102B9DED040B51EC100BF8
:10C3E000F4F782F903D201205F4981F84F000698E3
:10C3F000401C069006980528CEDB9FED5C0A5A4843
:10C4000080ED2F0A9FED590A8DED090A9FED570A1D
:10C410008DED080A9FED550A8DED070A90F84E0044
:10C4200000287DD1504890ED030AD0ED040A70EE4B
:10C43000200AB6EE000A20EE800A8DED090A007887
:10C4400030B101286DD002286DD003286CD1A3E152
:10C450009DED090A5FEDBF0A30EEC00A424880ED4B
:10C460000D0A4348007801282CD14248D0ED000A3B
:10C470003D4890ED0D0A30EEC00A8DED010A01989D
:10C48000F4F707F9CDE902019DED020BFDF718FE67
:10C490008DED040B9FED380B53EC102B9DED040B31
:10C4A00051EC100BF4F708F90CD22F4890ED0D0A5F
:10C4B000304880ED050A3248008E401C81B2304879
:10C4C00001864BE02A48007860BB2E4890ED000AB8
:10C4D0002548D0ED0D0A30EE600A8DED010A019875
:10C4E000F4F7D7F8CDE902019DED020BFDF7E8FD69
:10C4F0008DED040B9FED200B53EC102B9DED040BE9
:10C5000051EC100BF4F7D8F828D29DED0A0ADFEDB4
:10C51000170A30EE200A8DED060A9DED060A04E0AA
:10C52000BAE137E01AE0B8E0B5E1FEF7B9FCB0EEE9
:10C53000408A9FED0E0AFEF7B3FC78EE000A0A4827
:10C5400090ED0D0A104890ED001A30EE410A9FED73
:10C550000F1A00EEC10A0E4880ED000A9BE10000B0
:10C560000000000000003E40C00C00200000000061
:10C5700054000020A41800200000000000407F406C
:10C58000040C0020840C0020080000200000A043C0
:10C59000C00D00209DED090ADFEDFE0A30EEC00A55
:10C5A000FD4880ED0E0AFD48007801282CD1FC489A
:10C5B00090ED010AF848D0ED0E0A30EE600A8DEDDC
:10C5C000010A0198F4F765F8CDE902019DED020B2F
:10C5D000FDF776FD8DED040B1FED190B53EC102BC1
:10C5E0009DED040B51EC100BF4F766F80CD2EA4801
:10C5F00090ED0E0AEA4880ED060AEA48408E401C9B
:10C6000081B2E848418647E0E4480078F0BBE6485C
:10C61000D0ED010AE04890ED0E0A30EEC00A8DED33
:10C62000010A0198F4F735F8CDE902019DED020BFE
:10C63000FDF746FD8DED040B1FED310B53EC102B78
:10C640009DED040B51EC100BF4F736F824D29DED60
:10C650000A0A5FED3A0A30EE200A8DED060A9DEDDA
:10C66000060AFDF785FCB0EE408A1FED400AFDF793
:10C670007FFC78EE400AC84890ED0E0ACB4890ED5A
:10C68000001A30EE410A1FED3F1A00E004E000EE10
:10C69000C10AC74880ED010AFDE09DED090ABE48C8
:10C6A00080ED0D0ABD48007801282CD1BC4890EDE2
:10C6B000000AB948D0ED0D0A30EE600A8DED010A8E
:10C6C0000198F3F7E6FFCDE902019DED020BFDF7BE
:10C6D000F7FC8DED040B1FED580B53EC102B9DED6B
:10C6E000040B51EC100BF3F7E7FF0CD2AA4890EDC6
:10C6F0000D0AAB4880ED050AAA48008E401C81B2A5
:10C70000A848018647E0A5480078E0BBA64890ED20
:10C71000000AA148D0ED0D0A30EE600A8DED010A45
:10C720000198F3F7B6FFCDE902019DED020BFDF78D
:10C73000C7FC8DED040B1FED700B53EC102B9DED22
:10C74000040B51EC100BF3F7B7FF24D29DED0A0A4E
:10C750005FED7A0A30EE200A8DED060A9DED060A9D
:10C76000FEF79EFBB0EE408A1FED800AFEF798FBB5
:10C7700078EE000A884890ED0D0A8E4890ED001A78
:10C7800030EE410A00E006E01FED801A00EEC10A1B
:10C79000874880ED000A7EE09DED090A7E4880ED25
:10C7A0000E0A7E48007801282CD17D4890ED010AC0
:10C7B0007948D0ED0E0A30EE600A8DED010A01983D
:10C7C000F3F767FFCDE902019DED020BFDF778FC61
:10C7D0008DED040B1FED980B53EC102B9DED040B0E
:10C7E00051EC100BF3F768FF0CD26B4890ED0E0A7A
:10C7F0006B4880ED060A6B48408E401C81B2694848
:10C80000418647E065480078E0BB6748D0ED010A03
:10C81000614890ED0E0A30EEC00A8DED010A0198D4
:10C82000F3F737FFCDE902019DED020BFDF748FC60
:10C830008DED040B1FEDB00B53EC102B9DED040B95
:10C8400051EC100BF3F738FF24D29DED0A0A5FED8F
:10C85000B90A30EE200A8DED060A9DED060AFDF7B5
:10C8600087FBB0EE408A1FEDBF0AFDF781FB78EE33
:10C87000400A494890ED0E0A4C4890ED001A30EEFF
:10C88000410A00E006E01FEDBF1A00EEC10A484869
:10C8900080ED010A00BF00BF3F4890F84F0000281C
:10C8A00073D13D48007830B101286FD002286ED096
:10C8B00003286DD1D2E1384890ED010ADFED350A49
:10C8C00030EEC00A8DED080A90ED020A8DED070AE0
:10C8D000354890ED010ADFED380AB4EEE00AF1EEDA
:10C8E00010FA35D29DED070A2B4880ED0E0A2B4831
:10C8F000007801287BD12A4890ED010A2648D0ED26
:10C900000E0A30EE600A8DED010A0198F3F7C1FEC0
:10C91000CDE902019DED020BFDF7D2FB8DED040B7D
:10C920001FEDEB0B53EC102B9DED040B51EC100B9A
:10C93000F3F7C2FE5BD2184890ED0E0A184880ED5E
:10C94000060A1848408E401C81B2164841864EE0C7
:10C950009DED080A104880ED0E0A10480078012865
:10C9600045D10F4890ED010A0B48D0ED0E0A30EE8C
:10C97000600A8DED010A0198F3F78BFECDE9020103
:10C980009DED020BFDF79CFB18E014E230E0E2E0C5
:10C9900010E2000000606A46C00C00205400002035
:10C9A000A4180020040C0020840C00200C0000209F
:10C9B000C00D0020080000200060EA458DED040B4A
:10C9C0009FEDFE0B53EC102B9DED040B51EC100B67
:10C9D000F3F772FE0BD2FB4890ED0E0AFA4880ED99
:10C9E000060AFA48408E401C81B2F8484186E1E1CF
:10C9F000F44890ED010A8DED080A90ED020ADFED92
:10CA0000F40A30EEC00A8DED070A9DED080ADDED4F
:10CA1000070A30EE600A8DED010A0198F3F739FE3E
:10CA2000CDE902019DED020BFDF74AFB8DED040BF4
:10CA30009FEDE80B53EC102B9DED040B51EC100B0C
:10CA4000F3F73AFE78D29DED080ADDED070A30EEE5
:10CA5000200AF6EE000A20EE200ADA4880ED0D0AE0
:10CA6000DE480078012826D1D74890ED000AD54845
:10CA7000D0ED0D0A30EE600A8DED010A0198F3F752
:10CA800008FECDE902019DED020BFDF719FB8DEDCE
:10CA9000040B9FEDCA0B53EC102B9DED040B51ECD6
:10CAA000100BF3F709FE06D2C64890ED0D0AC648F2
:10CAB00080ED050A48E0C9480078E0BBC24890ED27
:10CAC000000AC048D0ED0D0A30EE600A8DED010A73
:10CAD0000198F3F7DEFDCDE902019DED020BFDF7B4
:10CAE000EFFA8DED040B9FEDB50B53EC102B9DED84
:10CAF000040B51EC100BF3F7DFFD25D29DED0A0A74
:10CB0000DFEDB70A30EE200A8DED060A9DED060A2C
:10CB1000FEF7C6F9B0EE408A9FEDB10AFEF7C0F904
:10CB200078EE000AA74890ED0D0AAE4890ED001A85
:10CB300030EE410A01E007E00CE09FEDAB1A00EE99
:10CB4000C10AAA4880ED000AA048408E401C81B26C
:10CB50009E4841862EE19B4890ED010A8DED080A22
:10CB600090ED020A5FED750A30EEC00A8DED070AFE
:10CB70009F4890ED010A5FED700AB4EEE00AF1EE15
:10CB800010FA35D29DED080A8E4880ED0E0A9348C2
:10CB90000078012861D18C4890ED010A8948D0EDD8
:10CBA0000E0A30EE600A8DED010A0198F3F771FD6F
:10CBB000CDE902019DED020BFDF782FA8DED040B2C
:10CBC0009FED7E0B53EC102B9DED040B51EC100BE5
:10CBD000F3F772FD41D27B4890ED0E0A7A4880ED62
:10CBE000060A7A48408E401C81B27848418634E07B
:10CBF0009DED070A734880ED0E0A784800780128F9
:10CC00002BD1714890ED010A6E48D0ED0E0A30EE3E
:10CC1000600A8DED010A0198F3F73BFDCDE90201B1
:10CC20009DED020BFDF74CFA8DED040B9FED630BB0
:10CC300053EC102B9DED040B51EC100BF3F73CFD66
:10CC40000BD2604890ED0E0A5F4880ED060A5F48FF
:10CC5000408E401C81B25D484186ABE0594890ED62
:10CC6000010ADFED5B0A30EEC00A8DED080A90ED97
:10CC7000020A8DED070A9DED080ADDED070A30EE88
:10CC8000600A8DED010A0198F3F703FDCDE9020179
:10CC90009DED020BFDF714FA8DED040B9FED4D0B8E
:10CCA00053EC102B9DED040B51EC100BF3F704FD2E
:10CCB0007FD29DED080ADDED070A30EE200AF6EE80
:10CCC000000A20EE200A3F4880ED0D0A4348007814
:10CCD000012826D13C4890ED000A3A48D0ED0D0AD3
:10CCE00030EE600A8DED010A0198F3F7D2FCCDE930
:10CCF00002019DED020BFDF7E3F98DED040B9FEDB5
:10CD00002F0B53EC102B9DED040B51EC100BF3F794
:10CD1000D3FC06D22B4890ED0D0A2B4880ED050A76
:10CD200047E02E480078E0BB274890ED000A2548F0
:10CD3000D0ED0D0A30EE600A8DED010A0198F3F78F
:10CD4000A8FCCDE902019DED020BFDF7B9F98DEDCF
:10CD5000040B9FED1A0B53EC102B9DED040B51ECC3
:10CD6000100BF3F7A9FC24D29DED0A0ADFED1C0A93
:10CD700030EE200A8DED060A9DED060AFEF790F8CA
:10CD8000B0EE408A9FED160AFEF78AF878EE000AA8
:10CD90000C4890ED0D0A134890ED001A30EE410A50
:10CDA00000E006E09FED101A00EEC10A0F4880ED8A
:10CDB000000A00BF00BF0BB01CE000000000000034
:10CDC00000407F40C00C0020A4180020040C00206C
:10CDD0000000FA45000000000000694054000020F7
:10CDE00000000000080000200000A043C00D00204B
:10CDF000840C0020BDEC028B00BD82B0CDE90001A7
:10CE000021F0004001909DED000B02B051EC100BA1
:10CE100070470178C27841EA026182784078120452
:10CE200042EA0020014308467047000010B52DED8E
:10CE3000028B9FED408B414C414880682060F3F7A6
:10CE400028FC41EC100BFDF73BF953EC182B51EC8F
:10CE5000100BF3F749FC05D2606800EE100A10EEE3
:10CE6000100A20606068F3F714FC41EC100BFDF72A
:10CE700027F953EC182B51EC100BF3F705FB41ECA1
:10CE8000100BFDF71DF99FED2F1B51EC100B53EC10
:10CE9000112BF3F729FC1CD2D4ED000A94ED010A02
:10CEA00030EEC00A10EE100AF3F7F3FB41EC100B62
:10CEB000FDF706F99FED251B51EC100B53EC112BE0
:10CEC000F3F712FC05D2606800EE100A10EE100AAB
:10CED000206094ED000AD4ED010A18481D4A30EE96
:10CEE000601A0C3811EE101A914203DD0178491EC8
:10CEF000017009E070EE600A174A10EE901A914234
:10CF000002D90178491C017090F900104FF4B472F5
:10CF100011FB02F100EE901AF8EEE00A70EE200A22
:10CF2000C0ED020A0D4880ED020A84ED010ABDEC55
:10CF3000028B10BD0000000000806640580B0020EE
:10CF4000EC0D002000000000000008400000000080
:10CF50000000244000003443000034C3F80D0020DA
:10CF600010B50D4C6288002A0BD00C48A1880844EB
:10CF70000B49F3F7B6F9A08861880844A080002027
:10CF80006080A088002805D001B2BDE810400348A9
:10CF9000FEF7A8BD10BD00004C0B0020F51C0020C2
:10CFA000F51A002000BF052002F08EFCFBE7F6F723
:10CFB000C5FEFBF785FCF8F79FFEF8F7B5FDF8F71F
:10CFC0006FFDF8F7BDFFF9F70FF8F8F751FFF8F725
:10CFD00075FFF8F787FDF8F7CFFFF8F727FFF8F7A9
:10CFE000E7FFF8F791FFF3F765FD00F061FDF8F753
:10CFF000FFFD00F073FD00BFFEE700001CB500BFA1
:10D0000082480078F0BB824890EDAF0ABDEEC00ABE
:10D0100010EE100A00B27E4991ED7C0ABDEEC00A06
:10D0200010EE101A09B2CDE90010794890ED310ADE
:10D03000BDEEC00A10EE100A03B2754890ED180A52
:10D04000BDEEC00A10EE100A02B24FF40071714832
:10D05000F4F756F9704890ED180ABDEEC00A10EECC
:10D06000100A00B26A4991EDE20ABDEEC00A10EE64
:10D07000101A09B2CDE90010654890ED630ABDEEC3
:10D08000C00A00E010E010EE100A03B2604890ED14
:10D090004A0ABDEEC00A10EE100A02B24FF4007147
:10D0A0005E48F4F72DF9A6E058480078012851D1E0
:10D0B0005748FBF759F8564890EDC90ABDEEC00A2B
:10D0C00010EE100A00B2524991ED960ABDEEC00A68
:10D0D00010EE101A09B2CDE900104D4890ED310A5A
:10D0E000BDEEC00A10EE100A03B2494890ED180ACE
:10D0F000BDEEC00A10EE100A02B24FF400714548AE
:10D10000F4F7FEF8444890ED320ABDEEC00A10EE86
:10D11000100A00B23E4991EDFC0ABDEEC00A10EEC5
:10D12000101A09B2CDE90010394890ED630ABDEE3E
:10D13000C00A10EE100A03B2354890ED4A0ABDEE5F
:10D14000C00A10EE100A02B24FF400713348F4F72F
:10D15000D7F850E02E48FBF707F82D4890EDC90AA4
:10D16000BDEEC00A10EE100A00B2294991ED960AF0
:10D17000BDEEC00A10EE101A09B2CDE90010244825
:10D1800090ED310ABDEEC00A10EE100A03B220483D
:10D1900090ED180ABDEEC00A10EE100A02B24FF46C
:10D1A00000711C48F4F7ACF81B4890ED320ABDEE54
:10D1B000C00A10EE100A00B2154991EDFC0ABDEE4E
:10D1C000C00A10EE101A09B2CDE90010104890ED17
:10D1D000630ABDEEC00A10EE100A03B20C4890EDCF
:10D1E0004A0ABDEEC00A10EE100A02B24FF40071F6
:10D1F0000A48F4F785F80A48C08C401C81B20848F8
:10D20000C184012002F060FBFAE600005C0000200F
:10D2100064030020F01F0020580700201820002081
:10D22000040C00201FB5FE48007812287ED2DFE8EB
:10D2300000F00931BAF0EEEDECEBEAE9E8E77DE663
:10D24000E5E4E3E20020F74981F840069FEDF60AA5
:10D25000084680ED180A9FEDF40A80ED4A0A9FED1A
:10D26000F20A80ED310A9FEDF00A80ED630A9FED2E
:10D27000EE0A80ED7C0A9FEDEC0A80EDE20A9FED5C
:10D28000EA0A80EDAF0A9FEDE80A00F57D7080EDB7
:10D29000180A8DE30120E34981F84006E34800784D
:10D2A00001281AD1E24890ED000A084680ED640A90
:10D2B000DF4890ED000A084680ED970ADC4890EDC3
:10D2C000000A084680EDCA0AD94890ED000A0846CF
:10D2D00080EDFD0A0020D5490870D648407B88B90A
:10D2E000D548007801280DD10121CE48C0F880151D
:10D2F0009FEDCD0A80ED640A0020CF49087001201F
:10D30000CE490870CB48807B98B9CD480078012879
:10D310000FD10121C348C0F8A8159FEDC30A80EDC5
:10D32000970A0020C6490870012000E03FE3C54984
:10D330000870C048007B88B9C348007801280DD127
:10D340000121B848C0F8D0159FEDB70A80EDCA0A90
:10D350000020BD4908700120BC490870B548C07B59
:10D3600088B9BB48007801280DD10121AD48C0F82B
:10D37000F8159FEDAD0A80EDFD0A0020B449087054
:10D380000120B4490870AD48007858B1AD48007824
:10D3900040B1AE48007828B1AE48007810B1022004
:10D3A0009F49087004E301209E4981F840069FEDE3
:10D3B0009E0A084680ED000A9FED9B0A80ED320A26
:10D3C0009FED990A80ED190A9FED970A80ED4B0AAF
:10D3D0009FED950A80ED7D0A9FED930A80EDB00ADE
:10D3E0009FED910A80EDE30A9FED8F0A00F57D70B5
:10D3F00080ED190ADCE226E2D4E2BFE2A8E291E283
:10D400004EE2EAE17FE1D3E04BE19FE064E033E00C
:10D41000FFE70120834981F840069FED830A084613
:10D4200080ED000A9FED800A80ED320A9FED7E0AB2
:10D4300080ED190A9FED7C0A80ED4B0A8648007842
:10D44000012815D1084690ED7E0A80ED7D0A90ED09
:10D45000B10A80EDB00A90EDE40A80EDE30A00F530
:10D460007D7090ED1A0A80ED190A00207A49087043
:10D4700000207A4908709BE201206A4981F8400641
:10D480009FED690A084680ED000A9FED670A80ED6E
:10D49000320A9FED650A80ED190A9FED630A80ED5F
:10D4A0004B0A6F480078012815D19FED6E0A084697
:10D4B00080ED7D0A9FED6C0A80EDB00A9FED6A0A4F
:10D4C00080EDE30A9FED670A00F57D7080ED190A93
:10D4D0000020634908706BE20120524981F8400640
:10D4E0006248007801280FD14D4890ED020A80ED86
:10D4F000010A90ED1B0A80ED1A0A90ED340A80EDC6
:10D50000330A0020594908704548001DF9F770FB9F
:10D5100043486830F9F76CFB4148CC30F9F75EFAC4
:10D520003F4890ED0C0A80ED530A90ED250AB1EECC
:10D53000400A80ED540A90ED3E0A80ED550AF5F759
:10D54000C9F838493648F4F78DFB31E201203549F6
:10D5500081F840060220642141F65832C823CDE903
:10D560000032CDE902101346C8222D494048F4F795
:10D5700027FA2B48D0ED4C0AB0EE600A3D48D0EDBA
:10D58000000A3D4801F0B2FE2548D0ED4D0AB0EE4C
:10D59000600A3A48D0ED000A3748001D01F0A6FEA7
:10D5A0001F48F5F797F81F491D48F4F75BFBFFE1AB
:10D5B00001201C4981F840060220642141F65832BE
:10D5C000C823CDE90032CDE902101346C822144920
:10D5D0002748F4F7F5F91248D0ED4C0AB0EE600A8E
:10D5E0002448D0ED000A244801F080FE0C48D0ED1C
:10D5F0004D0AB0EE600A2148D0ED000A1E48001D19
:10D6000001F074FE1E480078012807D1044890ED0F
:10D61000340A80ED330A002019490870164831E0B9
:10D620005C00002064030020000000002D000020AA
:10D6300050000010100E00202500002029000020BE
:10D64000260000202A000020270000202B000020B8
:10D65000280000202C0000201C0000201F000020BB
:10D660001D0000200000E1C30000E1431E00002077
:10D67000680C002048000010A80100204C00001099
:10D68000240000208038F9F7A9F9CA4890ED3E0A35
:10D6900080ED550AF5F71EF8C749C648F4F7E2FAD7
:10D6A00086E10120C44981F840060220642141F648
:10D6B0005832C823CDE90032CDE902101346C82202
:10D6C000BC49BE48F4F77CF9BA48D0ED4C0AB0EE3C
:10D6D000600ABB48D0ED000ABA4801F007FEB54821
:10D6E000D0ED4D0AB0EE600AB748D0ED000AB5485B
:10D6F000001D01F0FBFDAF48F4F7ECFFAE49AD486B
:10D70000F4F7B0FA54E10020AB4981F84006A9488B
:10D7100000F026FCAD480078012808D11FED3E0A34
:10D72000A44880ED330A0020A84908700BE0A74800
:10D730000078022807D19FEDA60A9E4880ED330AA3
:10D740000020A2490870A348007880B39948001DC2
:10D75000F9F74EFA97486830F9F74AFA994880384D
:10D76000F9F73CF9934890ED4C0AB1EE400AD0ED40
:10D770000C0A30EE600A80ED530A9748007828B111
:10D780008C4890ED4D0A80ED540A0AE0894890EDEE
:10D790004D0AB1EE400AD0ED250A30EE600A80ED68
:10D7A000540A844890ED3E0A80ED550A0DE0FFE7EB
:10D7B000804890ED4C0A80ED530A90ED4D0A80EDC3
:10D7C000540A90ED4E0A80ED550A7A48F4F782FF2C
:10D7D00079497848F4F746FAEAE00020764981F87A
:10D7E00040067E480078012805D1724800F0D4FB3D
:10D7F00000207A4908707A496E48F8F7E9FD7849BF
:10D800006C48F4F771FB6B48001DF9F7F1F96948B2
:10D810006830F9F7EDF96B488038F9F7DFF86548BB
:10D8200090ED4C0AB1EE400A80ED530A90ED4D0A9E
:10D83000B1EE400A80ED540AF4F74CFF5E495D48B2
:10D84000F4F710FAB4E001205B4981F840060921A1
:10D850006448F3F78BFC5748D0ED4C0AB0EE600AF1
:10D86000F1EE0C0A574801F041FD5248D0ED4D0A47
:10D87000B0EE600AF1EE0C0A00F5A87001F036FD7A
:10D8800050488038F9F7AAF84A4890ED3E0A80EDF2
:10D89000550AF4F71FFF48494648F4F7E3F987E0D3
:10D8A00051480078022839D00120434981F84006C8
:10D8B0000220642141F65832C823CDE90032CDE977
:10D8C00002101346C8223B493C48F4F779F83D481A
:10D8D0008038F9F79DFB374890ED3E0A80ED550AF8
:10D8E000D0ED4C0AB0EE600A3548D0ED000A35485C
:10D8F00001F0FCFC2F48D0ED4D0AB0EE600A324832
:10D90000D0ED000A2F48001D01F0F0FC2948F4F783
:10D91000E1FE29492748F4F7A5F902E0032025494B
:10D92000087045E00120244981F840062148001D87
:10D93000F9F75EF91F4890ED0C0AB1EE400A80ED50
:10D94000530AF4F7C7FE1C491A48F4F78BF92FE085
:10D950000120194981F8400616486830F9F748F95E
:10D96000144890ED250AB1EE400A80ED540AF4F710
:10D97000B1FE11490F48F4F775F919E001200E497D
:10D9800081F840060F488038F9F728F8094890EDEB
:10D990003E0A80ED550AF4F79DFE07490548F4F765
:10D9A00061F905E00120044981F8400600E000BF6C
:10D9B00000BF1FBD5C00002064030020680C002035
:10D9C00048000010A80100204C0000101F0000209B
:10D9D000000034434400001023000020BC09002054
:10D9E000200E0020C80900205600002010B52DEDA3
:10D9F000028BB0EE408ADFED230AB0EE480AFCF756
:10DA000069FBB0EE408AB5EEC08AF1EE10FA05D29D
:10DA10009FED1C0A38EE000AB0EE408A9FED190A0D
:10DA200038EE400AB0EEC00AF7EE000AB4EEE00AA3
:10DA3000F1EE10FA03D29FED140AB0EE408A9FED8A
:10DA4000130AB4EEC08AF1EE10FA05DB9FED0D0A61
:10DA500038EE400AB0EE408A9FED0C0A38EE000A1C
:10DA6000B0EEC00AF7EE000AB4EEE00AF1EE10FAEA
:10DA700003D29FED060AB0EE408AB0EE480ABDEC34
:10DA8000028B10BD0000B4430000000000003443CE
:10DA900070B50546FCF7DAF810B16FF0050404E044
:10DAA000002415B1284601F00FFF204670BD00008C
:10DAB00010B5FCF7CBF810B16FF0050409E006488B
:10DAC000006820B9012004490860002401E04FF0FB
:10DAD000FF34204610BD0000C800001070B5FCF7F0
:10DAE000B5F810B16FF005041FE011480068012877
:10DAF00019D100BF801F0021002804DB0A07130E84
:10DB00000C4A135406E00A07150E0B4A00F00F03E7
:10DB10001B1FD55400BF00BF02200549086001F05B
:10DB20004FFF002401E04FF0FF34204670BD00009D
:10DB3000C800001000E400E018ED00E0F8B504466D
:10DB4000254600260DB9361F22E0FCF77FF8A8B164
:10DB5000002000906946284602F0BAFA012802D057
:10DB60006FF0020614E0009890B14FF08050094920
:10DB70000860BFF34F8FBFF36F8F09E000231A4691
:10DB80001946284602F052F9012801D06FF002062A
:10DB90003046F8BD04ED00E02DE9FF478046894698
:10DBA000144600200390FCF751F800284ED1B8F13C
:10DBB000000F4BD0802618258246471E44B32068AC
:10DBC00008B1D4F800A0A06900B1A5692DB1382D25
:10DBD00003D8207900F0010018B1002004B0BDE89E
:10DBE000F087606908B160698608A06840B1E068A4
:10DBF0005C2805D3206918B1606908B1012708E0E5
:10DC0000A06830B9E06820B9206910B9002700E0A9
:10DC10000027012F0CD12169A0684B463246CDE97F
:10DC2000005102905146404602F0EEFB03900DE099
:10DC300067B903A8B2B24B465146CDE90050404601
:10DC400002F0B0FB012801D0002003900398C5E743
:10DC50002DE9F04F86B0DFF8A4A29AED000ABDEEE0
:10DC6000C00A10EE10AA0FFA8AF2DFF890A29AED1D
:10DC7000010ABDEEC00A10EE10AA0FFA8AF3DFF80F
:10DC80007CA29AED020AF2EE040A20EE200ABDEE12
:10DC9000C00A10EE10AA0FFA8AF4DFF864A2BAF8EC
:10DCA00060A00FFA8AF5DFF858A2BAF862A00FFA5E
:10DCB0008AF6DFF850A29AED000ADFED930A20EE13
:10DCC000200ABDEEC00A10EE10AA0FFA8AF7DFF89C
:10DCD00034A29AED010ABDEEC00A10EE10AA0FFAA6
:10DCE0008AFCDFF820A29AED020ABDEEC00A10EE0F
:10DCF00010AA0FFA8AF8DFF80CA29AED030ABDEE1B
:10DD0000C00A10EE10AA0FFA8AF9DFF800A29AED05
:10DD1000030ABDEEC00A10EE10AA0FFA8AFACDF877
:10DD200014A0DFF8ECA19AF900A0CDF810A0DFF85C
:10DD3000E4A19AED030ABCEEC00A10EE10AA1FFA85
:10DD40008AFACDF80CA0DFF8CCA19AED040ABCEE5B
:10DD5000C00A10EE10AA1FFA8AFACDF808A0DFF860
:10DD6000B4A19AED010ABCEEC00A10EE10AA1FFA87
:10DD70008AFACDF804A0DFF89CA19AED020ABCEE65
:10DD8000C00A10EE10AA1FFA8AFACDF800A00321EB
:10DD90008A46491C00F80A20C2F3072B8A46491C10
:10DDA00000F80AB08A46491C00F80A30C3F3072B72
:10DDB0008A46491C00F80AB08A46491C00F80A4005
:10DDC000C4F3072B8A46491C00F80AB08A46491C4E
:10DDD00000F80A50C5F3072B8A46491C00F80AB020
:10DDE0008A46491C00F80A60C6F3072B8A46491C7C
:10DDF00000F80AB08A46491C00F80A70C7F3072BDE
:10DE00008A46491C00F80AB08A46491C00F80AC034
:10DE1000CCF3072B8A46491C00F80AB08A46491CF5
:10DE200000F80A80C8F3072B8A46491C00F80AB09C
:10DE30008A46491C00F80A90C9F3072B8A46491CF8
:10DE400000F80AB0DDF814A00AF0FF0B8A46491C5E
:10DE500000F80AB0DDF814A0CAF3072B8A46491C63
:10DE600000F80AB0DDF810A00AF0FF0B8A46491C42
:10DE700000F80AB0DDF80CA00AF0FF0B8A46491C36
:10DE800000F80AB0DDF80CA04FEA1A2B8A46491CAC
:10DE900000F80AB0DDF808A00AF0FF0B8A46491C1A
:10DEA00000F80AB0DDF808A04FEA1A2B8A46491C90
:10DEB00000F80AB0DDF804A00AF0FF0B8A46491CFE
:10DEC00000F80AB0DDF804A04FEA1A2B8A46491C74
:10DED00000F80AB0DDF800A00AF0FF0B8A46491CE2
:10DEE00000F80AB0DDF800A04FEA1A2B8A46491C58
:10DEF00000F80AB006B0BDE8F08F0000840C0020E6
:10DF0000040C0020281900200000C842001900203D
:10DF100050000020C00C002010B54278037842EA7F
:10DF200003224A82C278837842EA03228A824279B3
:10DF3000037942EA0322CA82C279837942EA032240
:10DF40000A83027A0A80002206E002F10903C45C17
:10DF50008B1C23F81240521C082AF6DB10BD00006F
:10DF600010B5044694F8480120B1012803D00228D6
:10DF70000AD105E009E006490648F9F765FA04E028
:10DF8000044800F01BF800BF00BF00BF10BD000038
:10DF9000640300205C00002090F8491131B1012990
:10DFA00005D0022904D0032904D102E003E002E0F5
:10DFB00001E000E000BF00BF7047000030B52DED6C
:10DFC000108B83B00446FE480078002874D09FED83
:10DFD000FD0AFD4880ED000A9FEDFA0AFB4880ED3E
:10DFE000000A9FEDFB0AFB4880ED000A94ED020A4F
:10DFF000F94880ED000A94ED1B0AF84880ED000A0C
:10E0000094ED340AF64880ED000AF64890ED020AD5
:10E01000F348D0ED000A30EE600AF34880ED000AC4
:10E0200019E0F14890ED000AB5EEC00AF1EE10FAE1
:10E0300008DB90ED000ADFEDED0A30EE600A80EDBE
:10E04000000A08E0E84890ED000ADFEDE80A30EE4B
:10E05000200A80ED000AE4480068F2F71AFB41EC60
:10E06000190BB0EE490AF0EE690AFCF729F8B0EE98
:10E07000408AF0EE608A9FEDDE0B53EC102B51ECE2
:10E08000180BF2F731FBCCD9D74890ED000AB5EE6A
:10E09000C00AF1EE10FA10DB9FEDCA0ACA4880ED03
:10E0A000000A9FEDC80AC94880ED000A9FEDC80A22
:10E0B000C84880ED000A0FE028E19FEDCF0AC24872
:10E0C00080ED000A9FEDCC0AC04880ED000A9FED6C
:10E0D000CB0AC04880ED000ABC4890ED000AF0EE83
:10E0E000000A20EE200A10EE101A0846F2F7D1FAC4
:10E0F00041EC1D0BB7480068F2F7CBFA41EC1F0B5F
:10E100009FEDBF1BB0EE4F0AF0EE6F0AFCF73CF834
:10E11000B0EE40EAF0EE60EA53EC1D2B51EC1E0B22
:10E12000F2F72AFA41EC1B0BA74890ED000AF0EE3B
:10E13000000A20EE200A10EE101A0846F2F7A9FA9B
:10E1400041EC1D0BA3480068F2F7A3FA41EC1F0B4A
:10E150009FEDAB1BB0EE4F0AF0EE6F0AFCF714F820
:10E16000B0EE40EAF0EE60EA53EC1D2B51EC1E0BD2
:10E17000F2F702FA41EC1C0B53EC1B2BF2F7E3F81D
:10E1800041EC1A0BB0EE4A0AF0EE6A0AFBF798FF70
:10E19000B0EE408AF0EE608A93480068F2F779FAB0
:10E1A00041EC1A0BB0EE4A0AF0EE6A0AFBF788FF60
:10E1B000B0EE409AF0EE609A53EC182B51EC190B2C
:10E1C000F2F77AFA43D8884890ED000A7E48D0EDFD
:10E1D000000A80EE201A11EE105A2846F2F759FA7A
:10E1E00041EC190BB0EE490AF0EE690AFCF720FF8A
:10E1F000B0EE408AF0EE608A51EC180BF2F78CFA20
:10E20000814908609FED810A814880ED000A7648C7
:10E2100090ED000A6D48D0ED000A80EE201A11EE54
:10E22000105A2846F2F735FA41EC190BB0EE490ABC
:10E23000F0EE690AFCF7FCFEB0EE408AF0EE608A70
:10E2400051EC180BF2F768FA724908604FE0614828
:10E2500090ED000A5C48D0ED000A80EE201A6A4872
:10E2600080ED001A5B480068F2F713FA41EC190BD5
:10E2700065480068F2F70DFA41EC1F0B9FED601B3B
:10E28000B0EE4F0AF0EE6F0AFBF77EFFB0EE40DA19
:10E29000F0EE60DA4C480068F2F7FBF941EC1E0B37
:10E2A00053EC1D2BF2F7F6F841EC1B0B4E480068BF
:10E2B000F2F7EFF941EC1C0B53EC1B2BF2F7E4F8EF
:10E2C00041EC1A0B53EC192BF2F756F941EC180BF1
:10E2D000F2F722FA4E4908603E4890ED000A3B48AA
:10E2E000D0ED000A80EE201A4A4880ED001A9FED1A
:10E2F000470A84ED060A9FED450A84ED1F0A9FED4B
:10E30000430A84ED380A00202D49087094ED4F0A25
:10E310004148D0ED000A20EE200A404880ED000A76
:10E3200090ED000A3848D0ED000AB4EEE00AF1EEB4
:10E3300010FA44D2284890ED000A84ED010A2748DB
:10E3400090ED000A84ED1A0A9FED300A84ED4C0A24
:10E350009FED2E0A84ED4D0A30480068F2F799F9D6
:10E3600041EC1E0B9FED261BB0EE4E0AF0EE6E0A3E
:10E37000FBF70AFFB0EE40CAF0EE60CA1248006830
:10E38000F2F787F941EC1D0B53EC1C2BF2F782F8E6
:10E3900041EC1B0B9FED1A0B53EC102BF2F7ECF832
:10E3A00041EC190B0E480068F2F773F941EC1A0BB7
:10E3B00053EC192BF1F7C7FF41EC180B30E043E0A9
:10E3C000D40A00200000B442380B00203C0B00208F
:10E3D00000003442440B0020D80A0020DC0A002050
:10E3E000E00A0020040E0020400B00200000B4438F
:10E3F00000000000008066400000B4C2000034C28B
:10E4000000000000000000402C0B00200000000075
:10E41000300B0020340B0020F80A0020F00A002006
:10E42000F2F77AF9C4F8CC00BB4890ED000ABB487B
:10E43000D0ED000A20EE200AB948D0ED000A80EEA7
:10E44000201A84ED4E1A63E1B54890ED000AB548F4
:10E45000D0ED000A30EE200AB048D0ED000AB4EE4C
:10E46000E00AF1EE10FA65DDAF4890ED000A84EDA8
:10E47000010AAE4890ED000A84ED1A0A1FED1D0A4C
:10E4800084ED4C0A1FED1F0A84ED4D0AA34890ED60
:10E49000000AA348D0ED000A30EE600A9E48D0ED95
:10E4A000000A20EE200A10EE101A0846F2F7F1F8E2
:10E4B00041EC190B9A480068F2F7EBF81FED301B9E
:10E4C000CDE900019DED000BFBF75EFEB0EE40EAEA
:10E4D000F0EE60EA96480068F2F7DBF841EC1F0BBB
:10E4E00053EC1E2BF1F7D6FF41EC1D0B1FED3C0B3F
:10E4F00053EC102BF2F740F841EC1B0B8D480068F1
:10E50000F2F7C7F841EC1C0B53EC1B2BF1F71BFF88
:10E5100041EC1A0B53EC192BF1F715FF41EC180BDA
:10E52000F2F7FAF8C4F8CC007B4890ED000A84EDCD
:10E530004E0AEDE07A4890ED000A7A48D0ED000AE4
:10E5400030EE200A7C48D0ED000A30EE200A7348F5
:10E55000D0ED000AB4EEE00AF1EE10FA7EDD72486A
:10E5600090ED000A84ED010A704890ED000A84EDF8
:10E570001A0A1FED5A0A84ED4C0A1FED5C0A84ED5D
:10E580004D0A674890ED000A6648D0ED000A30EE6B
:10E59000200A6948D0ED000A30EE200A5F48D0ED2D
:10E5A000000A30EE600A10EE101A0846F2F771F811
:10E5B00041EC1E0B1FED6E1BB0EE4E0AF0EE6E0A24
:10E5C000FBF7E2FDB0EE40CAF0EE60CA58480068C2
:10E5D000F2F75FF841EC1D0B53EC1C2BF1F75AFFDF
:10E5E00041EC1B0B1FED7A0B53EC102BF1F7C4FF22
:10E5F00041EC190B4F4890ED000A5048D0ED000A4D
:10E6000030EE200A10EE101A0846F2F742F841ECFC
:10E610001A0B53EC192BF1F737FF41EC180BF2F7FB
:10E620007BF8C4F8CC003E4890ED000A3D48D0EDA0
:10E63000000A30EE200A4048D0ED000A30EE200AF1
:10E640003648D0ED000A30EE600A3348D0ED000ABB
:10E6500020EE200A3848D0ED000A00E004E080EE09
:10E66000201A84ED4E1A53E02D4890ED000A2D48F3
:10E67000D0ED000A30EE200A2F48D0ED000A30EE2F
:10E68000200ADFED2F0A30EE200A2448D0ED000AE0
:10E69000B4EEE00AF1EE10FA20DD234890ED000A16
:10E6A00084ED010A214890ED000A84ED1A0A1FED5D
:10E6B000A90A84ED4C0A1FEDAB0A84ED4D0A1D48F2
:10E6C00090ED000A1D48D0ED000A30EE200A84EDDE
:10E6D000330A1FEDB20A84ED4E0A19E01FEDB50AA8
:10E6E00084ED4F0A032020700120164908701FEDA9
:10E6F000B90A84ED0E0A1FEDBB0A84ED270A1FED4F
:10E70000BD0A84ED400A1049087000200F490870C6
:10E7100003B0BDEC108B30BD440B0020F00A00208C
:10E720002C0B0020300B0020D80A0020DC0A00202F
:10E73000380B0020E00A0020340B0020400B0020A2
:10E74000CDCCCC3D1C000020B809002023000020C7
:10E750002DE9F04105460E46164807681648006840
:10E76000001D00F028FF681C38B936B11248016856
:10E77000091D124800F076FF1AE07C190E48006867
:10E780004460BC4207D20C480168091D0C4800686F
:10E7900000F04EFF0CE008480168091D09480068B8
:10E7A00000F046FF08480068844201D20648046031
:10E7B000BDE8F0818C00001078000010282A0020AD
:10E7C000800000107C000010A800001010B5044666
:10E7D00000F054FF24480068401C23490860234887
:10E7E000006840B9214804600846006801280DD13E
:10E7F00000F0FCF90AE01E48006838B91B480068C0
:10E80000C06AE16A884201D8184804601948006863
:10E81000401C184908600846006860641649E06AB0
:10E820000968884202D91449E06A0860E16A01EB8C
:10E830008101124A02EB8100211D00F013FF00F05C
:10E8400047FF0B48006868B108480068C06AE16A81
:10E85000884207D24FF0805009490860BFF34F8FBC
:10E86000BFF36F8F10BD000088000010780000100B
:10E8700094000010A40000109000001078250020E3
:10E8800004ED00E008B500F0F9FE12480068E8B9B0
:10E89000114800F0BDFE114800F0BAFE0E481049C4
:10E8A00008600E480F49086000200F4B0F4A1021E6
:10E8B00000900A2001F0FEF9064908600846006849
:10E8C00020B10BA10348006800F0C2FF00F000FF78
:10E8D00008BD0000BC0000103C2A0020502A002087
:10E8E000B4000010B8000010642A0020B42A0020F0
:10E8F000546D72510000000010B516E000F0BEFE2D
:10E900000C48C068C468201D00F055FE0A48006825
:10E91000401E0949086009480068401E0749086010
:10E9200000F0D6FE204600F05FF80448006800289A
:10E93000E4D110BD142A00208800001084000010CB
:10E9400070B504460D46206C70B1216CE06801443E
:10E95000E160D4E90210884201D32168E1602846D1
:10E96000226CE168F1F7BDFC70BD2DE9F041044671
:10E970000F4615464FF00008A66B206C48B920687A
:10E9800000282CD1A06801F055FE80460020A06030
:10E9900025E07DB93946226C6068F1F7A2FC216C54
:10E9A000606808446060D4E90101884217D3206898
:10E9B000606014E03946226CE068F1F792FC216C4B
:10E9C000E068411AE1602168E068884203D2216C66
:10E9D000A068411AE160022D01D106B1761E701CBB
:10E9E000A0634046BDE8F08110B5044694F8590094
:10E9F00030B9206B00F08AFE204600F087FE1AE056
:10EA000094F85900012803D1204600F07FFE12E05F
:10EA100094F85900022801D1012000E0002050B9EB
:10EA200000BF502080F31188BFF34F8FBFF36F8F6B
:10EA300000BF00BFFEE710BD0146084A1268126819
:10EA40000AB9012200E000220A600A6822B9034ADA
:10EA50001268D268106800E000207047B40000100F
:10EA600030B54FF40043174800F007042CB1C01D27
:10EA700020F00700134C041B1B1B0246124C2260A3
:10EA80000024114D6C60D018083820F007000F4C9E
:10EA9000206000240D4D2D686C600C4D2D682C609D
:10EAA0001146441A4C60094C24680C60084D4C68AF
:10EAB0002C60084D4C682C604FF00044064D2C60D3
:10EAC00030BD00000C320020CC000010D40000103B
:10EAD000DC000010D8000010E800001000BFFFF7B5
:10EAE0000BFF064800680128F9D94FF0805004490F
:10EAF0000860BFF34F8FBFF36F8FF0E778250020DA
:10EB000004ED00E02DE9F04106460D461746984613
:10EB1000069C0DB9246000E02760E66325640121AE
:10EB2000204601F037F984F84C80BDE8F0812DE9EA
:10EB3000F05F82460E4690469B460A9F0C9C4FEA29
:10EB40008801A522206BF1F7ECFBA8F10100216BF5
:10EB500001EB800929F0070909F0070008B9012035
:10EB600000E0002050B900BF502080F31188BFF3AF
:10EB70004F8FBFF36F8F00BF00BFFEE786B1002548
:10EB800007E0715D04F134004155705D00B902E0A9
:10EB90006D1C102DF5D300BF00214320015502E06C
:10EBA000002084F83400382F00D33727E762E76469
:10EBB00000202065201D00F038FD04F1180000F051
:10EBC00034FD2461C7F13800A061646200206065F3
:10EBD00084F858005A465146484600F071FB2060C0
:10EBE0000B9808B10B980460BDE8F09F10B50024A5
:10EBF00007E004EB84010F4A02EB810000F008FDFE
:10EC0000641C382CF5D30C4800F002FD0B4800F0D2
:10EC1000FFFC0B4800F0FCFC0A4800F0F9FC0A4835
:10EC200000F0F6FC044809490860044808490860F7
:10EC300010BD000078250020D8290020EC290020F4
:10EC4000002A0020142A0020282A00207C0000101E
:10EC50008000001010B50146164800E00068036807
:10EC60008B42FBD30246436813448B4204D1436872
:10EC70004C682344436001460A464B6813440468C9
:10EC8000A34211D10C4C03682468A34208D04B68FE
:10EC90000468646823444B6003681B680B6005E0EC
:10ECA000054B1B680B6001E003680B60884200D0D5
:10ECB000016010BDCC000010D40000102DE9F0411F
:10ECC00004460D4616461F464FF000086560246155
:10ECD000B5420CD8F01BA169884202D34FF001085D
:10ECE00011E0211D0948006800F0A2FC0BE0BE42C3
:10ECF00004D2BD4202D34FF0010804E0211D0448B4
:10ED0000006800F095FC4046BDE8F081B8000010B6
:10ED1000B400001070B5054600F0B0FCA86B08B94F
:10ED2000012400E0002400F0D3FC204670BD70B543
:10ED3000054600F0A3FCA86BE96B884201D10124D1
:10ED400000E0002400F0C4FC204670BDF8B5054684
:10ED50000F461A480068C068C468201D00F02BFCEC
:10ED600094F8280000F00400E8B1A06941192B468E
:10ED70003A462046FFF7A2FFD8B1002003462A46B4
:10ED800001460090204601F0B1FD064656B900BF8D
:10ED9000502080F31188BFF34F8FBFF36F8F00BFF8
:10EDA00000BFFEE705E094F8280020F0010084F899
:10EDB00028002046216A8847F8BD0000B4000010F2
:10EDC000F0B587B0A0E00398002811DA04AE56B978
:10EDD00000BF502080F31188BFF34F8FBFF36F8FB8
:10EDE00000BF00BFFEE7D6E90020B168904700BF32
:10EDF00003980028E6DB059C606908B9012000E063
:10EE0000002010B9201D00F0D6FB02A800F0DEF8AB
:10EE1000054603980A2875D2DFE800F0090507398E
:10EE2000416306083A4200BF00BF00BF00BF94F82C
:10EE3000280040F0010084F828000498A269811895
:10EE400003462A462046FFF739FFF8B12046216ADB
:10EE5000884794F8280000F00400B8B10020009022
:10EE60000498A169421800231946204601F03EFD8E
:10EE7000074657B900BF502080F31188BFF34F8F6A
:10EE8000BFF36F8F00BF00BFFEE700BF3BE000BFD6
:10EE900094F8280020F0010084F8280033E000BF37
:10EEA00094F8280040F0010084F828000498A0613C
:10EEB000A06908B1012000E0002050B900BF502037
:10EEC00080F31188BFF34F8FBFF36F8F00BF00BF78
:10EED000FEE7A06941192B462A462046FFF7EEFEC1
:10EEE00011E094F8280000F0020018B9204600F064
:10EEF0000DFC05E094F8280020F0010084F82800BB
:10EF000001E0FFE700BF00BF002203A9044800683A
:10EF100001F04EF900287FF456AF07B0F0BD0000B5
:10EF2000BC000010F8B505460C4600F0A5FD68468B
:10EF300000F04CF80646009820BB44B9B54206D80C
:10EF400001F016FC31462846FFF700FF1CE03CB1FB
:10EF50000E480068006808B9012000E0002004465F
:10EF6000A91B22460A48006800F088FC01F000FC5A
:10EF700050B94FF0805007490860BFF34F8FBFF37F
:10EF80006F8F01E001F0F4FBF8BD0000B800001045
:10EF9000BC00001004ED00E00A490968096809B9DD
:10EFA000012100E0002121B14FF0FF31064A11603C
:10EFB00006E004490968C968C868034A41681160E5
:10EFC000704700007C000010A800001070B50446D7
:10EFD00001F088FA054607480068854204D200F02F
:10EFE0000BF80120206001E000202060014805604E
:10EFF000284670BDC40000102DE9F84334E02548D0
:10F000000068C068056823480068C068C468201D9F
:10F0100000F0D1FA2046216A884794F8280000F0D1
:10F02000040008B3A0694619AE4207D9666024619E
:10F03000211D1848006800F0FBFA15E00020034687
:10F040002A4601460090204601F050FC074657B979
:10F0500000BF502080F31188BFF34F8FBFF36F8F35
:10F0600000BF00BFFEE700BF0A480068006808B99B
:10F07000012000E000200028C1D00648D0F8008020
:10F0800005480068034908600348C0F80080BDE8EF
:10F09000F8830000B4000010B80000100E480068AB
:10F0A000401C08B9012000E0002050B900BF5020EA
:10F0B00080F31188BFF34F8FBFF36F8F00BF00BF86
:10F0C000FEE700BF502080F31188BFF34F8FBFF3DE
:10F0D0006F8F00BF00BFFEE7B80B002008B500BF70
:10F0E0006846FFF7A9FC044620460099FFF71AFF7F
:10F0F000FFF766FEF4E770B5044600F0BFFA94F936
:10F10000455010E0606A08B9012000E0002038B9DD
:10F1100004F1240001F0E0FA18B100F00FFC00E067
:10F1200003E0681E45B2002DECDC00BFFF2084F830
:10F13000450000F0CDFA00F0A1FA94F9445010E037
:10F14000206908B9012000E0002048B904F110004E
:10F1500001F0C2FA08B100F0F1FB681E45B200E010
:10F1600001E0002DECDC00BFFF2084F8440000F03B
:10F17000AFFA70BD2DE9F04104464FF0000800F0F1
:10F180007BFC4948006808B9FFF76AFC47480068FB
:10F190002040002870D1D4B1083404F00700B0B189
:10F1A00004F00700C0F10800044404F0070008B9A7
:10F1B000012000E0002050B900BF502080F31188EA
:10F1C000BFF34F8FBFF36F8F00BF00BFFEE7002C70
:10F1D00052D03748006884424ED8364E30460568D3
:10F1E00001E02E462D686868A04202D228680028F7
:10F1F000F7D12D48006885423ED0306800F10808FC
:10F20000286830606868001B102819D92F1907F08A
:10F21000070008B9012000E0002050B900BF5020CD
:10F2200080F31188BFF34F8FBFF36F8F00BF00BF14
:10F23000FEE76868001B78606C603846FFF70AFDDF
:10F240001B4968680968081A194908600846006877
:10F2500019490968884203D21548006816490860B0
:10F2600012496868096808436860002028601348EC
:10F270000068401C1149086001F07AFA08F00700A4
:10F2800008B9012000E0002050B900BF502080F3F1
:10F290001188BFF34F8FBFF36F8F00BF00BFFEE732
:10F2A0004046BDE8F0810000D4000010E8000010E6
:10F2B000D8000010CC000010DC000010E0000010AE
:10F2C000001F4FF080730360001F21F001030360F3
:10F2D000001F054B036014380260001F6FF002032B
:10F2E00003602038704700009DF00008002190ED79
:10F2F000001AB4EEC01AF1EE10FA00D207E090ED59
:10F30000001AB4EEC01AF1EE10FA00DD0121C9B9FD
:10F3100090ED001AB4EEC01AF1EE10FA02DB80EDA7
:10F32000000A28E090ED001A31EE201A80ED001A54
:10F3300090ED001AB4EEC01AF1EE10FA1BDB80ED6E
:10F34000000A18E090ED001AB4EEC01AF1EE10FABF
:10F3500002D880ED000A0EE090ED001A31EE601A3E
:10F3600080ED001A90ED001AB4EEC01AF1EE10FA1A
:10F3700001D880ED000A90ED001A80ED001A704768
:10F380008EB000BFF6F7F2FE38B92348007820B9F6
:10F39000F6F712FF0120204908701F480078012865
:10F3A00036D100201D4981F82100032081F8220078
:10F3B000202081F820001A48F6F778FF1322174919
:10F3C00010316846F0F78DFF2322144905A8F0F7A5
:10F3D00088FF05A80FC8F6F79BFF12491048FEF7F3
:10F3E0009BFDF8F7C7FF0D48FEF732FC0E4800689A
:10F3F0000E490860084600680D490968401AB0F5D2
:10F400007A7F05D3F6F7D8FE0848006808490860F7
:10F41000012000F059FAB5E72F000020921A0020D1
:10F42000D51A0020680C00203C0000103800002095
:10F430003C00002000BFF9F717F9012000F044FA62
:10F44000F9E700BFF9F704F9012000F03DFAF9E708
:10F45000027801238B409A4302707047027801239F
:10F460008B401A430270704700B52DED048B83B0BA
:10F4700041EC190BF1F771FA41EC180B18EE100A78
:10F4800018EE901A8DED008B002818BF012008435C
:10F4900020F00040C0F17F6000F1E040C00F14D0C8
:10F4A00019EE101A19EE900A8DED009B002918BF75
:10F4B0000121084320F00040C0F17F6000F1E040EE
:10F4C000C00F04BF0120FCF707FB51EC180B03B081
:10F4D000BDEC048B00BD00BFFAF7F2FA052000F086
:10F4E000F3F9F9E700BFF9F74FFAF1F77BFBF1F712
:10F4F00033FBF1F7C1FBF1F7C1FDF1F7FBFDF1F7CC
:10F50000A3FD012000F0E0F9EDE700000020244910
:10F5100048708870C870087148718871487688761C
:10F52000C87620480078801E09282AD2DFE800F03B
:10F530000D11151905091D212500012018494870D4
:10F540002BE001201649887027E001201449C8707B
:10F5500023E00120124908711FE001201049487181
:10F560001BE001200E49887117E001200C49487604
:10F5700013E001200A4988760FE001200849C87687
:10F580000BE00020064948708870C8700871487107
:10F59000887148768876C87600BF00BF7047000043
:10F5A0002C1A00203400002000BFFAF759F905207A
:10F5B00000F08AF9F9E701460A69D1E9013098605B
:10F5C000D1E9010358605068884201D188685060D1
:10F5D000002008611068401E10601068704700002D
:10F5E000034B0360034B0B608023136070470000E4
:10F5F000542B0020B02B0020034B0360034B0B6007
:10F600004FF4807313607047B02D00200C2E002043
:10F6100000F1080141604FF0FF31816000F1080105
:10F62000C1600161002101607047002101617047E4
:10F6300010B502460B685C1C0CB9106907E002F1BA
:10F64000080000E04068446824689C42FAD9446895
:10F650004C604C68A160886041600A611468641C59
:10F66000146010BD42684A6093688B60936859606B
:10F670009160086103685B1C0360704700BF502005
:10F6800080F31188BFF34F8FBFF36F8F00BF0E4819
:10F690000068401C0C49086008460068012812D127
:10F6A0000A480068C0B208B9012000E0002050B943
:10F6B00000BF502080F31188BFF34F8FBFF36F8FCF
:10F6C00000BF00BFFEE77047B80B002004ED00E06C
:10F6D0000D48006850B900BF502080F31188BFF377
:10F6E0004F8FBFF36F8F00BF00BFFEE70648006873
:10F6F000401E054908600846006820B9002080F3D4
:10F70000118800BF00BF7047B80B002070B50646D7
:10F710003546002E44D0083D2C46224960680968D1
:10F72000084008B1012000E0002050B900BF50207F
:10F7300080F31188BFF34F8FBFF36F8F00BF00BFFF
:10F74000FEE7206808B9012000E0002050B900BFA2
:10F75000502080F31188BFF34F8FBFF36F8F00BF2E
:10F7600000BFFEE70F49606809680840C0B1206823
:10F77000B0B90C49606809688843606000F07CF9A2
:10F780000949606809680844074908602046FFF78E
:10F7900061FA06480068401C0449086000F0E8FF70
:10F7A00070BD0000E8000010D8000010E400001058
:10F7B00000204FF0E02108618861064800684FF49E
:10F7C0007A71B0FBF1F0401E4FF0E0214861072054
:10F7D00008617047B40B002070B5F0F73BFD04469C
:10F7E000102C16D304F1E02090F8F053154800785F
:10F7F000854201DB012000E0002050B900BF50200D
:10F8000080F31188BFF34F8FBFF36F8F00BF00BF2E
:10F81000FEE70D48006800F4E0600C490968884282
:10F8200001D8012000E0002050B900BF502080F333
:10F830001188BFF34F8FBFF36F8F00BF00BFFEE78C
:10F8400070BD0000BC0B00200CED00E0C00B0020E0
:10F85000024600200BE0084B53F8303033B9064B1A
:10F8600043F8301003EBC0035A6002E0401C082844
:10F87000F1D300BF70470000382500202DE9F0418A
:10F8800005460E4617462C46FFF7F8FE94F944004D
:10F89000401C10B9002084F8440094F94500401C35
:10F8A00010B9002084F84500FFF712FFA06B28B9BB
:10F8B0003A46314604F1240000F062F82046FFF792
:10F8C0001AFCBDE8F081000070B504460025D4B1F3
:10F8D0001248006808B9012000E0002050B900BFBC
:10F8E000502080F31188BFF34F8FBFF36F8F00BF9D
:10F8F00000BFFEE700F0C0F800212046FEF728FF19
:10F9000000F036FF05463DB94FF0805004490860CD
:10F91000BFF34F8FBFF36F8F70BD0000B0000010BA
:10F9200004ED00E00349096801600349096841608A
:10F9300070470000A00000108C0000100120014959
:10F94000086070479C00001070B504460D4654B91D
:10F9500000BF502080F31188BFF34F8FBFF36F8F2C
:10F9600000BF00BFFEE70548016818312046FFF7D9
:10F970005FFE01212846FEF7EBFE70BD7800001007
:10F9800070B505460E46144655B900BF502080F3A9
:10F990001188BFF34F8FBFF36F8F00BF00BFFEE72B
:10F9A0000648016818312846FFF75CFE0CB14FF09D
:10F9B000FF3621463046FEF7CBFE70BD78000010C2
:10F9C00010B586B000200590049003AA04A905A8EC
:10F9D000FFF706FE0022DDE904101346CDE9002101
:10F9E00002901EA11F48039A00F00EFD1E490860F8
:10F9F0000846006808B1012400E00024012C02D16F
:10FA000000F038FF0446012C15D100BF502080F3D0
:10FA10001188BFF34F8FBFF36F8F00BF4FF0FF30E0
:10FA2000124908600120124908600020114908604D
:10FA300000F072F810E0601C08B1012000E0002026
:10FA400050B900BF502080F31188BFF34F8FBFF330
:10FA50006F8F00BF00BFFEE706B010BD49444C45A4
:10FA600000000000DDEA0008AC000010A800001053
:10FA7000940000108C00001002480068401C0149EE
:10FA800008607047B00000101E48006818B10120DF
:10FA90001D49086034E000201B4908601B480168CC
:10FAA0000CE051B900BF502080F31188BFF34F8F95
:10FAB000BFF36F8F00BF00BFFEE7491E01EB81005F
:10FAC000134A52F8200008B9012000E00020002865
:10FAD000E7D101EB81020E4B03EB820042685268D2
:10FAE000426000F108024368934202D142685268C2
:10FAF00042604268D268074B1A600448016000BF48
:10FB000070470000B00000109C0000109000001032
:10FB100078250020780000101CB552480068524932
:10FB2000884201D0012000E0002050B900BF5020E1
:10FB300080F31188BFF34F8FBFF36F8F00BF00BFFB
:10FB4000FEE7484800684849491E884201D0012024
:10FB500000E0002050B900BF502080F31188BFF3AF
:10FB60004F8FBFF36F8F00BF00BFFEE73F490846CE
:10FB700000780190FF200A46107008460078009037
:10FB80009DF8000000F0F0009DF80020904201D1A7
:10FB9000012000E0002050B900BF502080F3118800
:10FBA000BFF34F8FBFF36F8F00BF00BFFEE79DF81D
:10FBB000000000F050002E4A107007202D4A1060FF
:10FBC00009E02C480068401E2A4A10609DF8000099
:10FBD0004006000E00909DF8000000F08000802894
:10FBE000EFD024480068C0F10700042801D10120AB
:10FBF00000E0002050B900BF502080F31188BFF30F
:10FC00004F8FBFF36F8F00BF00BFFEE7194800683A
:10FC10000002184A10601046008800F4E06010608E
:10FC2000124A019810700F482030006840F47000AC
:10FC30000C49203108600846006840F070400860B8
:10FC4000FFF7B6FD00200C490860F0F7CBFA0B482F
:10FC5000006840F0404009490860F0F7AFFA002022
:10FC60001CBD000000ED00E071C20F4100E400E0A7
:10FC7000BC0B0020C00B0020B80B002034EF00E0CC
:10FC800010B500BF502080F31188BFF34F8FBFF332
:10FC90006F8F00BF00F02CFC18B14FF0805004496A
:10FCA000086000BF002080F3118800BF10BD000075
:10FCB00004ED00E02DE9F84380460E4617461D4648
:10FCC000DDF82090B8F1000F01D0012000E0002005
:10FCD00050B900BF502080F31188BFF34F8FBFF39E
:10FCE0006F8F00BF00BFFEE70DB1012000E00020D4
:10FCF00050B900BF502080F31188BFF34F8FBFF37E
:10FD00006F8F00BF00BFFEE707B10EB1012000E01A
:10FD1000002050B900BF502080F31188BFF34F8FEF
:10FD2000BFF36F8F00BF00BFFEE707B90EB9012018
:10FD300000E0002050B900BF502080F31188BFF3CD
:10FD40004F8FBFF36F8F00BF00BFFEE750200090C2
:10FD50000098502801D1012000E0002050B900BFD8
:10FD6000502080F31188BFF34F8FBFF36F8F00BF18
:10FD700000BFFEE700BF2C464CB1012084F84600CE
:10FD80004B463A46314640460094FEF7BBFE2046BD
:10FD9000BDE8F88370B505460E462C4654B900BF41
:10FDA000502080F31188BFF34F8FBFF36F8F00BFD8
:10FDB00000BFFEE7FFF762FCD4E90F12206801FBE9
:10FDC0000200A0600020A06320686060E06B401E1D
:10FDD000226C216800FB0211E160FF2084F84400DE
:10FDE00084F845009EB9206908B9012000E0002090
:10FDF000A8B904F1100000F06FFC80B14FF0805002
:10FE000009490860BFF34F8FBFF36F8F07E004F11C
:10FE10001000FFF7FDFB04F12400FFF7F9FBFFF7EB
:10FE200057FC012070BD000004ED00E02DE9FF4308
:10FE300083B0064688461D464FF00009344654B943
:10FE400000BF502080F31188BFF34F8FBFF36F8F37
:10FE500000BF00BFFEE7B8F1000F01D1206C08B968
:10FE6000012000E0002050B900BF502080F311882D
:10FE7000BFF34F8FBFF36F8F00BF00BFFEE7022DB0
:10FE800002D1E06B012801D1012000E0002050B92F
:10FE900000BF502080F31188BFF34F8FBFF36F8FE7
:10FEA00000BF00BFFEE700F00DFB08B9059808B9D8
:10FEB000012000E0002050B900BF502080F31188DD
:10FEC000BFF34F8FBFF36F8F00BF00BFFEE700BFD0
:10FED000FFF7D4FBA06BE16B884201D3022D28D140
:10FEE0002A4641462046FEF740FD0746606A08B9AB
:10FEF000012000E0002068B904F1240000F0ECFBD0
:10FF000088B14FF0805032490860BFF34F8FBFF384
:10FF10006F8F08E03FB14FF080502D490860BFF36C
:10FF20004F8FBFF36F8FFFF7D3FB012007B0BDE802
:10FF3000F083059818B9FFF7CBFB0020F6E7B9F17D
:10FF4000000F04D101A8FFF7EDFC4FF00109FFF706
:10FF5000BFFBFFF791FDFFF791FB94F94400401CB4
:10FF600010B9002084F8440094F94500401C10B9F1
:10FF7000002084F84500FFF7ABFB05A901A800F0BD
:10FF8000CBF9F0B92046FEF7D2FEA0B104F1100083
:10FF90000599FFF7D9FC2046FFF7ADF800F0E8FB24
:10FFA000002895D14FF0805009490860BFF34F8F6A
:10FFB000BFF36F8F8CE72046FFF79DF800F0D8FB6A
:10FFC00086E72046FFF797F800F0D2FB0020ADE768
:10FFD00004ED00E02DE9F84F07468A4690461E469C
:10FFE0003C4654B900BF502080F31188BFF34F8FB7
:10FFF000BFF36F8F00BF00BFFEE7BAF1000F01D162
:020000040801F1
:10000000206C08B9012000E0002050B900BF50204A
:1000100080F31188BFF34F8FBFF36F8F00BF00BF16
:10002000FEE7022E02D1E06B012801D1012000E0A1
:10003000002050B900BF502080F31188BFF34F8FCC
:10004000BFF36F8F00BF00BFFEE7FFF7C5FB00BF28
:100050005021EFF3118081F31188BFF34F8FBFF36D
:100060006F8F00BF0546A06BE16B884201D3022E63
:1000700025D194F945B0A06B0090324651462046F8
:10008000FEF773FC0BF1010088B9606A08B9012022
:1000900000E0002050B904F1240000F01DFB28B15D
:1000A000B8F1000F02D00120C8F8000004E00BF105
:1000B000010040B284F845004FF0010901E04FF023
:1000C000000900BF85F3118800BF4846BDE8F88FDE
:1000D0002DE9F04706460F46344654B900BF50207C
:1000E00080F31188BFF34F8FBFF36F8F00BF00BF46
:1000F000FEE7206C08B9012000E0002050B900BFE5
:10010000502080F31188BFF34F8FBFF36F8F00BF74
:1001100000BFFEE7206808B9A06808B9012000E028
:10012000002050B900BF502080F31188BFF34F8FDB
:10013000BFF36F8F00BF00BFFEE7FFF74DFB00BFAF
:100140005021EFF3118081F31188BFF34F8FBFF37C
:100150006F8F00BF0546D4F83890E06B48451ED934
:1001600094F945A009F10100A0630AF1010070B9FA
:10017000606A08B9012000E0002068B904F1240099
:1001800000F0AAFA40B13FB10120386004E00AF162
:10019000010040B284F845004FF0010801E04FF043
:1001A000000800BF85F3118800BF4046BDE8F08716
:1001B0002DE9F74183B005460E464FF000082C4666
:1001C00054B900BF502080F31188BFF34F8FBFF3A5
:1001D0006F8F00BF00BFFEE70EB9206C08B9012089
:1001E00000E0002050B900BF502080F31188BFF319
:1001F0004F8FBFF36F8F00BF00BFFEE700F062F9C3
:1002000008B9059808B9012000E0002050B900BFE6
:10021000502080F31188BFF34F8FBFF36F8F00BF63
:1002200000BFFEE700BFFFF729FAA76BF7B1314621
:100230002046FEF785FB781EA063206908B90120DF
:1002400000E0002060B904F1100000F045FA38B178
:100250004FF080502F490860BFF34F8FBFF36F8F6F
:10026000FFF736FA012006B0BDE8F081059818B90D
:10027000FFF72EFA0020F6E7B8F1000F04D101A82D
:10028000FFF750FB4FF00108FFF722FAFFF7F4FBEE
:10029000FFF7F4F994F94400401C10B9002084F8E9
:1002A000440094F94500401C10B9002084F8450032
:1002B000FFF70EFA05A901A800F02EF8F0B92046C4
:1002C000FEF728FDA0B104F124000599FFF73CFBDF
:1002D0002046FEF710FF00F04BFA0028A3D14FF0A4
:1002E00080500C490860BFF34F8FBFF36F8F9AE7C0
:1002F0002046FEF700FF00F03BFA94E72046FEF7A9
:10030000FAFE00F035FA2046FEF704FD00288AD0F8
:100310000020A8E704ED00E070B505460C4655B98D
:1003200000BF502080F31188BFF34F8FBFF36F8F52
:1003300000BF00BFFEE754B900BF502080F3118812
:10034000BFF34F8FBFF36F8F00BF00BFFEE7FFF714
:1003500095F9124802686868131A2068401C08B9A9
:10036000002617E00E4928680968884204D06868AA
:10037000904201D801260DE02068984207D92068F4
:10038000C01A20602846FFF7CDFA002602E00020C0
:1003900020600126FFF79CF9304670BD8C000010EC
:1003A000A00000102DE9FF4F85B080468946174612
:1003B000DDE912ABB800FEF7DDFE064656B15C2063
:1003C000FEF7D8FE04460CB1266304E03046FFF782
:1003D0009DF900E000248CB1002084F85900CDE99B
:1003E00000ABCDE902403A4649464046089BFEF73D
:1003F0009EFB2046FEF7EAF9012501E04FF0FF35AC
:10040000284609B0BDE8F08F2DE9F04F85B00746CA
:10041000884691469A46DDE90EB6109C0EB1012041
:1004200000E0002050B900BF502080F31188BFF3D6
:100430004F8FBFF36F8F00BF00BFFEE70CB10120ED
:1004400000E0002050B900BF502080F31188BFF3B6
:100450004F8FBFF36F8F00BF00BFFEE75C2003909C
:1004600003985C2801D1012000E0002050B900BFB2
:10047000502080F31188BFF34F8FBFF36F8F00BF01
:1004800000BFFEE700BFB4B1AEB125462C462E63D7
:10049000022085F85900002004A953464A46CDE9B8
:1004A00000B1CDE9025041463846FEF740FB2846F0
:1004B000FEF78CF901E000200490049805B0BDE837
:1004C000F08F00000549096809B9012005E00449D9
:1004D000096809B9022000E000207047940000106C
:1004E000B000001001490868704700008C0000103F
:1004F0002DE9F0414FF000084348006800287BD107
:1005000042480068451C4148056015BB40480068EA
:10051000006808B9012000E0002050B900BF502059
:1005200080F31188BFF34F8FBFF36F8F00BF00BF01
:10053000FEE737480768374800683549086035489E
:10054000076035480068401C33490860FEF724FD09
:1005500000BF3248006885423BD300BF2C4800688A
:10056000006808B9012000E0002020B14FF0FF3002
:100570002A4908602CE026480068C068C46866689C
:10058000B54202D22548066022E0201DFFF713F88D
:10059000A06A18B104F11800FFF70DF82049E06ACD
:1005A0000968884202D91E49E06A0860E16A01EBE5
:1005B00081011C4A02EB8100211DFFF753F81A4903
:1005C000E06A0968C96A8842C8D34FF00108C5E7E4
:1005D00000BF15480068C06A00EB8000114951F85F
:1005E0002000012801D94FF001081048006808B127
:1005F0004FF0010805E0FFE70D480068401C0C497A
:1006000008604046BDE8F081B00000108C0000108A
:100610007C00001080000010A0000010A800001056
:100620009000001078250020780000109C00001039
:100630009800001070B505462C460026002D43D0CA
:1006400022480068844201D1012000E0002050B916
:1006500000BF502080F31188BFF34F8FBFF36F8F1F
:1006600000BF00BFFEE7206D50B900BF502080F3EF
:100670001188BFF34F8FBFF36F8F00BF00BFFEE73E
:10068000206D401E2065E16CE06A88421CD0206D20
:10069000D0B9201DFEF78FFFE06CE062E06AC0F188
:1006A0003800A0610A49E06A0968884202D908490D
:1006B000E06A0860E16A01EB8101064A02EB810011
:1006C000211DFEF7CFFF0126304670BD78000010D7
:1006D000900000107825002070B50646F068C468C8
:1006E00054B900BF502080F31188BFF34F8FBFF380
:1006F0006F8F00BF00BFFEE704F11800FEF75BFF3D
:1007000015480068A0B9201DFEF755FF1349E06A9F
:100710000968884202D91149E06A0860E16A01EB80
:1007200081010F4A02EB8100211DFEF79BFF04E0CF
:1007300004F118010B48FEF795FF0B49E06A0968C0
:10074000C96A884204D9012501200849086000E0EF
:100750000025284670BD0000B00000109000001079
:1007600078250020002A0020780000109C0000104E
:1007700070B5002400263648006850B900BF5020EC
:1007800080F31188BFF34F8FBFF36F8F00BF00BF9F
:10079000FEE7FEF773FF2E480068401E2C490860F4
:1007A0000846006800284ED12A48006800284AD030
:1007B00023E02948C068C46804F11800FEF7FBFE76
:1007C000201DFEF7F8FE2549E06A0968884202D933
:1007D0002249E06A0860E16A01EB8101204A02EBEC
:1007E0008100211DFEF73EFF1E49E06A0968C96AC3
:1007F000884202D301201C4908601748006808B9E4
:10080000012000E000200028D3D00CB1FEF7C4FB8B
:100810001648056865B100BFFFF76AFE10B10120F8
:10082000114908606D1E002DF6D100200F490860A7
:100830000D48006838B1012630070D490860BFF344
:100840004F8FBFF36F8FFEF743FF304670BD000040
:10085000B000001088000010002A00209000001056
:1008600078250020780000109C00001098000010EF
:1008700004ED00E010B586B00024FEF703F816483A
:100880000068D0B100200590049003AA04A905A82F
:10089000FEF7B2FE0222DDE904100023CDE90021BB
:1008A00002900EA10F48039AFFF7AEFD0E490860B3
:1008B0000846006800B1012400BF54B900BF5020B1
:1008C00080F31188BFF34F8FBFF36F8F00BF00BF5E
:1008D000FEE7204606B010BDBC000010546D72202B
:1008E00053766300DDF00008C00000102DE9FF47DB
:1008F00004460D4616461F46DDF830804FF00009CD
:1009000054B900BF502080F31188BFF34F8FBFF35D
:100910006F8F00BF00BFFEE71448006810B300955A
:1009200001960294062D15DAFFF7CCFD022808D1B6
:100930000023424669460D480068FFF777FA814672
:1009400010E000231A46694608480068FFF76EFA6F
:10095000814607E000233A46694604480068FFF7ED
:1009600039FB8146484604B0BDE8F087BC00001062
:10097000704310100170431010010000FC0C0108BE
:100980000000000000000000000000000000000067
:10099000000200001800000000000000000000003D
:1009A000280D010800000000000000000000000009
:1009B000000000000004000008000000000000002B
:1009C00000000000380D01080000000000000000D9
:1009D00000000000000000000010000008000000FF
:1009E0000000000000000000480D010800000000A9
:1009F00000000000000000000000000000020000F5
:100A0000080000000000000000000000EC0C0108DD
:100A100000000000000000000000000000000000D6
:100A200000040000080000000000000000000000BA
:100A3000080D010800000000000000000000000098
:100A4000000000000004000008000000000000009A
:100A500000000000180D0108000000000000000068
:100A6000000000000000000000040000080000007A
:100A70000000000000000000D80C01080000000089
:100A80000000000000000000000000000004000062
:100A9000180000000000000000000000580D0108D0
:100AA0000000000000000000000000000000000046
:100AB000001000000800000000000000000000001E
:100AC000E40C01080000000000000000000000002D
:100AD000000000000004000008000000000000000A
:100AE00000000000000610160006101600000000AE
:100AF00000000000010203040607080900000000CE
:100B00000102030400000000000000000000F03FAC
:100B1000000000000000F83F00000000000000009E
:100B20000000004003B8E23F0000000000000000A9
:100B300006D0CF43EBFD4C3E033333333333E33F37
:100B4000FFAB6FDBB66DDB3F4D268F515555D53F63
:100B500001411DA96074D13F65DBC9934A86CD3F31
:100B6000EF4E454A287ECA3F3E5555555555C53F1F
:100B700093BDBE166CC166BF2CDE25AF6A56113F11
:100B8000F16BD2C541BDBBBED0A4BE726937663E13
:100B90004C5555555555A53F7751C1166CC156BF9B
:100BA0009015CB19A001FA3EAD529C804F7E92BEAB
:100BB000C4B1B4BD9EEE213ED43888BEE9FAA8BDCA
:100BC000000000000000000000004054FB21F93F3D
:100BD0003163621A61B4D03D0000601A61B4D03D47
:100BE0007370032E8A19A33B0000002E8A19A33BC1
:100BF000C14920259A837B390000000000000000D5
:100C00006E83F9A22915444ED15727FCC0DD34F577
:100C1000999562DB4190433CAB6351FE61C5BBDEFD
:100C20003A6E24B7E0D24D42EA2E49061C92D10911
:100C30001CEB1DFE3EA729B1F53582E88444BB2E8E
:100C400026709CE9417E5FB439D69139F4395383DB
:100C50008B5F849C3B28F9BDFF97F81F0F9805DE3A
:100C60008B112FEF1F6D0A5ACF7E366DB709CB2738
:100C7000663F464F2DEA5F9EC7BA27757BF1E5EBCD
:100C8000F739073DEA92528AB15FFB6B085D8D1F11
:100C9000000000006E83F9A22915444ED15727FCAD
:100CA000C0DD34F5999562DB4190433CAB6351FE66
:100CB000A6F810111111813FD561C119A0012ABFF9
:100CC0007DFEB157E31DC73EEB9C2B8AE6E55ABE7D
:100CD0007CD5CF5A3AD9E53D5377697463685F5242
:100CE000430000004C57495000000000555F4C5F26
:100CF000436F6D6D756E69636174650064656661EF
:100D0000756C745461736B0052656D6F74655F43ED
:100D10006F6E74726F6C00004D6F746F725F436F13
:100D20006E74726F6C000000526F626F745F4C6F74
:100D3000636174696F6E0000526F626F745F4E6121
:100D40007669676174696F0053797374656D5F4D7F
:100D50006F6E69746F720000446174615F416E610F
:100D60006C79736973000000A80D01080000002071
:100D7000EC0B00005E0A0008C00F01080000001024
:100D8000EC000000B8BA0008C00F0108EC0B00200E
:100D9000ECF50000C8BA0008AC100108EC00001027
:100DA000E0000000C8BA0008A123A0431AE604A18D
:100DB0003B010103012B3B803F3801251AFA6C2BC4
:100DC00020413405196F12833A14C0DA451C409C47
:100DD000453022444B4842082904293C09826408D2
:100DE0000B1BA041CDCCCC3DCDCC4C3D64112B4058
:100DF00040044D8FC2F53D581AA0042B48433C01D6
:100E00005E1AC8D01AA07C396C0A183E9F131C4683
:100E100014606A462480BB452A7A042A4434493C3B
:100E20000B73803F642808409C450AD7A33C040903
:100E30002E1C2D6F12833A04092B1C110B104842F3
:100E4000180912140B107A43780912140E10A041DD
:100E50000AD723A0914BC842FC07192A43CDCCCC1A
:100E60003E7C80BB4604111B7A45041A44985A43C1
:100E70001D021E3F09CA6411095C641B401C342911
:100E8000641B96426402193D3C606A46042B80BB99
:100E9000601904A93C091EC82A168C000A1A41CD03
:100EA000CC0C3F6F12833B29B869BC590C1B806D79
:100EB000080921C8D9CC0D1F9A99193ECC39C80907
:100EC0002ECC299C0935CC110A3161CC0E5B8C42A9
:100ED000CDCC4CCC0D1C6666E63ECC1AFAB8290483
:100EE000093ECC1A96CC0B61CC3DCC0A203ACC6999
:100EF00004092DCC01AC5BC0A8D801200326E14336
:100F00000B2861C4284B39C3048139109968290C16
:100F1000B9202910091088CB01030FBA01B849E0A4
:100F20001480D4441B80A20C1A96785914111A9676
:100F30004C1AFA041A966469145A4860137AC31B4F
:100F40008089141B34C2AC8A4514194839505A227E
:100F5000141AFA3C1A7A0C13B4425B20B2144B2FC9
:100F6000C4281333435B401C141A161429501A0763
:100F7000445A6D1419781B80BB1413B4C25B803BB8
:100F8000141A48A0D9DF01190F34F0416F12033B46
:100F9000140116057C6F12833A0D183333B33EF0FB
:100FA0000116321039341324F41AAA01011813C996
:100FB000221B08BD041AFD041AD9041AC1044100F9
:100FC0000000000000000000000000000000000021
:100FD0000000000000000000000000000000000011
:100FE0000000000000000000000000000000000001
:100FF00000000000000000000000000000000000F1
:10100000000000000101000000000041000000415C
:1010100000001842000000000000484200000000EC
:1010200000000000000000000000000000000000C0
:1010300000000000000000000000000000000000B0
:1010400000000000000000000000000000000000A0
:101050000000000000000000000000000000000090
:101060000000000000000000000000000000000080
:101070000000000000000000000000000000000070
:101080000000000000000000000000000000000060
:101090000000000000000000000000000000000050
:0C10A00000000000000000000000000044
:040000050800018965
:00000001FF
