:020000040800F2
:10000000F865002029030008AB580008B751000824
:10001000A9580008C70600086D7500080000000018
:10002000000000000000000000000000690200085D
:10003000E910000800000000C50200082D68000853
:100040004303000843030008430300084303000878
:100050004303000843030008430300084303000868
:10006000430300084303000843030008690F000826
:1000700043030008750F000843030008810F0008C0
:100080004303000843030008430300084303000838
:10009000090700084303000843030008430300085E
:1000A0004303000843030008430300084303000818
:1000B000456B00084303000843030008430300089E
:1000C00043030008430300084303000843030008F8
:1000D000296300083975000843030008430300083A
:1000E00043030008430300084303000843030008D8
:1000F0004303000843030008430300088D0F000872
:1001000043030008430300084303000843030008B7
:100110008D6F0008996F0008056D00084303000803
:100120004303000843030008990F00084303000835
:100130004303000843030008430300084303000887
:10014000590700084303000843030008430300085D
:100150004303000843030008A50F000843030008F9
:100160004303000843030008430300084303000857
:100170004303000843030008430300080000000095
:10018000430300084303000800F002F800F05CF8A5
:100190000AA090E8000C82448344AAF10107DA45E2
:1001A00001D100F051F8AFF2090EBAE80F0013F0D8
:1001B000010F18BFFB1A43F0010318479CCB000046
:1001C000BCCB00000A444FF0000C10F8013B13F0C8
:1001D000070408BF10F8014B1D1108BF10F8015BA0
:1001E000641E05D010F8016B641E01F8016BF9D193
:1001F00013F0080F1EBF10F8014BAD1C0C1B09D1EA
:100200006D1E58BF01F801CBFAD505E014F8016B5B
:1002100001F8016B6D1EF9D59142D6D370470000ED
:100220000023002400250026103A28BF78C1FBD8FF
:10023000520728BF30C148BF0B6070471FB50CF094
:10024000B0F91FBD10B510BD00F0E4F91146FFF77D
:10025000F5FF09F019FC00F002FA03B4FFF7F2FF12
:1002600003BC00F005FA00002C4B19680868B0E8E0
:10027000F04F80F30988BFF36F8F4FF0000080F3D9
:10028000118870470000000008480068006880F38B
:1002900008884FF0000080F3148862B661B6BFF39F
:1002A0004F8FBFF36F8F00DF00BF00BF08ED00E08E
:1002B000DFF80C00016841F470010160704700BF75
:1002C00088ED00E0EFF30980BFF36F8F134B1A68DE
:1002D0001EF0100F08BF20ED108A20E9F04F1060CB
:1002E00009B44FF0500080F31188BFF34F8FBFF374
:1002F0006F8F0AF0CFFD4FF0000080F3118809BC2A
:1003000019680868B0E8F04F1EF0100F08BFB0EC95
:10031000108A80F30988BFF36F8F70472C0000208C
:10032000EFF30580704700000948804709480047FF
:10033000FEE7FEE7FEE7FEE7FEE7FEE7FEE7FEE795
:10034000FEE7FEE704480549054A064B70470000F2
:10035000DD68000889010008F85F0020F8650020CA
:10036000F8610020F861002053EA020C00F0698077
:100370002DE9F04B4FF00006002B1FBFB3FA83F5B9
:1003800003FA05F424FA05F65E4012BF1643B2FAEA
:1003900082F502FA05F4C5F120051EBF22FA05FC1C
:1003A00044EA0C04203556EA044C4FEA144418BFC2
:1003B000641C4FF000084FF00009904271EB030CF1
:1003C00039D3002919BFB1FA81F701FA07F6B0FA5B
:1003D00080F700FA07F6C7F120071EBF20FA07FCD6
:1003E00046EA0C062037B6FBF4FCA7EB0507103FE6
:1003F00007F01F0BCBF120060CFA0BFB2CFA06F6CC
:1004000044BFB3460026202FA4BF5E464FF0000B2A
:100410005BEA060C08BF4FF0010B19EB0B09ABFBB5
:10042000027C48EB0608C01B06FB02CC0BFB03CC8E
:1004300071EB0C01C1E70B46024641464846BDE858
:10044000F08B13B54FF000004FF00001AFF30080C8
:10045000BDE81C407047032A40F2308010F0030CC6
:1004600000F0158011F8013BBCF1020F624498BF07
:1004700011F801CB00F8013B38BF11F8013BA2F1A4
:10048000040298BF00F801CB38BF00F8013B11F01F
:10049000030300F02580083AC0F0088051F8043BBF
:1004A000083A51F804CBA0E80810F5E7121D5CBF2C
:1004B00051F8043B40F8043BAFF30080D20724BF5F
:1004C00011F8013B11F801CB48BF11F8012B24BFF3
:1004D00000F8013B00F801CB48BF00F8012B704742
:1004E00010B5203AC0F00B80B1E81850203AA0E8CF
:1004F0001850B1E81850A0E81850BFF4F5AF5FEA03
:10050000027C24BFB1E81850A0E8185044BF18C9B5
:1005100018C0BDE810405FEA827C24BF51F8043B5C
:1005200040F8043B08BF7047D20728BF31F8023BB0
:1005300048BF11F8012B28BF20F8023B48BF00F844
:10054000012B704702F0FF0343EA032242EA024212
:1005500000F037B84FF0000200B5134694469646B7
:10056000203922BFA0E80C50A0E80C50B1F12001C6
:10057000BFF4F7AF090728BFA0E80C5048BF0CC074
:100580005DF804EB890028BF40F8042B08BF7047D2
:1005900048BF20F8022B11F0804F18BF00F8012B44
:1005A000704770477047704710B500F02BF800682F
:1005B00010BD10B5044600F025F8046010BD4FF0E2
:1005C00000020429C0F0128010F0030C3FF4C4AF05
:1005D000CCF1040CBCF1020F18BF00F8012BA8BF2E
:1005E00020F8022BA1EB0C01FFF7B6BF5FEAC17C3C
:1005F00024BF00F8012B00F8012B48BF00F8012BA5
:100600007047000000487047985F0020004870471E
:10061000985F00207546FFF7F9FFAE460500694672
:10062000534620F00700854618B020B5FFF78AFE34
:10063000BDE820404FF000064FF000074FF00008E3
:100640004FF0000B21F00701AC46ACE8C009ACE864
:10065000C009ACE8C009ACE8C0098D46704710B5C8
:100660000446AFF300802046BDE81040FFF7F5BD1B
:1006700001491820ABBEFEE7260002007047027F4A
:1006800062B10268C0E900128A1A8260416901EB16
:10069000D173B2EB630F09DD511A0EE041600160C6
:1006A00000218160C1600121017770474B4203EB5B
:1006B000D373B2EB630F01DA11448160D0E90221F8
:1006C0001144C1607047FEE700B58BB000200121E6
:1006D000CDE9060147F6FE720590CDE900200290B3
:1006E000039004900E20CDE908106946054802F0F9
:1006F0001DFA044802F0B1FE0221024802F09CF902
:100700000BB000BDC80F0020014802F010BB000074
:10071000C80F002000B58BB00E20059000200121ED
:10072000CDE9060147F6FE72CDE900200290039064
:1007300004901C20CDE908106946064802F0F6F93D
:10074000044802F08AFE0221024802F075F90BB05B
:1007500000BD0000F00F0020014802F0E8BA0000E0
:10076000F00F00207CB5160A8DF800608DF801208E
:100770001A0ADDE906548DF802202A0A8DF80420B1
:100780008DF80550220A8DF806208DF803308DF87B
:10079000074089B208236A4600F0A4F87CBD000037
:1007A0002DE9F0470C462DED028B814609786078E3
:1007B00004F002FD44490022C1E900028A60CA60D7
:1007C0006078012867D0022865D0042878D10820F5
:1007D0009FED3E8ADFED3E8A086194ED0B0A102002
:1007E000B0EE481AF0EE680A09F0F8F8074694ED02
:1007F0000C0A0E20B0EE481AF0EE680A09F0EEF886
:10080000804694ED0D0A1020B0EE481AF0EE680A0A
:1008100009F0E4F89FED308A064694ED0E0A0A20AE
:100820009FED2C1AF0EE480A09F0D8F8054694ED31
:100830000F0A08209FED291AF0EE480A09F0CEF8B9
:1008400027493A0A01230F704A70C8F3052281F83C
:10085000028042EA8512CA70AA080A7148718E7134
:10086000300AC8710A461849484602F0F7F80028CD
:1008700026D002231A4A1449484602F0EFF800280D
:100880001ED0174A0423BDEC028B4846BDE8F04752
:100890000D4902F0E3B80A61012300220A494846E3
:1008A00002F0DCF800280BD002230022064948465B
:1008B00002F0D4F8002803D004230022E3E7FFE786
:1008C000BDEC028BBDE8F087045D002000002042F3
:1008D000000020C200C07F440000000000004C4225
:1008E000290F002070B5104C064600202160A06042
:1008F000C4E90303154601232146304602F0AEF851
:1009000000280FD002232A462146304602F0A6F8DE
:10091000002807D02A4621463046BDE8704004230F
:1009200002F09CB870BD0000EC5C002010B50446DD
:100930002DED088B90ED000AD0ED070A70EE608A6D
:10094000C0ED038A90ED050AD0ED010A90ED04BADE
:1009500040EE208A2BEE008A60EE08AAB0EEE8AAEC
:100960001AEE100A0BF0ACFDB2EE000A41EC190BC6
:100970002BEE000A10EE100A0BF0A2FD53EC192B1F
:100980000BF0A8FA28EE080A41EC190B10EE100A39
:100990000BF096FD53EC192B0AF0E6FF41EC100B1F
:1009A00008F044FD51EC100B0AF0ACFF00EE900A89
:1009B000B4EEEAAAF1EE10FA0EDDB0EE680A05F028
:1009C00065FD70EEC80AB6EE001A60EE200A94EDDE
:1009D000010A00EE810A07E094ED050AC8EE800ADC
:1009E00094ED010A30EE800AF0EEC00AF4EEC80A77
:1009F000F1EE10FA08DD05F049FDD4ED040AF1EE40
:100A0000600A20EE200A05E0D4ED040A60EEC00A78
:100A100080EE880AD4ED001A94ED061AD4ED010A8E
:100A200041EE201AC4ED001A41EE000AC4ED010A9D
:100A3000BDEC088B10BD00002DE9F05FDFF8F8A1D8
:100A400099462DED068B16460C460546DDED138ABC
:100A5000129FDDED11AA9FED79AA40880AF1140BCF
:100A6000A0F6280000EE100A1046DDF84080B8EE2F
:100A7000C08A0BF0E0F941EC190BB0EEC80A10EE99
:100A8000100A0BF01DFD53EC192B0BF0E7F902D205
:100A90008AED02AA2AE0B5EEC08AF1EE10FA0EDD68
:100AA00000EE106AB8EE400A78EE400A00EE109AA6
:100AB000B8EEC00A20EE800ADFED610A12E0B5EE62
:100AC000C08AF1EE10FA11D200EE106AB8EE400AB8
:100AD00078EE000A00EE109AB8EEC00A20EE800A06
:100AE000DFED580A80EE201A8AED021AA888A0F5D8
:100AF000EA6000EE100A4046B8EEC08A0BF09BF99F
:100B000041EC190BB0EEC80A10EE100A0BF0D8FC3D
:100B100053EC192B0BF0A2F902D28BED02AA26E0BE
:100B2000B5EEC08AF1EE10FA0CDD00EE108AF8EE98
:100B3000EA0AB8EE400A38EE400A20EE200ADFED5D
:100B4000420A10E0B5EEC08AF1EE10FA0FD200EEC4
:100B5000108AF8EEEA0AB8EE400A38EE000A20EEF3
:100B6000200ADFED3A0A80EE201A8BED021AE8889F
:100B7000A0F69E0000EE100A3846B8EEC08A0BF0D0
:100B80005AF941EC190BB0EEC80A10EE100A0BF03E
:100B900097FC53EC192B0BF061F904D2264828304E
:100BA00080ED02AA28E0B5EEC08AF1EE10FA0CDD65
:100BB00000EE107AF8EEE80AB8EE400A38EE400A85
:100BC00020EE200ADFED220A10E0B5EEC08AF1EE39
:100BD00010FA11D200EE107AF8EEE80AB8EE400AE8
:100BE00038EE000A20EE200ADFED1A0A124880EEE5
:100BF000201A283080ED021A0F4804F00FFC0E482E
:100C0000143004F00BFC0C48283004F007FC9AED7B
:100C1000010A094884ED730A9BED010A2830B1EE00
:100C2000400A84ED740A90ED010A84ED750ABDEC6A
:100C3000068BBDE8F09F0000640F0020000000005C
:100C4000005002C500C0F9C40080E9C400700AC5A4
:100C50000040EB440090094510B504462DED028B91
:100C6000B0EE608A80ED310AA830FFF75FFE94EDA8
:100C70002A0AF0EE480A04F1540005F0BBF894ED9E
:100C8000200ADFED0B0A9FED0B1A204620EE200A0A
:100C9000D4ED2B0A00EE810AD4ED010A05F0AAF882
:100CA00094ED0B0A84ED340ABDEC028B10BD0000FC
:100CB0003333333F9A99993EB4EEE00AF1EE10FADD
:100CC00002D2B0EE600A7047B4EEC10AF1EE10FA3B
:100CD000F9DDB0EE410A7047DFED0C0A0C480D4A11
:100CE00010EE101A814202DB30EE600A05E010EED1
:100CF000101A914201D930EE200A10EE101A8142EA
:100D0000EEDA10EE101A9142EAD87047DB0FC940B4
:100D1000DB0F4940DB0F49C070B50C462DED048B4D
:100D2000B0EE408A054600F067F8204600F064F80F
:100D30009FED2E0A38EE008AB0EE480A08F0AEFAAF
:100D4000D5ED010A60EE208AB0EE480A07F04AF8B5
:100D5000D5ED000A40EEC08AB0EE480AC4ED008A24
:100D600008F09CFAD5ED000AF1EE600A60EE208AE8
:100D7000B0EE480A07F036F8D5ED010A40EEC08A19
:100D8000C4ED018A18EE900A0BF09AFB9FED189BB8
:100D900041EC100BB0EE491AF0EE691A07F024F995
:100DA000B0EE408AF0EE608A20680BF089FB41ECDF
:100DB000100BB0EE491AF0EE691A07F015F953EC72
:100DC000182B51EC100B0AF0CFFD41EC100B08F082
:100DD0002DFB51EC100B0AF095FDE06095ED020A39
:100DE00084ED020ABDEC048B70BD0000DB0FC93F2F
:100DF000000000000000004010B504462DED048BFB
:100E0000007D01281FD000281AD194EC020A01F0BD
:100E1000B9FD84ED030A94ED019A2749B0EEC90AA1
:100E200010EE100A884229DC94ED000AB0EEC00AE8
:100E300010EE100A884221DC9FED200A84ED040A9E
:100E4000BDEC048B10BD94ED040A9FED1D8A20EECD
:100E5000080A06F0C7FFD4ED030A20EE200A84ED4D
:100E6000000A94ED040A20EE080A08F017FAD4EDFF
:100E7000030A20EE200A84ED010AE1E720680BF066
:100E80001FFB41EC180B19EE100A0BF019FB41EC9B
:100E9000100BB0EE481AF0EE681A06F04DFD9FED0B
:100EA000091B51EC100B53EC112B0AF019FE0AF040
:100EB00029FD2061C4E70000ACC527370000000011
:100EC00035FA8E3C000000A046DF913F70B5D0EDB2
:100ED0000B0A0446C0ED430A90ED0A1A04F13406E9
:100EE00080ED421A90F8200150B304F188050128E2
:100EF00029D0022823D194ED460A04F1DC0084EDC8
:100F00003E0AFFF713FDD4ED420A94ED370A284656
:100F100004F070FF94ED2D0ADFED110A9FED111A18
:100F200020EE200AD4ED380A00EE810AD4ED430AFF
:100F3000304604F05FFF94ED180A84ED0C0A70BD92
:100F400094ED470AF4E794ED460AF0EE410A28468C
:100F500004F050FFD4ED430A94ED2D0AE8E70000B9
:100F60003333333F9A99993E014802F003BB0000A6
:100F700050120020014802F0FDBA0000901100203C
:100F8000014802F0F7BA0000F0110020014802F019
:100F9000F1BA0000B0120020014802F0EBBA0000E4
:100FA00010130020014802F0E5BA00007013002081
:100FB00001681823CAB2103AB2FBF3F2054B6FF383
:100FC0000901032A9B5CC36500D9091D8165084698
:100FD0007047000074C8000810B5014600208B69F6
:100FE0008A6A4FF0C07453B1B3F5005F15D072B187
:100FF000012A0CD0022A0AD0032A09D104E01AB12E
:10100000012A06D0022A03D1C96AC90100D50120EC
:1010100010BDC96AA142FAD010BD002AF7D0012A3A
:10102000F2D0022AF3D0032AF3D010BD30B5046801
:10103000256825F480252560046863608368402B5B
:10104000036803D099600068C26030BD9A60006890
:10105000C16030BD2DE9F041008805270426032337
:1010600002251D491D4A1E4C801E0D280CD2DFE8AA
:1010700000F007090D10121416181A1C1E20270064
:10108000002004E017480370BDE8F08101200870DB
:10109000FAE71570F8E71370F6E71670F4E71770C3
:1010A000F2E70D70F0E70B70EEE70E70ECE70F70F3
:1010B000EAE701222021204602F0B6FC002205E0EA
:1010C00000222021204602F0AFFC01222046BDE88C
:1010D000F041402102F0A8BC240F0020240C002085
:1010E000000C0240A80C002070470000F0B5674ECD
:1010F000674D684C2DED028B83B03078022828D0E4
:10110000D4ED230A94ED220A04F1880004F082FF52
:10111000D4ED120A94ED110A04F1440004F07AFFB0
:1011200094EC020A204604F075FF5B48FFF7CEFE00
:101130005A48FFF7CBFE5A48FFF7C8FE307805281B
:1011400007D196F8DD01022876D0042874D005284E
:1011500072D09FED540A85ED0C0A94F8CC00DFEDB7
:10116000528A9FED528A524E012869D094ED270A87
:10117000B0EE681AF0EE480AFFF79EFD86ED020A0F
:1011800094ED050AB0EE681AF0EE480AFFF794FDF8
:1011900086ED010A94ED160AB0EE681AF0EE480AE0
:1011A000FFF78AFD86ED000A95ED0C0A00214FF449
:1011B0000074BDEEC00A10EE100A00B2CDE90001C5
:1011C00096ED020A2146BDEEC00A10EE100A03B2E7
:1011D000314890ED0C0ABDEEC00A10EE100A02B2C2
:1011E0003448FFF7BFFA96ED000A2C49BDEEC00A5D
:1011F00010EE100A91ED0C0A00B2BDEEC00A10EE1E
:10120000101A09B2CDE9001096ED010A2146BDEE93
:10121000C00A10EE100A03B2214890ED0C0ABDEE90
:10122000C00A10EE100A02B22348FFF79BFA03B07F
:10123000BDEC028BF0BDFFE71548FFF747FE8CE7DA
:1012400008F0E0FB1D4F94ED270AB0EE681AD7EDC9
:10125000021AF0EE480A30EE210AFFF72DFD86ED66
:10126000020A94ED050AD7ED011AB0EE681AF0EE05
:10127000480A30EE210AFFF71FFD86ED010A94EDC2
:10128000160AD7ED001A30EE210A85E7A80C0020D7
:10129000C4070020540B0020980600206C05002095
:1012A000400400200000000000606A4600606AC63A
:1012B000705E0020C80F0020F00F0020645E002048
:1012C00072B6FEE72DE9F04FDFF800A44FF0050BF2
:1012D0002DED068B83B09AF800C0FD48DFF8F4E3EB
:1012E000DFF8F493F3EE099AB1EE00AA9FEDFB9AB2
:1012F000FB4E9FEDFC8ADFEDFC8AFC4FFC49D1EDF3
:10130000001AFC4991ED001AFB49D1ED050AFB4991
:1013100091ED050AFA4991ED032ADFEDFA2A72EE02
:10132000622AB0EEE23ADFEDF82AF84972EE622A5C
:10133000CA7802920979F0EEE23ADFEDF52A5346D7
:101340000191996972EE622A4A1E00921A7F012564
:101350001B6A0024F0EEE22ABCF1090F7ED2DFE81E
:101360000CF0059ACDFDFCFBFAF9F80080F8DC41A1
:1013700080F8DD4101222021F046704602F054FB46
:1013800000224021404602F04FFB8AF814408AF8C0
:101390001540C9ED0E9A89ED0FAA504689ED059AC0
:1013A0009FEDDC0AF7EE000A89ED060A89ED070ACF
:1013B000C6ED040A86ED058AC6ED0A8A86ED0B0A9B
:1013C00086ED0C0AC7ED040A87ED058AC7ED0A8A87
:1013D00087ED0B0A87ED0C0A90ED060AF8EEC00ABD
:1013E000DFEDCD1ADFEDCD2AB0EE621A10EEA11AB4
:1013F000DFEDCB0A81EE202ADFEDCA0ABC49B8EE48
:10140000C00AB0EE621A10EE211A72EE600A91ED77
:10141000002A70EE820AC0ED020ADFEDC31A81EEE7
:10142000210A9FEDC21AB349C24A30EE010A91ED7A
:10143000001AB14930EE010A9FEDBD1A80ED030A92
:1014400080ED041AD1ED051A71EEE00AF0EEE00A23
:1014500010EE901A914219DAA84900E016E0D1ED99
:10146000050A30EEC00AB0EEC00A10EE101A914222
:101470000CDAA349B04A91ED030A30EE410AB0EE0E
:10148000C00A10EE101AFDE38AF8005003B0BDEC5C
:10149000068BBDE8F08F8AF81C40CAF8204080F81F
:1014A000DC4180F8DD418AF814408AF81540C9ED26
:1014B0000E9A89ED0FAA9FEDA10A89ED050A9FED0D
:1014C000950A89ED060A89ED070ADFED9D0AC6ED4A
:1014D000040A86ED058A9FED9B1A86ED0A1A86EDB1
:1014E0000B0A86ED0C0AC7ED040A87ED058A87ED25
:1014F0000A1A87ED0B0A87ED0C0AC7E79AF801C0B4
:10150000BCF1000F0ED0BCF1010F7BD0BCF1020F7B
:1015100079D0BCF1030FB9D15646002A74D0012A04
:1015200073D0F9E16A4980F8DC41084681F800B0DF
:1015300080F8DD5101222021F046704602F074FA55
:1015400000224021404602F06FFA50468AF81440CB
:1015500005E0FDE3FDE3FDE3FDE3FDE3F1E18AF8F2
:101560001540C9ED0E9A89ED0FAA89ED059A9FEDF8
:10157000690AF7EE000A89ED060A89ED070AC6ED49
:10158000040A86ED058AC6ED0A8A86ED0B0A86ED09
:101590000C0AC7ED040A87ED058AC7ED0A8A87EDB4
:1015A0000B0A87ED0C0A90ED060AB3EE023ADFED66
:1015B0005A1AF8EEC00AB0EE431A00EEA11A9FEDD7
:1015C000582AC1EE020A9FED602A4949B8EEC00AC6
:1015D000B0EE431AD1ED002A00EE211A70EEC20AD5
:1015E00070EEA20AC0ED020ADFED4F1A414981EE0A
:1015F000210A91ED001A30EE020A30EE010A80ED68
:10160000030A03E02DE0F0E069E16DE19FED3D1A92
:10161000394980ED041AD1ED051A464971EEE00A08
:10162000F0EEE00A10EE902A8A42BFF666AF334A27
:10163000D2ED050A30EEC00AB0EEC00A10EE102A54
:101640008A42F2DA2E493C4A91ED030A30EE410A11
:10165000B0EEC00A10EE101A9142E6DA8AF8015094
:1016600014E78AF81C408AF814509FED382A8AF84B
:10167000155089ED0E2AB2EE042A89ED0F2A9FED4E
:10168000252A89ED059A89ED062ADFED312A89EDB3
:10169000072A9FED303AC6ED042A86ED053AC6EDDD
:1016A0000A8A86ED0B2A86ED0C2AC7ED042A87EDFF
:1016B000053AC7ED0A8A87ED0B2A87ED0C2A02EE60
:1016C000101A5246B8EEC23A46E00000240C002040
:1016D000A80C0020000C0240400900200050C34725
:1016E000540A00208FC2753D00247449A80A0020C6
:1016F000FC0A0020000B0020705D0020B05D00207F
:101700004C5D0020218CF4BFE49F46C0320F0020C6
:10171000600EF0BF6F12833A0000B4430000B44281
:10172000F2D210C1E17AAC41F2D210413D0AAB4194
:101730007CA352BF4A0C223FCDCCCC3D00007A4462
:101740009A99193F00409C450000AC4100001643A7
:1017500033333340CDCC4C3E5FED112ADFEDFE4AF2
:10176000B0EE642A03EE222A1FED133A82EE034AFA
:101770001FED0B3AB0EE642A34EE434A74EE211AA0
:1017800004EE101AF549C2ED021AB8EEC44A70EE22
:10179000E10A04EE222A1FED1C4AF0EEE00A10EEE8
:1017A000903AC2EE042A8B4232EE832A32EE011ABC
:1017B0001FED2B2A82ED031A82ED042ABFF69DAE9F
:1017C00030EE410AB0EEC00A10EE103A8B42F5DA64
:1017D00013EE901AE24B9942F0DA02218AF80110D6
:1017E00080F8DC4180F800B0DAE1D44612B1012A79
:1017F0000BD056E00299E9B3CCF820408CF81C508D
:1018000080F8DC4180F8DDB14BE0052B49D98CF83C
:1018100014408CF81550F7EE082AC6ED042A9FED07
:10182000D13A86ED053AC6ED0A8A1FED462A86EDC5
:101830000B2A86ED0C2AC7ED042A87ED053AC7ED81
:101840000A8A87ED0B2A87ED0C2A02EE101AB8EEF1
:10185000C23A5FED4F2A9FEDC44AB0EE442A03EE30
:10186000222A1FED513AC2EE033A1FED493A73EEB8
:10187000C33A00E015E073EEA11AB0EE442ACCEDB5
:10188000021A01EE901AF8EEE11A01EEA22A5FEDBB
:101890005A2AC2EE221A71EE831A31EE811A8CEDA9
:1018A000031A9CED021AB14870EEC10AF0EEE00A8C
:1018B00010EE901A81428ADADCED030A30EE600AFB
:1018C000B0EEC00A10EE101A814285DA9CF81400BE
:1018D00000287FF412AE03208CF80100EEE101989D
:1018E000D0B13462357717E0052B15D9347574758E
:1018F000C9ED0E9A89ED0FAA89ED059A1FED7B0AB5
:1019000089ED060A89ED070A9FED990A86ED040A1A
:1019100080F8DC4180F8DD4196ED040A904A32EE11
:10192000400AB0EEC00A10EE100A9042C3DA707D91
:101930000028CED1347074703477491CCAF818105E
:10194000A4E59AF802C0D046BCF1000F0DD0BCF15E
:10195000010F7CD0BCF1020F7AD0BCF1030FEFD1A4
:10196000002A76D0012A75D0D7E180F8DC4180F8D2
:1019700000B0032280F8DD2188F8144088F8154073
:10198000C9ED0E9A89ED0FAA89ED059A1FED9F2AE0
:10199000F7EE002A89ED062A89ED072AC6ED042A0A
:1019A00086ED058AC6ED0A8A86ED0B2A86ED0C2A9D
:1019B000C7ED042A87ED058AC7ED0A8A87ED0B2A51
:1019C00087ED0C2A02EE101AF3EE024A5FEDAE2A02
:1019D000F8EEC23AB0EE642A03EEA22A5FEDB03A06
:1019E00082EE234A5FEDA83AB0EE642A34EE634AF1
:1019F00074EE211A04EE101AC8ED021AB8EEC44AA9
:101A000004EE222A1FEDB84AC2EE042A32EEA32ABF
:101A100032EE011A88ED031A1FEDC62A70EEE10AB4
:101A2000524888ED042AF0EEE00A10EE901A814246
:101A300086DA30EE410AB0EEC00A10EE101A81428A
:101A4000F6DA13EE100A4B498842F1DA03E00CE0B3
:101A5000A9E036E13CE18AF80250002220217446D8
:101A6000704601F0E1FF0122FDE388F81C4088F890
:101A7000145088F81550DFED402AC9ED0E2AF2EE19
:101A8000042AC9ED0F2A89ED059A5FEDDE2AC9ED1A
:101A9000062AC9ED072A1FEDD23A86ED043A1FED5A
:101AA000D33AF0EE083A86ED053AC6ED0A8AC6ED5D
:101AB0000B2AC6ED0C2AC7ED043A87ED053AC7EDAF
:101AC0000A8AC7ED0B2AC7ED0C2A02EE901AF8EE2F
:101AD000E23A5FEDEF2A9FED293A03EEA23A1FEDBD
:101AE000F04AC3EE043A1FEDF13A33EEC33A73EE17
:101AF000211A03EE101AC8ED021AF8EEC33A9FED50
:101B0000203A03EEA23A5FEDF83AC3EE232A1FED26
:101B1000F93A70EEE10A1549F0EEE00A10EE902A6B
:101B20008A4272EE832A32EE811ADFED162A88EDA0
:101B3000031AC8ED042A88DA30EE410AB0EEC00A72
:101B400010EE102A8A42F6DA32EE620A0E4AB0EE3F
:101B5000C00A10EE101A19E00000B0424A0CA23F71
:101B60009A99993E0AD7A33D000034434A0C223F7C
:101B70009A99D9BFCDCCCC3D000096430000B2422B
:101B80006666B542036144C09A99193E9142D2DA21
:101B900002218AF8021080F8DC4180F800B00421AC
:101BA00080F8DD1172E412B1012A1CD067E012EE58
:101BB000101AFE4A91420BD99FEDFD1A5FED171ADC
:101BC00086ED041AC6ED051A87ED041AC7ED051A4D
:101BD0000299E9B3C8F8204088F81C5080F8DC412D
:101BE00080F8DDB14BE0322B49D988F8144088F8F1
:101BF00015509FEDF03A5FED252A86ED043AC6EDCB
:101C0000052AC6ED0A8A9FEDEC2A1FED294A86EDCA
:101C10000B2A86ED0C2A87ED043AC7ED052AC7ED9D
:101C20000A8A87ED0B2A87ED0C2A02EE101ADFEDE7
:101C3000E32AB8EEC23AB0EE442A03EE222A9FED20
:101C4000E03AC2EE033A9FEDDF3A73EEC33A00E0AA
:101C500015E073EEA11AB0EE442AC8ED021A01EEA7
:101C6000901AF8EEE11A01EEA22ADFEDD72AC2EEB1
:101C7000221A71EE831A31EE811A88ED031A98ED5B
:101C8000021A00E0F4E370EEC10AD048F0EEE00A78
:101C900010EE901A814285DAD8ED030A30EE600A20
:101CA000B0EEC00A10EE101A8142F4DA98F814006F
:101CB00000287FF422AC032088F802008AF81C4038
:101CC0001BE4019848B3C8F8204088F81C5024E071
:101CD000052B22D988F8144088F81540C9ED0E9AD2
:101CE00089ED0FAA89ED059A9FEDB30A89ED060AE1
:101CF00089ED070A1FED620A012288ED040A80F8C7
:101D0000DC4180F8DD4120217546704601F08CFEF3
:101D100000224021284601F087FEAD48D8ED040A94
:101D2000AC4990ED030A30EE600AB0EEC00A10EE46
:101D3000100A8842C4DA98F815000028C0D188F843
:101D4000004088F8024088F81C40D8F8180004E0E9
:101D5000FEE3FEE3FEE306E203E0401CC8F81800E1
:101D60007EE49AF803C0BCF1000F0CD0BCF1010F67
:101D70007DD0BCF1020F7BD0BCF1030FF0D15346F4
:101D8000002A76D069E180F8DC4180F800B080F864
:101D9000DD4101222021F046704601F045FE00227F
:101DA0004021404601F040FE8AF814408AF8154070
:101DB000B3EE040A89ED0E0AB0EE080A504689ED2A
:101DC0000F0A9FED850A89ED050A9FED7B0A89EDD3
:101DD000060A89ED070ADFED810AC6ED040A86EDE1
:101DE000058A9FED7F1A86ED0A1A86ED0B0A86EDAD
:101DF0000C0AC7ED040A87ED058A87ED0A1A87EDFC
:101E00000B0A87ED0C0A90ED060AF8EEC00ADFED2A
:101E10006B1A9FED743AB0EE431A10EEA11A9FEDC3
:101E2000682AC1EE020A9FED672A6F49B8EEC00A20
:101E3000B0EE431AD1ED002A10EE211A70EEC20A5C
:101E400070EEA20AC0ED020ADFED5F1A674981EE6B
:101E5000210A91ED001A30EE020A30EE010A80EDFF
:101E6000030A9FED631A634980ED041A02E027E03C
:101E70004EE0F0E0D1ED051A544971EEE00AF0EEC3
:101E8000E00A10EE902A8A42BFF66AAF5A4AD2EDB3
:101E9000050A30EEC00AB0EEC00A10EE102A8A42DF
:101EA000F2DA4B49554A91ED030A30EE410AB0EEA1
:101EB000C00A10EE101A9142E6DA8AF803503FE5A4
:101EC00080F8DC41062180F8DD118AF814408AF898
:101ED00015509FED4B0A89ED0E0AB2EE000A89ED0E
:101EE0000F0A9FED3D0A89ED050A9FED330A89ED42
:101EF000060A89ED070A9FED430A13EE900A354A58
:101F00008AED040A9042DADA02208AF8030017E523
:101F10005046EAB3B3F5C87F7DD905754575F7EE30
:101F2000082AC6ED042A1FEDF13ADFED373A86EDB7
:101F3000053A9FED212AC6ED0A3A86ED0B2A86ED79
:101F40000C2AC7ED042A87ED053AC7ED0A3A87ED5A
:101F50000B2A87ED0C2A02EE101A9FED2C4ADFEDBA
:101F6000172AB8EEC23AB0EE442A13EE222A9FEDA9
:101F7000143AC2EE033A9FED133A73EEC33A73EE8E
:101F8000A11AC0ED021A01EE901AF8EEE11A00E073
:101F90005EE0B0EE442A11EEA22ADFED0B2AC2EE7B
:101FA000221A71EE831A31EE811A32E0669B4FC01D
:101FB0003333333FCDCCCC3F6F12833A0000B44370
:101FC000F2D210C10000AC41F2D210414A0C223FC3
:101FD0004C5D00209A99993E00007A449A99193FE5
:101FE00000409C4500003E43FC0A0020000B0020FE
:101FF000600EF0BF705D0020B05D0020CDCCCC3D08
:1020000000007042E49F46C000803B4500008743CB
:1020100001E080ED031A90ED021A70EEC10AF0EEB5
:10202000E00A10EE902AFE498A42BFF648AFD0ED92
:10203000030A30EE600AB0EEC00A10EE102A8A429F
:10204000F3DA017D01297FF43AAF0321C17035E64F
:1020500004620577DFE71C621D7780F8DC4180F8B9
:10206000DD411D755D759FEDEF2AB7EE083A89EDEC
:102070000E2AB1EE082A89ED0F2AB2EE042A89ED64
:10208000052A1FED332A89ED062A89ED072A86EDF8
:10209000043ADFEDE53AC6ED053A9FEDE44A86EDF8
:1020A0000A4A86ED0B2A86ED0C2A87ED043AC7ED25
:1020B000053A9FEDDF3A87ED0A3A87ED0B2A87ED67
:1020C0000C2A02EE101AF8EEC23A1FED443ADFED88
:1020D000D94AB0EE642A13EE832A5FED473A82EEC6
:1020E000234A5FED483AB0EE642A34EE634A74EE58
:1020F000211A04EE101AC3ED021AB8EEC44A14EE07
:10210000032A1FED4F4A82EE043A33EE232A32EEC1
:10211000011A83ED031A1FED4A2A83ED042A186A77
:10212000B0F5487F01D91C755C7512EE901AC24A51
:10213000914210DA70EEE10AB949F0EEE00A10EED1
:10214000902A8A4207DA30EE410AB0EEC00A10EE59
:10215000102A8A4203DBB0F57A7F7FF6B0AE1C709E
:10216000DC701C7734E29AF80480D446B8F1000F92
:102170000CD0B8F1010F77D0B8F1020F75D0B8F1DB
:10218000030F7FF49CAE002A70D092E1D0461AB9BA
:10219000CAF8204088F81C5080F8DC4180F800B074
:1021A00080F8DD4100222021F246704601F03CFC1F
:1021B00001224021504601F037FC88F8144088F88D
:1021C0001540D8F820204146B2F5FA6F60D9B3EE39
:1021D000040A89ED0E0AB0EE080A89ED0F0A1FED18
:1021E000820A89ED050A1FED8C0A89ED060A89ED40
:1021F000070A5FED860AC6ED040A86ED058A1FED23
:10220000881A86ED0A1A86ED0B0A86ED0C0AC7EDD0
:10221000040A87ED058A87ED0A1A87ED0B0A87ED18
:102220000C0A91ED060AF8EEC01A1FED9C1A1FED7C
:10223000933AF0EE430A51EE810A5FED9F1A80EE69
:10224000A12A5FEDA01A7D48B8EEC00AF0EE430A5D
:10225000D0ED002A50EE010A32EE612A32EE222A37
:1022600081ED022A03E012E145E070E01DE11FED7F
:10227000AA1A734880EE810AD0ED000A30EE210AD6
:1022800030EE200A81ED030A1FEDA70A81ED040A52
:102290006C48D1ED020A90ED050A6B4830EE600AF9
:1022A000B0EEC00A10EE103A8342BFF608AE674B9C
:1022B000D1ED030A93ED050A30EE600AB0EEC00AD4
:1022C00010EE103A8342F0DA6148D1ED040A614B16
:1022D00090ED030A30EE600AB0EEC00A10EE100A6C
:1022E0009842E2DA40F6282082427FF6E8AD0D718E
:1022F00088F81C4056E480F8DC41062180F8DD11A6
:102300008CF814408CF815509FED530A89ED0E0A95
:10231000B2EE000A89ED0F0A1FEDD10A89ED050A18
:102320001FEDDB0A89ED060A89ED070A9FED4B0ACE
:102330004B498CED040A32EE400AB0EEC00A10EEB2
:10234000100A8842D6DA02208AF804002AE4EAB3A6
:10235000B3F5C87F4BD98CF814508CF81550B7EEF4
:10236000083ADFED312A86ED043AC6ED052A5FED25
:10237000DA3AC6ED0A3A1FEDF02A9FED3A4A86EDA9
:102380000B2A86ED0C2A87ED043AC7ED052AC7ED26
:102390000A3A87ED0B2A87ED0C2A02EE101A5FED40
:1023A000F92AB8EEC23AB0EE442A13EE222A1FED03
:1023B000FC3AC2EE033A9FED2C3A73EEC33A73EE49
:1023C000A11ACCED021A01EE901A00E068E0F8EED6
:1023D000E11AB0EE442A11EEA22ADFED242AC2EE61
:1023E000221A71EE831A31EE811A8CED031A9CEDDC
:1023F000021A0B4970EEC10AF0EEE00A10EE900AE4
:102400008842A3DADCED030A30EE600AB0EEC00ABF
:1024100010EE100A884299DA9CF81400012828E08E
:102420004A0CA23F00000C420AD7A33D00003442F0
:10243000000048420000AF439A99993EFC0A0020F0
:10244000000B0020705D00204A0C223FB05D002090
:102450004C5D0020CDCCCC3D0000B442B20241C066
:10246000CDCC4C3E008089430000AC41F2D21041FB
:10247000ACE17FF46BAF03208CF804008AF81C40B9
:10248000012220217446704601F0CEFA002203B0EA
:102490002046BDEC068B4021BDE8F04F01F0C4BAE8
:1024A000CCF820408CF81C50A1E7CCF820408CF8E8
:1024B0001C5080F8DC4180F8DD418CF814501FED91
:1024C000274A8CF8155089ED0E4AB1EE082A89ED9D
:1024D0000F2AB2EE042A89ED052A9FEDFE2AB7EEF7
:1024E000083A89ED062A89ED072A5FED313A86ED33
:1024F000043AC6ED053A86ED0A4A86ED0B2A86EDCA
:102500000C2A87ED043AC7ED053A9FEDF33A5FEDEB
:10251000374A87ED0A3A87ED0B2A87ED0C2A02EE3F
:10252000101A9FEDEE3AF8EEC23AB0EE642A13EEBE
:10253000832ADFEDEB3A82EE234A5FED353A34EE43
:10254000634A74EE211A04EE101ACCED021A02E06E
:1025500040E1BCE040E0B8EEC44AB0EE642A14EEBC
:10256000032A1FED3E4A82EE043A33EE232A32EE6E
:10257000011A8CED031A9FEDDB2A8CED042ADCF89E
:102580002000B0F5617F03D98CF814408CF8154019
:1025900012EE901AD44A914210DA70EEE10AD34951
:1025A000F0EEE00A10EE902A8A4207DA30EE410A95
:1025B000B0EEC00A10EE102A8A4203DBB0F57A7F33
:1025C0007FF698AE8CF800408CF804408CF81C40E4
:1025D0000098CAF8180072E480F8DC4180F800B076
:1025E00080F8DD418AF814408AF81540B3EE042AD9
:1025F00089ED0E2AB0EE082A504689ED0F2A9FED8C
:10260000BC2A89ED052A9FEDB32A89ED062A89EDBA
:10261000072ADFEDB82AC6ED042A86ED058ADFED2C
:10262000B63AF3EE024AC6ED0A3A86ED0B2A86ED7B
:102630000C2AC7ED042A87ED058AC7ED0A3A87ED13
:102640000B2A87ED0C2A02EE101ADFEDA42AF8EE11
:10265000C23AB0EE642A03EEA22ADFEDA13A82EE7E
:10266000234A5FED7F3AB0EE642A34EE634A74EE9B
:10267000211A04EE101AC0ED021AB8EEC44A04EE94
:10268000222A1FED864AC2EE042A32EEA32A32EE37
:10269000011A80ED031A9FED992A70EEE10A98491C
:1026A00080ED042AF0EEE00A10EE902A8A4292DAD7
:1026B00030EE410AB0EEC00A10EE102A8A428ADAE1
:1026C00013EE101A8F4A914285DA0570BFE48E4AE4
:1026D00080F8DC41104682F800B080F8DD418AF8CD
:1026E000145050468AF815505FEDB22AC9ED0E2AF3
:1026F000F1EE082AC9ED0F2ADFED7D2AC9ED052A82
:10270000DFED742AB0EE004AC9ED062AC9ED072AAA
:1027100086ED044A9FED7D3A86ED053ADFED7C3A81
:10272000C6ED0A3AC6ED0B2AC6ED0C2A87ED044A1F
:1027300087ED053AC7ED0A3AC7ED0B2AC7ED0C2A1B
:1027400002EE901AF8EEE23A9FED643ADFED714A3C
:10275000F0EE642A43EE832ADFED613A82EEA34A6B
:102760005FEDBF3AF0EE642A34EE634A74EE211A4C
:1027700004EE101AC0ED021AB8EEC44A44EE032A61
:102780001FEDC64A82EE843A73EE232A32EE811A96
:1027900080ED031ADFED602A70EEE10A5349C0EDC7
:1027A000042AF0EEE00A10EE902A8A4287DA30EE30
:1027B000410AB0EEC00A10EE102A8A4284DA32EEE4
:1027C000620A494AB0EEC00A10EE101A9142FEF6B3
:1027D0005BAE8FE550460AB904620577057545750D
:1027E0001FEDF03AB1EE082A89ED0E3A89ED0F2A75
:1027F000B2EE002A89ED052A9FED362AF7EE083A57
:1028000089ED062A89ED072AC6ED043A1FEDFA4A3A
:1028100086ED054A86ED0A3A86ED0B2A86ED0C2AEE
:10282000C7ED043A87ED054A87ED0A3A87ED0B2A92
:1028300087ED0C2A02EE101A9FED283AF8EEC23A04
:10284000DFED364AB0EE642A13EE832ADFED243A38
:1028500082EE234A5FEDFC3AB0EE642A34EE634A1E
:1028600074EE211A04EE101AC0ED021AB8EEC44A32
:1028700014EE032A9FED2A4A82EE043A33EE232A0D
:1028800032EE011A9FED172A80ED031A80ED042A1B
:10289000016AB1F57A7F01D30475447570EEE10ADF
:1028A0004FF08043F0EEE00A10EE902A9A420CDAE4
:1028B00030EE410AB0EEC00A10EE102A9A4204DA55
:1028C00012EE902AB2F17C5F02DBB1F5966F80D9EF
:1028D000047027E06F12833A000020420000B443E6
:1028E000F2D210C1600EF0BF9A99993E4A0CA23FF5
:1028F00000007A449A99193F00409C45218CF4BF0E
:102900004A0C223FCDCCCC3DA80C0020CDCCCC3DF8
:1029100000409C460000B042D6BA50C00000AF4311
:10292000F2D2104144708470C4700471CEE670B568
:1029300004462DED048BF0EE429AB0EE619A80EDE4
:102940000D0AF0EE418AB0EE608A0D461830FDF7B0
:10295000EDFF94ED060A204684ED030A84ED028A19
:10296000C4ED018A84ED049AC4ED059A07F0DAF803
:10297000BDEC048B04F140012846BDE870401122F3
:1029800002F0C6BB10B510EE900A2DED068BB0EE2E
:1029900040AA09F095FD9FED189B41EC100BB0EE9D
:1029A000491AF0EE691A05F01FFBB0EE408AF0EE0E
:1029B000608A1AEE100A09F083FD41EC100BB0EEAC
:1029C000491AF0EE691A05F00FFBB0EE401AF0EE6E
:1029D000601A53EC182B51EC110B08F0C5FF41ECB9
:1029E000100B06F023FD51EC100B08F08BFFBDEC33
:1029F000068B00EE100A10BD000000000000004031
:102A0000098849BA00EE101AB8EE400A80ED080AAB
:102A1000704700008878020605D5064AC97842EA60
:102A20000020084301E0488840BA00EE100AB8EEE2
:102A3000C00A70470000FFFF90F82020012A07D04D
:102A4000022A05D0416A41F4802141620120704789
:102A5000006842690A43426100207047F0B590F86F
:102A600020500468A468012D05D0022D03D0416ACE
:102A700041F4802157E014F0406F01D1E5004FD5BB
:102A8000C4F301640125A5401D608B684FF4C07537
:102A90009BB1CE6833434E6843EAC603066805EB34
:102AA0000417F3514FF4C273076803EB04130E6964
:102AB000FE50097D012905D009E00E88CB6843EA64
:102AC0004653EBE70168CE5846F48076CE50117934
:102AD000D379567941EA036193791B0443EA0623CB
:102AE00019434FF4C676036806EB04169951117822
:102AF000D37841EA0361937852781B0443EA0222B7
:102B000011434FF4C473026803EB0413D1500068FF
:102B100005EB0411425842F0010242500020F0BD82
:102B2000416A41F4001141620120F0BD10B590F8F6
:102B30002020012A07D0022A05D0416A41F48021D1
:102B40004162012010BD3B48D0F8002242F0010252
:102B5000C0F80022D0F8002222F47C52C0F80022F3
:102B6000D0F800224B6A42EA0322C0F800220A7D14
:102B700002F01F0301229A40D0F81C329343C0F8A0
:102B80001C32CB69B3B9D0F80C329343C0F80C3285
:102B90008C894B6864F31F434C6900EBC404C4F890
:102BA00040320C890B6864F31F434C6900EBC4048A
:102BB000C4F84432CB69012B16D1D0F80C32134340
:102BC000C0F80C320C884B6864F31F434C6900EB6F
:102BD000C404C4F840320C89CB6864F31F434C69C9
:102BE00000EBC404C4F844328B69002BD0F80432E3
:102BF0000ED01343C0F804320B69002BD0F8143206
:102C000008D01343C0F81432096A012904D008E03F
:102C10009343EFE79343F5E7D0F81C121143C0F854
:102C20001C12D0F8001221F00101C0F8001200209F
:102C300010BD000000640040704770B590F820405F
:102C4000012C05D0022C03D0416A41F4802128E0F8
:102C5000046809B32469A40720D04FF4D874056828
:102C600004EB01142D5915F00405956005682D59E4
:102C70001AD0ED08556005682C5904F00204D460A0
:102C80004FF4DA74056804EB01142E5906F00F06B0
:102C9000082E0CD308250DE0E468DCE7416A41F416
:102CA00000114162012070BD6D0D1560E3E72D59E3
:102CB00005F00F05156105682D59C5F307259561C8
:102CC00005682C59240C54614FF4DC72046802EB43
:102CD0000112A4581C700468A458240A5C7004688B
:102CE000A458240C9C700468A258120EDA704FF499
:102CF000DE72046802EB0112A4581C710468A45827
:102D0000240A5C710468A458240C9C710468A258BD
:102D1000120EDA71006829B1016941F020010161E8
:102D2000002070BDC16841F02001C160F8E72DE9C5
:102D3000F05F0546006800244669D0F80490876873
:102D4000D0F80CB0D0F810A0D0F81880F10748D017
:102D5000F90714D001218160B80703D5284600F097
:102D6000A8FB0CE0780702D54FF4006407E03807B1
:102D700002D54FF4805402E0284600F099FBF80594
:102D800016D529684FF480708860B80503D52846A9
:102D900000F091FB0CE0780502D544F4005407E004
:102DA000380502D544F4804402E0284600F082FB56
:102DB000F80316D529684FF480308860B80303D52E
:102DC000284600F07AFB0CE0780302D544F4004476
:102DD00007E0380302D544F4803402E0284600F0CE
:102DE0006BFB300707D55FEACB6004D5296810205C
:102DF00044F40074C86070074FF0080707D55FEA15
:102E00000B7004D52868C760284600F09DF9B0070C
:102E100006D52868C068800702D0284600F096F9D9
:102E2000700607D55FEACA6004D52968102044F40B
:102E300080640861B00607D55FEA0A7004D5286887
:102E40000761284600F006FBF00606D528680069F1
:102E5000800702D0284600F0FEFAB00308D55FEAEA
:102E6000C96005D5296810204860284600F0F4FAAA
:102E7000F00307D55FEA097004D528684760284643
:102E800000F01CFB300446D55FEA497040D5F005E0
:102E900004D55FEAC87001D044F00104B00504D540
:102EA0005FEA887001D544F00204700504D55FEA3A
:102EB000487001D544F00404300529D518F0700F8E
:102EC00026D008F07000402815D006DC102809D064
:102ED00020280AD0302816D10AE050280ED06028C9
:102EE00011D10EE044F008040DE044F010040AE0B3
:102EF00044F0200407E044F0400404E044F080047F
:102F000001E044F480742868816921F070018161D6
:102F1000296804204860002C05D0686A2043686254
:102F20002846FFF789FEBDE8F09F70B5040003D086
:102F300094F8200010B104E0012070BD204600F09C
:102F400081F82068016841F00101016000F072FD24
:102F50000546052604E000F06DFD401B0A2811D847
:102F600020684068C007F6D02068016821F002019F
:102F7000016000F05FFD05460BE000F05BFD401BCB
:102F80000A2806D9606A40F40030606284F8206044
:102F9000D2E7206840688007EFD4207E01282068AF
:102FA00001683DD021F080010160607E0128206829
:102FB000016838D021F040010160A07E012820681E
:102FC000016833D021F020010160E07E01282068F3
:102FD00001682ED041F010010160207F0128206897
:102FE000016829D021F008010160607F0128206874
:102FF000016824D021F004010160D4E902010843F2
:10300000D4E90412114308436168491E084321684A
:10301000C86100206062012084F82000002070BD9B
:1030200041F08001C0E741F04001C5E741F02001D7
:10303000CAE721F01001CFE741F00801D4E741F0E1
:103040000401D9E72DE9F04387B00446142168460E
:10305000FDF780FA3849394ADFF8D8800868D4F893
:1030600000C00124354B022503260927DFF8D09044
:103070001032401CC44524D10860012807D11068D3
:1030800040F000701060106800F000700590186843
:1030900040F002001860186802AA00F002000590D3
:1030A0004FF44070CDE9000582E8D00069464846FB
:1030B00000F0D2FB00220521142000F059FD14205D
:1030C00032E0DFF88080C44530D1D2F800C04CF047
:1030D000806CC2F800C0D2F800C001280CF0806CEF
:1030E000CDF814C0086007D1106840F0007010607F
:1030F000106800F000700590186840F00200186039
:10310000186802AA00F0020005906020CDE90005D1
:1031100082E8D0006946484600F09EFB0022052167
:10312000402000F025FD402000F014FD07B0BDE870
:10313000F083000000640040180000203038024096
:103140000004024000680040704700002DE9F04F85
:1031500081462DED028B87B00068AB49AB4EDFF89E
:10316000B08240F2022A9FEDAB8ADFEDAB8AAB4D15
:10317000AB4C884229D12B466A4600214846FFF7CE
:103180005CFD009AA2F2022052450CD006DC912A86
:103190007AD0A2F50072013A17D117E0012835D094
:1031A0001E2812D171E0A0889E4F401CA080286884
:1031B000B862686830639548283002F02FF996EDC0
:1031C0000B0A87ED0B0A88ED230A6FE0E088401CAC
:1031D000E08095482968C0F821116968C0F8251178
:1031E00000F221118B46FFF70BFC8F4F59466846C2
:1031F00087ED080AFFF70EFC87ED090A97ED080A2C
:103200003846BCEEC00A10EE101A1EE02089401CA1
:10321000208186482968C0F821116968C0F8251105
:1032200000F221118B46FFF7EBFB804F59466846B1
:1032300087ED080AFFF7EEFB87ED090A97ED080A0C
:103240003846BCEEC00A10EE101AFDF718FA97EDDA
:10325000030A97F81501B8EEC00A20EE080A60EEDE
:10326000280A00EE100AB8EE400A80EE801A00EE3E
:10327000100AB8EE400A87ED0A1AD7ED090A80EE67
:10328000801A87ED0B1A11E009E060896849401C3B
:10329000608128780870674903F06CFE06E0A08919
:1032A0006549401CA0815D4801F0DEFF6349D9F803
:1032B0000000884248D1594B6A46083300214846ED
:1032C000FFF7BBFC009AA2F20220524541D025DC58
:1032D000912A7CD0A2F50072013A35D1208A401C97
:1032E00020825748A968C0F82111E968C0F8251163
:1032F00000F221110D46FFF783FB514C2946684629
:1033000084ED080AFFF786FB84ED090A94ED080AAC
:103310002046BCEEC00A10EE101A4BE001282AD05D
:10332000022811D1608A401C6082464CA868A062C5
:10333000E868F0613548143002F070F896ED060A3E
:1033400084ED0B0A88ED120A07B0BDEC028BBDE8D4
:10335000F08FE089401CE0813B4CA868A062E868DF
:10336000B0602A4802F05AF896ED010A84ED0B0A83
:1033700088ED010AE8E7A08A401CA0823348A968CA
:10338000C0F82111E968C0F8251100F221110D469D
:10339000FFF736FB2D4C2946684684ED080AFFF7F7
:1033A00039FB84ED090A94ED080A2046BCEEC00AF8
:1033B00010EE101AFDF763F994ED030A94F8150165
:1033C000B8EEC00A20EE080A60EE280A00E012E01B
:1033D00000EE100AB8EE400A80EE801A00EE100AE5
:1033E000B8EE400A84ED0A1AD4ED090A80EE801A7C
:1033F00084ED0B1AA8E7E08A1549401CE0820748D3
:10340000083001F031FF9FE7006400400C0B002002
:10341000540B0020000000390000B443AC00002031
:103420007C5E00201403002098060020C4070020C2
:10343000310F0020320F0020285D0020006800407E
:1034400040040020E8010020BC0000206C050020A2
:103450004C5D002070477047704770B5044690F887
:103460002000012804D0606A40F40020606217E068
:10347000022084F820002068016821F00101016029
:1034800000F0D8FA05460DE000F0D4FA401B0A28F7
:1034900008D9606A40F400306062052084F820009A
:1034A000012070BD20684068C007EDD1606270BD2A
:1034B00070477047704770477047704770472DE9F5
:1034C000F0410446876D00F0B5FA054694F83500E2
:1034D0000026022806D08020606584F83460012030
:1034E000BDE8F0812068016821F0160101602068C4
:1034F000416921F080014161206C08B9A06C20B1C4
:103500002068016821F0080101602068016821F04D
:10351000010101600CE000F08DFA401B052807D97D
:1035200020206065032084F8350084F83460D7E7F4
:1035300020680068C007EED194F85C103F208840F6
:10354000B860012084F8350084F834600020C7E7B3
:1035500090F83510022903D0802141650120704781
:10356000052180F835100068016821F00101016033
:10357000002070472DE9F84304464FF00009CDF8CC
:10358000009063484FF41651A56D0068B0FBF1F749
:103590002E6894F85C20082101FA02F030420FD026
:1035A0002068026852070BD5026822F0040202600C
:1035B00094F85C008140A960606D40F00100606596
:1035C00094F85C104FF0010808FA01F0304208D07E
:1035D00021684969090604D5A860606D40F00200C1
:1035E000606594F85C1004208840304208D021685F
:1035F0000968890704D5A860606D40F00400606523
:1036000094F85C1010208840304218D02168096876
:10361000090714D5A86020680168490304D500682B
:10362000000308D5A16C07E00168C90503D401684F
:1036300021F008010160216C09B12046884794F807
:103640005C1020208840304231D021680968C906CA
:103650002DD5A86094F8350005282068016806D0AB
:10366000490347D5006800031DD4616C1CE021F0BC
:10367000160101602068416921F080014161206CE0
:1036800008B9A06C20B12068016821F00801016030
:1036900094F85C103F208840A86084F8358084F856
:1036A0003490216D1FE0E16B09B120468847606DC1
:1036B00000282BD0606DC00714D0052084F8350099
:1036C0002068016821F0010101600098401C009011
:1036D000B84203D820680068C007F6D184F8358066
:1036E00084F83490E16C002910D001B02046BDE888
:1036F000F04308470168C905D5D4016821F01001DD
:10370000016084F8358084F83490CCE7BDE8F88314
:10371000280000202DE9F041044600F08BF9054611
:103720005CB1022084F83500002684F834602068FB
:10373000016821F0010101600DE00120BDE8F08188
:1037400000F078F9401B052805D92020606503208A
:1037500084F83500F2E720680068C007F0D12168DE
:103760000A6820480240D4E901031843D4E903352C
:103770002B43184363691843A3691843E36918434B
:10378000236A18431043626A042A03D1D4E90B2345
:103790001A431043086020684069656A20F00701F9
:1037A00028460D43012704280CD1A06A0543E06A8E
:1037B00040B12046FDF710FC20B14020606584F840
:1037C0003570BAE7206845612046FDF7F1FB94F8B3
:1037D0005C203F2191408160666584F8357000204F
:1037E000ACE700003F8010F02DE9F0410446866D03
:1037F00090F83400002501280DD0012084F8340011
:1038000094F835700020012F07D084F83400022589
:103810002846BDE8F0810220FBE7022784F83570D6
:1038200060652046FDF702FC94F85C103F2088405C
:10383000B0602068016841F016010160206C20B181
:103840002068016841F0080101602068016841F0CA
:1038500001010160DCE700002DE9F84FDFF89C91E1
:103860000022A9F1040B03274FF00F0C09F1040A01
:10387000ABF1040E01250B6895402B40AB426ED195
:103880000C7904F00304012C01D0022C15D18668B8
:10389000540007FA04F826EA0806D1F80C8008FA62
:1038A00004F848EA0608C0F808804468AC430D797B
:1038B000C5F300159540254345600C79E443A40702
:1038C00008D0C568540007FA04F6B5438E68A640D0
:1038D0002E43C6600C7904F00304022C11D1D408E5
:1038E00000EB8406356A5407E40E0CFA04F825EA66
:1038F0000805D1F8108008FA04F848EA0508C6F867
:1039000020800568540007FA04F6B5430E7906F0E6
:103910000306A6402E4306604C6814F4403F66D070
:10392000374C256845F480452560246822F003055E
:1039300004F480440094334C05EB0408D8F808588C
:103940009407260F0CFA06F4A5432F4CA04201D190
:10395000002424E02D4CA04202D101241FE046E0C7
:103960002B4CA04201D1022419E02A4CA04201D1E3
:10397000032414E0284CA04201D104240FE0274C7A
:10398000A04201D105240AE0254CA04201D1062421
:1039900005E0244CA04201D1072400E00824B440F3
:1039A0002C43C8F80848D9F800404D464E689C435F
:1039B000F60200D51C432C60DAF8004055464E68EC
:1039C0009C43B60200D51C432C60DBF800405D46EA
:1039D0004E689C43B60300D51C432C60DEF80040C3
:1039E00075464E689C43F60300D51C432C60521C60
:1039F000102AFFF43FAFBDE8F88F0000083C0140FB
:103A000044380240003001400000024000040240FF
:103A100000080240000C0240001002400014024066
:103A200000180240001C02400AB18161704709047D
:103A3000FBE7000001488068704700001C00002080
:103A40000248816802781144816070471C000020A0
:103A50000B4810B5016841F400710160016841F440
:103A600080610160016841F480710160032000F011
:103A70009FF80F2000F006F800F050F8002010BD6D
:103A8000003C024030B505461F4887B0002401685D
:103A900041F010010160006806A900F010000590D7
:103AA000684600F031F90398A8B100F04DF94000E4
:103AB0001649174AB0FBF1F11648491E026040F260
:103AC000E732C0E90324C0E90114846100F092FDEB
:103AD000040003D015E000F037F9E9E70D4800F0E5
:103AE000D3FD04000DD1362000F034F8102D07D29C
:103AF00000222946362000F03BF80748056000E028
:103B0000012407B0204630BD4038024040420F003B
:103B100000100040D0130020200000200C4882B08C
:103B2000016841F480410160006800F48040009029
:103B30000748001F016841F08051016000680022C1
:103B400000F0805000900F21901E02B000F010B8DD
:103B500044380240002809DB00F01F020121914097
:103B60004009800000F1E020C0F80011704700001B
:103B7000F0B40E4B1B68C3F30223C3F10704042CFB
:103B800000D904241D1D072D01D2002300E0DB1EF7
:103B9000012606FA04F56D1E0D409D409E40761EDE
:103BA000164045EA0601F0BC03F049BD0CED00E00B
:103BB000064A00F0070110684FF6FF03184040EA7C
:103BC0000120034908431060704700000CED00E03D
:103BD0000000FA052DE9F0470D46040065D0DFF836
:103BE0001491D9F80000EFB200F00700A84207D204
:103BF00089F80070D9F8000000F00700A84254D1FD
:103C000020683D4E810712D5400703D5306840F447
:103C1000E05030602078000703D5306840F4604001
:103C200030603068A16820F0F000084330602078F0
:103C3000C0072DD0304960680839012812D0022809
:103C400013D0032811D00968890700292DDA3168BB
:103C500021F0030101433160FFF7ECFE804641F2A1
:103C6000883A0EE009688903EFE709688901ECE703
:103C7000FFF7E0FEA0EB0801514502D90320BDE8A3
:103C8000F0873068616800F00C00B0EB810FEFD175
:103C9000D9F80010484601F00701A94207D907707A
:103CA000006800F00700A84201D00120E7E7207873
:103CB000400705D53068E16820F4E05008433060E3
:103CC0002078000706D53068216920F4604040EA7A
:103CD000C100306000F058F83168084AC1F30311A0
:103CE000515CC8400649086006480068FFF7CAFEF4
:103CF0000020C4E7003C0240083802407CC80008AD
:103D000028000020200000200F2202600C4A1368C7
:103D100003F003034360136803F0F0038360136848
:103D200003F4E053C36012684FF4E05303EAD20295
:103D300002610448006800F0070008607047000056
:103D400008380240003C0240044805490068096800
:103D5000044AC1F38221515CC8407047280000200A
:103D6000083802408CC80008044805490068096802
:103D7000044AC1F34231515CC8407047280000201A
:103D8000083802408CC80008154810B5006810F0CB
:103D90000C01144813D0431004290FD008290ED168
:103DA0000F4C241F216801F03F022168490207D50A
:103DB0002068C0F38810A0FB030106E0184610BD80
:103DC0002168C1F38811A1FB00010023FCF7CCFAA4
:103DD0002168C1F30141491C4900B0FBF1F010BD5D
:103DE000083802400024F4002DE9F84F040075D093
:103DF0002078DFF838A3C007AAF1040548D00AF1FB
:103E000004000168C1F38101012908D00068C0F3F2
:103E1000810002280AD1DAF80000400206D528689D
:103E2000800335D560680028E1D031E06068B0F5E6
:103E3000803F10D0B0F5A02F286810D020F480303B
:103E40002860286820F4802028606068A0B1FFF70F
:103E5000F1FD06460CE0286840F48030F4E740F4B9
:103E600080202860F7E7FFF7E5FD801B642871D804
:103E700028688003F7D50BE0FFF7DCFD064604E079
:103E8000FFF7D8FD801B6428F1D828688003F7D499
:103E90002078DFF89C9280074FF0000B3DD5A348B7
:103EA000001D016811F00C0F08D00068C0F38100FC
:103EB00002280AD1DAF80000400206D428688007F8
:103EC00015D5E068012809D111E0E068B8B10120FA
:103ED000C9F80000FFF7AEFD064605E022E1FFF756
:103EE000A9FD801B0228C2D828688007F7D528685A
:103EF000216920F0F80040EAC10028600DE0C9F80F
:103F000000B0FFF797FD064604E0FFF793FD801B26
:103F100002281FD828688007F7D42078000722D508
:103F2000824F84486169703771B101210160FFF7E8
:103F300081FD064604E0FFF77DFD801B022809D8BD
:103F400038688007F7D50EE0C0F800B0FFF772FDC3
:103F5000064605E082E0FFF76DFD801B02287DD854
:103F600038688007F7D42078400765D56F484FF050
:103F700000083C300068C0000BD46C483C3001683D
:103F800041F08051016000684FF0010800F080505E
:103F90000090694F3868C0050FD4386840F48070CD
:103FA0003860FFF747FD064604E0FFF743FD801B3E
:103FB000022853D83868C005F7D55C4FA0686C3725
:103FC00001280FD00528386810D020F00100386093
:103FD000386820F004003860A068B0B1FFF72AFD0F
:103FE00006460EE0386840F00100F4E740F00400B7
:103FF0003860F7E7FFF71EFD811B41F288308142F0
:1040000063D838688007F5D50DE0FFF713FD064645
:1040100006E0FFF70FFD811B41F28830814254D842
:1040200038688007F5D4B8F1000F05D03F483C3020
:10403000016821F080510160A069B8B33B49091DB6
:104040000968C1F38101022946D00228584606D0EA
:10405000C9F86000FFF7EEFC044639E035E04F4652
:10406000C9F86000FFF7E6FC064604E0FFF7E2FC53
:10407000801B022829D828688001F7D4D4E90701D9
:104080000843A16A2D4A490802EB0141626A41EAEC
:104090008211084394F82C1040EA0161CAF800101C
:1040A00001203866FFF7C6FC044605E03CE0FFF758
:1040B000C1FC001B022808D828688001F7D533E02E
:1040C000FFF7B8FC001B022802D90320BDE8F88FD7
:1040D00028688001F4D427E00128F7D0DAF800003E
:1040E000E26900F4800191421CD1226A00F03F0194
:1040F000914217D147F6C071626A0140B1EB821F4D
:1041000010D1A26A4FF0FF3300F4403103EB5202AA
:10411000B1EB024F06D194F82C1000F07060B0EBB8
:10412000016F01D00120D1E70020CFE70438024021
:1041300000004742800E4742007000400000FFFF31
:104140007047000038B5016804464A688868C04373
:10415000430606D5C30704D1D3435B0601D4216CC3
:1041600005E0830708D4D3431B0605D4616C01B076
:104170002046BDE830400847830603D5430601D5F5
:10418000C30551D4D3439B064ED443060AD494F8B6
:104190005130032B49D0636D43F004036365CB6852
:1041A0008B680093830609D4636D43F00103636554
:1041B0008B6800930B6823F040030B60C00506D4A6
:1041C000606D40F008006065206880680090606D58
:1041D000002829D02068416821F0E00141600120D9
:1041E00084F85100900701D4D00722D0206841689C
:1041F00021F003014160114DE06C40B10565E06CB8
:10420000FFF7A6F918B1606D40F040006065A06C42
:10421000002809D00565A06CFFF79AF9002803D0A3
:10422000606D40F04000606538BDC86888680090E7
:1042300038BD2046FFF784FF38BD00003563000815
:1042400070B5040009D0606A002540B12561656140
:10425000A56294F8510040B10CE0012070BD606887
:10426000B0F5827FF4D0E561F2E784F85050204643
:1042700000F044F8022084F851002068016821F021
:1042800040010160A088218900F4827001F404419A
:104290000843A18901F400610843217C01F0020177
:1042A0000843217D01F001010843218B01F40071D5
:1042B0000843217F01F03801084394F8201001F0F1
:1042C00080010843218D01F40051084321680860F2
:1042D000A069042101EA104094F8241001F01001B3
:1042E0000843216848602068C16921F40061C16108
:1042F0006565012084F85100002070BD10B586B0BE
:10430000044614216846FCF725F9184920688842BC
:1043100029D117480021026842F4804202600068F7
:1043200000F48040059012481038026842F0020202
:104330000260006800F0020005904FF460400090B9
:104340000220CDE901010320039005200490694675
:104350000848FFF781FA002205212420FFF708FC16
:104360002420FFF7F7FB06B010BD00000038004026
:1043700040380240000402402DE9FF4F81B01F4643
:104380009346044601250E9EFFF754FB804694F8A1
:1043900051006168012806D0B1F5827F3CD1A16847
:1043A000C9BB042838D10298002870D0BBF1000F97
:1043B000FBD0002FF9D094F8500001282CD04FF0FA
:1043C000010A84F850A094F85100042802D0052076
:1043D00084F851004FF00009C4F85490C4F838B084
:1043E000E787A78702992163E786A786C4F84090EC
:1043F000C4F8449020680168490603D4016841F07C
:1044000040010160E068B0F5006F606808D0E8B373
:10441000012F47D07DE0FFE7022005B0BDE8F08F17
:1044200008B1012F37D1206B21680088C860206B4C
:10443000801C2063E08E401EE0862CE020688168AE
:1044400089070DD5E18E59B1012D09D1216B09885C
:10445000C160206B801C2063E08E401EE08600253A
:1044600020688168C9070BD0E18F49B1C068A16B92
:104470000880A06B801CA063E08F401EE0870125B0
:10448000FFF7D8FAA0EB0800B04201E00AE064E0D0
:1044900001D3701C4ED1E08E0028CFD1E08F0028D0
:1044A000CCD13CE0206B216800780873206B401C65
:1044B0002063E08E401EE0862BE02068816889073B
:1044C0000DD5E18E59B1012D09D1216B0978017308
:1044D000206B401C2063E08E401EE0860025206893
:1044E0008168C9070BD0E18F49B1C068A16B087022
:1044F000A06B401CA063E08F401EE0870125FFF702
:1045000099FAA0EB0800B04202D3701C01D011E070
:1045100086B1E08E0028D0D1E08F0028CDD1424670
:104520003146204601F00EFF50B12020606584F82E
:10453000509012E084F851A084F8509003206CE76A
:10454000A06818B92068C1688068009084F851A0FC
:1045500084F85090606D0028F1D001205DE770472D
:104560007047000070B590F83C20012A32D0012538
:1045700080F83C50022280F83D200268536894681D
:1045800023F070060B6833435360134B02689A4262
:1045900014D0B2F1804F11D0104B9A420ED0104B74
:1045A0009A420BD00F4B9A4208D00F4B9A4205D03B
:1045B0000E4B9A4202D00E4B9A4204D1496824F025
:1045C00080031943916080F83D50002180F83C1031
:1045D000084670BD022070BD00000140000400408C
:1045E00000080040000C0040000401400040014071
:1045F0000018004010B5040003D094F83D0010B13D
:1046000007E0012010BD002084F83C00204600F0A7
:104610001FF8022084F83D00211D206802F078FB7D
:10462000012084F8460084F83E0084F83F0084F8B6
:10463000400084F8410084F8420084F8430084F884
:10464000440084F8450084F83D00002010BD0000BF
:1046500008B50068B0F1804F12D10A48016841F0F6
:10466000010101600068002200F0010000900521B6
:104670001C20FFF77DFABDE808401C20FFF76ABA4E
:1046800008BD00004038024090F83D10012901D0DB
:1046900001207047022180F83D100168CA6842F08D
:1046A0000102CA6000681149884214D0B0F1804FFD
:1046B00011D00F4988420ED00E4988420BD00E49C6
:1046C000884208D00D49884205D00D49884202D061
:1046D0000C49884204D1816801F00701062903D002
:1046E000016841F0010101600020704700000140B5
:1046F0000004004000080040000C0040000401409D
:10470000004001400018004070B5044690F83C009D
:104710000025012817D0012684F83C60022084F887
:104720003D002068826822F0770222F47F42826096
:104730000868502838D00DDC20284FD005DC90B315
:10474000102811D14AE0022070BD302846D0402800
:104750000AD13BE060282FD070280DD0B0F5805FE3
:1047600003D0B0F5005F12D0012584F83D60002031
:1047700084F83C00284670BDCB68D1E9012120684F
:1047800002F02EFB2068816841F0770109E0CB68D8
:10479000D1E90121206802F023FB2068816841F4FF
:1047A00080418160E1E719E0CA684968206802F049
:1047B00029FB5021206806E0CA684968206802F099
:1047C00032FB6021206802F015FBCEE7CA68496819
:1047D000206802F017FB40212068F4E722680146B8
:1047E0001046F0E770472DE9F04104460068C668BE
:1047F00005694FF00007A90713D5B10711D5F91EB8
:10480000016101202077206880698007204602D05E
:10481000FFF7E8FF04E000F07EF8204600F07CF8A7
:104820002777680716D5700714D521686FF0040044
:104830000861022020772068806910F4407F2046BC
:1048400002D0FFF7CFFF04E000F065F8204600F04B
:1048500063F82777280715D5300713D521686FF03F
:1048600008000861042020772068C069800720467E
:1048700002D0FFF7B7FF04E000F04DF8204600F04B
:104880004BF82777E80616D5F00614D521686FF0A7
:1048900010000861082020772068C06910F4407F6C
:1048A000204602D0FFF79EFF04E000F034F82046D7
:1048B00000F032F82777E80708D0F00706D0216823
:1048C0006FF001000861204600F028F8280608D59E
:1048D000300606D521686FF0800008612046FFF79A
:1048E0003EFE680608D5700606D521686FF04000C8
:1048F0000861204600F01CF8A8060AD5B00608D5C5
:1049000021686FF0200008612046BDE8F041FFF704
:1049100027BEBDE8F081704770470000006803497A
:10492000884201D1FFF78CB87047000000100040AA
:104930007047704708B590F84110212909D10168E6
:10494000143151E8002F42F0800241E80023002B8F
:10495000F5D190F84210222923D101680A684968EC
:104960000091016949B101680C3151E8002F42F40E
:10497000807241E80023002BF5D10168143151E821
:10498000002F42F0010241E80023002BF5D101681D
:10499000143151E8002F42F0400241E80023002B7F
:1049A000F5D1002008BD10B504460068406994F8B0
:1049B0004110C0F3C010212911D180B120681430FA
:1049C00050E8001F21F0800140E80012002AF5D1D4
:1049D000A06B08B1FEF773FD204602F0DCFB2068F7
:1049E000406994F84210C0F38010222911D180B19F
:1049F0002068143050E8001F21F0400140E8001208
:104A0000002AF5D1E06B08B1FEF759FD204602F00F
:104A10009BFB002010BD000008B50B4A01689142C5
:104A200011D10A684A6800920A684A6800920A68C6
:104A300049680091FFF7B7FFBDE80840102203491D
:104A4000034800F0F9BA08BD004C0040F05D0020BA
:104A5000B8100020F8B5016804460868CA684B69B8
:104A600010F00F0F4FF0000559D003F0010602F4CB
:104A70009077374365D0C10705D0D10503D5616C68
:104A800041F001016164410705D5D90703D0616C8C
:104A900041F002016164810705D5D90703D0616C3B
:104AA00041F004016164010707D502F020013143A0
:104AB00003D0616C41F008016164616C00293AD057
:104AC000800604D5900602D5204602F072FB2068CD
:104AD0004069616CC0F38010090700D460B32046C0
:104AE00002F032FB20684069400621D5206814306E
:104AF00050E8001F21F0400140E80012002AF5D1E3
:104B0000E06BA8B172490165E06BFEF721FD00285A
:104B100011D0E06B016D01B0BDE8F040084783069D
:104B20000FD593060DD52046BDE8F84002F041BBF5
:104B30002046FFF771FFF8BD2046FFF76DFF656463
:104B4000F8BD266B2023012E7ED1C6067CD5D60665
:104B50007AD508684868009048694FF00206400618
:104B60004DD5E26B106840684FF480770004000C6C
:104B70003AD0A18D814237D9E085D069B8422DD095
:104B800020680C3050E8001F21F4807140E80012CA
:104B9000002AF5D12068143050E8001F21F00101EF
:104BA00040E80012002AF5D12068143050E8001FB8
:104BB00021F0400140E80012002AF5D184F842308B
:104BC000256320680C3050E8001F21F0100140E8F8
:104BD0000012002AF5D1E06BFEF771FC6663A08D30
:104BE000E18D401A81B206E0A18D8142A8D1D06941
:104BF000B842A5D166632046FFF79BFEF8BDA08DA5
:104C0000E18D401A81B2E08D0028F7D00029F5D05F
:104C100020680C3050E8002F22F4907240E8002702
:104C2000002FF5D12068143050E8002F22F0010247
:104C300040E80027002FF5D184F842302563206832
:104C40000C3050E8002F00E006E022F0100240E8AF
:104C50000023002BF3D1CDE705062BD5150629D56A
:104C600094F841002128C9D1A068B0F5805F01D136
:104C70002069B0B1206A411C216221680078486037
:104C8000E08C401E0004000CE084B7D12068C168AD
:104C900021F08001C1602068C16841F04001C1601D
:104CA000F8BD206A0088C0F308004860206A801CB4
:104CB0002062E5E74006F3D55006F1D5CA682046E4
:104CC00022F04002CA6084F8413000F065FAF8BD75
:104CD0000170000870B5040004D094F8410000256C
:104CE00010B106E0012070BD84F84050204600F06D
:104CF00023F8242084F841002068C16821F4005181
:104D0000C160204602F0B6FA2068016921F49041A2
:104D100001612068416921F02A0141612068C16870
:104D200041F40051C1606564202084F8410084F89A
:104D300042006563002070BD2DE9F04F87B0044646
:104D400014216846FBF706FCB148DFF8C082103832
:104D50000221D4F800C0DFF8B8A201220323002505
:104D60008E0607154FF0080E4FF04009C4455BD181
:104D7000DAF80080AB4648F40028CAF80080DAF878
:104D800000C00CF4002CCDF814C0D0F800C04CF0DA
:104D9000040CC0F800C0006800F004000590980200
:104DA0008DE80F4069469B48FEF756FDDFF86C82A0
:104DB00099494046C8F80010C0E90165C0E90357A9
:104DC000C8F81450C8F81850C8F81C50C8F820503B
:104DD000C8F82450FEF79EFC08B1FCF771FA8F4D1D
:104DE0008D48C4F83C8060353030C8F8384085E8DC
:104DF0004102C5E903B7C5F814B0C5F818B0C5F845
:104E00001CB0C5F820B02846C5F824B0FEF782FCD7
:104E100008B1FCF755FAA563002205213420AC63E4
:104E2000FEF7A6FE342083E0DFF8F481C4457DD18F
:104E3000DAF8008048F48018CAF80080DAF800C078
:104E40000CF4801CCDF814C0D0F800C04CF0040C59
:104E5000C0F800C0D0F800C00CF0040CCDF814C0AD
:104E6000D0F800C04CF0080CC0F800C000689346B1
:104E700000F0080005904FF4805000900220CDE92A
:104E80000102CDE9033E9A46F04669466148FEF7C5
:104E9000E3FC042000900220CDE9010BCDE903A83A
:104EA00069466048FEF7D8FCDFF870815A4908F17E
:104EB000C00830394046C8F80010C0E90165C0E9B3
:104EC0000357C8F81450C8F81850C8F81C50C8F850
:104ED0002050C8F82450FEF71DFC08B1FCF7F0F98B
:104EE000C4F83C80C8F83840DFF83C814A49404665
:104EF0007831C0E90357C8F81450C8F81850C8F8FA
:104F00001C50C8F8205088E84202C8F82450FEF728
:104F100001FC08B1FCF7D4F9C4F83880002205215F
:104F20003520C8F83840FEF723FE00E005E03520C4
:104F3000FEF710FE07B0BDE8F08FDFF8F080C44543
:104F4000F8D1DFF8CCC0AA460CF1040CDCF80080E4
:104F500048F01008CCF80080DCF800C00CF0100C11
:104F6000CDF814C0D0F800C04CF0010CC0F800C05F
:104F7000006800F0010005904FF4C0608DE80F005C
:104F80000720049069462A48FEF766FCDFF89880FF
:104F9000284908F160084046C8F80010C0E90165DA
:104FA000C0E90357C8F81450C8F81850C8F81C5086
:104FB000C8F82050C8F82450FEF7ACFB08B1FCF745
:104FC0007FF9194D1B48C4F83C80C0357830C8F8CB
:104FD000384085E84102C5E903A7C5F814A0C5F823
:104FE00018A0C5F81CA0C5F820A02846C5F824A024
:104FF000FEF790FB08B1FCF763F9A56300220521D9
:105000002520AC63FEF7B4FD252091E7004C00405D
:1050100040380240000802404060024090110020E9
:1050200000500040000C0240B0120020001001406F
:10503000000002404064024090F84230202B01D032
:105040000220704721B11AB10023036302F098B91E
:105050000120704710B500682249884241D122489A
:1050600022490124807800F00F00012802D0022894
:1050700030D116E0488B1022401C48831A491C4846
:10508000FBF7E9F91A48303804F016FC19480178A2
:1050900001BB174930398A69E2B191ED050A164919
:1050A00015E0088B1022401C08830F491348FBF7BA
:1050B000D2F91248303804F0FFFB1148017849B9A1
:1050C0000E4930398A692AB191ED050A0D4981ED01
:1050D000000A0470BDE81040102203490A48FFF797
:1050E000ABBF10BD004C0040F05D00207C5E002096
:1050F000E05D0020050B0020000B0020A05D0020DB
:10510000040B0020FC0A0020B810002070470000AB
:1051100037B5044690F84100202801D002203EBD5A
:10512000019901B3FAB12162A284E2840020606493
:10513000212384F84130A56B144BEB63A56B144B12
:105140002B64A56B134BEB64A36B186520681346A7
:10515000A56B021D2846FEF747FB30B110206064A6
:10516000202084F8410001203EBD21686FF04000FE
:1051700008602068143050E8001F41F0800140E8CA
:105180000012002AF5D100203EBD0000FD7000088D
:105190003F7100080F70000800680449884204D17C
:1051A000002240210248FEF73FBC7047004C0040FF
:1051B000000802407047FEE741EA401070470000D7
:1051C00070B50C462DED048B054604211378DFEDF8
:1051D000222A2248F0EE429AB0EE619AF0EE418A1D
:1051E000B0EE608A022B02D0037883B11DE06170BB
:1051F000C4ED0B2AC4ED0C2AC4ED0D2AC4ED0E2A11
:10520000B0EE000A84ED0F0A002101701BE092ED60
:10521000030A84ED0B0A92ED030A84ED010AC4ED42
:10522000022A92ED030A01220270617084ED080ADD
:10523000201DFBF77BFB94ED010A04F1300084EDA7
:105240000B0A80EC048A21462846BDEC048BBDE89D
:105250007040FBF7A5BA000000000000510F0020CD
:1052600002224A70FBF79CBA70B505462DED028B01
:1052700002F00F000872C2F3451048729FED2B8AAE
:10528000DFED2B8A28680C46C0F313001421F0EEE2
:10529000480AB0EE680A05F005FC84ED030AD5F86B
:1052A00001001421000BF0EE480AB0EE680A05F088
:1052B000F9FB84ED040AB5F805001021F0EE480A68
:1052C000B0EE680A05F0EEFB84ED050AE879DFED43
:1052D000190AC0F300002076E87907214008BBEEE8
:1052E000040A05F0DFFB84ED070A94ED050A124875
:1052F000124AB0EEC00A10EE101A814202DCE169D7
:10530000914207DD2178022904D001202070BDECF4
:10531000028B70BD10EE101A8142F8DCE0699042F9
:10532000F5DC002020706060F1E700000000204202
:10533000000020C20000484300004842000016431D
:105340003048314A042190ED001A82ED001AD0ED68
:10535000010AC2ED050AD0ED031AC2ED0A1A02EBEA
:105360008100D2ED0F2A10ED010A491E002931EE0D
:10537000402A02EE820A80ED000A90ED040AD2ED86
:105380000F2A30EEC02A02EE820A80ED050A90ED67
:10539000090AD2ED0F2A31EEC02A02EE820A80ED10
:1053A0000A0ADCDC00209FED190AB0EE401AF0EE8C
:1053B000400A02EB8001401CD1ED001A052831EEB5
:1053C000811AD1ED051A71EEA00AD1ED0A1A31EE5B
:1053D000800AEEDBF1EE041A0D4881EE212A80EE00
:1053E000A11A80ED002AC0EE210A9FED0A0A80ED85
:1053F000011A20EE800ADFED080A80EE201A80ED07
:10540000031A7047345F0020600C00200000000089
:10541000005E00200000E1C4DB0F494090ED030A6C
:10542000F0EE000AD0ED041A20EE200ADFED0D0A9E
:1054300020EE200AF7EE000AB0EE601A00EE211A04
:1054400080EE810A90ED021A70EEC00A60EE810AC9
:1054500090ED001A40EE010AC0ED010AC0ED000A0D
:1054600070470000DB0F4940104810B50E4901603D
:105470000421416000214FF4A0228160C0E90312A1
:105480004FF4001242610176012242768276C276A2
:1054900001774277FDF749FD002803D0BDE81040B1
:1054A000FBF70EBF10BD000000640040C80F0020D5
:1054B000104810B50E4901600421416000214FF4ED
:1054C000A0228160C0E903124FF40012426101760C
:1054D000012242768276C27601774277FDF725FD7A
:1054E000002803D0BDE81040FBF7EABE10BD000065
:1054F00000680040F00F0020214808B5016841F421
:1055000080010160016801F480010091016841F4AB
:10551000001101600068002200F4001000900521D5
:105520000B20FEF725FB0B20FEF714FB00220521C4
:105530000D20FEF71DFB0D20FEF70CFB00220521C0
:105540000F20FEF715FB0F20FEF704FB00220521BC
:105550002F20FEF70DFB2F20FEF7FCFA002205217D
:105560003A20FEF705FB3A20FEF7F4FA0022052167
:105570004620FEF7FDFABDE808404620FEF7EABAED
:105580003038024010B5154A0021154804F0D8FB08
:10559000144C124A002120602432134804F0D0FB3E
:1055A0000E4A606048320021104804F0C9FB0B4AE3
:1055B000A0606C3200210E4804F0C2FB074AE06094
:1055C000903200210B4804F0BBFB044A2061B43246
:1055D0000021094804F0B4FB606110BD9CC70008BD
:1055E000ED6800080000002089690008356A00089D
:1055F0004D6A0008656A00082D6B00082DE9F04728
:1056000086B014216846FAF7A5FF334800240168E4
:1056100041F004010160016801F004010591016895
:1056200041F080010160016801F08001059101688D
:1056300041F002010160016801F002010591016879
:1056400041F008010160016801F00801059101685D
:1056500041F0010101600068012200F00100DFF863
:105660007C801503059029464046FEF7DDF9DFF8FA
:1056700070904FF4B076002231464846FEF7D4F9D8
:10568000DFF860A0002240215046FEF7CDF90095DA
:10569000032701250397CDE9015469464046FEF7EB
:1056A000DBF803970096CDE9015469464846FEF7BA
:1056B000D3F868028DE8310069464846FEF7CCF819
:1056C00040200090CDE90154694650460394FEF70E
:1056D000C3F806B0BDE8F08730380240000402404D
:1056E000000C024000080240104810B50E4901604D
:1056F0004FF48271416000218160C1604FF40072FB
:105700000161C0E905120822C0E9072141628162F6
:105710000A21C162FEF794FD002803D0BDE81040C5
:10572000FBF7CEBD10BD000000380040181000206F
:1057300010B586B000241748009401940294039495
:1057400004944FF08041059401604F21C0E9011499
:1057500040F2E731C0E9031480218161FEF74AFF7E
:1057600008B1FBF7ADFD4FF4805000906946094841
:10577000FEF7CAFF08B1FBF7A3FD049404A905488E
:105780000594FEF7EFFE002801D0FBF799FD06B067
:1057900010BD0000701000200D4810B50B490160CD
:1057A0000C494160002181600C22C160C0E90412F3
:1057B00081614FF40041C161FFF78CFA002803D0EA
:1057C000BDE81040FBF77CBD10BD0000004C004060
:1057D000B810002000093D000C4810B50A490160CE
:1057E0004FF461214160002181600C22C160C0E959
:1057F00004128161C161FFF76DFA002803D0BDE892
:105800001040FBF75DBD10BD0050004000110020AE
:105810000C4810B50A4901604FF461214160002134
:1058200081600C22C160C0E904128161C161FFF78F
:1058300051FA002803D0BDE81040FBF741BD10BD70
:105840000010014048110020144830B403780021B2
:105850000122062B11D2DFE803F0031016181C1EDC
:1058600005790F4B0F4C012D09D01978012904D16E
:105870002178012901D10270027130BC7047197082
:1058800021700171F9E7C17000E0C27030BC01F015
:10589000DDBA0221F7E70321F5E70000240F00201D
:1058A000A80C0020240C0020FEE7FEE71CB50FA08A
:1058B0000522D0E90010CDE900106946302000F043
:1058C000EBF805226946102000F04EF800206946EA
:1058D0000A5CA52A03D1401CC0B20528F8D30528CC
:1058E00001D001201CBD00201CBD0000A5A5A5A560
:1058F000A500000070B51A4D4FF4807400222146B7
:105900002846FEF791F80F21202000F0EFF8012142
:10591000212000F0EBF80121222000F0E7F84B21D4
:10592000252000F0E3F80F21262000F0DFF8012108
:105930003C2000F0DBF806213D2000F0D7F82021C4
:10594000312000F0D3F8052206492A2000F0A4F8FF
:1059500021462846BDE870400122FEF765B80000E8
:10596000000C024099C800082DE9F047DFF8449088
:1059700015460E4604464FF48058002241464846DC
:10598000FEF752F821460C4800F070FD074600244F
:1059900006E0FF21084800F069FD3055641CE4B2C0
:1059A000AC42F6D3012241464846FEF73DF8384660
:1059B000BDE8F087000402401810002070B50C4DBF
:1059C00006464FF48054002221462846FEF72CF864
:1059D0003146084800F04AFDFF21064800F046FD28
:1059E0000646012221462846FEF71EF8304670BDC5
:1059F000000402401810002070B50646002422461C
:105A00004FF480711448FEF70FF80720FFF7D6FF18
:105A100005460146272000F069F8680615D50F48AD
:105A2000818B491C81836020FFF7C8FF0446212831
:105A300005D2024631466120FFF796FF00E00024C0
:105A4000FF21E22000F052F803E005490878401CED
:105A50000870204670BD0000000C02407C5E0020F3
:105A6000500F00200FB4FF2110B5E12000F03EF8E8
:105A70009DF829009DF8282040F0A80002A900F018
:105A80000BF8012211020348FDF7CEFF10BC5DF8B0
:105A900014FB0000000C02402DE9F047DFF84490B1
:105AA00016460D4604464FF48058002241464846AB
:105AB000FDF7BAFF21460C4800F0D8FC0746002449
:105AC00006E015F8011B084800F0D0FC641CE4B2A5
:105AD000B442F6D3012241464846FDF7A5FF3846B9
:105AE000BDE8F08700040240181000202DE9F041C5
:105AF0000D4D0E4607464FF480540022214628469D
:105B0000FDF792FF3946094800F0B0FC07463146E0
:105B1000064800F0ABFC012221462846FDF784FF31
:105B20003846BDE8F0810000000402401810002053
:105B30002DE9F04F9B4C9C4FDFF870B2DFF870E21C
:105B4000DFF870A24FF0C8092DED048B85B004F189
:105B5000080694F800C0DFED988A9FED989A00251A
:105B60009748984A0121984B9FED988ABCF1090FFC
:105B70006FD2DFE80CF005738DACB8E3FB6EE70085
:105B800087ED118A87ED008A87ED228A80F82051FF
:105B90008F4E82F8205183F8205137789FED8D0A7F
:105BA0000FB980ED470A8C4F97F800C0BCF1000F89
:105BB00003D1F3EE0C0AC2ED470ADFF820C29CF8CD
:105BC0000080B8F1000F01D183ED470ADFF8109291
:105BD00099F80080B8F1000F02D0317080ED478A4B
:105BE00099F80180B8F1000F02D1397082ED478A2F
:105BF00099F80280B8F1000F03D08CF8001083ED03
:105C0000478A96F80080B8F1000F22D097F80080FC
:105C1000B8F1000F1DD09CF80080B8F1000F18D02B
:105C200090ED0A0ADFF8BC818BED000A92ED0A0ABA
:105C30008EED000A93ED0A0A88ED000A217082EDCC
:105C4000168A80ED168A83ED168A35703D708CF8C1
:105C5000005005B0BDEC048BBDE8F08F80F820113A
:105C600082F8201183F820119BED000A80ED460A8E
:105C70009EED000A5B4882ED460A90ED000A83ED36
:105C8000460A87ED118A87ED008A87ED228AE0E7D0
:105C900087ED168A87ED058A87ED278A80ED0C8AC5
:105CA00082ED0C8A83ED0C8A87ED078A87ED188ACE
:105CB00087ED298A80ED168A80ED2B8A82ED168A7F
:105CC00082ED2B8A83ED168A83ED2B8AC1E780F85B
:105CD000201182F8201183F820114FF48771484673
:105CE0004FF47A6309E080F8201182F8201183F8DC
:105CF00020119621484640F6C413CDE90003CDE9B2
:105D00000201C82227493848FAF796FE94ED730A33
:105D10005546DAED000A201D04F034FE94ED740AB5
:105D2000D5ED000A304604F02DFE94ED750AC0EE64
:105D3000280A20EE890A84ED030A2AE0194801F0B6
:105D400071FB26E080F82011284C82F8201183F89E
:105D5000201194F8840020B1124804F04FF884F820
:105D60008450224800F0B4F913E0FFE7204E307869
:105D7000012808D100F0BAFA84ED118A84ED2A8A4C
:105D800084ED438A357084ED018A84ED028A84EDC6
:105D9000038A05B00348BDEC048BBDE8F04F00F06A
:105DA0008BBB0000A80C0020540B0020F008002042
:105DB000F4080020080B002000003443DB0F4940AA
:105DC000400400206C050020980600200000000020
:105DD000FC08002000000C42FD080020FE08002006
:105DE000320F0020F80800204A0C0020980E0020F6
:105DF000940E002000B590ED051A80ED081A80EC95
:105E0000020A30EE600A80ED050AD0ED060AB0EE17
:105E1000C00AB4EEE00AF1EE10FA03D29FED2C0AAC
:105E200080ED050A90ED071A90ED050AF1EE410AA2
:105E3000FAF742FF80ED050AD0ED090A30EE800A3C
:105E400080ED090A90ED0A1AF1EE410AFAF734FFE3
:105E500080ED090A90ED050AD0ED020A20EE200A35
:105E600080ED100A90ED0D1AF1EE410AFAF724FFC9
:105E700080ED100A90ED050AD0ED080A30EE600AB8
:105E8000D0ED040A20EE200A80ED120A90ED0E1AE1
:105E9000F1EE410AFAF710FF80ED120AD0ED090A7F
:105EA00090ED031A60EE810AC0ED110A90ED101A10
:105EB00031EE000A30EE200A80ED0B0A90ED0C1A4C
:105EC000F1EE410AFAF7F8FE80ED0B0A00BD000082
:105ED0000000000000B590ED051A80ED061A80EC78
:105EE000020A30EE600A80ED050AF0EEC00A90ED7D
:105EF000130A90ED121A70EEC00A31EE401A80EECD
:105F0000810AB7EE001ADFED421AF0EE610AFAF7E5
:105F1000D3FE80ED140AB7EE002A90ED171AF0EECA
:105F2000420A41EE000A90ED151A20EE811AF0EEB9
:105F3000420A80ED021A90ED181A41EE000A90ED27
:105F4000160A20EE800A80ED0C0A90ED091A90EDF9
:105F5000050AF1EE410AFAF7AFFE80ED050AD0ED31
:105F6000020A20EE200A80ED0F0A90ED0C1AF1EEE5
:105F7000410AFAF7A1FE80ED0F0A90ED050A90EDB7
:105F8000081AF0EEC00AF4EEC10AF1EE10FA04DDD0
:105F9000C0ED071AB0EE610A05E0D0ED070A30EE59
:105FA000800A80ED070AD0ED030A20EE200A80ED7A
:105FB000100A90ED0E1AF1EE410AFAF77DFE80ED1F
:105FC000100A90ED050AD0ED060A30EE600AD0ED19
:105FD000040A20EE200A80ED110A90ED0D1AF1EE70
:105FE000410AFAF769FE80ED110AD0ED0F0A30EE92
:105FF000800AD0ED100A30EE200A80ED0A0A90EDFA
:106000000B1AF1EE410AFAF757FE80ED0A0A00BDBD
:106010000000000000B590ED001A80ED0E1A80EC33
:10602000020A30EE600A80ED020A90ED0B1AF1EEE2
:10603000410AFAF741FE80ED020A90ED0C0AD0ED1C
:10604000000A90ED0E1A20EE200A70EEC10A90EDC3
:106050000D1A01EE200A80ED0F0A90ED101AF1EEF4
:10606000410AFAF729FE80ED0F0A90ED030AD0ED00
:10607000020A90ED091A20EE200AF1EE410AFAF721
:106080001BFE80ED060A90ED070AD0ED040A90EDA4
:10609000021A00EE810A80ED070A90ED0A1AF1EE6D
:1060A000410AFAF709FE80ED070AD0ED0F0A90EDDC
:1060B000061A70EE810A30EE800A80ED050A90ED36
:1060C000081AF1EE410AFAF7F7FD80ED050A00BD66
:1060D00070B5044690F883007B4D04F17901415C72
:1060E000D5ED210A95ED080A01290DD02A4602298D
:1060F00092ED3A1A1BD0032924D004F17E02825C6F
:10610000012A2CD0F1B338E000EB400004EBC000D2
:1061100090ED001A85ED071A94F8830000EB40001B
:1061200004EBC00090ED011A85ED201A1BE000EB96
:10613000400004EBC000D0ED001AC5ED071AC5ED14
:10614000200A18E085ED070A94F8830000EB400070
:1061500004EBC000D0ED011AC5ED201A0BE085ED6F
:10616000070AC5ED200A94F8830000EB400004EB19
:10617000C00090ED021A85ED391A95ED071A30EE40
:10618000410A00E03CE0514EB0EEC01A86ED021A22
:1061900095ED200A30EEC00A61EE010AB0EEC00AA9
:1061A00086ED030A40EE000A10EE900A06F088F928
:1061B00041EC100B03F03AF951EC100B05F0A2FB87
:1061C000306095ED3A0AD5ED390A414B002130EEA9
:1061D000600A0122F0EEC00AC6ED010AB0689FED28
:1061E0003D0A984220DA3C4BF06898421CDA10EEE7
:1061F000900AB0F17E5F17DA94F8850018B116E0C6
:10620000002A81D0B9E794F8783094F883005B1EB7
:10621000984253DA00F1010084F8830085ED0E0AFC
:1062200085ED270A85ED400A94F88500C8B1D4F8B9
:106230008800B0F5967F14D928480270062028708F
:1062400085ED0E0A85ED270A85ED400A85ED110AD8
:10625000234885ED2A0A85ED430A80F8851080F8E9
:1062600083101948D5ED080A95ED070A1C30FFF791
:1062700031FE1548D5ED210A95ED200A8030FFF753
:1062800029FE1148D5ED3A0A95ED390AE430FFF7B9
:1062900021FE95ED110A9FED131A85ED010A95ED8A
:1062A0002A0A85ED020AD5ED430A80EE810ADFED68
:1062B0000E0A20EE200A85ED030A70BDD1D184F8C4
:1062C0008520C4F88810CCE7A80C0020540F0020CB
:1062D0000000A0410000000000002041940E0020BA
:1062E000980E002000003443DB0F494010B50B4CE2
:1062F00000208C21C4F8D801C4F8E401C4F8E001FE
:10630000074804F5EC74FAF725F99FED060A04ED49
:10631000680A04ED4F0A04ED360A10BDA80C0020EF
:10632000980E0020000000000148FDF70BBF0000A0
:106330001810002010B5806B0021C187C186FDF7C1
:10634000FFFE10BDF8B515460E460B4600920446FA
:106350000122022100F02CF8A0B91348134900686B
:10636000B0FBF1F04FF47A71484300906068B0F5EB
:10637000827F0DD13346002280212046009500F017
:1063800017F870B1606D40F0200060650320F8BD23
:10639000009830B1401E009020688068C04300061D
:1063A000F6D50020F8BD00002800002000366E0160
:1063B0002DE9F8431E46914688460446089DFDF7A0
:1063C00039FB401B351AFDF735FB074626480068A8
:1063D000C0F3CB3068430AE0701C09D0FDF72AFBFC
:1063E000C01BA8420FD275B10098B8B3401E0090F0
:1063F0002068816838EA010033D000204845EBD19D
:106400000020BDE8F8832068416821F0E001416088
:106410006068B0F5827F0BD1A068B0F5004F02D064
:10642000B0F5806F04D12068016821F0400101605F
:10643000A06AB0F5005F09D12068016821F400511D
:1064400001602068016841F400510160012084F876
:106450005100002084F850000320D2E7FFE7002518
:10646000C6E70120CAE70000280000203EB5FF244F
:106470008DF80810012301AA02A90094FDF77CFF02
:1064800008B18DF804409DF804003EBDB5EEC00A89
:10649000F1EE10FA01DD012000E00020B5EEC00AA7
:1064A000F1EE10FA01D2012100E00021401A00EEC5
:1064B000100AB8EEC00A704770B504462DED068B81
:1064C000017803297ED00529FCD0BE4890ED030A4F
:1064D000DFEDBD0A20EE200AFAF7FEFBBB49201DC6
:1064E000FAF71AFCB94CBA4994ED020AB0EEC00AA8
:1064F00010EE100A884203DA9FEDB60A84ED020A14
:106500009FEDB5AAB0EE4A0A02F0C8FEF0EE400ACE
:1065100094ED000A94ED021A9FEDB08A21EE081A5C
:1065200001EE600AF0EE000A02F086FBF0EE408A0F
:10653000B0EE4A0A01F056FC94ED021AF0EE400A61
:1065400094ED010A21EE081A01EE600AF0EE000A4D
:1065500002F072FB38EE800AF6EE000A02F06CFBE5
:10656000DFED9F8AC0EE280ADFED9E9A9E4E20EE58
:10657000A90A86ED010AB0EE4A0A02F08FFE94EDF8
:10658000021AF0EE400A94ED000A21EE081A01EE1C
:10659000600AF0EE000A02F04FFBB0EE409AB0EE57
:1065A0004A0A01F01FFC94ED021AF0EE400A94ED45
:1065B000010A21EE081A01EE200AF0EE000A02F0AC
:1065C0003BFB00E0FAE039EE000AF6EE000A02F0CA
:1065D00033FBC0EE280A9FED850A20EE800A86ED87
:1065E000000A94ED000AD4ED020ADFED81AA00EE64
:1065F000AA0AF0EE000A02F01FFBB0EE409A94EDFA
:10660000010AF0EE000A02F017FB39EE000AF6EE7E
:10661000000A02F011FBC0EE280A20EEA90A86ED5E
:10662000020AB0EE4A0A01F0DDFBD4ED020AD4ED15
:10663000018A60EE880A40EEC08AB0EE4A0A02F093
:106640002DFE94ED021AF0EE400A94ED000A21EEC0
:10665000081A01EE600AF0EE680A01F06DFADFED4B
:10666000658AC0EE280A9FED649A644D20EE890A7F
:1066700085ED010AB0EE4A0A01F0B4FBD4ED020A3E
:10668000D4ED019A60EE880A40EE809AB0EE4A0A94
:1066900002F004FE94ED021AD4ED000A21EE081A6D
:1066A00041EE400AB0EE600AF0EE690A01F044FAE9
:1066B000C0EE280A20EE890A85ED000A94ED000A52
:1066C000D4ED020A00EEAA0AD4ED010A01F034FA70
:1066D000C0EE280A4A484B4C20EE890A85ED020A92
:1066E00096ED010AB0EEC00A10EE101A814203DAEC
:1066F00094ED010A85ED010A96ED000AB0EEC00A9C
:1067000010EE101A814203DA94ED000A85ED000ABA
:1067100096ED020AB0EEC00A10EE101A814203DABA
:1067200094ED020A85ED020A2F49344894ED020ADD
:106730000831083004F086F994ED000A2A492F4800
:1067400004F080F994ED010A311D281D04F07AF956
:1067500095ED010A2C4884ED010AD5ED000AC4ED3F
:10676000000A95ED021A84ED021AD6ED011AC0ED69
:10677000001AD6ED001AC0ED111AD6ED021AC0EDBE
:10678000221A2248DFED221A90ED002A214800EE5D
:10679000212A80ED462A204890ED000A1F4800EE8D
:1067A000A10A80ED460A1E4890ED000A1D4801EE40
:1067B000210A80ED460ABDEC068B70BD9FED1A0ADA
:1067C0008CE60000005E002088C3E43A285E0020CA
:1067D000CDCCCC3D00000000753C6E3F00C098431E
:1067E00000007E427368A9C0405E00207368A94023
:1067F00000009E42DB0F4940000034434C5E002005
:106800000000A040585E0020540B0020F00800203B
:10681000F43C0F4040040020F40800206C050020E8
:10682000F808002098060020DB0FC93F10B54FF094
:10683000E020006904F0AAFE012803D0BDE8104062
:1068400004F0D4BB10BD000030B593B030216846D1
:10685000F9F780FE14210CA8F9F77CFE1D480025ED
:10686000016841F080510160006800F08050119093
:106870001948016841F4804101600068022400F475
:106880008040119001200090000401908001CDE92A
:10689000064008AA0420A02182E813000B90684655
:1068A000FDF7A2FA08B172B6FEE70CA90F2081E845
:1068B00031004FF4A0500F904FF4805010900521FC
:1068C0000CA8FDF787F9002801D072B6FEE713B0D7
:1068D00030BD0000403802400070004002480168AE
:1068E00041F470010160704788ED00E02DED028BEE
:1068F0001D4F1E4EDFF878801E4C1F4D9FED1F8AE6
:10690000DFF87C90388C401C3884FAF7DBFC0122DD
:1069100040213046FDF788F898ED052AD8ED041A95
:1069200094ED001A95ED020AF0EE480A1549104858
:10693000FBF7FDFF012003F0C7F90122402130469B
:10694000FDF772F899ED052AD9ED041A94ED011AB4
:1069500095ED030AF0EE480A0A490948FBF7E7FFFC
:10696000012003F0B1F9CDE77C5E00200008024071
:10697000540A00201C5D0020240C002000000000B0
:10698000A80A0020B81000201F4D204C2DED028BCE
:10699000688C401C68842078FF2830D01C4894ED17
:1069A000040AD0ED030A1B48FAF756F919481A4EA3
:1069B0009FED1B8A90ED340AD6ED020A174AB1EE1C
:1069C000400AB0EE482A30EE601AF0EE481AF0EEB7
:1069D000480AB0EE480A13491348FEF7F1FB134882
:1069E00096ED021A014690ED0F2AD0ED0E1A94EDA5
:1069F000040A074AF0EE480A0D48FEF7E1FB0220C0
:106A000003F062F9C4E700007C5E0020240C002043
:106A10004C5D0020800900201C5D0020285D0020C6
:106A20000000000000090020C80F002040090020DD
:106A3000F00F0020044CA08C401CA084FFF778F8D5
:106A4000012003F041F9F6E77C5E0020044CE08C65
:106A5000401CE084FAF74AFB012003F035F9F6E721
:106A60007C5E0020294F2A4E2A4C2B4D8EB0388D4B
:106A7000401C3885FEF71AFF08B9307818B1307815
:106A8000012804D03EE0FEF735FF01203070234896
:106A9000002180F82110032180F82210202180F8A5
:106AA00020101F491F4803F08FF91D48FAF7D2FA4A
:106AB0001C48FEF7A1FF1949132210316846F9F767
:106AC000CAFC2322154905A8F9F7C5FC0DF1140CE1
:106AD0009CE80F00FEF7C6FF1348D0E90010C4E998
:106AE0000010D5E90023891A60EB03004FF47A7295
:106AF000891A70F1000005DBFEF7FCFED4E9000105
:106B0000C5E90001032003F0DFF8B0E77C5E002058
:106B10003A0F0020400F0020480F0020745F002033
:106B20004A0C0020545F0020580C0020044C608D5B
:106B3000401C6085FEF788FE012003F0C5F8F6E7EB
:106B40007C5E00202DE9F04158482DED048B006853
:106B50000169C943C90772D1891E016154480025E2
:106B6000D0E90012491C42F10002C0E9001251496B
:106B7000086C401C0864012803DB01200D6481F8C7
:106B800044004D4C2268B2F57A7F02D2521C22603A
:106B90000AE049483022211D3430F9F7A1FC3021A8
:106BA000201DF9F7D7FC2560444E3078012802D02B
:106BB000306A401C3062307DDFED418A414CE8B3E1
:106BC00041484349027841489FED428A9FED420A7D
:106BD000424FDFF80C81D1ED000A90ED051A7AB32F
:106BE0009FED409A31EE091A71EE600A60EE880A54
:106BF00002F0DCFE84ED000A97ED050A30EE490A4A
:106C0000D8ED000A30EE600A60EE080AB0EE000A25
:106C100002F0CCFE84ED010A707DA0B33248DFEDB6
:106C2000330A9FED330A90ED031A71EE200A60EEED
:106C3000800ABAEE020A02F0B9FE02E00BE02DE093
:106C40000EE084ED020A2B482B49007806281ED05E
:106C500008281FD022E0C4ED008AC4ED018ADBE7DA
:106C6000DFED261A31EE211A71EE600A60EE880A15
:106C700002F09CFE84ED000AD7ED050A9FED200A84
:106C800030EEC00ABCE7FFE7C4ED028ADBE7C1F8DB
:106C9000885003E051F8880F401C08600348BDECA1
:106CA000048BBDE8F041FDF79EBD00007010002090
:106CB000580C0020600C00207C5E0020240C00207A
:106CC000000000001C5D0020480C0020705D0020CA
:106CD000FC0A0020F2D210416666E6BFB05D0020DB
:106CE000000B00200000AC414C5D00209A99D93F78
:106CF00000006442A80C0020980E0020E17AAC410C
:106D00003D0AAB410148FDF76EBD0000D0130020E5
:106D1000F0B50268274D284E284FDFF8A4C0294B54
:106D20004FF0804EA84209D0704507D0B04205D040
:106D3000B84203D0604501D0984203D122F07004DC
:106D40004A682243A8421BD0704519D0B04217D0E0
:106D5000B84215D0604513D0984211D01A4CA042C9
:106D60000ED01A4CA0420BD0194CA04208D0194C9E
:106D7000A04205D0184CA04202D0184CA04203D12A
:106D800022F44074CA6822434C6922F080022243F4
:106D90008C68C4620C688462A84201D0984201D118
:106DA00009690163016841F0040101600121416149
:106DB0000260F0BD000001400004004000080040F7
:106DC000000C00400004014000400140004401402C
:106DD0000048014000180040001C00400020004016
:106DE00010B5846842EA032224F47F440A43224314
:106DF000826010BD826822F070020A4342F00701EF
:106E00008160704710B5046A036A23F001030362CE
:106E1000836923F0F00343EA021324F00A020A43D1
:106E20008361026210BD10B5036A046A24F0100485
:106E30000462846923F0A00324F4704444EA02321B
:106E400043EA01118261016210BD00002DE9F04F9B
:106E5000434D44492B46444ED87895F801C000EB89
:106E6000800001EB400198780124DFF800A132781E
:106E700002273F4B4FF000094FF0080BBCF1050F04
:106E800021D2DFE80CF003153143560040B1012850
:106E900008D0022817D11878012814D16C7010E09E
:106EA000087813E0062A0ED148781870AF70F2E720
:106EB00058B1012812D0022805D11878012802D132
:106EC0006F7085F80290BDE8F08F887886F8EA0147
:106ED0008AF8844086F800B0AC70F4E7062AF2D154
:106EE000C8781870AF70E8E740B1012808D00228D0
:106EF000E9D118780128E6D1032010E00879E5E708
:106F0000062AE0D148791870AF70F2E748B101283D
:106F100009D00228D7D118780128D4D1042068706C
:106F2000CFE78879D2E7062ACDD1C8791870AF703B
:106F3000F1E760B101280CD00228C4D118780128EB
:106F4000C1D185F8019085F802902C70BBE7087AD2
:106F5000BCE7062AB7D1487A1870AF70EEE7000098
:106F6000240F0020A00F0020A80C0020980E002065
:106F7000240C00200346002223FA02F000F0010056
:106F80008854521CD2B2082AF6D370470148FDF744
:106F900061BD0000B8100020154908B508680268F6
:106FA000D243D2061FD4026840680090C86B0068C4
:106FB000016821F0010101600E48017866290AD1BB
:106FC00090F82100992806D10B48818D491C8185B4
:106FD0000A4800F0CDFA222206490548FEF72CF8AF
:106FE0000348FDF7A7FCBDE808400148FDF732BDA6
:106FF00000110020105F00207C5E0020345F002024
:1070000010B5806B0021C185FDF706FD10BD70B580
:10701000846B2068406994F84110C0F3C0100025CB
:10702000212904D118B1E584204600F0B4F8206885
:10703000406994F84210C0F38010222904D118B19D
:10704000E585204600F080F8606C40F01000606438
:107050002046FDF7E1FC70BD10B50146806B096864
:1070600009684FF00003C9052ED4C38501680C31AF
:1070700051E8002F22F4807241E80024002CF5D161
:107080000168143151E8002F22F0010241E8002488
:10709000002CF5D10168143151E8002F22F0400294
:1070A00041E80024002CF5D1202180F84210016B2A
:1070B000012909D101680C3151E8002F22F010029A
:1070C00041E80024002CF5D14363016B012902D073
:1070D000FDF7C0FF10BD818DFDF72BFC10BD10B575
:1070E000806B01214163016B012902D0FEF70EF88C
:1070F00010BD818D4908FDF71CFC10BD10B501467F
:10710000806B09680968C90516D40021C18401682B
:10711000143151E8002F22F0800241E80023002BB7
:10712000F5D101680C3151E8002F42F0400241E8EE
:107130000023002BF5D110BDFEF72EF810BD10B5C1
:10714000806BFEF737F810BD01680C3151E8002F55
:1071500022F4907241E80023002BF5D1016814312C
:1071600051E8002F22F0010241E80023002BF5D165
:10717000016B012909D101680C3151E8002F22F07F
:10718000100241E80023002BF5D1202180F84210A5
:1071900000210163704701680C3151E8002F22F093
:1071A000C00241E80023002BF5D1202180F84110D6
:1071B000704708B590F84210222901D0022008BD7E
:1071C00081684FF48053994201D1026922B1826AE9
:1071D00099421BD049B10AE00268816A5268C2F341
:1071E00008020A80816A891C08E0016971B101689E
:1071F000496801F07F011170816A491C8162C18D6B
:10720000491E0904090CC18503D01BE001684968C7
:10721000F1E70168CA6822F02002CA600168CA6802
:1072200022F48072CA6001684A6922F001024A6150
:10723000202180F8421000214163026B012A03D013
:10724000FDF708FF002008BD016301680C3151E81B
:10725000002F22F0100241E80023002BF5D1016835
:107260000A68D20602D50A6849680091818DFDF747
:1072700060FBE7E770B5044600680169E26821F445
:10728000405111430161A1682069E26901436069CD
:10729000104301432068C26849F20C639A430A43D1
:1072A000C26020684169A26921F4407111434161C3
:1072B00031492068884202D03049884202D1FCF727
:1072C00053FD01E0FCF740FDE2690023192164252C
:1072D0003226B2F5004F626828D0A0FB0101930F5F
:1072E0009200F9F741F80146B0FBF5F06FF0180293
:1072F000504301EB800006EB0010B0FBF5F000F00E
:10730000F002B1FBF5F002EB0012B1FBF5F06FF00B
:107310001803584301EB800006EB0010B0FBF5F0BA
:1073200000F00F0021681044886070BDA0FB0101CF
:1073300092185B41F9F718F80146B0FBF5F002012D
:10734000B1FBF5F06FF01803584301EB800006EB3A
:10735000C000B0FBF5F000F0F80002EB4002B1FB1A
:10736000F5F0584301EB800006EBC000B0FBF5F0F0
:1073700000F00700D6E700000010014000140140B3
:1073800037B582B01346039A826204468385002093
:107390006064222184F84210E56B1F49E963E56BC4
:1073A0001E492964E56B1E49E964E16B08652168A3
:1073B000E06B091DFCF718FA38B11020606420203A
:1073C00084F84200012005B030BD206801684068A3
:1073D0000090206948B120680C3050E8001F41F44B
:1073E000807140E80012002AF5D12068143050E87E
:1073F000001F41F0010140E80012002AF5D1206889
:10740000143050E8001F41F0400140E80012002A0B
:10741000F5D10020D7E7000059700008DF700008A0
:107420000F70000830B53649364C90F8DD510978B8
:10743000247800239FED310A334ADFED340A2143DB
:10744000072D25D2DFE805F004252D363B4A5500EF
:1074500080ED010A2E4980ED020A80ED030A81EDDC
:10746000070A81ED180A81ED290A2A4981ED160AD9
:1074700081ED2B0A284981ED160A81ED2B0A274957
:1074800081ED160A81ED2B0A80F8DC31C0F8D83185
:1074900030BDDFED230A0FE0C0ED020A80ED030AE4
:1074A00030BD80ED010A80ED020A80ED030A82F80A
:1074B00020311BE0DFED1B0A80ED010AECE7DFED78
:1074C0001A0A80ED010AC0ED020A80ED030A9FED61
:1074D000170A82F8203182ED470A30BD9FED141A59
:1074E00080ED010A80ED021A80ED030AC2ED470A21
:1074F00030BD80ED010ADFED0F0ACDE7000000008E
:10750000490C0020480C0020C407002000007043F4
:10751000540B0020400400206C0500209806002039
:107520000080BBC40000C8C300007AC400005C42F5
:1075300000007AC5000061440B4908B5086802687C
:10754000D243D2060BD4026840680090C86B006832
:10755000016821F0010101600348FDF7EBF9BDE886
:1075600008400148FDF776BA48110020FEE7000008
:107570000A4951F8012F02604A6842608A688260B5
:10758000CA68C2600A6902614A6942618A698261A5
:10759000C969C161024800F005B80000105F002011
:1075A000A80C002010B50E4C034694F8440020B1FE
:1075B000FDF7C6FE002084F844000A48F2EE040AF3
:1075C00090ED000A83ED080A90ED010A83ED210A8F
:1075D00090ED030A80EE201A83ED3A1A10BD0000E8
:1075E000600C0020005E002003B401984100009868
:1075F00050EAC12018BF04204A0D18BF40F0010016
:1076000040F2FF72B2EB515F08BF40F00200012868
:1076100008BF052002B070474100080218BF0420CF
:107620000A0E18BF40F001004FF07F4232EA01011C
:1076300008BF40F00200012808BF05207047090775
:10764000090E002804DB00F1E02080F800147047E8
:1076500000F00F0000F1E02080F8141D70470000DA
:1076600070B59B482DED020B2DED068B079D25F087
:107670000044A04218DC9748844202DC0AD10698F4
:1076800040B19DED060BBDEC068B02B0BDE870402D
:1076900001F09EBF002DCCBF9FED8F0B9FED900B97
:1076A000BDEC068B02B070BD8F48A04215DD8F483F
:1076B000A042D8BF4FF0FF3458DD9DED060B51ECD2
:1076C000100BFFF791FF042808BF01F0B5FF9DEDF7
:1076D000060BBDEC068B02B070BD9DED060B51ECA8
:1076E000100B02F057F9CDE9060181489FED828B1E
:1076F000A0423CDD8248A0421FDD00249FED82AB0A
:107700009DED060B53EC1A2B51EC100B04F02CF9E9
:107710009DED060B41EC190B53EC1A2B51EC100BA1
:1077200004F0D8FB53EC182B04F0E0FD53EC192BBC
:1077300004F0D6F9CDE9060149E09DED060B0124E0
:1077400053EC182B51EC100B04F00EF99DED060BC9
:1077500041EC190B53EC182B51EC100B04F0C6FD47
:1077600053EC192B04F0BCF9CDE906012FE0684871
:10777000A0421FDD02249FED689B9DED060B53EC9C
:10778000192B51EC100B04F0A5FB53EC182B04F053
:10779000EBF89DED060B41EC180B53EC192B51EC5B
:1077A000100B04F0A3FD53EC182B04F099F9CDE96C
:1077B00006010CE09DED060B032453EC102B9FED0E
:1077C000580B51EC100B04F08BF9CDE906019DED3F
:1077D000060B53EC102B51EC100B04F07BFB41EC2F
:1077E000180B53EC182B04F075FB41EC190B4E48A9
:1077F0000621B0EE490AF0EE690A784401F053FE22
:1078000053EC182B51EC100B04F064FB41EC180BFB
:107810004648B0EE490AF0EE690A0521784401F0C5
:1078200042FE53EC192B51EC100B04F053FB41ECCE
:10783000100B51EC180B53EC102B002C0EDA04F04B
:1078400093F89DED061B53EC112B04F043FB9DEDCB
:10785000061B53EC112B04F071FC35E004F084F8A6
:107860009DED061B53EC112B04F034FB41EC100B87
:107870002F48784400EBC40090ED001B51EC100B36
:1078800053EC112B04F032FD9DED061B53EC112B34
:1078900004F02CFD41EC100B2648784400EBC400AA
:1078A00090ED001B51EC100B53EC112B04F046FC37
:1078B00041EC100B002DA2BFBDEC068B02B070BDD9
:1078C00051EC100B04F012F841EC100B01E7000032
:1078D000000010440000F07F182D4454FB21F93FB4
:1078E000182D4454FB21F9BF0000DC3F0000203E6E
:1078F0000000F33F00000000000000000000F03F27
:107900000000E63F00000000000000000000004012
:107910000080034000000000000000000000F83F6D
:10792000000000000000F0BFD254000088540000A6
:1079300012540000CA53000070B56F4E2DED040BB9
:107940002DED048B82B0DDF824C0DDE907235C4215
:107950002CF000411C4341EAD474069D22F0004003
:10796000B44205D86C422C4340EAD474B4420BD9DB
:107970009DED081B9DED060B02B0BDEC048B04B021
:10798000BDE8704001F02EBEACF14054A4F17F641C
:107990001C430BD0022404EAAC7444EAD2740543BD
:1079A0009FED578B9FED582B07D015E09DED060BF3
:1079B00051EC100B01F048FF42E0002C11BF012CEC
:1079C0009DED060B02B0BDEC048B04BF04B070BD8E
:1079D000022C38D0032C3BD00B439FED4D1B9FED69
:1079E0004E0B0AD0B14218D1B04209D121F08041EA
:1079F00020F08040099107900FE0002A15DA10E08E
:107A0000474B7B44002C08BF93ED000B0DD0012C9D
:107A100010D0022C17D0032C1AD0B0421DD1002A4E
:107A200003DAB0EE410AF0EE610A02B0BDEC048B5D
:107A300004B070BD93ED000B51EC100B03F056FF3A
:107A400041EC100BF1E7B0EE480AF0EE680AECE703
:107A5000B0EE420AF0EE620AE7E7401A00159FED29
:107A6000329B3C28C8BF8DED000B17DCBCF1000F2A
:107A7000BCBF10F13C0F8DED009B0FDB9DED080BA3
:107A800053EC102B9DED060B51EC100B04F028F875
:107A900001F080FF01F0D8FECDE90001B4B1012C66
:107AA00010D0022C9FED220B53EC102B9DED000B00
:107AB00051EC100B19D004F019FC53EC182B04F006
:107AC00015FCBDE7019880F0004001909DED000B92
:107AD00053EC192B51EC100B04F05AF904BF02209F
:107AE000F8F767FD9DED000B9FE704F0FFFB53ECFB
:107AF000182B04F023FBA3E70000F07F0000000038
:107B0000182D4454FB210940182D4454FB2109C071
:107B1000182D4454FB21F9BF182D4454FB21F93F83
:107B2000FA52000000000000000000000000000009
:107B3000075C143326A6A13C70B54FF068422DEDCA
:107B4000048BF0EE408A18EE900AB0EE608A18EED0
:107B5000101A02EB4003B3F1654F3CBF02EB410248
:107B6000B2F1654F7DD200BFC0F3C753C1F3C75216
:107B70009A1A1B2A09DD10F0004F14BF9FED830AEB
:107B80009FED830ABDEC048B70BD12F11A0F36DA3B
:107B900011F0004F09D010F0004F0CBF9FED7D0A8F
:107BA0009FED7D0ABDEC048B70BD88EE889A19EEBE
:107BB000100AFFF731FD042808BF01F06DFD18EE33
:107BC000900AFFF729FD054618EE100AFFF724FD7D
:107BD000044619EE100AFFF71FFD042D18BF052DEE
:107BE00008D1042C18BF052C04D1002804BF0220A2
:107BF000F8F7DFFCB0EE490ABDEC048B70BD420023
:107C0000B2EB410F3AD910F0004F19BFDFED630A14
:107C10009FED630ADFED630A9FED630AB0EE481A39
:107C20000A46B1EE688A80F00041F0EE418A1046C3
:107C30000A1A5200B2F1807F34D2484010F0004F4F
:107C4000DFED5A1A9FED5A2A1DBFBEEE001A70EEE4
:107C5000E10A30EE420AB6EE001A08BF70EEA10A41
:107C600000E040E008BF30EE020AB0EE682A01EE04
:107C7000482A08EE818AC2EE081A15E011F0004F7A
:107C800004BF9FED4C0AF0EE400AD1D010F0004F37
:107C900019BFDFED490A9FED490ADFED490A9FED63
:107CA000490AC5E7C8EE881A21EEA11A9FED462AB7
:107CB000DFED462A41EE022A9FED452A01EE222AF7
:107CC000DFED442A41EE022A9FED432ABDEC048BEE
:107CD00001EE222A21EE811A01EE020A30EE210A7B
:107CE00030EE200A70BD4FF07F42B2EB400F28BF4C
:107CF000B2EB410F09D2F0EE480AB0EE680ABDECD3
:107D0000048BBDE8704001F0B4BC40EA01035B00A5
:107D100008BF41F0FF410BD0B2EB400F08BFB2EB00
:107D2000410F08D120F0804008EE900A21F08041F8
:107D300008EE101A18E7B2EB400F12BF5FEA4103DA
:107D400040F0FF4001F000413FF40EAFB2EB410FB5
:107D500012BF5FEA400200F0004041F0FF413FF4F3
:107D600003AF4A0092EA40033FF5FEAE002AACBFE3
:107D70009FED1A0A9FED1A0A68EE808A28EE008AA3
:107D800018EE900A18EE101AEEE60000DB0FC9BFDD
:107D9000DB0FC93FDB0F4940DB0F49C00000C9BF03
:107DA00022AAFDB90000C93F22AAFD390060ED3EBC
:107DB000C30ACE3700000000000049C022AA7DBAE5
:107DC0000000494022AA7D3A2DAD65BD8FB8D53D52
:107DD0000FB511BE61C84C3EA8AAAABE0000804FD4
:107DE0000000802F10EE101A08B5444A6846B2EB26
:107DF000410F28D94FF0E640B0EB410F94BF00206F
:107E00004FF0FF3000900098002861DB60EE000A20
:107E100010F0010F45D010F0020FDFED391A9FED81
:107E2000391A00EEE11ADFED381A40EE811A21EE20
:107E3000A01AF0EE400A40EE010A08BFF1EE600A17
:107E4000B0EE600A08BD314B21F0004293423CD9AC
:107E500011F0004FDFED2E0A20EE201ADFED2D0A83
:107E600019BF31EE601A71EE200A31EE201A71EE60
:107E7000600ABDEEE01A11EE100A9FED271A00F01D
:107E8000030000EEC10A9FED251A009000EEC10A22
:107E90009FED231A00EEC10A9FED221A00EEC10ADF
:107EA000B1E79FED211A9FED210A10F0020F00EEBD
:107EB000810A9FED1F1A00EE801AB7EE000A00EE4D
:107EC000810A18BFB1EE400A08BD01F0EDFB9AE748
:107ED00010EE100A4000B0F17F4F3CBFB7EE000A31
:107EE00008BD07D14FF00100F8F763FBBDE808407B
:107EF00001F0C2BBBDE8084001F0B8BBB61F927EDE
:107F0000336D4C39DA82083CA0AA2ABE490E494694
:107F100083F9223F0000004B0000C93F00A0FD395B
:107F20000020A2331A61342CB93AB2BACA9F2A3D52
:107F3000DDFFFFBE10B52DED028BF0EE408A18EE8E
:107F4000900AB0EE608A20F00040C0F1FF40C00F00
:107F500007D118EE100A20F00040C0F1FF40C00F1A
:107F60002BD018EE101A18EE900A04F01FFB00EE4A
:107F7000100A10EE100A6FEAD05010F0FF0F04BF85
:107F8000BDEC028B10BD18EE900A00F0004110EE1F
:107F9000100A00F00040814204BFBDEC028B10BD0E
:107FA00018EE101A10EE100ABDEC028B61F31E00E1
:107FB00000EE900A30EE600A10BD18EE900A4FF005
:107FC0007F41B1EB400F1CBF18EE100A5FEA400082
:107FD000C7D10120F8F7EDFABDEC028BBDE81040E7
:107FE00001F04ABB000000002DE9F04D2DED040B1F
:107FF0002DED0E8B96B0DDE92550279CDDF890A085
:1080000025F0004624F00048BAF1000F14BF01210A
:10801000002101EB4502FC4953184A1093422AD330
:10802000002814BF0123002303EB44030B44F7494A
:108030008B4220D358EA00019FEDF59B76D0DFF804
:10804000D8B35D4503D1BAF1000F05D188E0BAF18C
:10805000000F08BF002100D0012101EB450111F5FF
:10806000001F08D8002814BF0121002101EB4401A2
:1080700011F5001F0BD99DED261B9DED240B16B0AD
:10808000BDEC0E8B04B0BDE8F04D01F0ABBA00279B
:10809000002DBCBFE149884521DAE1498845A8BFE8
:1080A00002271CDAC3451ADCDE4901EB28511429EA
:1080B00008DDC1F1340220FA02F101FA02F2824233
:1080C0000DD108E058B9C1F1140228FA02F101FA01
:1080D00002F2424503D101F00101C1F1020756EA63
:1080E0000A0124D1002C22DA002D18BF022F01D062
:1080F000012F0AD00220F8F75CFA16B0BDEC0E8B07
:1081000004B0BDE8F04D01F04BBA0220F8F751FA87
:1081100001F046FA51EC100B03F0E8FB41EC100BB8
:1081200016B0BDEC0E8B04B0BDE8F08D18E09FEDED
:10813000BEAB9FEDBF8B002871D1B848804522D1DE
:1081400005F1804010F5801008BFBAF1000F07D08C
:10815000B3450ADC002CA8BF9DED260BE0DA0DE04C
:10816000B0EE490AF0EE690ADAE7002C06DA9DED76
:10817000260B51EC100B03F0B9FB6FE0AE487844CE
:1081800090ED000BCCE7D8454DD1002C48DA2EB14C
:1081900086423AD1BAF1000F42D126E0BAF1000F7F
:1081A00013D00220F8F705FA01F036FA8DED020B34
:1081B0009DED240B8DED000B10EE900A039961F3F9
:1081C0001E0003909DED020BAAE78DED02AB9DED25
:1081D000240B1AEE901A10EE900A8DED000B61F34D
:1081E0001E0003909DED020B9AE78DED028B9DED35
:1081F000240B18EE901A10EE900A8DED000B61F32F
:108200001E0003909DED020B8AE709DA9DED240B19
:1082100051EC190B53EC102B03F062FC1EE020E034
:108220009DED240B7CE786421BDAB4F1804F0DD024
:10823000A4F10050B0F1FF5013D1002D11DB9DEDE2
:10824000240B51EC100B02F0C5FB07E09DED240B55
:1082500053EC102B51EC100B00F0C2BC41EC100B96
:108260005EE79DED240B51EC100B01F093FBBAF18E
:10827000000FCDE90E0142D19FED710B46B3A6F17F
:10828000E040B0F17F600CD05E4538D1002D00DABF
:10829000A7B3022F0CBF01204FF0FF3003F0B4FD55
:1082A000DCE7002D01DD002C0DDA002D01DD002CB6
:1082B0001FDB002D16DA002C14DB012F08BF9FED09
:1082C000620B3FF42DAFB0EE4A0AF0EE6A0A27E7E0
:1082D000022F18BF002D0CD0012F0AD1002DFFF660
:1082E0001FAF06E0002DB8BF002C08DA012F3FF4C5
:1082F00017AFB0EE480AF0EE680A11E71BE0012064
:1083000000EBE57050EA070115D0791EB0EE498AFE
:10831000F0EE698A084308BF9FED4D8B4E4800255B
:10832000804570DD4D494E48884514DDB0420DDB77
:10833000002C19DB2FE00120F8F73BF916B0BDEC5B
:108340000E8B04B0BDE8F04D01F056B9B34502DC28
:10835000002C09DC1FE0864202DA002C1BDA03E065
:108360005E452BDD002C16DD0220F8F722F901F026
:1083700053F98DED020B53EC1A2B51EC180B03F053
:10838000A9FDCDE900010399019861F31E00039056
:108390009DED020BC4E60220F8F70BF901F04CF951
:1083A00010EE901A18EE900A8DED020B8DED008BF9
:1083B00061F31E0003909DED020BB1E69DED0E0BE7
:1083C00053EC192B51EC100B03F090FF9FED260B93
:1083D000CDE9080153EC102B9DED080B51EC100B6F
:1083E00003F078FD9FED221B53EC112B03F0A6FE4A
:1083F0009DED081B53EC112B03F06CFD9FED1E1B34
:1084000053EC112B3CE08CE0FFFF1F00FFFF0F003F
:10841000000000000000F03F0000F03F0000F07F8F
:108420000000404301FCFFFF000000000000F07F5F
:1084300000000000000000007E4B00000000000073
:108440000000000000000080000000000000F0FFBD
:10845000000000000000F0BF0000E0410000F04319
:10846000FFFFEF3F00000000000000000000D03FD1
:10847000555555555555D53F000000000000E03FCB
:1084800003F05CFE9DED080B41EC1A0B53EC102B36
:1084900051EC100B03F01EFD53EC1A2B03F01AFDE8
:1084A00041EC1A0B9FEDFE0B53EC102B9DED080BCE
:1084B00051EC100B03F00EFD41EC1B0B9FEDFA0B82
:1084C00051EC1A0B53EC102B03F004FD41EC1A0B8A
:1084D0009FEDF70B53EC102B9DED080B51EC100B9F
:1084E00003F0F8FC53EC1A2B03F000FF41EC1A0BDD
:1084F00051EC1B0B53EC1A2B03F036FA0690CDE926
:1085000006519DED060B53EC1B2B51EC100B03F0A9
:10851000EDFE53EC1A2B03F011FE41EC100B00F0B2
:10852000A1B90020B6F5801F0EDA9FEDE30B53ECE6
:10853000102B9DED0E0B51EC100B03F0CBFCCDE995
:108540000E016FF034000E4600EB2650A0F2FF370C
:10855000C6F31300DA4940F07F6646F04056884281
:10856000D8BF002408DDD7498142C8BF012403DCFD
:108570000024A6F580167F1CD348784400EBC40085
:108580000F9690ED00CB9DED0E0B53EC1C2B51EC98
:10859000100B03F0ABFE9DED0E0B41EC1B0B53ECEF
:1085A0001C2B51EC100B03F0DFF941EC100B51ECDC
:1085B000190B53EC102B03F093FA41EC1D0B51EC0B
:1085C0001B0B53EC1D2B03F085FC41EC1A0BBF4831
:1085D0008DED10AB7844109590ED000B4FF00050EE
:1085E00040EA660000EB84408DED080B00F50020AA
:1085F00009909DED080B53EC1C2B51EC100B03F074
:1086000075FE9DED0E1B53EC112B03F097FD41EC15
:10861000100B53EC102B9DED100B51EC100B03F0D5
:1086200059FC9DED080B41EC1C0B53EC102B9DED00
:10863000100B51EC100B03F04DFC53EC1B2B03F013
:108640007DFD53EC1C2B03F051FE53EC1D2B03F06E
:1086500041FC41EC1C0B53EC1A2B51EC1A0B03F0B0
:1086600039FC41EC1B0B9A480621B0EE4B0AF0EEA8
:108670006B0A784400F017FFB0EE401AF0EE601A73
:10868000B0EE41DAF0EE61DA53EC1B2B51EC1B0B30
:1086900003F020FC53EC1D2B03F01CFC9DED100B94
:1086A00041EC1B0B53EC1A2B51EC100B03F05CF953
:1086B00053EC1C2B03F00EFC53EC1B2B03F054F972
:1086C0009DED100B41EC1B0B53EC102B51EC100BE0
:1086D00003F000FC41EC1D0B9FED7FEB53EC1E2BD8
:1086E00003F042F953EC1B2B03F03EF90890CDE95F
:1086F00008519DED080B53EC1E2B51EC100B03F0B1
:10870000F5FD53EC1D2B03F0F1FD53EC1B2B03F097
:1087100015FD9DED080B41EC1D0B53EC102B9DED51
:10872000100B51EC100B03F0D5FB41EC1B0B53EC81
:108730001A2B51EC1D0B03F0CDFB9DED080B41EC0A
:108740001A0B53EC102B51EC1C0B03F0C3FB53EC36
:108750001A2B03F009F941EC1A0B51EC1B0B53ECEB
:108760001A2B03F001F90C90CDE90C519DED0C0B87
:1087700053EC1B2B51EC100B03F0B8FD53EC1A2BF0
:1087800003F0DCFC41EC1B0B9FED550B53EC102B65
:108790009DED0C0B51EC100B03F09CFB41EC1A0B04
:1087A0009FED510B51EC1B0B53EC102B03F092FB84
:1087B00041EC1B0B9FED4E0B53EC102B9DED0C0B66
:1087C00051EC100B03F086FB53EC1B2B03F0CCF8A1
:1087D00041EC100B4848784400EBC40090ED001BBE
:1087E00051EC100B53EC112B03F0BEF841EC1B0BBA
:1087F000384603F009FBCDE9080153EC1B2B51EC83
:108800001A0B03F0B1F841EC100B3C48784400EB34
:10881000C40090ED00CB51EC100B53EC1C2B03F07B
:10882000A3F89DED081B53EC112B03F09DF8069067
:10883000CDE906519DED080B53EC102B9DED060B79
:1088400051EC100B03F052FD53EC1C2B03F04EFDCA
:1088500053EC1A2B03F04AFD53EC1B2B03F06EFC78
:1088600041EC100B9DED261B53EC102B8DED001BE6
:1088700000959DED260B51EC100B03F02BFB9DEDAD
:10888000000B41EC1A0B53EC102B9DED260B51EC19
:10889000100B03F02BFD9DED061B53EC112B2FE06D
:1088A000000000604715F73FFE822B654715F73F34
:1088B00044DF5DF80BAE543E000000000000404372
:1088C0008E9803007AB60B0022450000284700006E
:1088D0005A440000000000000000000000000840B2
:1088E000000000E009C7EE3FFD033ADC09C7EE3F98
:1088F000F5015B14E02F3EBEE6420000A0420000FE
:1089000003F0E8FA53EC1A2B03F02EF89DED060B5A
:1089100041EC1A0B53EC102B9DED000B51EC100B9E
:1089200003F0D8FACDE90C019DED0C0B51EC1A0BBC
:1089300053EC102B03F018F8CDE902010C46AA49BC
:108940008C422FDB611A084318D19DED0C0B53ECC0
:10895000102B9DED020B51EC100B03F0C7FC41EC0A
:108960001B0B9FEDA30B51EC1A0B53EC102B02F0D9
:10897000FBFF53EC1B2B03F0ABFB2DD20220F7F7D0
:1089800018FE00F049FE10EE901A18EE900A8DEDD8
:10899000020B8DED008B61F31E0003909DED020B29
:1089A000FFF7BEBB944A24F00041914214D393498F
:1089B000214408437FF4EFAC9DED0C0B53EC102BDE
:1089C0009DED020B51EC100B03F090FC53EC1A2BB5
:1089D00003F07EFB7FF6DFAC24F000408849894A33
:1089E000002601EB205182422BDA481C4FF4801103
:1089F00021FA00F02044844AC0F30A517A44A1F2DB
:108A0000FF3192ED000B814A8DED080BCA4020EA40
:108A10000202C0F3130040F48010C1F1140120FAE7
:108A200001F60992002CB8BF76429DED080B53EC7D
:108A3000102B9DED0C0B51EC100B03F057FCCDE906
:108A40000C019DED0C0B51EC1A0B53EC102B02F0AA
:108A50008BFF9FED6F0B0890CDE9085153EC102B65
:108A60009DED080B51EC100B03F034FA41EC1B0B9D
:108A70009FED690B53EC102B9DED080B51EC100B87
:108A800003F028FA9DED0C0B41EC1C0B53EC102B62
:108A90009DED080B51EC100B03F028FC53EC1A2B46
:108AA00003F04CFB9FED5E1B53EC112B03F012FA0D
:108AB00053EC1C2B02F058FF41EC1A0B51EC1B0B32
:108AC00053EC1A2B02F050FFCDE902019DED020B91
:108AD00053EC1B2B51EC100B03F008FC53EC1A2B3E
:108AE00003F02CFB9DED020B41EC1A0B53EC102B09
:108AF00051EC100B03F0EEF9CDE908014A489DED69
:108B0000080B0521784400F0CEFC9DED081B51ECCC
:108B1000100B53EC112B03F0DDF99DED021B53EC10
:108B2000112B03F00BFBCDE906019DED020B53EC7D
:108B30001A2B51EC100B03F0CDF953EC1A2B02F069
:108B400013FF9FED3B0B41EC1A0B53EC102B9DEDEB
:108B5000060B51EC100B03F0C9FB9DED060B41EC2D
:108B60001B0B53EC102B9DED020B51EC100B03F083
:108B7000B1F953EC1B2B02F0B3FF53EC1A2B03F0AB
:108B8000B5FB9DED021B53EC112B03F0AFFB53EC37
:108B9000192B03F0D3FACDE9020101EB06500115C0
:108BA0000029C8BF039015DC9DED020B324651EC45
:108BB000100B03F0ACFDFEF717FD042808BF00F012
:108BC0003BFD32469DED020B51EC100B03F09FFD77
:108BD000CDE902019DED020B51EC180B53EC102B6B
:108BE00003F078F9FFF73ABB000090400000000066
:108BF000FE822B654715973C00CC904000346F3FB8
:108C000001FCFFFF0000E03F00430000FFFF0F00FA
:108C100000000000432EE63F396CA80C615C20BECA
:108C2000EF39FAFE422EE63FF83F00000000000058
:108C3000000000000000004010B510EE100A2DEDFD
:108C4000068BB7EE001A10EE901AB0EE418A0022A1
:108C5000A0F5000CDFEDFE9A4FF00073BCF1FE4F63
:108C60004FF07F4403EB410C80F0B481BCF1804FA6
:108C7000C0F02082F74901449FEDF73AB1F5005F5B
:108C800040F2D48200F58021CB0C03F00F0101EEFD
:108C9000901AC3F307137F3BA0EBC350B8EEE12A51
:108CA00000EE100A1A44DFEDED2AF0EE411A42EE12
:108CB000221AF0EE613A70EE232A30EE632A12EEA9
:108CC000900A00F500606FF30B0001EE900A73EE5E
:108CD000E13A33EE804AC1EE223A22EE230A10EE48
:108CE000100A00F500606FF30B0000EE100A00EEB2
:108CF000612A00EE442A62EE232A70EE221A21EE47
:108D0000A12ADFEDD73A02EE233A23EE023A20EE13
:108D1000012A22EE811A03EE211A32EE010A10EE28
:108D2000100A00F500606FF30B0000EE100A72EEFF
:108D3000401A31EE812A9FEDCB1A60EE011A9FEDA9
:108D4000CA1A20EE011A9FEDC90A02EE001A31EE8E
:108D5000810A10EE100A00F500606FF30B0000EEC0
:108D6000100AC34871EEC01A31EE812A784400EB34
:108D7000C10090ED003AD0ED011A100101EE100A89
:108D8000F8EEC12A32EE211A31EE001A31EE031A42
:108D900031EE221A11EE100A00F500606FF30B009D
:108DA00009EE100A39EE621A31EE431A31EE400A2A
:108DB00030EE610A32EE40AA10EE900A002100F572
:108DC00000606FF30B0008EE900A084670EEE8AA08
:108DD0004FF0000029EE280A00F00C01F0EEC00A66
:108DE00010EE900AB0F18B4F0DDD10EE900AB4EB4F
:108DF000400F08D310EE100A4FF08B4262F31E00B2
:108E000008EE900A13E069EE2A0A38EEAA1A4AEE32
:108E1000010A30EE201A11EE100A00F500606FF31F
:108E20000B0008EE900A30EE680A70EE209A0C20D3
:108E30004FF0000038EEA90AB5EEC00AF1EE10FAC4
:108E400034BFFEEE000AF6EE000A30EE800ABDEEF8
:108E5000C00A10EE100A011100EE101AF8EEC00A56
:108E600000EE100AB8EEC00A38EEC00A30EE290A49
:108E7000DFED801A9FED801A00EE211ADFED7F1AD8
:108E80007F4900F00F0040EE011A21EE800A79447C
:108E900001EB800191ED001A7A49794401EB8001E0
:108EA000D1ED001A784901EE801A794401EB800077
:108EB000764990ED000A31EE001AB0EEE00A10EEAD
:108EC000100A884215DA10EE100AB4EB400F10D3E6
:108ED0009FED6F0A30EE800ADFED6E0A20EE200A69
:108EE00068EE010ABDEC068BBCEEC00A20EE200A3B
:108EF00010BD10EE100A6849884243DA10EE100ADD
:108F0000B4EB400F3ED3BDEEE00A68EE010A10EE6E
:108F1000100A00EBD0725110C90501F17E5100EE2C
:108F2000101AA0EB6200C00560EE200A00F17E502E
:108F300000EE100A60EE808A18EE900AB4EB400F43
:108F40000FD10220F7F735FB00F09EFB10EE101A50
:108F500018EE100ABDEC068B61F31E0000EE100A3D
:108F600010BD18EE900A400011D018EE900AFEF7DE
:108F700053FB042808BF00F08FFBB0EE680ABDEC7D
:108F8000068B10BDF5EEC00AF1EE10FA0FD20220EA
:108F9000F7F70FFB00F080FB10EE101A18EE100A26
:108FA000BDEC068B61F31E0000EE100A10BD02201E
:108FB000F7F7FFFA00F068FB10EE101AB0EE480A5F
:108FC00010EE100ABDEC068B61F31E0000EE100AD5
:108FD00010BD00BFBCF1804F6CD300BF00F1FF4358
:108FE000B3F1FE4F24D200BFB0EEC00A10EE100A5B
:108FF000C1F3C7537F2B0DDB972BBFF63BAEC3F1FD
:1090000096034FF0010C0CFA03F3A3F1010C1CEAD8
:10901000010F08D00120F7F7CCFABDEC068BBDE8B4
:10902000104000F029BB0B4218BFBFEE008A21E6BA
:1090300043001CBF4FF08073B3EB400F34D96FF087
:109040001A02DFED161A20EE210A10EE100A27E0B0
:1090500000000000001080C0ABAAAA3E0000803DC6
:109060007EE24C3E00B03842D49AB8BB3BAA3842AC
:10907000B83D0000FC596337C9FF753A1872313D9D
:10908000563D00008A3D0000FA3C00000000FC4212
:109090000000FE420000004B000040430000004D75
:1090A00010F0004FA0D1E5E5A0F50003B3F1FE4FAD
:1090B00021D2DFE503EB4103B3F1007F11D3F5EEDD
:1090C000C00AF1EE10FA05D1430018BFB4EB400F0F
:1090D00076D883E701F0004141F0FC5100EE901A90
:1090E0007CE7B3F1807F06D210EE903AA3F500033F
:1090F00000EE903A72E720F000426FF0FF4C604CB7
:1091000002EB0C03A34210D321F000439C44A4457E
:109110000BD3B0F17E5F18BF5FEA410C50D0B2F1C3
:10912000FF4F98BFB3F1FF4F05D9BDEC068BBDE8EB
:10913000104000F09EBAB0F1FF4F0FD0C1F3C752FC
:109140007F2A09DB972A11DAC2F19602012303FA7A
:1091500002F2531E0B4205D0002208E011F0004F2E
:1091600055D128E00A4218BF012200D1022210F591
:10917000000F13D028B3B0F1004F26D010F1814F6B
:109180004FD04FF0FE42B2EB400F94BF01200020C1
:10919000012202EBE171884239D10CE011F0004F5D
:1091A00002D0012A38D032E0012A02BF9FED350AF1
:1091B000BDEC068B10BD9FED340ABDEC068B10BDD7
:1091C0002FE011F0004F0CD121E0B1F1FF4F1ED084
:1091D00011F5000F05D011F0004F15D00AB1012A8A
:1091E00008D00220F7F7E5F9BDEC068BBDE810408A
:1091F00000F032BA0220F7F7DCF900F02DFABDECEE
:10920000068BB1EE400A10BD0AB1012A04D0B0EEBF
:10921000690ABDEC068B10BDBDEC068B9FED1B0AE9
:1092200010BDBDEC068BB7EE000A10BD30EE410A52
:10923000B5EE001A9FED172A00EE413AB6EE001A7D
:1092400060EE001A00EE431A61EEC11A9FED101A8B
:1092500020EE011A20EE020A9FED0F2A01EE820A8B
:1092600071EE001A11EE900A00F500606FF30B002A
:1092700009EE100A31EE491A31EE00AA9CE5000011
:10928000FFFF3F00000080FF0000807F00000080A3
:1092900000B0B841D49A38BB3BAAB84100B510EE33
:1092A000101A2DED028B81B0524A6846B2EB410F85
:1092B0002ED94FF0E640B0EB410F94BF00204FF0A5
:1092C000FF3000900098B0EE408A00286ADB10F072
:1092D000010F4BD068EE080A9FED471A9FED470A31
:1092E00000EE810A9FED461A10F0020F00EE801A80
:1092F000B7EE000A00EE810A02BF01B0BDEC028B9E
:1093000000BD00BF01B0B1EE400ABDEC028B00BD54
:109310003C4B21F00042934241D911F0004FDFED68
:109320003A0A20EE201ADFED390A19BF31EE601A31
:1093300071EE200A31EE201A71EE600ABDEEE01ADD
:1093400011EE100A9FED321A00F0030000EEC10A80
:109350009FED301A009000EEC10A9FED2F1A00EE2B
:10936000C10A9FED2E1A00EEC10AABE728EE080AEB
:109370009FED2B1ADFED2B0A10F0020F40EE410A91
:109380009FED291A00EE201A61EE000AB0EE480A9D
:1093900008EE200AB6D101B0BDEC028B00BD00F092
:1093A00083F98FE718EE100A4000B0F17F4F0DD21D
:1093B00018EE100AFEF730F9042808BF00F06CF927
:1093C000B0EE480A01B0BDEC028B00BD09D101200E
:1093D000F7F7EFF801B0BDEC028B5DF804EB00F09D
:1093E0004BB901B0B0EE480ABDEC028B5DF804EB5E
:1093F00000F03CB9B61F927EB93AB2BACA9F2A3D74
:10940000DDFFFFBE490E494683F9223F0000004BB5
:109410000000C93F00A0FD390020A2331A61342C9E
:10942000336D4C39DA82083CA0AA2ABE00B52DED76
:10943000048BB0EE409AF0EE609A83B051EC190BB9
:1094400002F088FE41EC180B18EE100A18EE901A84
:109450008DED008B002818BF0120084320F000404C
:10946000C0F17F6000F1E040C00F14D019EE101A77
:1094700019EE900A8DED009B002918BF01210843C9
:1094800020F00040C0F17F6000F1E040C00F04BF59
:109490000120F7F78EF8B0EE480A03B0F0EE680A44
:1094A000BDEC048B00BD70B504462DED028B4D1E46
:1094B00000EBC500B0EE408AF0EE608A90ED000B44
:1094C00035F0060017D053EC182B51EC100B02F0BE
:1094D00001FD41EC100B6D1E04EBC50090ED001B6F
:1094E00051EC100B53EC112B02F03EFA41EC100B37
:1094F00035F00600E7D1022D36D0042D1CD0062D04
:109500001CBFBDEC028B70BD53EC182B51EC100B43
:1095100002F0E0FC94ED0A1B53EC112B02F024FA4C
:1095200053EC182B02F0D6FC94ED081B53EC112BD6
:1095300002F01AFA41EC100B53EC182B51EC100B03
:1095400002F0C8FC94ED061B53EC112B02F00CFA50
:1095500053EC182B02F0BEFC94ED040B53EC102BD3
:1095600002F002FA41EC100B53EC182B51EC100BEB
:1095700002F0B0FC94ED021B53EC112B02F0F4F955
:1095800053EC182B02F0A6FC94ED001B53EC112BAE
:1095900002F0EAF9BDEC028B41EC100B70BD00004B
:1095A0009FED070B10B553EC102B9FED070B51EC03
:1095B000100B02F095FA41EC100B10BD00000000FA
:1095C0000000000000000000000000000000F03F6C
:1095D00010B553EC102B51EC100B02F0C5F941EC17
:1095E000100B10BD10B553EC112B51EC100B02F009
:1095F000BBF941EC100B10BD9FED050B10B553EC02
:10960000102B51EC100B02F06BFA41EC100B10BD5B
:1096100000000000000000009FED050B10B553ECAA
:10962000102B51EC100B02F055FC41EC100B10BD4F
:1096300000000000000000709FED050B10B553EC1A
:10964000102B51EC100B02F045FC41EC100B10BD3F
:109650000000000000000010DFED030AB7EE001A62
:1096600081EE200A704700000000000030EE000A82
:10967000704730EE200A7047DFED020A80EEA00A44
:1096800070470000000000009FED020A20EE000A73
:1096900070470000000000709FED020A20EE000AF3
:1096A00070470000000000102DE9F0014FF07F42EC
:1096B000B2EB410F9FBF4FF0FF310160BDE8F001F9
:1096C00070474FF0004242EA0123C1F3C752783A93
:1096D000551112F01F0C434CCCF120067C44C1F311
:1096E000C752A2F178024FEA621204EB820254F8E8
:1096F000254008BFD2E9015612D0556804FA0CF48F
:1097000025FA06F73C43976805FA0CF527FA06F8A0
:10971000D26807FA0CFCF24045EA08054CEA02065A
:10972000A4FB034CA5FB0352A6FB03631D449D420F
:1097300034BF012600261319334416B1934202D9CF
:1097400003E0934201D2012200E00022624402F1D0
:10975000200C9206DC0C42EA443200EE102A5B0335
:10976000DFED210AF8EEC01A00EE103A4FEA9C1C19
:1097700011F0004FB8EE400AC0F800C020EE201AE9
:1097800000EE105ADFED190AB8EE400A20EE200A6A
:1097900071EE810A70EE800A10EE902A02F50062E6
:1097A0006FF30B0200EE902A70EEE11A31EEC11A4F
:1097B000DFED101A30EE411A9FED0D0A20EE800AFF
:1097C00001EE210A9FED0C1A00EE810A04BFBDE8EC
:1097D000F0017047CCF180510160BDE8F001B1EEBD
:1097E000400A704728360000000000360000802C38
:1097F00022AAFD29DB0FC92F0000C92F10B52DEDBE
:10980000028BB0EE608ADFED0D8A30EE480AF0EE92
:10981000680AFEF78FFB10EE100A0949884201DD45
:1098200030EE680A074910EE100A884201D930EE7E
:10983000280A38EE000ABDEC028B10BD0000B443CC
:1098400000003443000034C310B541EC100BFDF7A9
:1098500007FF51EC100B10BD10B50648F6F734FFAA
:109860000448F9F7FAFDBDE8104002210148F9F774
:10987000E3B80000C80F002010B50648F6F74AFF0D
:109880000448F9F7EAFDBDE8104002210148F9F764
:10989000D3B80000F00F002010B5064C07E011F817
:1098A000013B4340DBB234F8133083EA1020521EF0
:1098B000F5D210BD9EC8000870B5044690F830007F
:1098C0000025FD2803D194F83100EE2801D0A561D0
:1098D00070BD0E2204F130010020FFF7DDFFA084EF
:1098E000E18F814208D025636563A563E563A561C7
:1098F000E06A401CE06270BD94F8320000F00F0195
:109900002170C0F30210607094F93B00606094F81D
:109910003C0000F00700A060B4F9350000EE100A2A
:10992000F8EEC00A9FED170A20EE801ADFED160A46
:1099300021EE201A84ED041AB4F9330001EE100A66
:10994000B8EEC11A21EE000A84ED030AD4F83700FC
:1099500000EE100AB8EEC00A20EE200ADFED0B0A76
:1099600020EE200ADFED0A0A84ED050A80EE201AB7
:1099700084ED081AA08FC0F3CB00E0610120A06144
:1099800070BD00000000803BD00FC94000000038CF
:109990005C8FCA4082B0CDE9000121F00040019007
:1099A0009DED000B02B051EC100B704710B59FED10
:1099B0000A1A2DED028BB0EE408A9FED060A60EE8A
:1099C000800A80EE810AFEF70DFA20EE080ABDEC4F
:1099D000028B10BDDB0F494000003443012131EE02
:1099E000601A814070EE600A491E00EE101AB8EE4F
:1099F000C00A20EE800AC0EE010ABDEEE00A10EEB9
:109A0000100A704770B51B4C1B4D2DED028B94ED69
:109A1000010AD5ED010A9FED198ADFED198A20EEC2
:109A2000200AB0EE481AF0EE680AF7F745F9154E2D
:109A3000B0EE481AF0EE680A86ED010A94ED000ACD
:109A4000D5ED001A20EE210AF7F736F986ED000A67
:109A500094ED020AD5ED021AB0EE481AF0EE680A4B
:109A600020EE210AF7F728F986ED020ABDEC028BF9
:109A700070BD0000480B0020405E00200000FA444A
:109A80000000FAC4645E0020F9F7E2FFFCF7DCFE98
:109A9000FBF7B4FDFBF730FDFBF726FEFBF7B8FE46
:109AA000FBF7E2FCFBF704FDFBF742FEFBF774FE5D
:109AB000FBF792FE12480068C16841F01001C160D6
:109AC000222210490E48FBF7B7FA10220E490F4820
:109AD000FBF7B2FA0E48FAF7D7FDFFF7BDFEFFF726
:109AE000CBFE0C490C48FBF7BBFB0C490C48FBF7C1
:109AF000B7FB00F0F7F8FBF745FD00F005F9FEE7CE
:109B000000110020105F0020F05D0020B810002040
:109B10007010002000090020C80F0020400900201C
:109B2000F00F002010B50446FE2084F84000EE201F
:109B300084F8410094ED040ADFED500A50489FED8F
:109B4000511AB5EEC00AF1EE10FA02D2C4ED040AC1
:109B500005E010EE101A814201DD84ED041A94ED47
:109B6000050AB5EEC00AF1EE10FA02D2C4ED050AFC
:109B700005E010EE101A814201DD84ED051A42491C
:109B80006068884202D99FED410A04E0404988425A
:109B900003DD9FED400A84ED010A3F49A068884239
:109BA00002D99FED3E0A04E03D49884203DD9FED66
:109BB0003D0A84ED020A3C49E068884202D99FEDE3
:109BC0003B0A04E03A49884203DD9FED3A0A84EDFE
:109BD000030A217894F842009FED371A61F30300DD
:109BE000A1780F2261F3061084F8420094ED040A74
:109BF00004F14001C0EE010A9FED300A60EE800AD8
:109C0000FDEEE00A10EE900AA4F84B00D4ED050A30
:109C1000C0EE811A61EE800AFDEEE00A10EE900AB5
:109C2000DFED270AA4F84D00D4ED031A81EEA01A47
:109C300021EE000ABDEEC00A10EE100AC4F847007B
:109C400094ED021A81EE200ADFED1E0A20EE200AB2
:109C5000BDEEC00A10EE100AA4F8450094ED010A0A
:109C600020EE200ABDEEC00A10EE100AA4F8430050
:109C70000020FFF711FEA4F84F0010BD0000000007
:109C8000C1CACC41C1CACC41E1FAFFC2E1FAFFC26C
:109C9000E1FAFF42E1FAFF42000049C4000049C472
:109CA0000000494400004944C00FC9C8C00FC9C8DA
:109CB000C00FC948C00FC948CDCCCC4100000047F7
:109CC000D00FC9400000804310B5EFF3058111B1FA
:109CD0006FF0050403E0002408B101F029F82046E4
:109CE00010BD0000EFF3058010B16FF00500704764
:109CF0000448016811B14FF0FF3070470121016045
:109D0000002070477C00002010B5EFF3058010B1F3
:109D10006FF0050010BD08480168012902D04FF01E
:109D2000FF3010BD054A002182F8141D0221016098
:109D300001F066F8002010BD7C0000200BE000E080
:109D40002DE9FF410B464FF00005EFF30581039528
:109D500049BB40B38026182100244AB3176807B1D5
:109D60003C46976907B139464F1E382F02D2177902
:109D7000FF0703D0002004B0BDE8F081576907B1A8
:109D8000BE08D2F808C0BCF1000F0DD0D5685C2D1C
:109D900018D312693AB137B18DE806103246214620
:109DA00001F0C7FB03900DE0D7685FB912694AB9AB
:109DB00003AACDE90012B2B2214601F08DFB0128C1
:109DC00000D003950398D6E7028852BA4A804288A9
:109DD00052BA8A80828852BACA80C28852BA0A812C
:109DE000054A007A1388984202D100200880704703
:109DF0000880108070470000540C002090F8EA01A1
:109E00008B499FED8C0A01229FED8B1ADFED8B0AA7
:109E10000223DFED8B2A9FED8B2A3A286FD034DCAA
:109E2000DFED891A14286BD01EDC0A2869D00ADC01
:109E300001285DD002286FD1DFED840AC1ED000A50
:109E4000DFED830A1EE00B2867D00E2864D181ED78
:109E5000001A9FED800A81ED010AC1ED020A81ED31
:109E6000061A9FED7D0A67E0192871D0292870D065
:109E70002F2847D034284FD1DFED780AC1ED000AF2
:109E8000DFED770AC1ED010A43E0DFED761A6428C1
:109E900057D016DC462841D04A286DD0512878D0BA
:109EA000552839D1DFED700A9FED701A81ED020A55
:109EB000C1EC020AC1ED060ADFED6D0AC1ED070A29
:109EC00013E06B284FD06E2879D0762878D0FF2801
:109ED00022D181ED001ADFED670AC1ED010A81EDA3
:109EE000020A81ED061A81ED072A81ED080A78E061
:109EF000DFED610AC1ED000ADFED600AC2E753E061
:109F000091E027E0DFED5E0AC1ED000ADFED5D0ABA
:109F1000B8E781ED020A83E065E06CE09FED5A0A44
:109F200081ED000A9FED591A81ED011AC1ED020A77
:109F300081ED060A9FED560A81ED070AC1ED080A78
:109F40004FE09FED540A81ED000A9FED530A0EE0A9
:109F500025E01FE0C1ED002A9FED500A81ED010AC6
:109F60009FED4F0AD5E7C1ED002A9FED4E0A81ED26
:109F7000010AC1ED020A53E0DFED4B0A9FED4B1AD7
:109F800081ED020AC1EC020AC1ED060ADFED480AC2
:109F900094E716E081ED001A9FED460AE7E7C1ED70
:109FA000001ADFED450A6DE79FED440A81ED000AD6
:109FB0009FED430A81ED010A9FED420AA9E713E0F4
:109FC00024E09FED410ADFED410AC1ED021A81EC68
:109FD000020A81ED060A9FED3E0A81ED070AC1EDF6
:109FE000081A81F8783070479FED3A0A81ED000A2F
:109FF0009FED390A10E09FED390A81ED000A9FEDCF
:10A00000380A81ED010A9FED370A82E79FED360A93
:10A0100081ED000A9FED350A81ED010AC1ED021ABA
:10A0200081F87820704781ED002AC1ED011A70E7B0
:10A03000980E00206666B442005039C59A198743CD
:10A0400000003EC50040DDC40000E1C40000D7C4EC
:10A0500000805EC400C0F3C400601FC500C0DFC440
:10A0600000303BC53333874300C0E3C4000096C5CE
:10A07000000884C500E00DC500A039C5008013C4E8
:10A0800000203CC5002050C500103DC500A087C57C
:10A0900000609AC5003040C50058C0C500D8DBC577
:10A0A000008087430090B5C500703CC5001095C581
:10A0B000005082C5008054C5007005C500E0E2C4B0
:10A0C00000404EC56666B6420060E5C4008089C5A2
:10A0D00000A09BC50040E7C400C0C1C50040E2C469
:10A0E00000D8E0C533B3874300C0E4C40040B5C521
:10A0F0002DE9F041134E0F460446F5683068001D07
:10A1000000F0E4FC601C07D137B13168BDE8F041D4
:10A110000D48091D00F02ABD30682C44AC42446053
:10A12000316805D2B06BBDE8F041091D00F006BDF5
:10A13000706B091D00F002FDB06A844200D2B46267
:10A14000BDE8F0812C000020081900202DE9F04125
:10A15000054600F017FD2D4EB068401CB060306819
:10A160002B4F10B1706930B32BE03560B068012817
:10A1700027D1002404EB840007EB800000F0D0FC22
:10A18000641C382CF6D3234800F0CAFC2148143054
:10A1900000F0C6FC1F48283000F0C2FC1D483C30CF
:10A1A00000F0BEFC1B48503000F0BAFC1948706348
:10A1B0001430B06305E03068E96AC06A884200D8AC
:10A1C0003560706A401C70626864E86A3169884270
:10A1D00000D9306100EB800007EB8000291D00F002
:10A1E000C5FC00F0EFFC706900280CD03068E96A0B
:10A1F000C06A884207D208494FF080500860BFF318
:10A200004F8FBFF36F8FBDE8F08100002C0000205E
:10A2100058140020B818002004ED00E038B500F014
:10A22000B1FC104C2068C8B90F4800F079FC0E480A
:10A23000143000F075FC0C48E060143020610A4BCB
:10A240000020F03B009003F1500210210A2000F0A2
:10A25000E3FE206010B105A100F036FDBDE83840F6
:10A2600000F0B0BC680000200C1A0020546D725140
:10A270000000000030B4026C0B46002A0BD0C1680D
:10A280001144C1608468A14201D30168C16030BC3F
:10A290001846F6F7E0B830BC70472DE9F041856B01
:10A2A000174604460026026C82B1C7B1E068F6F793
:10A2B000D2F8E168206C091AE1602268914202D26A
:10A2C000A168081AE060022F16D017E02068A8B92C
:10A2D000A06801F0D3F906460020A0600EE0606897
:10A2E000F6F7B9F8216C606808446060A16888429C
:10A2F00004D32068606001E005B16D1E6D1CA5638C
:10A300003046BDE8F08110B5044690F8590058B1C8
:10A3100001280CD002280FD0502080F31188BFF301
:10A320004F8FBFF36F8FFEE7206B00F05FFC20467E
:10A33000BDE8104000F05ABC10BD000010484FF4BA
:10A340007051420706D0C01D0D4920F00700411A88
:10A35000C1F570510B4A00230144C2E900030839DA
:10A36000183A21F0070111604B600B600B1AC0E92D
:10A37000001393604FF0004053605061704700003D
:10A38000EC20002098000020134E144DA6F29C47AC
:10A390004FF08058DFF8489011E000F0F3FBF068D0
:10A3A000C468201D00F092FBA868401EA860686881
:10A3B000401E686000F006FC2046FFF7A4FF6868B6
:10A3C0000028EAD138680128F9D9C9F80080BFF31C
:10A3D0004F8FBFF36F8FF2E7F41800202C0000209E
:10A3E00004ED00E070B51D46049C49B12260C4E94B
:10A3F0000F010121204600F043FE84F84C5070BD4F
:10A400002460F4E72DE9F05F0E46DDE90B94174672
:10A41000834691009A460A9DA522206BF6F792F892
:10A420006FF00301206B01EB8701084420F0070760
:10A43000780707D0502080F31188BFF34F8FBFF308
:10A440006F8FFEE74FF0000866B100202218315CE4
:10A4500082F83410315C11B1401C1028F6D384F816
:10A46000438001E084F83480382D00D33725E5623D
:10A47000C4E91358201D00F05EFB04F1180000F041
:10A480005AFB2461C5F138006462A061C4F85480AD
:10A4900084F8588052465946384600F05DFA2060EC
:10A4A000B9F1000F01D0C9F80040BDE8F09F0000ED
:10A4B00030B5114900E011460A688242FBD34B686F
:10A4C0005C18844203D140681844486008464368D9
:10A4D0001C18944209D1084C183C2468A24209D0A7
:10A4E00052681A4442600A6812680260814200D0D1
:10A4F000086030BD0460F9E79800002070B50024C2
:10A5000041600B4D0061914206D8D11A8269914297
:10A5100006D2011D286907E09A4203D2994201D36D
:10A52000012403E0011DE86800F008FB204670BD2F
:10A530006800002010B5044600F024FBA06B20B199
:10A54000002400F03FFB204610BD0124F9E7000085
:10A5500030B587B03C4D6EE00198002806DADDE9A1
:10A560000301029A90470198002864DB039C60690C
:10A5700010B1201D00F0AAFA05A800F0D7F8024695
:10A5800001980A2857D2DFE800F00505052D334A67
:10A5900005052D3394F8280040F0010084F82800C8
:10A5A0000298A169034601442046FFF7A7FF68B35C
:10A5B000216A2046884794F8280040073BD50020B0
:10A5C00000900298A169002342181946204601F024
:10A5D0005BF9D8B9502080F31188BFF34F8FBFF3D8
:10A5E0006F8FFEE714F8280F20F00100207022E0A2
:10A5F00094F8280040F0010084F828000298A06137
:10A6000028B1811813462046FFF778FF13E0502049
:10A6100080F31188BFF34F8FBFF36F8FFEE794F87D
:10A620002800810703D4204600F0E0FA03E020F080
:10A63000010084F82800002201A9286800F076FEB5
:10A64000002889D107B030BD680000202DE9FC4109
:10A650000F46054600F016FC01A800F067F8044616
:10A66000019818B101F080F8BDE8FC81254EAFB12A
:10A6700030690068D0B30027291B3A46306800F0E3
:10A6800035FB01F071F80028EED11F494FF08050E2
:10A690000860BFF34F8FBFF36F8FE5E7A542EBD89C
:10A6A00001F062F8F0682746C068C468201D00F019
:10A6B0000DFA94F82800410719D5A0692B464119D5
:10A6C0003A462046FFF71AFFA8B10020034601468C
:10A6D00000902A46204601F0D7F860B9502080F358
:10A6E0001188BFF34F8FBFF36F8FFEE707E020F0B5
:10A6F000010084F82800216A20468847B4E7012732
:10A70000BAE700006800002004ED00E00648416B55
:10A71000096829B1416BC968C96849688162704795
:10A720004FF0FF31FAE700002C00002070B505461D
:10A7300000F03AFF064E0446B068844203D200F0AF
:10A7400009F8012000E0002028602046B46070BDB8
:10A7500068000020F8B5194E20E0C068C46805689C
:10A76000201D00F0B3F9216A2046884794F828009C
:10A77000400713D5A0692844A84206D92461606027
:10A78000211DF06800F0DAF908E0002003460146D8
:10A7900000902A46204601F077F838B1F068016849
:10A7A0000029DAD13169C6E90310F8BD502080F3E1
:10A7B0001188BFF34F8FBFF36F8FFEE76800002053
:10A7C00008484068401C4FF0500080F3118804D0C6
:10A7D000BFF34F8FBFF36F8FFEE7BFF34F8FBFF312
:10A7E0006F8FFEE7A0000020084CE068016839B1D7
:10A7F000002139B10020FFF729FFFFF7A9FEF4E798
:10A800000121F6E7C0680068F5E700006800002055
:10A810002DE9F041044600F0B5F994F9455004F1F2
:10A82000240609E0606A48B1304600F065FF08B1CF
:10A8300000F0ACFA6D1E6DB2002DF3DC4FF0FF3668
:10A8400084F8456000F0BEF900F09CF994F944509A
:10A8500004F1100709E0206948B1384600F04CFFC8
:10A8600008B100F093FA6D1E6DB2002DF3DC84F890
:10A870004460BDE8F04100F0A5B900002DE9F041C9
:10A880000546002600F0FEFA324F386808B9FFF797
:10A8900055FD786905424ED1C5B3083568070ED01D
:10A8A00005F00700C0F108000544680707D05020F4
:10A8B00080F31188BFF34F8FBFF36F8FFEE72DB387
:10A8C0007868854237D8234918310846046801E082
:10A8D000214604466068A84202D220680028F7D1C9
:10A8E0003868844227D00E6820680860606808369F
:10A8F000411B10290FD96019420708D0502080F35E
:10A900001188BFF34F8FBFF36F8FFEE713E04160F5
:10A910006560FFF7CDFD61687868401A7860BA68B5
:10A92000904200D2B860786901430020C4E9000178
:10A93000F868401CF86000F017FF700707D050203F
:10A9400080F31188BFF34F8FBFF36F8FFEE7304660
:10A95000BDE8F0818000002010B5031F4FF0807427
:10A960001C601B1F21F001011960191F044B0B60B3
:10A9700014390A60091F6FF0020244380A6010BDE2
:10A98000C1A7000890ED001AB4EEC01AF1EE10FA5B
:10A990000FD30EDDB4EEC01AF1EE10FA17D971EE36
:10A9A000600AC0ED000AF4EEC00AF1EE10FA0ED90A
:10A9B0007047B4EEC01AF1EE10FA08DA71EE200A10
:10A9C000C0ED000AF4EEC00AF1EE10FAF0DB80ED03
:10A9D000000A704700B52DED048B83B041EC190BD4
:10A9E00001F0B8FB41EC180B18EE100A18EE901AA3
:10A9F0008DED008B002818BF0120084320F0004097
:10AA0000C0F17F6000F1E040C00F14D019EE101AC1
:10AA100019EE900A8DED009B002918BF0121084313
:10AA200020F00040C0F17F6000F1E040C00F04BFA3
:10AA30000120F5F7BEFD51EC180B03B0BDEC048B03
:10AA400000BD000070B50D462DED028BB0EE408AC2
:10AA5000044690ED000AF0EE480AFEF7CFFE30EE15
:10AA6000481A0E49B0EEC11A11EE100A88420FDDE5
:10AA700094ED000A9FED0A1AF0EE480A30EE010A42
:10AA8000FEF7BCFED5ED000AF1EE600AC5ED000A46
:10AA900084ED000ABDEC028B70BD00000000B442E2
:10AAA0000000344301EE100A70EEC00A0120B8EE37
:10AAB000C11A8840401E21EE201A00EE900AF8EEDE
:10AAC000E01AC1EE210A30EE800A7047D0E9013267
:10AAD00001699A60D0E901235A604A68824201D133
:10AAE00082684A60002202610868401E08600868A7
:10AAF00070470000034B036003F15C000860802096
:10AB000010607047341A0020044B036003F15C00AE
:10AB100008604FF48070106070470000901C0020A7
:10AB200000F108014FF0FF32C0E90112C16001617C
:10AB300000210160704700210161704730B50C6849
:10AB4000621C02D000F1080202E0026904E01A4629
:10AB500053681D68A542FAD953684B6099608A60B2
:10AB6000516008610168491C016030BD42684A605B
:10AB700093688B6093685960916008610168491C13
:10AB800001607047502080F31188BFF34F8FBFF3EF
:10AB90006F8F0A494868401C486001280CD108485A
:10ABA000006810F0FF0F07D0502080F31188BFF32A
:10ABB0004F8FBFF36F8FFEE770470000A0000020AB
:10ABC00004ED00E00849486828B1401E486001D102
:10ABD00080F311887047502080F31188BFF34F8FA6
:10ABE000BFF36F8FFEE70000A000002070B50028C3
:10ABF0002AD0164DA0F1080460686969084207D19F
:10AC0000502080F31188BFF34F8FBFF36F8FFEE7A3
:10AC100022683AB1502080F31188BFF34F8FBFF301
:10AC20006F8FFEE78843606000F02CF96068696808
:10AC3000084468602046FFF73BFC2869401C2861F7
:10AC4000BDE8704000F090BD70BD000080000020A5
:10AC50004FF0E02000210161816105494FF47A72D3
:10AC60000968B1FBF2F1491E41610721016170479A
:10AC70002800002010B5F5F753FB114910280ED31A
:10AC800000F1E02090F8F0030A78904207D25020BB
:10AC900080F31188BFF34F8FBFF36F8FFEE7094832
:10ACA0000068896800F4E060884207D9502080F38A
:10ACB0001188BFF34F8FBFF36F8FFEE710BD000009
:10ACC000A00000200CED00E010B5074B002253F867
:10ACD00032401CB1521C082AF9D310BD43F832107F
:10ACE00003EBC201486010BD1814002070B5154672
:10ACF0000E460446FFF746FF94F944100020491C15
:10AD000001D184F8440094F94510491C01D184F81C
:10AD10004500FFF757FFA06B28B92A46314604F1DA
:10AD2000240000F051F82046BDE87040FFF770BDE8
:10AD300010B5020014D00F48006B38B1502080F3DA
:10AD40001188BFF34F8FBFF36F8FFEE700F09AF8C3
:10AD500000211046FFF7CCF900F006FD002807D1CE
:10AD600005494FF080500860BFF34F8FBFF36F8FDE
:10AD700010BD00002C00002004ED00E002490A6A2A
:10AD80000260C968416070472C0000200149012021
:10AD9000C86170472C00002010B50C4650B109491D
:10ADA00009681831FFF7CAFE2046BDE810400121AE
:10ADB000FFF79EB9502080F31188BFF34F8FBFF388
:10ADC0006F8FFEE72C00002070B514460D4668B169
:10ADD0000A4909681831FFF7C9FE0CB14FF0FF3579
:10ADE00021462846BDE87040FFF782B9502080F325
:10ADF0001188BFF34F8FBFF36F8FFEE72C00002049
:10AE000030B587B00025039505AA04A903A80495C9
:10AE1000FFF770FEDDE903010095CDE90110002385
:10AE200014A11648059A00F084FB154CE06218B195
:10AE300000F0FAFC012809D0401C19D1502080F301
:10AE40001188BFF34F8FBFF36F8FFEE7502080F361
:10AE50001188BFF34F8FBFF36F8F4FF0FF30A062A9
:10AE600001206061E56007B0BDE8304000F044B803
:10AE700007B030BD49444C450000000089A30008DC
:10AE80002C0000200248016B491C01637047000040
:10AE90002C000020164B10B5186B10B10120D861A2
:10AEA00010BD0020D8611869124901E0B8B1401EF8
:10AEB00000EB800251F82220002AF7D000EB80023C
:10AEC00001EB820101F108044A6852684A60A2421B
:10AED00001D152684A60D1681960186110BD5020D4
:10AEE00080F31188BFF34F8FBFF36F8FFEE7000031
:10AEF0002C000020581400201CB537480168374A40
:10AF0000914207D1502080F31188BFF34F8FBFF3D8
:10AF10006F8FFEE700683149491E884207D15020F3
:10AF200080F31188BFF34F8FBFF36F8FFEE72C497B
:10AF300008780190FF20087008788DF800009DF8CF
:10AF400000009DF8002000F0F000904207D0502053
:10AF500080F31188BFF34F8FBFF36F8FFEE79DF82B
:10AF60000000204C00F0500020700720A06006E098
:10AF7000401EA0609DF8000040008DF800009DF884
:10AF800000000006A068F3D4032807D0502080F307
:10AF90001188BFF34F8FBFF36F8FFEE74FF4407000
:10AFA000A060019808700C482030016841F47001DD
:10AFB0000160016841F070410160FFF749FE002027
:10AFC0006060F5F775F90848016841F0404101609B
:10AFD000F5F75AF900201CBD00ED00E071C20F41E9
:10AFE00000E400E0A000002034EF00E010B55020A5
:10AFF00080F31188BFF34F8FBFF36F8F00F0DAFA41
:10B0000018B104494FF080500860002080F3118887
:10B0100010BD000004ED00E038B5049D18B153B137
:10B02000CAB181B120E0502080F31188BFF34F8F67
:10B03000BFF36F8FFEE7502080F31188BFF34F8F6F
:10B04000BFF36F8FFEE7502080F31188BFF34F8F5F
:10B05000BFF36F8FFEE739B1502080F31188BFF343
:10B060004F8FBFF36F8FFEE750241C46012384F8F7
:10B0700046302B460094FFF7B5F9204638BD000056
:10B0800070B50D46040025D0FFF77CFDD4E90F20F4
:10B09000216802FB0011A1600021A16321686160A9
:10B0A0000A46D4E90F01401E00FB0121E160214660
:10B0B0004FF0FF3001F8440F487004F110008DB1DB
:10B0C000FFF72EFD04F12400FFF72AFDFFF77AFDBC
:10B0D000012070BD502080F31188BFF34F8FBFF364
:10B0E0006F8FFEE721690029F0D000F005FB0028F2
:10B0F000ECD004494FF080500860BFF34F8FBFF38E
:10B100006F8FE3E704ED00E02DE9FF4F83B01F46AA
:10B110008B4604004FF0000603D0BBF1000F08D0AF
:10B1200011E0502080F31188BFF34F8FBFF36F8F72
:10B13000FEE7206C38B1502080F31188BFF34F8FA9
:10B14000BFF36F8FFEE7022F0AD1E06B012807D013
:10B15000502080F31188BFF34F8FBFF36F8FFEE74E
:10B1600000F014FADFF800914FF0000A4FF0805819
:10B1700048B9059838B1502080F31188BFF34F8F3C
:10B18000BFF36F8FFEE7FFF7FDFCA06BE16B88421A
:10B1900005D3022F03D00598C8B1DEB11EE03A46B0
:10B1A00059462046FFF779F8616A19B104F1240085
:10B1B00000F0A2FA28B1C9F80080BFF34F8FBFF3A7
:10B1C0006F8FFFF7FFFC012007B0BDE8F08FFFF79E
:10B1D000F9FC21E06846FFF7D1FD0126FFF7F2FCFC
:10B1E000FFF750FEFFF7CEFC94F94400401C01D15C
:10B1F00084F844A094F94500401C01D184F845A08E
:10B20000FFF7E0FC05A9684600F02CF930B12046B4
:10B21000FFF7FEFA00F0A8FA0020D5E7FFF7B2FC2E
:10B22000A06BE16B884201D1012500E00025FFF70A
:10B23000C9FC95B104F110000599FFF7ADFD20465A
:10B24000FFF7E6FA00F090FA00289CD1C9F80080D8
:10B25000BFF34F8FBFF36F8F95E72046FFF7D8FA04
:10B2600000F082FA8FE7000004ED00E02DE9F047DE
:10B270001F4690468946040003D0B9F1000F08D05C
:10B2800011E0502080F31188BFF34F8FBFF36F8F11
:10B29000FEE7206C38B1502080F31188BFF34F8F48
:10B2A000BFF36F8FFEE7022F0AD1E06B012807D0B2
:10B2B000502080F31188BFF34F8FBFF36F8FFEE7ED
:10B2C000FFF7D8FC5020EFF3118680F31188BFF30D
:10B2D0004F8FBFF36F8FA06BE16B884206D3022FB5
:10B2E00004D0002086F31188BDE8F08794F945501A
:10B2F000A06B3A4649462046FEF7CFFF681C04D0B3
:10B300006D1C84F845500120ECE7606A0028FAD0F3
:10B3100004F1240000F0F0F90028F4D0B8F1000F97
:10B32000F1D00121C8F80010EDE700002DE9F74742
:10B3300083B08A4604004FF0000603D0BAF1000F34
:10B3400008D011E0502080F31188BFF34F8FBFF376
:10B350006F8FFEE7206C38B1502080F31188BFF367
:10B360004F8FBFF36F8FFEE700F010F9DFF8F0901A
:10B3700000274FF0805848B9059838B1502080F325
:10B380001188BFF34F8FBFF36F8FFEE7FFF7FAFB14
:10B39000A56BC5B151462046FEF76CFF6D1EA56337
:10B3A000206950B104F1100000F0A6F928B1C9F8E5
:10B3B0000080BFF34F8FBFF36F8FFFF703FC0120B7
:10B3C00006B0BDE8F087059808B11EB106E0FFF7AA
:10B3D000F9FB27E06846FFF7D1FC0126FFF7F2FBF7
:10B3E000FFF750FDFFF7CEFB94F94400401C01D15C
:10B3F00084F8447094F94500401C01D184F84570EC
:10B40000FFF7E0FB05A9684600F02CF8002820466D
:10B410000AD0FFF7FDF900F0A7F92046FFF78AF8F8
:10B420000028B3D00020CBE7FFF784F890B104F1F7
:10B4300024000599FFF7B0FC2046FFF7E9F900F07A
:10B4400093F90028A2D1C9F80080BFF34F8FBFF352
:10B450006F8F9BE72046FFF7DBF900F085F995E752
:10B4600004ED00E02DE9F0410C46050011D0C4B117
:10B47000FFF788FB174EF1686B682268C81A571CE3
:10B4800017D02F68366AB74219D08B4217D80124DB
:10B4900010E0502080F31188BFF34F8FBFF36F8F00
:10B4A000FEE7502080F31188BFF34F8FBFF36F8FFB
:10B4B000FEE70024FFF786FB2046BDE8F0818242CC
:10B4C00005D9101A20602846FFF758FCF1E7002044
:10B4D0002060DCE72C0000202DE9FF5F8346DDE9DA
:10B4E0000E87994616468A469000FFF7C7F9050071
:10B4F0001CD05C20FFF7C2F9040014D000202563A3
:10B5000084F85900CDE90240CDE900874B46324628
:10B5100051465846FEF776FF2046FEF717FE0120FB
:10B5200004B0BDE8F09F2846FFF760FB4FF0FF3006
:10B53000F6E7F0B585B00546DDE90B040A9EA8B133
:10B54000E4B15C2700972063022084F859000020B2
:10B55000CDE9024004AF2846CDE90067FEF752FF6F
:10B560002046FEF7F3FD049805B0F0BD502080F3AF
:10B570001188BFF34F8FBFF36F8FFEE7502080F32A
:10B580001188BFF34F8FBFF36F8FFEE70548416906
:10B5900019B1006B18B100207047012070470220DC
:10B5A000704700002C0000200148C0687047000070
:10B5B0002C0000202DE9F0412E4F0026386B28B1D9
:10B5C000B869401CB8613046BDE8F081FD686D1C6B
:10B5D000FD6013D1786B006838B1502080F311887A
:10B5E000BFF34F8FBFF36F8FFEE7786BB96B796353
:10B5F000B863386A401C3862FFF788F8B86ADFF829
:10B600007880854209D3786B0068A0B1786BC068F8
:10B61000C4686068854211D2B8623868C06A00EBBD
:10B62000800158F82100012800D90126F869002876
:10B63000C9D00126C7E74FF0FF30EDE7201DFFF727
:10B6400045FAA06A18B104F11800FFF73FFAE06A62
:10B650003969884200D9386100EB800108EB81002C
:10B66000211DFFF783FAE06A3968C96A8842CAD3A4
:10B670000126C8E72C0000205814002070B50400F3
:10B680004FF000002BD01A4D29688C4207D0502073
:10B6900080F31188BFF34F8FBFF36F8FFEE7216DEB
:10B6A000F1B1491E2165E36CE26A9A4217D0002984
:10B6B00015D1201DFFF70AFAE06CE062C0F13800F6
:10B6C000A061E06A2969884200D92861094900EB34
:10B6D000800001EB8000211DFFF748FA012070BDBA
:10B6E000502080F31188BFF34F8FBFF36F8FFEE7B9
:10B6F0002C0000205814002070B5C068C46854B1F4
:10B7000004F118000646FFF7E1F9144D286B50B11B
:10B710003146134815E0502080F31188BFF34F8F56
:10B72000BFF36F8FFEE7201DFFF7D0F9E06A2969AC
:10B73000884200D928610B4900EB800001EB8000B2
:10B74000211DFFF713FAE06A2968C96A884202D905
:10B750000120E86170BD002070BD00002C000020B9
:10B76000E0180020581400202DE9F0472B4D00244C
:10B770002746286B38B1FFF705FA286B401E28636F
:10B78000286B40B145E0502080F31188BFF34F8F04
:10B79000BFF36F8FFEE7A86821490126C8B3A1F562
:10B7A00091698846D8F80010E1B1D8F80C00C46857
:10B7B00004F11800FFF78AF9201DFFF787F9E06A06
:10B7C0002969884200D9286100EB800109EB8100DA
:10B7D000211DFFF7CBF9E06A2968C96A8842E1D3E5
:10B7E000EE61DFE70CB1FEF791FFAC693CB1FFF70A
:10B7F000E1FE00B1EE61641EF9D10020A861E869A4
:10B8000038B10849012738070860BFF34F8FBFF3ED
:10B810006F8FFFF7D7F93846BDE8F0872C0000207E
:10B82000E018002004ED00E010B586B0FEF7F6FC4D
:10B83000114C2068B8B100200390049005AA04A917
:10B8400003A8FFF761F9DDE9032102208DE8070075
:10B8500000230AA10B48059AFFF76BFE606010B148
:10B8600006B0012010BD502080F31188BFF34F8F28
:10B87000BFF36F8FFEE7000068000020546D722058
:10B8800053766300E9A700082DE9FF411F46030036
:10B890000A9E4FF0000015D0134D2C68002C0ED0DE
:10B8A0008DE80E00062917DAFFF770FE02284FF028
:10B8B00000030FD0002269462868FFF725FC04B07A
:10B8C000BDE8F081502080F31188BFF34F8FBFF3A4
:10B8D0006F8FFEE73246EEE700233A466946204680
:10B8E000FFF7C4FCEBE700006800002081F0004196
:10B8F000704780F00040704721F00041704720F011
:10B900000040704721F00042A2F16052B2F5801F62
:10B9100001F0004328BFD2F17F6C0BD95FEA001C15
:10B9200043EAC20242EB507018BF704728BF20F0B4
:10B9300001007047B2F5801FBCBF184670474FEA40
:10B94000410C1CF5001F02D2084600F0A9BE70B5DC
:10B9500000F06AFB00000089FFF7F6BF4FF00040DF
:10B96000A0F580007047000010B591EA030F48BFB2
:10B9700083F0004300F1C284841A71EB030C05D2FA
:10B98000121943EB0C03001B61EB0C01DFF824E1FF
:10B990004FEA1154A4EB135C1EEA430F18BF9EEA52
:10B9A000445F73D023EA0E03DCF1200E21EA045138
:10B9B00043F4801332D322FA0CFE10EB0E0023FA6C
:10B9C0000CFE41EB0E01CCF1200E03FA0EFE10EB43
:10B9D0000E0051F10001B1F5801FCCF1200E32D2E2
:10B9E00001EB045112FA0EF2BDE8104058BF704747
:10B9F000401C38BF5FEA420218BF7047002814BFDE
:10BA000020F0010041F100014FEA410313F5001F4E
:10BA100038BF7047A1F1C04100F054BB012A43EB8D
:10BA20000302ACF1200CDCF11F0E32BF4FF0000E10
:10BA300023FA0CF310EB030041EB0451B4EB115F5C
:10BA4000D0D0A1EB045101F5801149085FEA300024
:10BA500001EB04510ED350F1000038BF12FA0EFE74
:10BA600008D1BDE81040C9E7401C38BF5FEA420278
:10BA7000CAD1C3E7BDE810404FEA410313F5001FE8
:10BA800038BF7047A1F1C04100F01CBB9EEA445F83
:10BA900008D011EA5E0FBDE8104004BF01F000417C
:10BAA00000207047BDE8104070B500F0BDFA00BF3F
:10BAB00064FBBE3E0000E0FF02494FF0000000F0D2
:10BAC000F4BD00BF0000F87F491058BFC1F14041EC
:10BAD0005B1058BFC3F140438B42EFF300807047C7
:10BAE0002DE9C04130B4DFF8A0C23CEA111418BF00
:10BAF0003CEA131400F0EC8081EA03051CEA1114FF
:10BB000044EAD57418BF1CEA131500F0C780A4EBF3
:10BB100005044FF0004545EAC12145EAC32341EA47
:10BB2000505143EA525304F17F74994204F50034B2
:10BB30004FEAC0204FEAC22208BF904200F09C802A
:10BB40004FEA13650FF24016765D4FEA134506FB88
:10BB500005F7C7F1807706FB07F74FEAD737A7FB52
:10BB600003687642C8F58038A7FB06CE38BFA8F137
:10BB7000010807FB08E64FF0000EA6FB028CE6FB6F
:10BB800003CEDCF1000CCEF1004E38BFAEF1010E59
:10BB9000A6FB0C584FF000074FF00005E6FB0E87A0
:10BBA000A1FB08C6A0FB07CE16EB0E0645F100056B
:10BBB000E1FB076515F1E04E7EBFA4F580345FEA36
:10BBC00046066D4116F1800745F100054FEA17273B
:10BBD0004FEA066647EA0567A6F1DE46B6F1805FE2
:10BBE0004FEA15251FD9384624F0010C05EBC47126
:10BBF000BCF1FE6F01EB0C1102D8F0BCBDE8008176
:10BC000024425CBF01F5801E9EEAC47F02D4F0BCD2
:10BC1000BDE80081244238D4F0BCA1F1C041BDE8A8
:10BC2000004100F04FBA4FEAD22242EA43524FEAB3
:10BC3000D323A7FB02864FEAD02040EA415007FBFE
:10BC400003661EEA0E0F4FEAD12105FB026658BFBC
:10BC5000A6EB0056B6EB00564FEA520E4EEAC37EF4
:10BC600018EB0E0E56EB530EBDD518EB02085E41D5
:10BC70007F1C55F10005B6E74FF480154FF0000723
:10BC80004FF000064FF00008ADE7F0BC4FF00000A9
:10BC900001F1C04101F00041BDE8008111EA0C1F33
:10BCA0000CEA131500D00CE013EA0C1F00F02580FD
:10BCB0004FF00000F0BC81EA030101F00041BDE853
:10BCC0000081F0BCBDE8004181EA030100F0FAB94F
:10BCD000F0BCBDE8004170B500F0A6F9097EFC3E5D
:10BCE00000F007B881EA03014FF0000001F00041C5
:10BCF000704781EA030100F0E5B9F0BCBDE80041FE
:10BD00004FF0000021497047FFFDFBF9F7F5F4F211
:10BD1000F0EEEDEBE9E8E6E4E3E1E0DEDDDBDAD8E6
:10BD2000D7D5D4D3D1D0CFCDCCCBCAC8C7C6C5C444
:10BD3000C2C1C0BFBEBDBCBBBAB9B8B7B6B5B4B35B
:10BD4000B2B1B0AFAEADACABAAA9A8A8A7A6A5A446
:10BD5000A3A3A2A1A09F9F9E9D9C9C9B9A9999980A
:10BD60009797969595949393929191908F8F8E8EAD
:10BD70008D8C8C8B8B8A898988888787868585843A
:10BD800084838382828181800000FF070000F87F26
:10BD900051EA030C17D41CF5801F58BFBCF5801F57
:10BDA00000F10680994218BF704708BF9042704763
:10BDB00007D711F5801F58BF13F5801F19D499427A
:10BDC0007047894270471CF5801F08D5BCF5801F5D
:10BDD000F7D58B4218BF704708BF824270474FF4B7
:10BDE000001C1CEB410F38BF1CEB430F01D28B42F0
:10BDF000704770B500F018F9922449004FF00051D7
:10BE00004FF08053FFF760BE10F0004248BF404241
:10BE1000B0FA80F310FA03F10AD0C3F11D0303F561
:10BE200080634FEA415002EB035202EBD12170478D
:10BE30004FF000007047B0FA80F310FA03F10AD017
:10BE4000C3F11D0303F580634FEA41504FEA0352EB
:10BE500002EBD12170474FF00000704751EA030C0C
:10BE600017D41CF5801F58BFBCF5801F00F1068059
:10BE7000994218BF704708BF9042704707D711F525
:10BE8000801F58BF13F5801F19D49942704789420B
:10BE900070471CF5801F08D5BCF5801FF7D58B4275
:10BEA00018BF704708BF824270474FF4001C1CEB5C
:10BEB000410F38BF1CEB430F01D28B42704770B566
:10BEC00000F0B2F8922449004FF000514FF0805337
:10BED000FFF7FABDDFF848C170B51CEA111E1EBF9E
:10BEE0001CEA13159EEA0C0F95EA0C0F00F06F8008
:10BEF00081EA030423EA4C134EEAD47E21EA4C1172
:10BF000041F4801143F48013AE44A1FB024CA0FB2A
:10BF10000365AEF17F7E361955EB0C05A1FB034C92
:10BF20004CF10003A0FB021C16EB0C06654153F11B
:10BF30000003094218BF46F0010613F4007F0BD13D
:10BF40004FEA03314FEA0530340341EA155140EA24
:10BF500016506FF003020AE04FEAC3214FEAC520F2
:10BF6000F40241EA555140EA56506FF0020202EBEA
:10BF70002E4201EB025585EACE710AD05FEA440CED
:10BF800018BF24F0004450F1000041F1000120EA04
:10BF9000D47040F2FE7C624500D270BDA84214BF4E
:10BFA0004FF080444FF04044002E08BF0024BEF103
:10BFB000806FA8BFA1F1C041BDE8704080F28280CF
:10BFC0004FF0000001F1C04101F0004170479EEACE
:10BFD0000C0F0CEA131518BF95EA0C0F06D04FF0A2
:10BFE000000081EA030E0EF0004170BD00F01CF865
:10BFF0008900013E00F007B800F009B84FEA430C91
:10C000005FEA5C5C08D081EA030100F05BB84FEAAC
:10C01000410C5FEA5C5CF6D14FF0000001497047CB
:10C020000000FF070000F87F0EF1020E2EF0030E55
:10C030005EF8046B364205D4012A43EB030515F57F
:10C04000001F12D8012841EB010C1CF5001F0CD871
:10C050000ED14FEAD17C15F5001F0CEB4C0C0CF106
:10C06000020C08BF4CEBD37C04E04FF0080C01E05D
:10C070004FEAD37C0CEB4C0526FA05F606F00706D2
:10C08000B6F1040C06D20EEB860CBDE870404CF005
:10C09000010C6047DFE80CF0090B02024FF0004191
:10C0A0004FF00000A1F5002170BD1946104601288F
:10C0B00051EB010418BFD4F5001484BF002001F037
:10C0C000004170BD0808A0F500114FEA310170472A
:10C0D00053EA010C17D41CF5801F58BFBCF5801F14
:10C0E00000F106808B4218BF704708BF824270473C
:10C0F00007D713F5801F58BF11F5801F19D48B4245
:10C1000070479B4270471CF5801F08D5BCF5801F07
:10C11000F7D5994218BF704708BF904270474FF457
:10C12000001C1CEB430F38BF1CEB410F01D299429E
:10C1300070470FB40CBC03BCFFF7C1BE91EA030FFC
:10C1400010B581F000413FF517AC83F0004300F0DB
:10C15000D5B800002DE9F04101F5801CBCF5001FA9
:10C16000C0F2A9804FEA115C21EA0C510CF1FD0CE0
:10C1700041F480115FEA5C0C0CF5C07C01D34000F7
:10C18000494130A4890241EA905187028E0E0A0C7F
:10C19000A45D04FB04F602FB06F6C6F14046A4FBD0
:10C1A0000662F60D46EA422606FB06F4A4FB0123CE
:10C1B0005242C3F1404338BF5B1EA6FB024200243B
:10C1C000E6FB0324D20B42EA4446A6FB0623A1FB6E
:10C1D00002E2A3FB07E4E3FB61426442C2F1404E8A
:10C1E00038BFAEF1010EA6FB04234FF00002E6FBC0
:10C1F0000E32A2FB03463400E2FB6264A1FB06E6BA
:10C20000A4FB07E8E4FB61687642C8F1405838BFF8
:10C21000A8F10108A2FB06E4A3FB08E5E2FB6854D1
:10C22000A1FB05E6A7FB04E8E1FB648618F1200505
:10C2300056F10006A809A8F11B08B10908F03F084B
:10C24000B8F10A0F40EA86601CD901EB0C51BDE839
:10C25000F08100BFFCF5EEE8E2DDD8D3CFCBC7C359
:10C26000C0BDB9B6B4B1AEACA9A7A5A3A19F9D9B13
:10C270009A9896959392908F8D8C8B8988878685D6
:10C2800084838281A0FB006800FB01F208EB420876
:10C29000B8EB872807D5341858EB0104D5D5401CD6
:10C2A00051F10001D1E7341A78EB0104CDD4401EDE
:10C2B00071F10001C9E75FEA4C0C5FEA9C5C0DD1AB
:10C2C00005D34FF0000001F00041BDE8F081BDE86A
:10C2D000F04170B5FFF7A8FE6DDBFFBEBDE8F04191
:10C2E0004FF00000004970470000F87F10B591EA58
:10C2F000030F48BF83F000433FF53EAB841A71EB58
:10C30000030C07D212198CF0004C43EB0C03001BFA
:10C3100061EB0C01DFF8A4E14FEA1154A4EB135CCC
:10C320001EEA430F18BF9EEA445F00F0B08023EA84
:10C330006E03524221EA0451C3EB6E0338BF5B1E09
:10C34000DCF1200E25D322FA0CFE10EB0E0043FA8E
:10C350000CFE41EB0E01CCF1200E03FA0EFE10EBA9
:10C360000E0051F10001CCF1200E29D412FA0EF288
:10C3700001EB0451BDE8104058BF7047401C1CBF82
:10C38000B2F1004F704700280CBF491C20F001009B
:10C39000704712EB020E43EB030218BF4FF0010E81
:10C3A0004EEA4202ACF1200CDCF11E0E54D943FAE5
:10C3B0000CFE10EB0E0051F1FF31CCF11E0ED5D565
:10C3C0000EF1010E12FA0EFE404141EB010101EBAC
:10C3D000445C5FEA5C5C10D910EBDE7001EB045149
:10C3E00038BFBEF1004FBDE8104018BF70470028AD
:10C3F0000CBF491C20F00100704730D24FEAD42C0A
:10C4000011F5001124F400641BD0B1FA81F20B3A4B
:10C41000A41AA41ED2F12003914030FA03F3194369
:10C42000904001EBCC71002C01EB0451BDE81040B1
:10C43000A8BF704701F1C0414FF0000001F000417A
:10C440007047B0FA80F310FA03F100D110BDE41A7E
:10C45000173C4805C90AE4E701EB045110BD491037
:10C4600001EB0451BDE810404FEA300002E04FF00C
:10C47000000170474A0008BF0042F8D0B2F5001F23
:10C4800028BF704701F000414FF0000070479EEA5E
:10C49000445F07D011EA5E0FBDE8104004BF0021E1
:10C4A00000207047BDE8104070B5FFF7BDFD00BF2C
:10C4B00040DFF63E83F00041104670470000E0FF89
:10C4C00043004FEAD30C4FEA3C0C43401FBF4007E8
:10C4D0000CF1605113F0FE4F70471CF0006F03D158
:10C4E00000200CF0004170470CF0004343EA50700C
:10C4F00010B540EACC0000F00EF800BF000000923A
:10C500004FEA0001FFF7DEBD4FF000414FF00000A1
:10C51000A1F5002170470EF1020E2EF0030E5EF819
:10C52000044B244204D44FEA4102B2F17F4F11D8A8
:10C530004FEA4003B3F17F4F0CD80ED14FEAD07CC5
:10C54000B2F17F4F0CEB4C0C0CF1020C08BF4CEB22
:10C55000D17C04E04FF0080C01E04FEAD17C0CEBF9
:10C560004C0324FA03F404F00704B4F1040C06D2DB
:10C570000EEB840CBDE810404CF0010C6047DFE886
:10C580000CF0070802024FF00040A0F5800010BD3B
:10C590000846420018BFD2F1807288BF00F0004008
:10C5A00010BD4FF04070E1EE100A70474FF07F4C25
:10C5B0003CEA410318BF3CEA400200F062804FF4BD
:10C5C0007F0C10F0004F0CEAD11318BF43F00503A5
:10C5D0001CEAD01218BF13EA0C0F00F057804FF07E
:10C5E000004C4CEA00204CEA0121A3F580339A422A
:10C5F00010DDB0F1004F23F0020306D3401A43F0E0
:10C600000203BCBF404283F001034FEA4000A2F5A1
:10C610008032ECE74FEA224CBCEB234F08DB884228
:10C6200006D31CD0A0EB4100C0F1000083F0010351
:10C6300040001DD217D40DD0B0FA80FC0CF1010CD3
:10C6400000FA0CF0A2EB0C42D2F1000C12DB4FEA24
:10C65000C37070474FEA437000F00040704713F01A
:10C66000020FE5D0DEE7B2F580324FEA4000EBDDA5
:10C67000002AE9DD4FEAC21242EA502040EAC370C4
:10C68000704710B5FFF747FFEDFFFF3E1CEAD11FD3
:10C6900002D000F000407047004870470000C07FA3
:10C6A000FF2141EAD050C00570470CF00F03092B61
:10C6B00008BF082000F059800A2B0BD0082B18BFA8
:10C6C000704708BF1CF0400F0AD04FF000004FF039
:10C6D000000170471CF0400F18BF4FF0004070473A
:10C6E0001CF0100F08D020F0704300F07F4242EAA7
:10C6F000D3014FEA4370704700F0604021F07F4261
:10C7000042EA000201F07F4040EA727070474FF049
:10C71000FF0C4CF4E06C1CEA11531CBF9CEA030CA8
:10C720009445C2BFDA4201EB02517047002B0DD095
:10C73000BCF1000F0FD0002A01F00041A4BF41F06E
:10C74000E04141F07F614FF00000704701F000418F
:10C750004FF00000704750EA01334FF09B0C18BFB8
:10C760004CF0806C7FF4A8A970471CF4801F11D096
:10C770001CF4E02F03D06FEACC31490070474FF032
:10C780004050EFF3008222F0704242EA000282F34E
:10C79000008870474FF000007047000028CD000867
:10C7A0000000000000000000000000000000000089
:10C7B0000010000018000000000000000000000051
:10C7C00030CD000800000000000000000000000064
:10C7D0000000000000100000180000000000000031
:10C7E0000000000038CD000800000000000000003C
:10C7F000000000000000000000040000180000001D
:10C80000000000000000000040CD00080000000013
:10C810000000000000000000000000000004000014
:10C8200018000000000000000000000048CD0008D3
:10C8300000000000000000000000000000000000F8
:10C8400000040000180000000000000000000000CC
:10C8500050CD0008000000000000000000000000B3
:10C8600000000000000400001800000000000000AC
:10C870000000000000061016000610160000000060
:10C880000000000001020304060708090000000080
:10C8900001020304704310100170431010010000E6
:10C8A000891112239B322446AD573665BF74488CDC
:10C8B000C19D5AAFD3BE6CCAE5DB7EE9F7F88110A3
:10C8C000080193331A22A5562C47B7753E64C99CBC
:10C8D000408DDBBF52AEEDDA64CBFFF976E8022182
:10C8E0008B30100299132667AF763444BD554AAD9C
:10C8F000C3BC588ED19F6EEBE7FA7CC8F5D9833163
:10C900000A2091121803A7772E66B5543C45CBBD7B
:10C9100042ACD99E508FEFFB66EAFDD874C9044241
:10C920008D5316619F702004A9153227BB364CCE5B
:10C93000C5DF5EEDD7FC6888E1997AABF3BA855222
:10C940000C4397711E60A1142805B3373A26CDDE3B
:10C9500044CFDFFD56ECE9986089FBBB72AA066301
:10C960008F7214409D512225AB343006B9174EEF1B
:10C97000C7FE5CCCD5DD6AA9E3B8788AF19B8773E2
:10C980000E6295501C41A3352A24B1163807CFFFFB
:10C9900046EEDDDC54CDEBB962A8F99A708B0884C1
:10C9A00081951AA793B62CC2A5D33EE1B7F04008F3
:10C9B000C919522BDB3A644EED5F766DFF7C89948A
:10C9C00000859BB712A6ADD224C3BFF136E0C118D3
:10C9D0004809D33B5A2AE55E6C4FF77D7E6C0AA569
:10C9E00083B4188691972EE3A7F23CC0B5D14229B3
:10C9F000CB38500AD91B666FEF7E744CFD5D8BB54A
:10CA000002A499961087AFF326E2BDD034C1C33992
:10CA10004A28D11A580BE77F6E6EF55C7C4D0CC628
:10CA200085D71EE597F42880A1913AA3B3B2444A72
:10CA3000CD5B5669DF78600CE91D722FFB3E8DD609
:10CA400004C79FF516E4A9902081BBB332A2C55A52
:10CA50004C4BD7795E68E11C680DF33F7A2E0EE7E8
:10CA600087F61CC495D52AA1A3B03882B193466B32
:10CA7000CF7A5448DD59622DEB3C700EF91F8FF7C9
:10CA800006E69DD414C5ABB122A0B9923083C77B12
:10CA90004E6AD5585C49E33D6A2CF11E780F0000C0
:10CAA000000000000000F03F000000000000F83F20
:10CAB00000000000000000000000004003B8E23F5A
:10CAC000000000000000000006D0CF43EBFD4C3E0C
:10CAD000033333333333E33FFFAB6FDBB66DDB3F01
:10CAE0004D268F515555D53F01411DA96074D13F49
:10CAF00065DBC9934A86CD3FEF4E454A287ECA3F43
:10CB00003E5555555555C53F93BDBE166CC166BFC4
:10CB10002CDE25AF6A56113FF16BD2C541BDBBBEBD
:10CB2000D0A4BE726937663E00000000000000001D
:10CB30000000B33FB2BE7D3A00002E40DFCF513837
:10CB400000007E40BF51FABA00E0A44019DAC3BA2F
:10CB500000E0C840C2ED8AB90040EB40CD1F2CBABE
:10CB6000001006412AFFFABA00C01541DFCFD137C5
:10CB700000D024419A97703A0050334189478E364D
:10CB800000404141E75B9D3800B04E41C00A98B972
:10CB900000A05B41558F943A00306841DA92C0BAE8
:10CBA0000040744162B3C63A0000803F00A0853F58
:10CBB00000908B3F00C0913F0030983F00F09E3FB7
:10CBC00000F0A53F0050AD3F0000B53F0000BD3F65
:10CBD0000060C53F0020CE3F0040D73F00C0E03F8F
:10CBE00000C0EA3F0020F53F000000007D36AC3970
:10CBF0007D3C3839EBDCF438320A7E39124C263968
:10CC00009B6AED39A4EE83397F661E39F6398A397D
:10CC10002B426539A48211395B991F39C3EECD3996
:10CC2000DDE7C637A5A22F390000803FC3AA853FA4
:10CC3000C2958B3FD3C3913FF037983F32F59E3F6B
:10CC4000D7FEA53F3F58AD3FF304B53FA408BD3F15
:10CC50002A67C53F8C24CE3FFD44D73FDFCCE03F61
:10CC6000C7C0EA3F7D25F53F4FBB610567ACDD3F9F
:10CC7000182D4454FB21E93F9BF681D20B73EF3F03
:10CC8000182D4454FB21F93FE2652F227F2B7A3C7B
:10CC9000075C143326A6813CBDCBF07A8807703C34
:10CCA000075C143326A6913CC4EB98999999C9BFA7
:10CCB000711623FEC671BCBF6D9A74AFF2B0B3BFDC
:10CCC0009AFDDE522DDEADBF2F6C6A2C44B4A2BF9C
:10CCD0000D5555555555D53FFF8300922449C23F08
:10CCE0006E204CC5CD45B73F513DD0A0660DB13F3C
:10CCF000EB0D76244B7BA93F11DA22E33AAD903F4E
:10CD00000000000000000000000000006E83F9A297
:10CD10002915444ED15727FCC0DD34F5999562DBC7
:10CD20004190433CAB6351FE5461736B3100000092
:10CD30005461736B320000005461736B3300000068
:10CD40005461736B340000005461736B3500000054
:10CD50005461736B3600000078CD0008000000209D
:10CD6000C80F0000C401000848D00008C80F002008
:10CD70003056000020020008011C320182100379A5
:10CD800024F41AAA01012902282023484323803FC2
:10CD9000A3A0411AFA14790C524514C05A461480C3
:10CDA0003B4604A0401C463202022C0102282023EC
:10CDB000484323803FA3A0411AFA14790C5245142A
:10CDC000C05A4614803B4604A0401C463204022C44
:10CDD0000102282023484323803FA3A0411AFA14CC
:10CDE000790C524514C05A4614803B4604A0401C9E
:10CDF000463202022C01022820A00B48430AD7A386
:10CE00003B6F12033B93FA4354409C453CA00C46B5
:10CE1000046910011D1BA04054223C0B13C03F5459
:10CE2000790C1AC80829040329A0422808401C4686
:10CE30006F12833A0401184201022B240228201B9E
:10CE40004843D80E133B6F12033BD854409C453CDB
:10CE5000A00C46046910011D1BA04054223C0B137A
:10CE6000C03F54790C1AC80829040329A042280895
:10CE7000401C466F12833A0401184203022B24021D
:10CE800028201B4843D80E133B6F12033BD8544055
:10CE90009C453CA00C46046910011D1BA040542277
:10CEA0003C0B13C03F54790C1AC80829040329A06D
:10CEB000422808401C466F12833A040118420102BE
:10CEC0002B24022820080B139643CDCCCC3D6F12A7
:10CED000033BD8199C5114A00C4614D004460422DC
:10CEE000409C4527A0400AD7A33C0B13C03F547970
:10CEF0000C1AC80829040329A04219902D6F128327
:10CF00003A04011842030226240213010D1E8096E2
:10CF1000184B64094640A16B7041E2A16A201431AC
:10CF200063FA431AA01429049AC02801180A11A010
:10CF300024293C815BC842731928290409225481A1
:10CF40000B167A44E412020226010C16409C464459
:10CF500001100A510154E1E3A0413AFAE009291411
:10CF600029406904B1D78C42CDCCCC3D14606A46CF
:10CF700024401C46237A442396431A7034290C69B2
:10CF8000C4291CC10A2196441380410B198089448D
:10CF90000938880227FF074C280850079E0843805D
:10CFA0003F0A29018405120AD7233B2348425AFA33
:10CFB000D8637A452AFAF01918A96F1ABB241A9671
:10CFC00018214DCDCC0C40103EC03F9A999988094C
:10CFD0006A640C116F12036423A0403A343C694424
:10CFE000214B204104C11AF0745A96781AC0341AA1
:10CFF000162C1AC060290401102F7A446F12833A4C
:10D0000004011E094E2801A272011AFF03690C01D6
:10D01000420F26A0416F12033B1400290001030EAA
:10D02000042F0246046404020219023A0251046EFB
:10D03000050A026B024A042902FF050B037602551A
:08D04000043404140400000094
:040000050800018965
:00000001FF
