:020000040800F2
:10000000B85B00202903000865590008B5540008B2
:100010004557000831210008DD820008000000007B
:10002000000000000000000000000000690200085D
:10003000452A000800000000C502000835640008D9
:100040004303000843030008430300084303000878
:100050004303000843030008430300084303000868
:100060004303000843030008430300084303000858
:100070004303000843030008430300084303000848
:100080004303000843030008430300084303000838
:1000900075210008430300084303000843030008D8
:1000A0004303000843030008430300084303000818
:1000B00043030008156500084303000843030008D4
:1000C00043030008430300084303000843030008F8
:1000D000430300080D7F00084303000843030008A2
:1000E00043030008430300084303000843030008D8
:1000F00043030008430300084303000843030008C8
:1001000043030008430300084303000843030008B7
:100110004303000843030008256500084303000863
:1001200043030008430300089D2800084303000818
:100130004303000843030008430300084303000887
:10014000C5210008430300084303000843030008D7
:100150004303000843030008AD28000843030008D8
:100160004303000843030008430300084303000857
:100170004303000843030008430300080000000095
:10018000430300084303000800F002F800F05CF8A5
:100190000AA090E8000C82448344AAF10107DA45E2
:1001A00001D100F051F8AFF2090EBAE80F0013F0D8
:1001B000010F18BFFB1A43F001031847ECBF000002
:1001C0000CC000000A444FF0000C10F8013B13F083
:1001D000070408BF10F8014B1D1108BF10F8015BA0
:1001E000641E05D010F8016B641E01F8016BF9D193
:1001F00013F0080F1EBF10F8014BAD1C0C1B09D1EA
:100200006D1E58BF01F801CBFAD505E014F8016B5B
:1002100001F8016B6D1EF9D59142D6D370470000ED
:100220000023002400250026103A28BF78C1FBD8FF
:10023000520728BF30C148BF0B6070471FB50BF095
:10024000F6FE1FBD10B510BD00F0F6F91146FFF720
:10025000F5FF08F09FFF00F014FA03B4FFF7F2FF78
:1002600003BC00F017FA00002C4B19680868B0E8CE
:10027000F04F80F30988BFF36F8F4FF0000080F3D9
:10028000118870470000000008480068006880F38B
:1002900008884FF0000080F3148862B661B6BFF39F
:1002A0004F8FBFF36F8F00DF00BF00BF08ED00E08E
:1002B000DFF80C00016841F470010160704700BF75
:1002C00088ED00E0EFF30980BFF36F8F134B1A68DE
:1002D0001EF0100F08BF20ED108A20E9F04F1060CB
:1002E00009B44FF0500080F31188BFF34F8FBFF374
:1002F0006F8F0AF037F94FF0000080F3118809BCC6
:1003000019680868B0E8F04F1EF0100F08BFB0EC95
:10031000108A80F30988BFF36F8F70472C0000208C
:10032000EFF30580704700000948804709480047FF
:10033000FEE7FEE7FEE7FEE7FEE7FEE7FEE7FEE795
:10034000FEE7FEE704480549054A064B70470000F2
:100350000165000889010008B8550020B85B00203D
:10036000B8570020B857002053EA020C00F069800B
:100370002DE9F04B4FF00006002B1FBFB3FA83F5B9
:1003800003FA05F424FA05F65E4012BF1643B2FAEA
:1003900082F502FA05F4C5F120051EBF22FA05FC1C
:1003A00044EA0C04203556EA044C4FEA144418BFC2
:1003B000641C4FF000084FF00009904271EB030CF1
:1003C00039D3002919BFB1FA81F701FA07F6B0FA5B
:1003D00080F700FA07F6C7F120071EBF20FA07FCD6
:1003E00046EA0C062037B6FBF4FCA7EB0507103FE6
:1003F00007F01F0BCBF120060CFA0BFB2CFA06F6CC
:1004000044BFB3460026202FA4BF5E464FF0000B2A
:100410005BEA060C08BF4FF0010B19EB0B09ABFBB5
:10042000027C48EB0608C01B06FB02CC0BFB03CC8E
:1004300071EB0C01C1E70B46024641464846BDE858
:10044000F08B13B54FF000004FF00001AFF30080C8
:10045000BDE81C407047B2F120030AD5C2F1200369
:1004600001FA02F120FA03F300FA02F041EA030173
:10047000704700FA03F14FF000007047032A40F282
:10048000308010F0030C00F0158011F8013BBCF136
:10049000020F624498BF11F801CB00F8013B38BF4E
:1004A00011F8013BA2F1040298BF00F801CB38BF5C
:1004B00000F8013B11F0030300F06280083AC0F03D
:1004C000088051F8043B083A51F804CBA0E8081022
:1004D000F5E7121D5CBF51F8043B40F8043BAFF355
:1004E0000080D20724BF11F8013B11F801CB48BFAF
:1004F00011F8012B24BF00F8013B00F801CB48BFE5
:1005000000F8012B704702F0FF0343EA032242EA9E
:10051000024200F069B84FF0000200B5134694465D
:100520009646203922BFA0E80C50A0E80C50B1F14B
:100530002001BFF4F7AF090728BFA0E80C5048BF5F
:100540000CC05DF804EB890028BF40F8042B08BFFD
:10055000704748BF20F8022B11F0804F18BF00F8F9
:10056000012B704770477047704710B500F05CF87A
:10057000006810BD10B5044600F056F8046010BDC8
:1005800010B5203AC0F00B80B1E81850203AA0E82E
:100590001850B1E81850A0E81850BFF4F5AF5FEA62
:1005A000027C24BFB1E81850A0E8185044BF18C915
:1005B00018C0BDE810405FEA827C24BF51F8043BBC
:1005C00040F8043B08BF7047D20728BF31F8023B10
:1005D00048BF11F8012B28BF20F8023B48BF00F8A4
:1005E000012B70474FF000020429C0F0128010F078
:1005F000030C3FF492AFCCF1040CBCF1020F18BF16
:1006000000F8012BA8BF20F8022BA1EB0C01FFF78B
:1006100084BF5FEAC17C24BF00F8012B00F8012BE6
:1006200048BF00F8012B7047004870475455002020
:1006300000487047545500207546FFF7F9FFAE4655
:1006400005006946534620F00700854618B020B5DE
:10065000FFF778FEBDE820404FF000064FF000079E
:100660004FF000084FF0000B21F00701AC46ACE85A
:10067000C009ACE8C009ACE8C009ACE8C0098D46C7
:10068000704710B50446AFF300802046BDE8104027
:10069000FFF7E3BD01491820ABBEFEE726000200CC
:1006A000704700000C4840790C4908700A480079EE
:1006B000487009488078887007488079C870064873
:1006C000C07908710448C07848710348007888717F
:1006D00001484078C8717047C00000204053002096
:1006E00010B501460022002007E00C5C0123834086
:1006F00004FB0323DAB2431CD8B20628F5DB10460C
:1007000010BD000070B52DED108B92B00446E0696D
:1007100000EE900A60EEA01A206A00EE900A01EE48
:10072000100A40EE811AB0EE610A08F056FCF0EEB5
:10073000409A206800EE100A606800EE900A30EEE1
:10074000200ADFEDEE0A30EE200AB4EEE90AF1EEFF
:1007500010FA12D3206800EE100A606800EE900ACA
:1007600030EE600AB0EEC00ADFEDE40A30EE600A57
:10077000B4EEE90AF1EE10FA04DD002012B0BDEC8F
:10078000108B70BDE06900EE900A206A00EE100A3E
:1007900008F0FCF8B0EE40BA206800EE100A20EE37
:1007A000000A09EEA90A606800EE900A01EE100A3C
:1007B00000EEC10A206800EE900AB0EE001A60EE6A
:1007C000810A60EEA90AC0EE20BAB7EE000AF4EE84
:1007D000C0BAF1EE10FA03DDB7EE000AF0EE40BA4F
:1007E000BFEE000AF4EEC0BAF1EE10FA03D2BFEE8B
:1007F000000AF0EE40BAB0EE6B0A08F03BF8B0EE3B
:1008000040CAB0EE4C0A3BEE000A8DED100AB0EE85
:100810004C0A3BEE400A8DED110A0026DFEDB8FAD6
:100820009FEDB70A8DED0F0A002563E010A800EBDD
:10083000850090ED000AF0EE40AAF5EEC0AAF1EEB8
:1008400010FA06D39FEDAF0AF4EEC0AAF1EE10FA4B
:1008500000DD4EE0B0EE6A0A08F0C0F9206800EE54
:10086000900A20EE200A8DED030AB0EE6A0A08F025
:10087000AFFA206800EE900A20EE200A8DED020A01
:10088000E06900EE900A9DED030A30EEC00A8DED9E
:10089000010A206A00EE900A9DED020A30EEC00ABD
:1008A0008DED000ADDED010A9DED000A08F06EF8FD
:1008B000B0EE409A9FED940AB4EEC09AF1EE10FAB1
:1008C00006D39FED920AB4EEC09AF1EE10FA00DD65
:1008D0000FE09FED8A0A3AEE800AB4EEC90AF1EE03
:1008E00010FA00D205E0F0EE6AFA8DED0F9A0126BB
:1008F00002E06D1C022D99DB00BF0EB900203DE720
:100900009FED830A2FEE800A10EE100A60639DEDC2
:100910000F0ADFED7F0A20EE200A10EE100AA06316
:10092000B0EE6F0A08F054FA206800EE900AF1EE7B
:10093000600A60EE20CA9DED0F0A08F049FA60686F
:1009400000EE900AF1EE600A20EE20DAB0EE6F0AB7
:1009500008F044F9206800EE900A60EE20DA9DED80
:100960000F0A08F03BF9606800EE900A20EE20EADA
:100970002CEE8E0A0DEE6D0A8DED0E0A9DED0E0A1F
:10098000B0EEC00ADFED5D0AB4EEE00AF1EE10FA57
:1009900001D20020F2E69DED0E0AF7EE000A80EE8D
:1009A00080AA606A0EEE900AA06A0FEE100A2EEE80
:1009B0002E0A0DEE4F0A20EE0A8AB1EE6D0A20EEE5
:1009C0002E0A0CEE8F0A60EE0A8A9FED510A28EE7D
:1009D000000A10EE100A20649FED4D0A28EE800AEE
:1009E00010EE100A6064B0EE6F0A08F0F7F82068A5
:1009F00000EE900AF1EE600A20EE200A20EE080ACE
:100A00008DED0D0A9DED0F0A08F0E8F8606800EE24
:100A1000900AF1EE600A20EE200A20EE280A8DED01
:100A20000C0AB0EE6F0A08F0D3F9206800EE900AC5
:100A3000F1EE600A20EE200A20EE080A8DED0B0A86
:100A40009DED0F0A08F0C4F9606800EE900AF1EE1F
:100A5000600A20EE200A20EE280A8DED0A0AE06ADC
:100A60000990206B08909DED0D0A60EE080A9DED3F
:100A70000C0A40EE280A9DED090A30EE600A8DED61
:100A8000070A9DED0B0A60EE080A9DED0A0A40EE8A
:100A9000280A9DED080A30EE600A8DED060A9DEDEC
:100AA000070A6EEE000A9DED060A4DEE400A20EEA2
:100AB0008A0A8DED050AF1EE6D0A9DED070A60EEDA
:100AC000800A9DED060A4CEE800A20EE8A0A8DED22
:100AD000040A9DED050ADFED0E0A20EE200A10EE55
:100AE000100AA0649DED040ADFED090A20EE200A39
:100AF00010EE100AE064012040E60000BD378635A4
:100B000000000000DB0F4940DB0FC9BFDB0FC93F0E
:100B1000E12E65423EB5044694ED030AD4ED000A89
:100B200030EE200A8DED000A94ED040AD4ED010A9E
:100B300030EE200A8DED010A94ED020A8DED020AD5
:100B4000DDED020A9FED211A60EE810AB0EE600A27
:100B500008F044F8D4ED080A20EE200A84ED0B0AD0
:100B6000DDED010A9FED191A60EE810AB0EE600A10
:100B700008F034F8D4ED070A20EE200AD4ED0B0A71
:100B8000DFED131A80EEA11AF3EE040A61EE200ADB
:100B9000B5EE081A10EEC10A84ED0A0ADDED000A6E
:100BA0009FED0A1A60EE810AB0EE600A08F016F8AE
:100BB000D4ED060A20EE200AD4ED0A0A9FED051AAC
:100BC00001EE200A84ED090A3EBD000035FA8E3C94
:100BD00000008046CDCCCC3D10B5394800780128C6
:100BE0001FD1384880683749C8610846C068086224
:100BF0000846FFF787FD3348406B324908610846D5
:100C0000806B48610846406B2F49C8602D48806B57
:100C100008619FED2E0A084680ED050A002028494C
:100C200008702B48D0ED000AB0EE600AF7EE001A0B
:100C30009FED281ADFED280A284805F027FD2448F3
:100C400090ED030AB0EEC00AF2EE040AB4EEE00A38
:100C5000F1EE10FA0DD8D0ED030AB0EE600ADFED28
:100C6000201A9FED201AF9EE000A1F4805F00EFD2C
:100C70000DE01748D0ED030AB0EE600AF2EE041A58
:100C80009FED181AF9EE000A174805F0FFFC0D4811
:100C9000006A00EE900A0B48C06900EE100ADFED12
:100CA000133A9FED133ADFED092A9FED082ADFED95
:100CB000111A9FED111A114806F0F6FA10BD000046
:100CC0003C010020EC0000208C0700200000000008
:100CD000C45300200000704300009842E2540020FA
:100CE0009A99993E0000B4429C54002000007A4436
:100CF0000000FA4300002F430000114304080020C5
:100D000070B504460D462046FFF7FCFC012815D1BE
:100D1000606B00EE100A206900EE900A30EE600A67
:100D200085ED020AA06B00EE100A606900EE900AE1
:100D300030EE600AB1EE400A85ED010A70BD000098
:100D400010B5FC480078FC490978884208D000209A
:100D500004E00021F94A1154411C88B20A28F8DB4A
:100D6000F4480078F4490870F2480078072881F0C8
:100D7000B281DFE810F007006300D803AD04F60588
:100D8000CA065B09EE48006840F6B83188420DD8C3
:100D9000EC480078052809D1EB480078052805D1F2
:100DA000EA480078052801D1FFF716FFE4480068FB
:100DB000401CE3490860E648407801281BD10846FA
:100DC0000068642817D300200860E2490860E249FF
:100DD0000860E2490860E2490860E2490860E249C7
:100DE00008600120E149887048710871D149087094
:100DF0000020D7494870D648407802281DD1D048F5
:100E00000068642819D30020CD490860D1490860E2
:100E1000D1490860D1490860D1490860D1490860CA
:100E2000D14908600120D1498870487108710520B6
:100E3000C04908700020C6494870F9E3C44880786A
:100E400030B101287ED002287DD003287CD1A7E2D2
:100E5000BA48007860BBBC480078052828D1C4484F
:100E6000006A00EE900AC248C06900EE100ADFED89
:100E7000C13A9FEDC13ADFEDC12A9FEDC02ADFEDF7
:100E8000C01A9FEDC01AB04806F00EFABE48D0ED69
:100E9000000AB0EE600ADFEDBD1A9FEDBD1ADFED6E
:100EA000BD0AAA4805F0F2FB0120A4490870A7E09A
:100EB000A2480078012831D1A048407870BBA148F1
:100EC000007805282AD1A0480078052826D19F4817
:100ED0000078052822D1A648006A01EE100ADFED4D
:100EE000AE1A31EE611AF0EE410AA148C06900EE77
:100EF000100A9FEDA04ADFEDA03A9FED9F3ADFED8B
:100F00009F2A9FEDA42ADFEDA51A9FEDA31A8E4814
:100F100005F01CFE01208949487071E0874840783F
:100F200001283DD185488078C8BB864800780528CF
:100F300036D185480078052832D1844800780528C4
:100F40002ED102E071E0A6E1E5E28948006A02EEF6
:100F5000100ADFED932A32EE622AF0EE421A84483C
:100F6000C06901EE100A8248006A00EE900A8048CB
:100F7000C06900EE100ADFED8B3A9FED7F3ADFED9E
:100F80007F2A9FED7D2A704806F08EF99FED860A34
:100F9000864880ED080A01206849887030E0FFE744
:100FA0006648807801282BD16448C07840BB6548EA
:100FB0000078052824D164480078052820D16348AA
:100FC000007805281CD1C82009F0ECF96848006AAF
:100FD00000EE900A6648C06900EE100ADFED653A3F
:100FE0009FED653ADFED652A9FED642ADFED701A0B
:100FF0009FED701A544806F057F901204F49C87008
:101000004E48C07801280FD14E48007805280BD1F2
:101010004D480078052807D14C480078052803D1B1
:1010200003204449087010BD76E24448007860BB54
:1010300045480078052828D14D48006A00EE900AFE
:101040004B48C06900EE100ADFED4A3A9FED5A3A6C
:10105000DFED4A2A9FED492ADFED491A9FED481A34
:10106000394806F021F94848D0ED000AB0EE600A90
:10107000DFED521A9FED461ADFED400A334805F0C6
:1010800005FB01202D490870F0E02C48007801286C
:1010900032D12A48407870BB2A48007805282BD1E5
:1010A00029480078052827D128480078052823D129
:1010B0002F48006A01EE100ADFED411A31EE611A85
:1010C000F0EE410A2A48C06900EE100A9FED3D4A41
:1010D000DFED393A9FED383ADFED282A9FED2D2AD2
:1010E000DFED2E1A9FED361A174805F02FFD01206F
:1010F00012494870BAE0FFE71048407801287ED1D5
:101100000E488078A0B90F480078052877D10E489E
:101110000078052873D10D48007805286FD1144850
:10112000006A00EE900A1248C06901EE100A4BE016
:1011300065E00000460100204701002048550020DE
:10114000680800209C54002004080020E25400207D
:101150003C0100206C08002070080020740800206A
:10116000780800207C08002080080020C0000020B3
:10117000EC00002000409C4500007A440000000084
:10118000000048430080A243C45300209A99993E2E
:10119000000034440000B4C2000096420000B44293
:1011A0000000484200401C4600803B458C07002060
:1011B0000000BE43000096430000FA44CDCC4C3EF4
:1011C0000000C84200606A465FED031A31EE211A42
:1011D000B0EE410A1FED054A5FED093A1FED1A3ADC
:1011E0005FED0B2A1FED132ADFEDFE1A1FED0C1A1F
:1011F000FD4805F0ABFC0120FC49887036E0FB4857
:101200008078012832D1F948C07878BBF848007856
:1012100005282BD1F4480078052827D1F548007817
:10122000052823D1F448006A01EE900AF248C0690B
:1012300002EE100A5FED262A32EE222AB0EE421AA2
:10124000ED48006A00EE900AEB48C06900EE100A13
:101250005FED2C3A1FED283A5FED382A1FED3A2A50
:10126000E14806F021F80120E049C870DF48C07865
:1012700001280FD1DE48007805280BD1DA48007824
:10128000052807D1DB480078052803D10220DB4977
:101290000870C8E640E1D5480078A0BBD448007883
:1012A000052831D1D048007805282DD1D1480078C3
:1012B000052829D1D248D0ED000AB0EE600A5FEDD2
:1012C000411A1FED4D1A5FED530ACA4805F0DEF9C9
:1012D000C948006A00EE900AC748C06900EE100ACB
:1012E0005FED483A1FED4C3A5FED5C2A1FED5D2A39
:1012F0005FED5D1A1FED5E1ABB4805F0D5FF0120BA
:10130000BA49087037E0FFE7B8480078012832D1C1
:10131000B648407878BBB648007805282BD1B2484B
:101320000078052827D1B3480078052823D1B24892
:10133000006A01EE900AB048C06902EE100ADFEDC3
:10134000B12A32EE222AB0EE421AAB48006A00EE11
:10135000900AA948C06900EE100A5FED663A1FEDD9
:101360006A3A5FED7A2A1FED7B2A9F4805F09CFFC1
:1013700001209E4948709D48407801280FD19C4823
:10138000007805280BD198480078052807D199489E
:101390000078052803D102209849087043E6BBE095
:1013A0009248007830BB92480078052822D18E48B8
:1013B000007805281ED18F48007805281AD18E485C
:1013C000006A00EE900A8C48C06900EE100A5FEDDA
:1013D0008B3A1FED873A5FED982A1FED982ADFEDD3
:1013E0008A1A9FED8A1A804805F05EFF01207F4926
:1013F00008707BE07D480078012840D17B48407828
:10140000E0BB7B480078052839D17748007805286B
:1014100035D178480078052831D17948D0ED000AD7
:10142000B0EE600A5FED9B1A1FEDA71A5FEDAD0AE3
:10143000704805F02BF97048006A00EE900A6E487B
:10144000C06901EE100A5FEDA21A31EE211AB0EE6A
:10145000410A1FEDAC4A5FEDA83A1FEDA93A5FEDD6
:10146000BA2A1FEDB42ADFED5F1A1FEDAB1A5E48F2
:1014700005F06CFB01205D49487037E0FFE75B48F1
:101480004078012832D15948807878BB5848007894
:1014900005282BD154480078052827D155480078D5
:1014A000052823D15448006A01EE900A5248C069C9
:1014B00002EE100ADFED532A32EE222AB0EE421A73
:1014C0004D48006A00EE900A4B48C06900EE100AD1
:1014D0005FEDCC3A1FEDC83A5FEDD82A1FEDCA2A5E
:1014E000414805F0E1FE0120404988703F4880787E
:1014F00001280FD13E48007805280BD13A480078E2
:10150000052807D13B480078052803D102203B4934
:10151000087088E500E000BF00BF3D480068401C3F
:101520003B49086089E43B48006858B93248C069C3
:1015300000EE100A5FEDDE0A30EE200A10EE100A0F
:101540002D49C86129480078012808D1264800782B
:10155000052804D11FEDEC0A2F4880ED080A2F481A
:101560008078012804D0022828D0032875D175E09E
:101570001E48007808BB1C48007805281DD1254866
:101580000068C82819D31C48006A00EE900A1A485F
:10159000C06900EE100ADFED223A1FEDF93ADFEDE7
:1015A000212A9FED202ADFED201A9FED201A0E48F8
:1015B00005F07AFE01200D49087076E00B480078AE
:1015C000B8BB09480078052846D112480068C828E9
:1015D00042D30948006A00EE900A0748C06900EE4D
:1015E000100A27E00000344304080020485500207A
:1015F0009C540020E2540020EC0000204601002012
:10160000C453002000007A430000C8430000164382
:101610006C080020700800208C0700203C0100208E
:1016200000401C46000000000000BE43000048438C
:101630006AE211E05FED063A9FEDFB3A5FED072AA3
:101640001FED082A5FED081A1FED081AF74805F08C
:101650002BFE0120F649087027E025E0F4480078C9
:1016600008BBF248007805281DD1F2480068C82858
:1016700019D3F148006A00EE900AEF48C06900EE05
:10168000100A5FED193A9FEDE83A5FED1A2A1FED57
:101690001B2A5FED231A1FED1B1AE44805F004FE18
:1016A0000120E349087000E000BF00BFE048007877
:1016B000012807D1DD480078052803D10320DF4940
:1016C0000870B0E4DB480068401CDA4908601BE29F
:1016D000DB488079012820D1D948407802281BD1E5
:1016E0000020D8490860D8490860D2490860D74925
:1016F0000860D7490860D7490860D74908600120C9
:10170000D649887008710620CC4908700020CC4961
:1017100048700021CA48817185E4C9480079A0BB9E
:10172000C748C078012830D1C148007870BBC04894
:10173000807858BBBD480078052828D1C0488078FB
:1017400088B1C748D0ED030AB0EE600AF6EE001A81
:101750009FEDC41ADFEDC40AC44804F097FF0120CE
:10176000B34908709BE0BE48D0ED030AB0EE600AB2
:10177000DFEDBF1A9FEDBB1A5FED660ABB4804F0B0
:1017800085FF0120AA49887089E097E0FFE7A84813
:101790000078012833D1A648407878BBB348007858
:1017A00005282CD1A648807840B3AD48D0ED000A7A
:1017B000B0EE600AF6EE001A9FEDAA1ADFEDAD0A50
:1017C000AD4804F063FF9C48006A00EE900A9A4816
:1017D000C06900EE100ADFEDA93A9FEDA93A5FED6E
:1017E0006F2A1FED702A5FED701A9FEDA61A8F48C1
:1017F00005F05AFD01208E49487050E0FFE78C4803
:10180000407801281CD18A488078C8B98748007878
:10181000052815D198480078052811D19048D0EDB9
:10182000030AB0EE600AF6EE001A9FED8E1A5FED25
:10183000930A8E4804F02AFF01207D4988702EE02B
:101840007B48807801282AD17948C07838BB8748FE
:101850000078052823D17848006A02EE100ADFEDEF
:101860008A2A32EE622AF0EE421A7348C06901EE0B
:10187000100A7148006A00EE900A6F48C06900EED5
:10188000100A5FED993A9FED813A5FED9A2A1FEDBC
:101890009B2A664805F008FD01206549C870644828
:1018A000C078012857D161480078052853D101201C
:1018B00063490871042061490870EAE4604880794E
:1018C00090BB5F48C078032845D15948007860BB79
:1018D00056480078052828D15748006A00EE900A3B
:1018E0005548C06900EE100ADFED4F3A9FED683AA7
:1018F0005FEDB42A1FEDB52A5FEDBD1A1FEDBF1ACB
:101900004A4805F0D1FC5648D0ED000AB0EE600A16
:10191000F0EE081A9FED5F1A5FEDBE0A564804F01C
:10192000B5FE01204249087015E0414800780128C1
:1019300011D13F48407870B94C48007805280AD149
:101940003A480078052806D14B480078052802D18E
:1019500001213B4881713D480068401C3B490860BB
:10196000BAE33348007888BB3048007805282ED188
:10197000374800680A282AD8002038498870012092
:10198000C8702D48006A02EE100ADFED3F2A32EEE1
:10199000222AF0EE421A2848C06901EE100A2648B1
:1019A000006A00EE900A2448C06900EE100ADFEDDC
:1019B000333A9FED363A5FEDE52A1FEDE62A1B48E4
:1019C00005F072FC01201A49087081E0FFE7204809
:1019D0000068FA280DD31E480068B0F5967F08D23B
:1019E00000201E49C8701FEDF90A2B4880ED080A37
:1019F0006EE00F48007801286AD10D48407890B910
:101A00000A480078052863D111480068B0F5967F30
:101A10005ED11348D0ED030AB0EE600AF7EE081A63
:101A20009FED101A3AE053E00000FA440408002049
:101A30004855002070080020EC00002046010020DE
:101A40003C010020680800206C0800207408002079
:101A5000780800207C08002080080020C0000020BA
:101A6000C45300200000B4430000B4429C54002042
:101A7000CDCC4C3F0000B4C2E254002000409C4555
:101A800000004844000096430000A04200007A4451
:101A90000000FA43000070428C070020DFEDFE0AD0
:101AA000FE4804F0F3FDFE48807803280DD1FD4880
:101AB000D0ED000AB0EE600AF7EE001A9FEDFA1AB8
:101AC000DFEDFA0AFA4804F0E1FD0120F949487017
:101AD000F8484078012812D1F24890ED030A5FEDF2
:101AE0001E0AB4EEE00AF1EE10FA08D8F2480068D7
:101AF000B0F5167F03D90020F04908704EE4EE4897
:101B00000068401CEC490860E6E2E548407901289D
:101B10007ED1E8480078D0BBE9480078052837D165
:101B2000E048D0ED030AB0EE600AF0EE001A9FED37
:101B3000DE1ADFEDE40AD94804F0A8FDD948D0ED5B
:101B4000000AB0EE600AF7EE001A9FEDD71ADFED3B
:101B5000DE0AD74804F09AFDDC48006A00EE900ADD
:101B6000DA48C06900EE100A5FED513A1FED393ACC
:101B7000DFEDC92A9FEDC82ADFEDD51A9FEDD51AF2
:101B8000CF4805F091FB0120CA490870CDE0FFE77E
:101B9000C8480078012845D1C6484078C8BBBF482E
:101BA000007805283ED1C648007805283AD1C048BB
:101BB0000078052836D10020C74948710120C87136
:101BC000C248006A02EE100A5FED512A32EE622A24
:101BD000F0EE421ABD48C06901EE100ABB48006A27
:101BE00000EE900AB948C06900EE100A5FED723A43
:101BF0001FED593ADFEDA82A9FEDA72AB04805F05E
:101C000053FB642008F0CEFB0020B349C87101E00B
:101C1000A2E007E04FF4C87008F0C4FB0120A5491A
:101C2000487082E0A348407801287ED1A14880789E
:101C3000E8BBA3480078052877D19FEDA80AA848FB
:101C400080ED080AA148006A02EE100A5FED722AD0
:101C500032EE222AF0EE421A9C48C06901EE100AC8
:101C60009A48006A00EE900A9848C06900EE100A8F
:101C70005FED933A1FED7A3ADFED872A9FED862AD2
:101C80008F4805F011FB8748D0ED030AB0EE600ADB
:101C9000F6EE001A9FED841A5FED8D0A7F4804F07E
:101CA000F5FC4FF4FA7008F07DFB7E4800E03CE064
:101CB000D0ED000AB0EE600AF0EE081A1FED8B1AA4
:101CC000F2EE040A7A4804F0E1FC4FF4FA6008F0FE
:101CD00069FB7E48006A00EE900A7C48C06900EE0D
:101CE000100A5FEDAF3A1FED963ADFED6B2A9FEDDC
:101CF0006A2ADFED771A9FED7B1A714805F0D4FA56
:101D00004FF4FA7008F04EFB6648D0ED030AB0EECF
:101D1000600AF7EE001A9FED641ADFED5F0A5F4874
:101D200004F0B4FC0120634988706248807801287F
:101D30007ED15A48007805287AD161480078052874
:101D400076D15B480078052872D10020544908718B
:101D500006205A490870B4E451480079012867D137
:101D600054480078D0BB56480078052837D14D48F4
:101D7000D0ED030AB0EE600A5FEDC31A1FEDC71A7B
:101D8000DFED490A454804F081FC4648D0ED000AE1
:101D9000B0EE600ADFED541A9FED541A5FEDCB0AE6
:101DA000434804F073FC4948006A00EE900A474833
:101DB000C06900EE100ADFED4E3A1FEDCC3ADFEDC0
:101DC000362A9FED352ADFED421A1FEDD21A3C4824
:101DD00005F06AFA0120374908700AE1FFE7354843
:101DE0000078012840D133484078E8BB2B48007880
:101DF000052839D132480078052835D12C4800789B
:101E0000052831D10020344948713048006A02EE7B
:101E1000100A5FEDE32A32EE622AF0EE421A2B48F6
:101E2000C06901EE100A2948006A00EE900A00E03D
:101E3000F6E02648C06900EE100ADFED2E3A1FEDED
:101E4000ED3ADFED152A9FED142A1D4805F02CFA16
:101E5000C82008F0A7FA01201F49C8719FED1F0A8A
:101E60001F4880ED080A00E062E0322008F09AFA8C
:101E70001648006A02EE100A5FEDFD2A32EE222AB1
:101E8000F0EE421A1148C06901EE100A0F48006ACC
:101E900000EE900A0D482FE0000000009C54002046
:101EA0003C010020C453002000003443000098424D
:101EB000E254002048550020780800204601002008
:101EC000040800200000E6420000BEC2EC00002032
:101ED0000000C8430000A543C000002000803B452F
:101EE0008C07002000007A439A99993E0000344400
:101EF00000606A4600401C46C06900EE100A5FEDB3
:101F0000033A9FED773A5FED1C2A1FED1D2A7548B5
:101F100005F0CAF9962008F045FA00207249C87108
:101F20004FF4967008F03EFA01207049487060E066
:101F30006E48407801285CD16C488078E0BB6C48E2
:101F40000078052855D167480078052851D169489F
:101F5000007805284DD16848D0ED030AB0EE600A3C
:101F6000F6EE001A9FED651ADFED650A604804F091
:101F70008DFB4FF4FA7008F015FA5F48D0ED000AB7
:101F8000B0EE600ADFED5F1A1FED391A5FED3E0A11
:101F9000584804F07BFB4FF4FA7008F003FA5A48F3
:101FA000006A00EE900A5848C06900EE100A5FED22
:101FB0002F3A9FED4B3A00E01BE05FED492A1FED01
:101FC0004A2A5FED3D1A1FED391A464805F06CF9B3
:101FD0004948D0ED030AB0EE600ADFED4A1A9FEDE2
:101FE0004B1A5FED530A424804F050FB01203F4971
:101FF00088703E488078012812D13D480078052835
:102000000ED13848007805280AD13A4800780528CA
:1020100006D100203E49087106203E4908704CE474
:102020003D480068401C3C49086055E02F48007856
:1020300008BB2C48007805281DD135488078B0B100
:102040003148006A00EE900A2F48C06900EE100A7D
:10205000DFED323A9FED323A5FED712A1FED722AC1
:102060005FED601A9FED2F1A1E4805F01DF9012043
:102070001E49087021E01D48007801281DD11B4829
:102080004078D0B917480078052816D100201649A5
:1020900088700120C870C82008F084F90020124917
:1020A000C8701FED700A204880ED080A01200F4912
:1020B00048704FF47A7008F075F90C4840780128A0
:1020C00003D100201349087018E518480068401C27
:1020D0001649086000E000BF00BF00BF0EE5000029
:1020E00000007A4404080020C00000204855002069
:1020F0009C540020E2540020C45300200000B4434C
:102100000000B442CDCC4C3FEC00002000007043F6
:102110003C010020460100207C0800200000FA4419
:102120000000FA430000E1438C07002080080020F3
:1021300000BFFEE700B58BB000200690059001902F
:102140000290039004900790012008900E200A90BE
:102150000120099001A9064800F070FD044801F033
:1021600034FB0221024800F0AFFC0BB000BD0000C0
:102170008408002010B5024800F0BBFE10BD00002E
:102180008408002000B58BB00E200690002005903A
:1021900001900290039004900790012008901C2069
:1021A0000A900120099001A9054800F047FD044864
:1021B00001F00BFB0221024800F086FC0BB000BDD1
:1021C000AC08002010B5024800F093FE10BD0000DE
:1021D000AC08002010B5FFF7ADFFFFF7D3FF0748AD
:1021E00001F0F3FA064801F0F0FA0221034800F08A
:1021F0006BFC0221024800F067FC10BD840800203F
:10220000AC08002030B52DED108B83B004469FED57
:102210007B0AB0EE40FA94ED000AD4ED060A30EEE7
:10222000600A84ED020A94ED030AD4ED040A20EE5C
:10223000200AB0EE408A94ED040A20EE080A10EE5F
:10224000105A94ED020AD4ED040A94ED011A00EE3E
:10225000810AF0EE408A18EE900A09F041FE41EC46
:102260001E0BB0EE4E0AF0EE6E0A06F05FFDB0EE09
:1022700040DAF0EE60DA94ED030AF2EE000A20EEA6
:10228000200A10EE101A084609F02AFE53EC1D2B06
:10229000CDE900019DED000B51EC100B09F036FB70
:1022A00041EC1B0B28EE080A10EE101A084609F044
:1022B00017FE41EC1C0B53EC1B2B09F01FFA41ECF1
:1022C0001A0BB0EE4A0AF0EE6A0A06F049FEB0EECA
:1022D000409AF0EE609A51EC190B09F0DDF902908A
:1022E000284609F0FDFD41EC190B18EE900A09F0A3
:1022F000F7FD41EC1B0BB0EE4B0AF0EE6B0A06F05B
:1023000015FDB0EE40AAF0EE60AA53EC192B51EC8B
:102310001A0B09F0F9FB18D2B0EE680A03F0F2FFCD
:1023200000EE100AF8EEC00A9DED020A30EE480AEF
:1023300060EE800AB0EE001A80EE810AD4ED010A48
:1023400030EE200AB0EE40FA09E0D4ED040A88EE3F
:10235000A00AD4ED010A30EE200AB0EE40FA18EEE1
:10236000100A09F0BDFD41EC190B1FEE100A09F02F
:10237000B7FD41EC1B0BB0EE4B0AF0EE6B0A06F01A
:10238000D5FCB0EE40AAF0EE60AA53EC192B51EC4C
:102390001A0B09F0B9FB10D2B0EE4F0A03F0B2FFEE
:1023A00000EE100AB8EEC00AD4ED030ABFEE001A20
:1023B00060EE810A60EE20FA09E094ED030AFFEE78
:1023C000000A20EE200A20EE0F0AC0EE08FA94ED73
:1023D000000AD4ED050A94ED011A00EE810A84ED9D
:1023E000000A94ED010AD4ED050A00EEAF0A84ED6F
:1023F000010A03B0BDEC108B30BD000000000000EE
:10240000F0EE401AF4EEE01AF1EE10FA02D2B0EE5D
:10241000600A7047F4EEC11AF1EE10FA02DDB0EE78
:10242000410AF6E7B0EE610AF3E7000010B5034891
:10243000007805F019FE05F045FF10BDC80000202A
:1024400010B5026842600160D0E90023D21A8260B0
:10245000426902EBD2748368B3EB640F04DD436915
:102460008268D21A82600BE043695A4202EBD2744E
:102470008368B3EB640F03DA436982681A448260AD
:10248000D0E902321A44C260027F012A02D100223E
:10249000C260027710BD7CB505460E46144600208A
:1024A0000DE034F81010C1F307210DF8101014F8E6
:1024B00010204100491C0DF80120411C88B204285D
:1024C000EFDB08236A463146284600F001F87CBD60
:1024D0002DE9F04188B006460C4617461D46029489
:1024E0000020039004900590069501AB3A4602A99E
:1024F000304600F0FEFA8046B8F1000F04D10448DF
:102500004089401C0249488108B0BDE8F0810000C4
:102510004C5300204A780B7842EA032200EE102A3E
:10252000B8EEC00A80ED080A90ED080A704730B591
:1025300003464FF6FF728C7804F080043CB114041B
:102540008D7844EA0524CD7844EA050003E0CC7890
:102550008D7844EA052000EE100AB8EEC00A30BDBE
:1025600010B52DED0A8BB548D0ED0B1AB0EE611AFF
:10257000D0ED0A1AF0EE610AB148D0ED051AB0EEBE
:10258000610AB04803F0B6FAAC48D0ED0B0AB0EEE1
:10259000600AAD4800F074FAB0EE40AA1AEE100AD4
:1025A00009F09EFC41EC1C0BB0EE4C0AF0EE6C0AFC
:1025B00006F0BCFBB0EE40BAF0EE60BA9FEDA30BA4
:1025C00053EC102B51EC1B0B09F09EFA03D89FED36
:1025D000A10AB0EE40AA9B4890ED260A9E48D0ED95
:1025E0000A0A30EE200A30EE0A0ABDEEC00A10EEEA
:1025F000100A00B2994908809948D0ED0B1AB0EE44
:10260000611AD0ED0A1AF0EE610A8D48D0ED041A75
:10261000B0EE610A934803F06DFA9148D0ED0B0AD1
:10262000B0EE600A904800F02BFAB0EE408A18EE47
:10263000100A09F055FC41EC1C0BB0EE4C0AF0EE10
:102640006C0A06F073FBB0EE40BAF0EE60BA9FED94
:102650007F0B53EC102B51EC1B0B09F055FA03D8F0
:102660009FED7C0AB0EE408A7E4890ED260A7A48BB
:10267000D0ED090A30EE200A30EE080ABDEEC00A9D
:1026800010EE100A00B275494880784890ED0B1A98
:10269000F0EE410A6A4890ED061AB0EE410A74481D
:1026A00003F062F97148D0ED0B0AB0EE600A714890
:1026B00000F0E6F9F0EE408A18EE900A09F010FCFE
:1026C00041EC1C0BB0EE4C0AF0EE6C0A06F02EFB4F
:1026D000B0EE40BAF0EE60BA9FED5C0B53EC102BFD
:1026E00051EC1B0B09F010FA03D89FED5A0AF0EEDB
:1026F000408A5F4890ED080A30EE280ABDEEC00A15
:1027000010EE100A00B2554988805B48D0ED0B1AD4
:10271000B0EE611AD0ED0A1AF0EE610A4848D0ED29
:10272000001AB0EE610A554803F0E4F95248D0EDC2
:102730000B0AB0EE600A524800F0A2F9B0EE409ADF
:1027400019EE100A09F0CCFB41EC1C0BB0EE4C0A60
:10275000F0EE6C0A06F0EAFAB0EE40BAF0EE60BABB
:102760009FED3A0B53EC102B51EC1B0B09F0CCF9FD
:1027700003D89FED380AB0EE409A404890ED260A03
:102780004048D0ED0B0A30EE200A30EE090ABDEECB
:10279000C00A10EE100A00B23049C8803A4890EDE5
:1027A0000B1AF0EE410A264890ED071AB0EE410AE6
:1027B000364803F0D9F83548D0ED000AB0EE600A8B
:1027C000334800F05DF9F0EE409A19EE900A09F0F6
:1027D00087FB41EC1C0BB0EE4C0AF0EE6C0A06F0E5
:1027E000A5FAB0EE40BAF0EE60BA9FED180B53ECCC
:1027F000102B51EC1B0B09F087F903D89FED150A3C
:10280000F0EE409A214890ED080A30EE290ABDEE1C
:10281000C00A10EE100A00B21E4908800F4A4FF499
:1028200000711D48FFF737FE1A4A40F2FF111A489F
:10283000FFF731FEBDEC0A8B10BD000074030020D1
:10284000C45300200C050020680700200000000091
:1028500000C07240000000002C070020DC000020B7
:1028600020030020700400205C070020C803002023
:10287000A80500207407002094010020E801002032
:10288000D40700208C0700201C04002044060020F0
:1028900080070020E40000208408002010B50248D2
:1028A00001F034F810BD00006409002010B50248A2
:1028B00001F02CF810BD0000C40900200146087882
:1028C00010381823B0FBF3F20848805CC865032A6F
:1028D00005D908686FF30900001D886503E00868E2
:1028E0006FF309008865886D704700001CC10008FF
:1028F000014600208A6A8B69CBB932B1012A0DD01A
:10290000022A03D0032A10D10EE000BFCB6A03F0E5
:102910008073B3F1807F00D1012007E0CB6AB3F16F
:10292000C07F00D1012001E000E000BF34E08B69EE
:10293000B3F5005F1AD132B1012A07D0022A03D0C1
:10294000032A11D10AE000BF01200EE0CB6A03F098
:102950008073B3F1807F00D1012006E0CB6AB3F130
:10296000C07F00D1012000E000BF15E032B1012A94
:1029700005D0022A04D0032A0CD103E000BF00BF17
:10298000012008E0CB6A03F08073B3F1807F00D1AF
:10299000012000E000BF00BF704730B50468246824
:1029A00024F4802405682C60046863608468402CEB
:1029B00004D10468A2600468E16003E00468A160D7
:1029C0000468E26030BD00002DE9F04188B00646A1
:1029D0000C4617461D460294002003900490059073
:1029E000069501AB3A4602A9304600F082F88046CF
:1029F000B8F1000F04D10448C089401C0249C881C5
:102A000008B0BDE8F08100004C5300201CB5FF2049
:102A10008DF800008DF801008DF802008DF803009C
:102A20008DF804008DF805008DF80600FC208DF867
:102A3000070008236A4601210148FFF7C5FF1CBDB6
:102A400084080020704772B600BFFEE7014671EEB1
:102A5000602AF0EE621AB0EE602A30EE423A0120AF
:102A60008840401E02EE900AF8EEE22A63EE222A27
:102A700082EEA13AFCEEC32A12EE900A70470000E3
:102A8000F0EE400AB0EEE00A90ED021AB4EEC10A90
:102A9000F1EE10FA02D29FED0B0A704790ED000A9A
:102AA000F5EEC00AF1EE10FA02DDB7EE001A01E011
:102AB000BFEE001A20EE010A90ED011A01EE200A85
:102AC000EBE700000000000010B5024692F820304D
:102AD000012B01D0022B06D110684069084314680D
:102AE0006061002010BD506A40F4802050620120D7
:102AF000F8E7F0B504460D461E4694F820702068AD
:102B00008368A86800B900E000BF012F01D0022F40
:102B10007DD103F0806030B903F0006018B903F094
:102B2000805000287ED0C3F30161012088403060CE
:102B3000A86860B9B5F800C0E86840EA4C5C206855
:102B400000F5C07000EB0110C0F800C00FE0D5E93F
:102B500001C040EACC00D5F80CC040EA0C00D4F823
:102B600000C00CF5C07C0CEB011CCCF80000D5F8C3
:102B700010C0206800F5C07000EB0110C0F804C060
:102B8000287D01280ED1206800F5C07000EB0110EF
:102B9000406840F4807C206800F5C07000EB0110B4
:102BA000C0F804C0D079000692F806C040EA0C4094
:102BB00092F805C040EA0C2092F804C040EA0C00EC
:102BC000D4F800C00CF5C07C0CEB011CCCF80C0058
:102BD000D078000692F802C040EA0C4092F801C09A
:102BE00040EA0C2092F800C040EA0C00D4F800C083
:102BF0000CF5C07C0CEB011CCCF80800206800F53B
:102C0000C07000EB0110006840F0010C01E00FE023
:102C100008E0206800F5C07000EB0110C0F800C0AB
:102C20000020F0BD606A40F4001060620120F8E707
:102C3000606A40F4802060620120F2E7F0B504464B
:102C40000A4694F82050012D01D0022D7ED1424930
:102C500001F50071086840F001000860086820F480
:102C60007C5008600868566A40EA06200860107DBB
:102C700000F01F06012000FA06F3C8699843C861F6
:102C8000A1F50071D069C8B9D1F80C029843C1F818
:102C90000C02908880B2968940EA064601F51070D1
:102CA000576940F83760108880B2168940EA0646B6
:102CB00001F51070576900EBC7004660D069012824
:102CC00019D1D1F80C021843C1F80C02908880B2D7
:102CD000168840EA064601F51070576940F83760DB
:102CE000908980B2168940EA064601F5107057694E
:102CF00000EBC7004660906928B9D1F804029843F8
:102D0000C1F8040204E0D1F804021843C1F8040237
:102D1000106928B9D1F814029843C1F8140204E0EC
:102D2000D1F814021843C1F81402106A012804D122
:102D3000D1F81C021843C1F81C02D1F8000220F09F
:102D40000100C1F800020020F0BDFFE7606A40F416
:102D5000802060620120F7E700640040704770B592
:102D6000044694F82050012D01D0022D7DD151B997
:102D70002068C06800F0030080B9606A40F4001069
:102D80006062012070BD2068006900F0030028B96E
:102D9000606A40F4001060620120F3E7206800F5EB
:102DA000D87000EB0110006800F00400906090689B
:102DB00040B9206800F5D87000EB01100068400DA4
:102DC000106007E0206800F5D87000EB0110006883
:102DD000C0085060206800F5D87000EB0110006852
:102DE00000F00200D060206800F5D87000EB011000
:102DF000406800F00F00082802D30820106108E0A6
:102E0000206800F5D87000EB0110406800F00F005A
:102E10001061206800F5D87000EB0110406800F4E4
:102E20007F40000A9061206800F5D87000EB011027
:102E30004068000C5061206800F5D87000EB01106C
:102E400080681870206800F5D87000EB0110806869
:102E500000F47F40000A5870206800F5D87000EB3D
:102E60000110806800F47F0000E03CE0000C9870E6
:102E7000206800F5D87000EB01108068000ED87053
:102E8000206800F5D87000EB0110C0681871206848
:102E900000F5D87000EB0110C06800F47F40000A14
:102EA0005871206800F5D87000EB0110C06800F47C
:102EB0007F00000C9871206800F5D87000EB0110BD
:102EC000C068000ED87131B92068C06840F0200099
:102ED0002668F06005E02068006940F02000266860
:102EE000306100204EE7606A40F48020606201207B
:102EF00048E72DE9F05F0446002520684669206810
:102F0000D0F80490206887682068D0F80CA020686A
:102F1000D0F810B02068D0F8188006F00100002822
:102F200055D007F00100C0B101202168886007F08A
:102F3000020018B1204600F078FC0EE007F0040013
:102F400010B145F4006508E007F0080010B145F441
:102F5000805502E0204600F067FC07F48070C8B19D
:102F60004FF480702168886007F4007018B1204623
:102F700000F05DFC0EE007F4806010B145F40055F0
:102F800008E007F4006010B145F4804502E02046F7
:102F900000F04CFC07F48030C8B14FF48030216859
:102FA000886007F4003018B1204600F042FC0EE0C3
:102FB00007F4802010B145F4004508E007F4002034
:102FC00010B145F4803502E0204600F031FC06F0F7
:102FD000080038B10AF0100020B145F40075102047
:102FE0002168C86006F0040040B10AF0080028B16A
:102FF00008202168C860204600F00CFA06F00200A4
:1030000038B12068C06800F0030010B1204600F01D
:1030100003FA06F0400038B10BF0100020B145F47F
:10302000806510202168086106F0200040B10BF097
:10303000080028B1082021680861204600F0C2FB82
:1030400006F0100038B12068006900F0030010B1EC
:10305000204600F0B8FB06F4003040B109F0100043
:1030600028B1102021684860204600F0ADFB06F42E
:10307000803040B109F0080028B10820216848607C
:10308000204600F0D7FB06F4004088B309F00400A6
:1030900078B306F4807020B108F0010008B145F063
:1030A000010506F4007020B108F0020008B145F0F7
:1030B000020506F4806020B108F0040008B145F074
:1030C000040506F40060A0B108F0700088B108F0B3
:1030D0007000402817D006DC10280BD020280CD018
:1030E000302819D10CE0502810D0602814D110E0FD
:1030F0001DE019E045F008050FE045F010050CE073
:1031000045F0200509E045F0400506E045F0800562
:1031100003E045F4807500E000BF00BF20688069CF
:1031200020F07000216888610420216848602DB17A
:10313000606A284360622046FFF710FEBDE8F09FFA
:1031400070B504460CB9012070BD94F8200010B988
:10315000204600F0AFF82068006840F001002168C8
:10316000086000F0ADFE05460DE000F0A9FE401B32
:103170000A2808D9606A40F400306062052084F8AB
:1031800020000120E0E72068406800F001000028EE
:10319000EBD02068006820F002002168086000F091
:1031A0008FFE05460DE000F08BFE401B0A2808D973
:1031B000606A40F400306062052084F8200001203D
:1031C000C2E72068406800F002000028EBD1207EB2
:1031D000012806D12068006840F08000216808605E
:1031E00005E02068006820F0800021680860607EAB
:1031F000012806D12068006840F04000216808607E
:1032000005E02068006820F0400021680860A07E8A
:10321000012806D12068006840F02000216808607D
:1032200005E02068006820F0200021680860E07E4A
:10323000012806D12068006820F01000216808608D
:1032400005E02068006840F0100021680860207FD9
:10325000012806D12068006840F008002168086055
:1032600005E02068006820F0080021680860607FA1
:10327000012806D12068006840F004002168086039
:1032800005E02068006820F0040021680860D4E9A7
:103290000201084321690843616908436168491EC6
:1032A00008432168C86100206062012084F8200082
:1032B000002049E710B586B00446142101A8FDF7A7
:1032C0002AF94F492068884242D14E480068401C84
:1032D0004C4908600846006801280FD100BF002053
:1032E00000904948006840F000704749086008466F
:1032F000006800F00070009000BF00BF00BF002019
:10330000009041481038006840F002003E491039F2
:1033100008600846006800F00200009000BF00BF8F
:103320004FF440700190022002900020039003208F
:1033300004900920059001A9344800F0C7FC002240
:103340000521142000F084FE142000F06DFE54E0EE
:103350002F492068884250D100BF002000902A48A1
:10336000006840F08060284908600846006800F066
:103370008060009000BF00BF22480068401C2149C7
:1033800008600846006801280FD100BF00200090A7
:103390001D48006840F000701B490860084600683E
:1033A00000F00070009000BF00BF00BF0020009040
:1033B00015481038006840F00200134910390860C1
:1033C0000846006800F00200009000BF00BF6020C7
:1033D0000190022002900020039003200490092015
:1033E000059001A9094800F071FC00220521402048
:1033F00000F02EFE402000F017FE06B010BD0000C9
:1034000000640040180000204038024000040240E0
:10341000006800407047000010B588B00446D649E7
:10342000206888427ED1D54B01AA00212046FFF7B3
:1034300096FCD3488088401CD14988800198A0F22E
:10344000012005286FD2DFE800F0033A74ABEA00F0
:10345000CA49CC48FFF75EF8CA4880ED080AC74958
:1034600001A8FFF764F8C74880ED090A90ED080A43
:10347000BCEEC00A10EE101AFEF7E2FFC14890ED54
:10348000030AB8EEC00ADFEDC00A80EE201A9FEDF5
:10349000BF0A21EE000ADFEDBE0A80EE201A80EDA1
:1034A0000A1A90ED090ADFEDBA0A80EE201A80EDC3
:1034B0000B1AB348408B401CB1494883E7E0AF4941
:1034C000B448FFF727F8B34880ED080AAB4901A8D4
:1034D000FFF72DF8AF4880ED090A90ED080ABCEE21
:1034E000C00A10EE101AFEF7ABFFAA4890ED030ACF
:1034F000B8EEC00ADFEDA40A80EE201A9FEDA30A01
:1035000021EE000AF3EE030A80EE201A80ED0A1A7B
:1035100090ED090AF3EE030A80EE201A80ED0B1AF3
:10352000974801E0B5E0B1E0C08A401C9449C882E8
:10353000ADE092499848FEF7EDFF974880ED080A04
:103540008E4901A8FEF7F3FF934880ED090A90ED3C
:10355000080ABCEEC00A10EE101AFEF771FF8E4882
:1035600090ED030AB8EEC00ADFED870A80EE201A5C
:103570009FED860A21EE000ADFED880A80EE201A10
:1035800080ED0A1A90ED090ADFED840A80EE201A18
:1035900080ED0B1A7A48C08C401C7949C88476E0CB
:1035A00076497F48FEF7B6FF7D4880ED080A7349EB
:1035B00001A8FEF7BCFF7A4880ED090A90ED080AE1
:1035C000BCEEC00A10EE101AFEF73AFF744890EDF8
:1035D000030AB8EEC00ADFED6C0A80EE201A9FEDF8
:1035E0006B0A61EE000AB3EE031A80EE810ADFED8A
:1035F0006D0A80EE201A80ED0A1AD0ED090AB3EEAA
:10360000031A80EE810ADFED670A80EE201A80ED52
:103610000B1A5B48C08B401C5949C88337E0574997
:103620006148FEF777FF604880ED080A534901A81A
:10363000FEF77DFF5C4880ED090A90ED080ABCEEBC
:10364000C00A10EE101AFEF7FBFE574890ED030A71
:10365000F8EEC00A9FED4C1A80EE810ADFED4B0AAE
:1036600020EE200ADFED4A0A80EE201A80ED0A1AC9
:1036700090ED090ADFED460A80EE201A80ED0B1A64
:103680003F48408C401C3E49488400E000BF00BFDA
:1036900000BF4649206888426CD1454B01AA0021F1
:1036A0002046FFF75CFB3648C088401C81B2344896
:1036B000C1800198522831D008DC31280FD032283F
:1036C00025D033283BD0512851D10FE053283DD08D
:1036D000912812D0922828D0932848D13DE0344830
:1036E000007810B900203349087041E03048007874
:1036F00010B901202F4908703AE02F492C4804F0F6
:10370000E1FF1F48C08D401C1D49C88530E0284896
:10371000007810B900202749487029E02448007833
:1037200010B901202349487022E02449204804F0C0
:10373000C9FF1348408E401C1149488618E01C48B8
:10374000007810B900201B49887011E018480078F3
:1037500010B90120174988700AE01949144804F08B
:10376000B1FF0748408D401C0549488500E000BF77
:1037700000BF00BF08B010BD00640040CC000020B6
:103780004C53002074030020000000460000B443A6
:103790000000104220030020C803002000004C421B
:1037A0009401002034F40B401C0400200068004009
:1037B000D40000209001002000540020E453002099
:1037C0001C54002070477047704770B5044694F849
:1037D0002000012822D1022084F8200020680068FF
:1037E00020F001002168086000F06AFB05460DE04A
:1037F00000F066FB401B0A2808D9606A40F40030DC
:103800006062052084F82000012070BD20684068B7
:1038100000F001000028EBD16062F6E7606A40F436
:10382000002060620120F0E77047704770477047E2
:1038300070477047704770B50446A56D00F040FBB7
:10384000064694F83500022808D08020606500BF45
:10385000002084F8340000BF012070BD206800689B
:1038600020F01600216808602068406920F0800080
:1038700021684861206C08B9A06C28B120680068F4
:1038800020F00800216808602068006820F001002E
:103890002168086010E000F013FB801B05280BD99D
:1038A00020206065032084F8350000BF002084F8E4
:1038B000340000BF0320D0E72068006800F001005A
:1038C0000028E8D194F85C103F208840A8600120CF
:1038D00084F8350000BF002084F8340000BF00BF2A
:1038E000BBE7014691F83500022803D080204865E7
:1038F00001207047052081F835000868006820F035
:1039000001000A6810600020F3E70000F8B50446E3
:10391000002000908C4800684FF41651B0FBF1F77E
:10392000A56D2E6894F85C1008208840304098B14E
:103930002068006800F0040070B12068006820F082
:1039400004002168086094F85C1008208840A86092
:10395000606D40F00100606594F85C1001208840C3
:10396000304068B12068406900F0800040B194F8B0
:103970005C1001208840A860606D40F00200606526
:1039800094F85C1004208840304068B120680068DA
:1039900000F0020040B194F85C1004208840A86058
:1039A000606D40F00400606594F85C101020884061
:1039B000304078B32068006800F0080050B394F8F5
:1039C0005C1010208840A8602068006800F4802007
:1039D00080B12068006800F4002028B9206CC8B1CC
:1039E0002046216C884715E0A06C98B12046A16C58
:1039F00088470FE02068006800F4807028B92068CC
:103A0000006820F0080021680860206C10B1204692
:103A1000216C884794F85C102020884030400028B2
:103A200065D02068006800F0100000285FD094F88E
:103A30005C1020208840A86094F83500052828D123
:103A40002068006820F0160021680860206840693E
:103A500020F0800021684861206C08B9A06C28B172
:103A60002068006820F008002168086094F85C1065
:103A70003F208840A860012084F8350000BF002066
:103A800084F8340000BF206D10B12046216D8847B6
:103A9000F8BD2068006800F4802080B120680068CC
:103AA00000F4002028B9606C10B12046616C884792
:103AB0001DE0E06BD8B12046E16B884717E0206835
:103AC000006800F4807068B92068006820F0100079
:103AD00021680860012084F8350000BF002084F8C8
:103AE000340000BFE06B10B12046E16B8847606D89
:103AF00038B3606D00F00100F0B1052084F83500A6
:103B00002068006820F001002168086000BF00986C
:103B1000401C0090B84200D905E02068006800F021
:103B200001000028F3D100BF012084F8350000BF58
:103B3000002084F8340000BFE06C10B12046E16C36
:103B4000884700BFA4E70000280000202DE9F041CD
:103B50000446002500F0B4F9074614B90120BDE879
:103B6000F081606A00B100BF022084F8350000BF18
:103B7000002084F8340000BF2068006820F00100B5
:103B8000216808600AE000F09BF9C01B052805D9F0
:103B900020206065032084F83500E0E72068006895
:103BA00000F001000028EED120680568214805409A
:103BB000D4E901010843E1680843216908436169C8
:103BC0000843A1690843E1690843216A08430543A2
:103BD000606A042803D1D4E90B0108430543206837
:103BE00005602068456925F00705606A0543606A3D
:103BF00004280DD1A06A0543E06A48B12046FEF7CB
:103C000077FE28B140206065012084F83500A6E7E2
:103C1000206845612046FEF751FE064694F85C1088
:103C20003F208840B06000206065012084F83500A6
:103C3000002094E73F8010F02DE9F04704460D4640
:103C400016461F464FF00008D4F8589000BF94F86D
:103C50003400012802D10220BDE8F087012084F859
:103C6000340000BF94F83500012825D1022084F8E3
:103C70003500002060653B46324629462046FEF767
:103C80008CFE94F85C103F208840C9F8080020683A
:103C9000006840F0160021680860206C28B1206898
:103CA000006840F00800216808602068006840F063
:103CB00001002168086006E000BF002084F834009D
:103CC00000BF4FF002084046C6E70000F8B50246C4
:103CD0000B460025002400200021D6E0012606FA2C
:103CE00001F51E6806EA0504AC4274D11E7906F09F
:103CF0000306012E04D01E7906F00306022E13D10E
:103D000090684F000326BE40B0434F00DE68BE40BF
:103D100030439060506801268E40B0431E79C6F350
:103D200000168E40304350601E7906F00306032EC5
:103D300009D0D0684F000326BE40B0434F009E68B4
:103D4000BE403043D0601E7906F00306022E13D128
:103D5000CF0802F1200656F827004E07F70E0F266F
:103D6000BE40B0434F07FF0E1E69BE403043CF0830
:103D700002F1200646F8270010684F000326BE40D7
:103D8000B0431E7906F003064F00BE40304310607A
:103D90005E6806F44036002E76D000BF00260096FE
:103DA0003C4E366846F480463A4F3E603E463668A2
:103DB00006F48046009600BF00BF374E8F0856F8C5
:103DC00027008E07370F0F26BE40B043334EB24256
:103DD00002D1002624E057E0314EB24201D1012643
:103DE0001EE0304EB24201D1022619E02E4EB24200
:103DF00001D1032614E02D4EB24201D104260FE07A
:103E00002B4EB24201D105260AE02A4EB24201D120
:103E1000062605E0284EB24201D1072600E008261A
:103E20008F073F0FBE4030431B4E8F0846F82700D8
:103E3000224E3068A0435E6806F4801606B1204327
:103E40001E4E3060361D3068A0435E6806F40016D2
:103E500006B12043194E361D3060184E361F3068AB
:103E6000A0435E6806F4003606B12043134E361FA9
:103E70003060361F3068A0435E6806F4803606B1B5
:103E800020430E4E083E3060491C1029FFF426AF37
:103E9000F8BD0000443802400838014000000240EC
:103EA0000004024000080240000C024000100240E2
:103EB0000014024000180240001C0240083C01406F
:103EC00001480068704700001C000020034800689B
:103ED0000349097808440149086070471C00002024
:103EE0002400002010B50D48006840F400700B4914
:103EF00008600846006840F4806008600846006872
:103F000040F480700860032000F0E0F80F2000F01B
:103F100007F800F05FF8002010BD0000003C0240F0
:103F20002DE9F04188B004460027B84600BF0020C4
:103F300001902348006840F01000214908600846BD
:103F4000006800F01000019000BF00BF02A903A8A4
:103F500000F092F9069F1FB900F0B6F9054602E09D
:103F600000F0B2F945001748B5FBF0F0A0F10108E8
:103F700015481649086040F2E7311448C160C0F89E
:103F80000480002101618160816100F0BFFC064670
:103F900096B90E4800F012FD06466EB9362000F0C4
:103FA00043F8102C07D200222146362000F050F8AA
:103FB0000748046000E00126304608B0BDE8F08103
:103FC0004038024040420F0000100040240A002008
:103FD0002000002008B500BF0020009011480068B4
:103FE00040F480400F4908600846006800F48040B3
:103FF000009000BF00BF00BF00200090081F0068B5
:1040000040F08050091F08600846006800F08050AA
:10401000009000BF00BF00220F21901E00F018F892
:1040200008BD0000443802400146084600280DDB68
:1040300000BF00BF00F01F0301229A4043099B000C
:1040400003F1E023C3F8002100BF00BF00BF7047A9
:104050002DE9F05F80460D461646002704F0EAFB86
:10406000074639462A46334601F00700C0F1070AE1
:10407000BAF1040F02D94FF0040A01E0C0F1070AB7
:10408000D14600F1040ABAF1070F02D24FF0000A3C
:1040900001E0A0F1030AD4464FF0010A0AFA09FA36
:1040A000AAF1010A0AEA020A0AFA0CFA4FF0010B15
:1040B0000BFA0CFBABF1010B0BEA030B4AEA0B0406
:1040C0002146404604F0BEFBBDE8F09F00BF00F073
:1040D0000702064B19684FF6FF031940044B0B43C8
:1040E00043EA0221014B196000BF70470CED00E06C
:1040F0000000FA0570B504460D460CB9012070BDEC
:104100005848006800F00700A84209D255490D70D0
:104110000846006800F00700A84201D00120EEE741
:10412000207800F0020002281DD1207800F0040061
:10413000042805D14C48006840F4E0504A49086022
:10414000207800F00800082805D14748006840F4AE
:104150006040454908604448006820F0F000A168CC
:10416000084341490860207800F00100A8B3606866
:10417000012807D13C4808380068C0F34040B8B96E
:104180000120BCE76068022802D06068032807D1DC
:10419000354808380068C0F3406048B90120AEE7F0
:1041A000314808380068C0F3400008B90120A6E78C
:1041B0002D48006820F00300616808432A49086020
:1041C000FFF77EFE064609E0FFF77AFE801B41F20C
:1041D0008831884202D9032091E707E0224800682D
:1041E00000F00C006168B0EB810FEDD11D48006854
:1041F00000F00700A84209D91A490D700846006866
:1042000000F00700A84201D0012078E7207800F0F4
:104210000400042807D11448006820F4E050E16845
:10422000084311490860207800F00800082808D1E8
:104230000D48006820F46040216940EAC1000A4945
:10424000086000F061F808490968C1F30311074AE2
:10425000515CC8400649086006480068FFF760FEE8
:1042600000204CE7003C02400838024024C100080E
:1042700028000020200000200F2202600D4A126852
:1042800002F0030242600B4A126802F0F002826000
:10429000084A126802F4E052C260064A126802F448
:1042A0006042D2080261044A126802F007020A6002
:1042B0007047000008380240003C02400148006896
:1042C000704700002800002000B5FFF7F7FF044901
:1042D0000968C1F38221034A515CC84000BD000057
:1042E0000838024034C1000800B5FFF7E7FF044971
:1042F0000968C1F34231034A515CC84000BD000067
:104300000838024034C100082DE9F0470024002598
:104310000026A1462548006800F00C0020B10428C2
:1043200005D008283AD105E0DFF8849039E0DFF8BD
:10433000849036E01D48001F006800F03F041B48D1
:10434000001F006800F4800078B11A481749091F5F
:104350000968C1F38811A0FB0170014622460023C1
:104360003846FCF701F805460EE011480F49091FD1
:104370000968C1F38811A0FB0170014622460023A1
:104380003846FBF7F1FF05460848001F0068C0F3F8
:104390000140401C4600B5FBF6F902E0DFF8109042
:1043A00000BF00BF4846BDE8F08700000838024063
:1043B0000024F40000127A00F8B504460CB901207C
:1043C000F8BD207800F00100002874D0F94800689A
:1043D00000F00C0004280DD0F648006800F00C0036
:1043E000082813D1F348001F006800F48000B0F5DE
:1043F000800F0BD1EF4808380068C0F34040002818
:1044000059D06068002856D10120D9E700BF606804
:10441000B0F5803F08D1E7480838006840F48030A4
:10442000E449083908601EE06068B0F5A02F0DD19E
:10443000E0480838006840F48020DE490839086008
:104440000846006840F4803008600CE0D94808381D
:10445000006820F48030D7490839086008460068B1
:1044600020F48020086000BF606890B1FFF728FD4D
:10447000054606E0FFF724FD401B642801D9032010
:104480009EE7CC4808380068C0F340400028F1D0CF
:1044900011E0FFF715FD054606E0FFF711FD401B93
:1044A000642801D903208BE7C24808380068C0F3AC
:1044B00040400028F1D1207800F0020002285FD1AE
:1044C000BC48006800F00C0058B1BA48006800F021
:1044D0000C0008281CD1B748001F006800F48000B9
:1044E000B0B9B44808380068C0F3400020B1E068B3
:1044F000012801D0012063E7AE480838006820F0A9
:10450000F800216940EAC100AA490839086037E08B
:10451000E06800B30120A8490860FFF7D1FC054618
:1045200006E0FFF7CDFC401B022801D9032047E736
:10453000A04808380068C0F340000028F1D09D482A
:104540000838006820F0F800216940EAC100994964
:104550000839086014E0002097490860FFF7B0FCB4
:10456000054606E0FFF7ACFC401B022801D90320FA
:1045700026E7904808380068C0F340000028F1D1D1
:10458000207800F0080008282CD16069A8B101202B
:104590008A490860FFF794FC054606E0FFF790FCA7
:1045A000401B022801D903200AE782486C300068CA
:1045B000C0F340000028F1D014E000207F490860DB
:1045C000FFF77EFC054606E0FFF77AFC401B022859
:1045D00001D90320F4E677486C300068C0F340004E
:1045E0000028F1D1207800F00400042870D10027C1
:1045F00070483830006800F0805090B900BF00204B
:1046000000906C483830006840F08050694938317B
:1046100008600846006800F08050009000BF00BFAE
:1046200001276748006800F48070B0B964480068EA
:1046300040F4807062490860FFF742FC054606E0DE
:10464000FFF73EFC401B022801D90320B8E65C4876
:10465000006800F480700028F2D000BFA068012834
:1046600008D154486830006840F001005149683171
:1046700008601DE0A06805280DD14E48683000682C
:1046800040F004004B49683108600846006840F07B
:10469000010008600CE047486830006820F0010025
:1046A0004449683108600846006820F0040008604A
:1046B00000BFA068A8B1FFF703FC054609E0FFF7BB
:1046C000FFFB401B41F28831884202D9032077E684
:1046D00026E0384868300068C0F340000028EED07B
:1046E00013E0FFF7EDFB054608E0FFF7E9FB401B91
:1046F00041F28831884201D9032061E62D486830B3
:104700000068C0F340000028EFD1012F07D12948ED
:104710003830006820F0805026493831086000BFEA
:10472000A069002845D02348006800F00C00082844
:104730005DD0A069022845D100201F490866FFF717
:10474000BFFB054606E0FFF7BBFB401B022801D973
:10475000032035E6174808380068C0F34060002899
:10476000F1D1D4E907010843616A40EA81110122CD
:10477000A06AC2EB500041EA00412C20005D41EAF2
:1047800000600C49091F086001200B490866FFF70B
:1047900097FB054606E0FFF793FB401B022801D973
:1047A00003200DE6034808380068C0F34060002885
:1047B000F1D049E00838024000004742800E4742ED
:1047C00000700040002021490866FFF779FB05468C
:1047D00006E0FFF775FB401B022801D90320EFE537
:1047E0001B480068C0F340600028F2D12CE0A069AB
:1047F000012800D1E4E51648001D0668A0690128DB
:1048000020D006F48001E06981421BD106F03F010F
:10481000206A814216D147F6C0703040616AB0EB21
:10482000811F0FD106F440310122A06AC2EB500073
:10483000B1EB004F06D106F070612C20005DB1EBAA
:10484000006F01D00120BBE50020B9E50000474220
:10485000003802407047704730B502460B4600BF33
:1048600092F83C00012801D1022030BD012082F8DD
:104870003C0000BF022082F83D00106844681068C8
:10488000816824F070041868044310684460184D6F
:104890001068A8421BD01068B0F1804F17D0154D9A
:1048A0001068A84213D0144D1068A8420FD0134DC1
:1048B0001068A8420BD0124D1068A84207D0114DC5
:1048C0001068A84203D0104D1068A84205D121F00D
:1048D00080015868014310688160012082F83D0022
:1048E00000BF002082F83C0000BF00BFBDE7000011
:1048F000000001400004004000080040000C00409F
:1049000000040140004001400018004010B504467A
:104910000CB9012010BD94F83D0028B9002084F89E
:104920003C00204600F026F8022084F83D00211DBE
:10493000206801F0FFFD012084F8460000BF84F8E4
:104940003E0001213F2001554020015541200155E5
:1049500000BF00BF012084F84200432001554420DD
:1049600001554520015500BF012084F83D0000207D
:10497000D0E7000038B504460E492068884217D1B8
:1049800000BF002000900C48006840F002000A4977
:1049900008600846006800F00200009000BF00BFF9
:1049A000002205211D20FFF753FB1D20FFF73CFBD4
:1049B00038BD00000004004040380240014691F834
:1049C0003D00012801D001207047022081F83D0000
:1049D0000868C06840F001000B68D8601A4B08688E
:1049E00098421BD00868B0F1804F17D0174B086869
:1049F000984213D0164B086898420FD0154B0868A0
:104A000098420BD0144B0868984207D0134B0868A3
:104A1000984203D0124B086898420CD1086880680D
:104A200000F00702062A0CD00868006840F0010078
:104A30000B68186005E00868006840F001000B682A
:104A400018600020C0E700000000014000040040A2
:104A500000080040000C00400004014000400140FC
:104A6000001800402DE9F04104460D46002700BF24
:104A700094F83C00012802D10220BDE8F081012019
:104A800084F83C0000BF022084F83D00206886685E
:104A900026F0770626F47F4620688660286850282E
:104AA00033D00CDC202850D004DC00284BD0102858
:104AB00051D149E0302849D040284CD139E0602814
:104AC0002DD0702807D0B0F5805F03D0B0F5005F1F
:104AD00041D10DE041E0D5E902136A68206801F098
:104AE00099FD2068866846F077062068866034E085
:104AF000D5E902136A68206801F08CFD206880689F
:104B000040F480402168886027E0EA68696820688E
:104B100001F094FD5021206801F087FD1DE0EA6856
:104B20006968206801F09DFD6021206801F07DFD2D
:104B300013E0EA686968206801F080FD4021206880
:104B400001F073FD09E000BF00BF00BF29682068C5
:104B500001F06BFD01E0012700BF00BF012084F8D8
:104B60003D0000BF002084F83C0000BF384684E7C9
:104B7000704770B504462068C5682068066906F06D
:104B80000200022819D105F00200022815D1401FA9
:104B900021680861012020772068806900F0030007
:104BA00018B12046FFF7E4FF05E0204600F097F833
:104BB000204600F095F80020207706F00400042835
:104BC00019D105F00400042815D1C04321680861FB
:104BD000022020772068806900F4407018B12046D8
:104BE000FFF7C6FF05E0204600F079F8204600F008
:104BF00077F80020207706F00800082819D105F082
:104C00000800082815D1C0432168086104202077D6
:104C10002068C06900F0030018B12046FFF7A8FF24
:104C200005E0204600F05BF8204600F059F800202F
:104C3000207706F01000102819D105F01000102878
:104C400015D1C04321680861082020772068C06919
:104C500000F4407018B12046FFF78AFF05E02046B7
:104C600000F03DF8204600F03BF80020207706F0E9
:104C7000010048B105F0010030B16FF0010021687A
:104C80000861204600F02EF806F08000802809D147
:104C900005F08000802805D1C043216808612046C6
:104CA000FFF7D8FD06F04000402809D105F040008C
:104CB000402805D1C04321680861204600F0F6F87D
:104CC00006F02000202809D105F02000202805D179
:104CD000C043216808612046FFF7BDFD70BD7047E5
:104CE0007047000010B5044663492068884201D12E
:104CF000FFF7ECF860492068884270D15F4800787F
:104D0000072804D05E480068401C5D4908605D4883
:104D100090ED000ADFED5C0A30EE200A80ED000A1B
:104D20005A48D0F8260000EE100ADFED570A30EEA0
:104D3000200A10EE100A5549C1F826005448D0F850
:104D4000260000EE100ADFED500A30EE200A10EEC9
:104D5000100A4F49C1F826004E48407801280DD16D
:104D60004C48D0F8420000EE100ADFED470A30EE62
:104D7000200A10EE100A4749C1F842004548407821
:104D800002280DD14348D0F83E0000EE100ADFEDB6
:104D90003E0A30EE200A10EE100A3E49C1F83E00ED
:104DA0003D490968D9B1374991ED000ADFED3B0A69
:104DB00020EE200ABCEEC00A10EE101A88B200EBFA
:104DC000D0714910A0EB410149B99FED350A2D483A
:104DD00080ED000A01213048006804F077FA31497B
:104DE0002068884247D1304840892F4908810020F7
:104DF00048810846408A0882002048820846C08EC2
:104E000088860020C8860846C08D88850020C88511
:104E10000846408E0886002048860846C08B888356
:104E20000020C8830846408D088500204885084634
:104E300080880880002088800846C088488000213B
:104E40001948C180408F18490887002048870846C4
:104E5000C08C88840020C8840846C08A88820020CC
:104E6000C8820846408B0883002048830846408C4F
:104E700008840020488410BD00100040C4020020B7
:104E80005C5400204C0800206F12833AE25400204A
:104E90009C54002004080020140000200000FA4464
:104EA00000000000000400404C5300207047704791
:104EB00070B50446002520684069C0F3C01594F819
:104EC0004100212817D1B5B100BF00BF21681431BE
:104ED00051E8001F21F080002168143141E80002F0
:104EE000002AF3D100BFA06B10B1A06BFEF7A3FCAA
:104EF000204602F0C7FD20684069C0F3801594F891
:104F00004200222817D1B5B100BF00BF216814317B
:104F100051E8001F21F040002168143141E80002EF
:104F2000002AF3D100BFE06B10B1E06BFEF783FC09
:104F3000204602F061FD002070BD70472DE9F84F5A
:104F40000446206805682068C668206847694FF0F5
:104F50000009CA4605F00F09B9F1000F0AD105F0A2
:104F6000200038B106F0200020B1204602F09DFD5F
:104F7000BDE8F88FB9F1000F7CD007F0010018B937
:104F800006F49070002875D005F0010030B106F4E9
:104F9000807018B1606C40F00100606405F004009E
:104FA00030B107F0010018B1606C40F0020060649D
:104FB00005F0020030B107F0010018B1606C40F05C
:104FC0000400606405F0080048B106F0200010B944
:104FD00007F0010018B1606C40F008006064606C7C
:104FE000002846D005F0200028B106F0200010B1BE
:104FF000204602F05AFD20684069C0F3801A606CB8
:1050000000F0080010B9BAF1000F2DD0204602F0D0
:10501000F3FC2068406900F04000402820D100BF28
:1050200000BF2168143151E8001F21F040002168C1
:10503000143141E80002002AF3D100BFE06B50B107
:105040007F48E16B0865E06BFEF74BFC88B1E06BD5
:10505000016D88470DE02046FFF76FFF09E009E08A
:105060002046FFF76AFF04E02046FFF766FF0020B6
:1050700060647DE7206B012878D105F010000028DE
:1050800074D006F010000028FAD000BF0020009075
:1050900020680068009020684068009000BF00BF52
:1050A0002068406900F04000402870D1E06B006843
:1050B00040681FFA80F8B8F1000F58D0A08D404525
:1050C00055DDA4F82E80E06BC069B0F5807F43D039
:1050D00000BF00BF21680C3151E8001F21F480702F
:1050E00021680C3141E80002002AF3D100BF00BF63
:1050F00000BF2168143151E8001F21F00100216830
:10510000143141E80002002AF3D100BF00BF00BF04
:105110002168143151E8001F21F04000216814314A
:1051200041E80002002AF3D100BF202084F84200A9
:105130000020206300BF00BF21680C3151E8001F30
:1051400021F0100021680C3141E80002002AF3D15F
:1051500000BFE06BFEF76FFB02206063A08DE28D65
:10516000801A81B22046FFF7A2FE0EE052E0A08D29
:1051700040450AD1E06BC069B0F5807F05D10220BF
:105180006063A18D2046FFF792FEF1E6FFE7A08D58
:10519000E18D401A1FFA80F8E08DD0B3B8F1000F0E
:1051A00037D000BF00BF21680C3151E8001F21F447
:1051B000907021680C3141E80002002AF3D100BF51
:1051C00000BF00BF2168143151E8001F21F0010029
:1051D0002168143141E80002002AF3D100BF2020E9
:1051E00084F842000020206300BF00BF21680C311A
:1051F00051E8001F21F0100021680C3141E8000245
:10520000002AF3D100BF0220606341462046FFF729
:105210004EFEADE605F0800030B106F0800018B11A
:10522000204602F043FEA3E605F0400030B106F050
:10523000400018B1204602F015FC99E600BF97E641
:105240005978000810B504460CB9012010BDA069BA
:1052500000B100E000BF94F8410028B9002084F8B4
:105260004000204600F02AF8242084F841002068FD
:10527000C06820F400502168C860204602F094FC09
:105280002068006920F49040216808612068406926
:1052900020F02A00216848612068C06840F400506E
:1052A0002168C86000206064202084F8410084F8F0
:1052B00042000020606300BFC8E7000010B586B060
:1052C0000446142101A8FBF726F9404920688842CA
:1052D0007AD100BF002000903D48006840F01000E7
:1052E0003B4908600846006800F01000009000BFCD
:1052F00000BF00BF0020009035481438006840F01F
:1053000001003349143908600846006800F00100C4
:10531000009000BF00BF4FF4C060019002200290D7
:1053200001200390032004900720059001A929483B
:10533000FEF7CCFC2848294908604FF0006048601F
:10534000002126488160C1604FF480610161002125
:1053500041618161C1614FF44031016200214162CC
:10536000FEF7F4FB08B1FDF76EFB00BF1B48E063DE
:10537000846300BF18487830194908604FF0006016
:1053800048604021164881600021C1604FF480616F
:105390000161002141618161C1614FF440310162CD
:1053A00000214162FEF7D2FB08B1FDF74CFB00BFC4
:1053B0000B48A063846300BF002205212520FEF76F
:1053C00047FE2520FEF730FE06B010BD001001405C
:1053D000443802400000024040640240640900205A
:1053E000C409002070B504460D46164694F84200E4
:1053F00020280BD105B10EB9012070BD002020631B
:1054000032462946204602F0E5FCF6E70220F4E7A2
:1054100070477047F7B50446154694F841002028B8
:105420003ED1019800B10DB90120FEBD0198206266
:10543000A584E58400206064212084F84100194897
:10544000A16BC8631848A16B08641848A16BC864B5
:105450000020A16B086501AE23681A1D31682B4638
:10546000A06BFEF7E9FB30B110206064202084F8C7
:1054700041000120D9E76FF040002168086000BFBB
:1054800000BF2168143151E8001F41F080002168FD
:10549000143141E80002002AF3D100BF0020C4E724
:1054A0000220C2E793790008EB7900086B780008C6
:1054B0007047704700BFFEE710B5104810490860FC
:1054C0000320486000210E488160C1604FF4002134
:1054D00001614FF4401141610021017601214176C3
:1054E000002181760121C1760021017701214177D8
:1054F000FDF726FE08B1FDF7A6FA10BD00640040D6
:105500008408002010B51048104908600320486046
:1055100000210E488160C1604FF4002101614FF409
:1055200040114161002101760121417600218176FF
:105530000121C176002101774177FDF701FE08B115
:10554000FDF781FA10BD000000680040AC080020A3
:1055500008B500BF002000900E48006840F48000AD
:105560000C4908600846006800F48000009000BF05
:1055700000BF002205213A20FEF76AFD3A20FEF71F
:1055800053FD002205214620FEF762FD4620FEF76E
:105590004BFD08BD3038024010B5154A00211548B2
:1055A00003F02DFF14490860144A0021144803F049
:1055B00026FF14490860144A0021144803F01FFF15
:1055C00013490860134A0021134803F018FF1349D8
:1055D0000860134A0021134803F011FF12490860C4
:1055E000124A0021124803F00AFF1249086010BD58
:1055F00044C00008276300080000002068C00008BD
:10560000A1630008040000208CC00008316300087A
:1056100008000020B0C00008556300080C000020FE
:10562000D4C000087D63000810000020F8C0000806
:10563000C56300081400002008B500BF00200090DA
:105640001548006840F0800013490860084600686B
:1056500000F08000009000BF00BF00BF002000905D
:105660000846006840F0010008600846006800F045
:105670000100009000BF00BF00BF0020009008465E
:10568000006840F0020008600846006800F0020070
:10569000009000BF00BF08BD3038024000B587B0A1
:1056A0000020039004900590069001900290154808
:1056B0001549086042F2CF0048600021124881601D
:1056C00042F20F71C160002101618161FFF71EF993
:1056D00008B1FDF7B8F94FF48050039003A90A48C8
:1056E000FFF7C0F908B1FDF7AEF900200190029074
:1056F00001A90548FFF7B0F808B1FDF7A4F907B014
:1057000000BD000000040040D408002010B50B4884
:105710000B4908604FF4612048600021084881600F
:10572000C16001610C21416100218161C161FFF70C
:1057300089FD08B1FDF787F910BD00000010014098
:105740001C09002000BFFEE710B56D48007830B995
:1057500000F0EAFC6B496C48FBF7D2FA27E0684896
:105760000078012823D1694890ED010A654880ED51
:10577000020A674890ED010A624880ED010A654817
:1057800090ED140A5F4880ED000A634890ED010A2D
:105790005C4880ED030A614890ED0A0A594880EDA3
:1057A000050A5F4890ED0A0A564880ED040AFAF7A8
:1057B00079FF5448D0ED030AB0EE600A9FED591A04
:1057C000F9EE040AFCF71CFE4E4880ED030AD0ED0A
:1057D000020AB0EE600A9FED541ADFED540AFCF79E
:1057E0000FFE484880ED020AD0ED010AB0EE600AD3
:1057F0009FED4F1AFBEE0E0AFCF702FE414880EDCA
:10580000010AD0ED000AB0EE600A9FED491ADFED03
:10581000490AFCF7F5FD3B4880ED000AD0ED060A89
:10582000B0EE600A9FED441ADFED440AFCF7E8FD94
:10583000344880ED060AD0ED040AB0EE600A9FED10
:10584000401ADFED390AFCF7DBFD2E4880ED040A33
:10585000D0ED050AB0EE600A9FED321ADFED390A8D
:10586000FCF7CEFD274880ED050A90ED020A364888
:1058700080ED000A234890ED010AB1EE400A32485B
:1058800080ED010A1F4890ED000A2F4880ED020AC2
:105890001C4890ED040AB1EE400AF1EE000A80EED9
:1058A000201A2A4880ED001A164890ED050AB1EE3C
:1058B000400AF0EE000A80EE201A244880ED011A1A
:1058C0002148FBF727F9214800F09EF9FCF748FE34
:1058D0001F48FAF705FF1F4908701D48801DFAF799
:1058E000FFFE1C49487009491B4802F085FD084924
:1058F0001A4802F081FD0849194802F07DFD10BDEB
:1059000064080020C4530020EC0000200054002054
:10591000E4530020E80100201C5400207403002000
:10592000200300200000344300000000000016C3E4
:105930000000B4420000BEC200003445000034C57F
:1059400000000744000007C48C0700202C0700203B
:1059500040530020AC0000206001002048010020DE
:105960007801002000BFFEE710B52DED088B04463E
:10597000B0EE408AF0EE608A94ED020A84ED030AEC
:1059800084ED008AC4ED018A94ED000AD4ED010A89
:1059900030EE600A84ED020A94ED120A10EE101A3D
:1059A000084606F09DFA41EC190B94ED020A10EE40
:1059B000101A084606F094FA41EC1B0BB0EE4B0AA5
:1059C000F0EE6B0A03F0B2F9B0EE40AAF0EE60AA76
:1059D00053EC192B51EC1A0B05F05CFF03D89FED2B
:1059E000440A84ED020AD4ED111AB0EE611AD4ED26
:1059F000111AF1EE611AF0EE610AD4ED021AB0EE5E
:105A0000610AFCF7FDFC84ED020A94ED040AD4ED72
:105A1000020A30EE200A84ED040AD4ED0F1AB0EE2B
:105A2000611AD4ED0F1AF1EE611AF0EE610AD4EDAD
:105A3000041AB0EE610AFCF7E3FC84ED040AD4ED2D
:105A4000051A94ED022A61EE821AB0EE610AD4EDD5
:105A50000E1AB0EE611AD4ED0E1AF1EE611AF0EEE4
:105A6000610AFCF7CDFC84ED090A94ED060AD4ED39
:105A7000040A20EE200A84ED0A0AD4ED021A94EDFD
:105A8000032A71EEC21A94ED072A61EE821AB0EE73
:105A9000610AD4ED101AB0EE611AD4ED101AF1EECD
:105AA000611AF0EE610AFCF7ABFC84ED0B0A94ED91
:105AB000090AD4ED0A0A30EE200AD4ED0B0A30EEC2
:105AC000200A84ED080AD4ED0D1AB0EE611AD4ED67
:105AD0000D1AF1EE611AF0EE610AD4ED081AB0EE7B
:105AE000610AFCF78DFC84ED080ABDEC088B10BD43
:105AF0000000000010B52DED048B0446B0EE408A86
:105B0000F0EE608AB0EE419A84ED138A84ED019A3A
:105B1000C4ED148A94ED141AF0EE410A94ED131AB0
:105B2000B0EE410A04F14C00FFF71EFF94ED011A9C
:105B3000F0EE410A94ED1B1AB0EE410A2046FFF741
:105B400013FF94ED080A84ED260ABDEC048B10BD0A
:105B500010B52DED028B2748C06800EE100AB5EE97
:105B6000C00AF1EE10FA2BD12248006900EE100AAB
:105B7000B5EEC00AF1EE10FA22D11E48406900EEDF
:105B8000100AB5EEC00AF1EE10FA19D11948806971
:105B900000EE100AB5EEC00AF1EE10FA10D1154869
:105BA000C06900EE100AB5EEC00AF1EE10FA07D196
:105BB0009FED110A114880ED070ABDEC028B10BD64
:105BC0000C48006900EE100A0D48D0ED000A30EED6
:105BD000208AF0EE480A9FED080A0A48FFF7C4FE43
:105BE000084890ED080AB1EE400A044880ED070A23
:105BF00000BFE2E72855002000000000C453002049
:105C000050080020E00600203EB5044694ED030A4B
:105C1000D4ED000A30EE200A8DED000A94ED040A5E
:105C2000D4ED000A30EE200AD4ED010A30EE200A4D
:105C30008DED010A94ED050AD4ED000A30EE200A3C
:105C4000D4ED010A30EE200AD4ED020A30EE200A2B
:105C50008DED020ADDED020A9FED1B1A60EE810A4E
:105C6000B0EE600A02F0BAFFD4ED080A20EE200A76
:105C700084ED0B0ADDED010A9FED131A60EE810A37
:105C8000B0EE600A02F0AAFFD4ED0B0A94ED071AF9
:105C9000B1EE411A41EE000AC4ED0A0ADDED000A38
:105CA0009FED091A60EE810AB0EE600A02F096FFDD
:105CB000D4ED0A0A94ED061AB1EE411A41EE000A3B
:105CC000C4ED090A3EBD000035FA8E3C10B52DED3D
:105CD000048BBA480078072852D1B949898AA1F2C1
:105CE000F17005F0BFFD41EC190BB0EE490AF0EE82
:105CF000690A03F01BF8B0EE408AF0EE608A9FED6F
:105D0000B10B53EC102B51EC180B05F0FDFE2FD806
:105D1000AB48808A40F2F171884214DDA848808A3D
:105D2000A0F2F17000EE100AB8EEC00AA748D0ED5C
:105D3000000A20EE200ADFEDA60A80EE201AA54810
:105D400080ED061A19E09E48808AA0F2F17000EEFC
:105D5000100AB8EEC00A9D48D0ED000A20EE200AD5
:105D6000DFED9D0A80EE201A9A4880ED061A04E0C5
:105D70009FED9A0A974880ED060ABDEC048B10BD92
:105D80008E48007896490978884202D000209549CB
:105D900008608A4800789249087088480078092885
:105DA0007ED2DFE800F0051A39849BDCF77DF50030
:105DB00000208C4948608860C8600861486188613B
:105DC000C8610862486288480078012804D17B498C
:105DD0000870002084490870EDE08248006881491D
:105DE0004860B0EE081AF0EE080AB0EE080A00F0BB
:105DF00011F940B17B484068B0F5FA7F03D3022027
:105E00006E49087007E077484068B0F57A6F02D9AC
:105E100008206A490870CEE07248006871498860BD
:105E200008468068642802D80120704908706D48CF
:105E30008068B0F5967F28D16D4890ED000AF3EEAA
:105E40000E0A30EE600A80ED000A6A4890ED000A02
:105E5000DFED620A30EE600A80ED000A90ED000A84
:105E6000654880ED000A624890ED000A634880EDC5
:105E7000000A604890ED000A5F4880ED060A5C4821
:105E800090ED000A5D4880ED060A56488068B0F53E
:105E9000967F0BD354484078012807D1032000E0B7
:105EA00088E04649087000204F49487083E04D481B
:105EB00000684C49C860B1EE041AF1EE040AB1EE74
:105EC000080A00F0A7F840B14648C06840F6B8316B
:105ED000884202D30420394908706CE041480069C7
:105EE000642802D80120414948703E480069B0F555
:105EF000967F07D33B480069B0F5967F02D8002013
:105F00003A49087037480069B0F5C87F09D3354869
:105F10000069B0F5617F04D89FED390A394880EDFA
:105F2000000A30480069B0F5617F09D32D48006947
:105F3000B0F57A7F04D89FED340A324880ED000A2C
:105F400029488078012805D105201C4908700020C7
:105F50002549887023480068224908612BE02148C0
:105F60008069B0F5E16F04D3BEEE000A274880EDEA
:105F7000000A1D48C078012805D106200F49087085
:105F800000201949C870174800681649886112E056
:105F90000FE0FFE71348006AB0F57A7F04D3B6EE4E
:105FA000000A1B4880ED000A0E4800680D4908628F
:105FB00001E000E000BF00BF00BFDEE6C402002039
:105FC000885300200000000000407F40C0020020F5
:105FD0000080E644C45300200080F9440000000023
:105FE000C50200205C540020C6020020C000002032
:105FF000880200209C020020E8020020CC02002041
:1060000000003443B402002000000080B8020020E9
:10601000BC02002010B52DED0A8BB0EE408AF0EEE8
:10602000608AB0EE419A18EE100A05F059FF41EC73
:106030001A0B394890ED0A0A3848D0ED040A30EEC0
:10604000600A10EE101A084605F04AFF41EC1C0BDE
:10605000B0EE4C0AF0EE6C0A02F068FEB0EE40BA08
:10606000F0EE60BA53EC1A2B51EC1B0B05F012FC4E
:106070004FD218EE900A05F033FF41EC1A0B284876
:1060800090ED0A0A2548D0ED050A30EE600A10EEC0
:10609000101A084605F024FF41EC1C0BB0EE4C0A28
:1060A000F0EE6C0A02F042FEB0EE40BAF0EE60BADA
:1060B00053EC1A2B51EC1B0B05F0ECFB29D219EE1B
:1060C000100A05F00DFF41EC1A0B164890ED0B0A73
:1060D0001248D0ED060A30EE600A10EE101A08469B
:1060E00005F0FEFE41EC1C0BB0EE4C0AF0EE6C0A23
:1060F00002F01CFEB0EE40BAF0EE60BA53EC1A2B80
:1061000051EC1B0B05F0C6FB03D20120BDEC0A8B42
:1061100010BD0020FAE7000020030020C453002037
:1061200074030020C803002010B5624800780928D5
:106130007ED2DFE800F005186C428194A7BBBA005C
:106140005D4890ED000A5D4880ED040A5C4890EDE2
:10615000000A5A4880ED050A5A4890ED000A57484F
:1061600080ED060AA3E0584890ED000A574880EDFC
:10617000060A57484068B0F57A7F05D9554890ED32
:10618000000A554880ED060A5048FCF73BF8524893
:10619000FCF738F84D4890ED000A484880ED040AB5
:1061A0004D4890ED000A454880ED050A4B4890EDBA
:1061B000000A424880ED060A79E0494890ED000A5D
:1061C000454880ED060A4248C068B0F57A7F05D997
:1061D000444890ED000A3D4880ED060A3B48FCF734
:1061E00011F83D48FCF70EF8384890ED000A3348A6
:1061F00080ED040A384890ED000A304880ED050A29
:10620000364890ED000A2D4880ED060A4FE02E48F2
:1062100090ED000A294880ED040A2E4890ED000A0E
:10622000264880ED050A304890ED000A234800E03A
:106230003CE080ED060A3AE02A4890ED000A1F484B
:1062400080ED040A264890ED000A1C4880ED050AFE
:10625000224890ED000A194880ED060A27E02348FD
:1062600090ED000A154880ED040A214890ED000ADF
:10627000124880ED050A1F4890ED000A0F4880ED96
:10628000060A14E01C4890ED000A0C4880ED040A50
:106290001A4890ED000A094880ED050A184890ED6B
:1062A000000A064880ED060A01E000E000BF00BFDA
:1062B00010BD0000C402002084020020C45300204E
:1062C00098020020AC02002088020020CC020020AE
:1062D0005C5400209C020020E8020020B402002050
:1062E000A00200208C020020B002002090020020BA
:1062F000A4020020B802002094020020A80200207E
:10630000BC020020B5EEC00AF1EE10FA01DD01205A
:106310007047B5EEC00AF1EE10FA02D24FF0FF302E
:10632000F6E70020F4E700BF012002F079FFFBE769
:1063300000BFFAF705FD064890ED020AF7EE000AE5
:1063400030EE200A80ED020A012004F02BF8F0E77D
:106350008454002000BFFFF7B9FCFFF7F9FB0648A3
:1063600090ED030AF7EE000A30EE200A80ED030AF2
:10637000012004F017F8EEE78454002000BFFCF77A
:1063800055F8064890ED040AF7EE000A30EE200AB0
:1063900080ED040A012004F005F8F0E784540020A1
:1063A00000BFFFF7D1F9064890ED010AF7EE000AA9
:1063B00030EE200A80ED010A012003F0F3FFF0E740
:1063C0008454002000BF4FF0FF320021012002F072
:1063D000BDFF0F4890ED050AF7EE000A30EE200AE7
:1063E00080ED050A0B4B1A1F0B490C4800F062FAAE
:1063F0000B4B0C4A08490C310B4800F05BFA0B4977
:106400000B4801F0DFF80949094800F021FDDAE7FF
:1064100084540020D0010020C4530020E254002006
:1064200060080020585400209C540020EC000020FC
:106430000408002010B54FF0E020006904F086FE4B
:10644000012801D004F08AF910BD000000B593B016
:10645000302107A8FAF75FF8142102A8FAF75BF8D1
:1064600000BF002001902448006840F0805022497D
:1064700008600846006800F08050019000BF00BF2F
:1064800000BF002001901D48006840F480401B4977
:1064900008600846006800F48040019000BF00BF1B
:1064A000012007900004089002200D9041050E91F4
:1064B00004210F91A8211091022111910421129120
:1064C00007A8FDF779FF08B1FCF7BDFA0F2002908D
:1064D00002200390002004904FF4A05005904FF448
:1064E00080500690052102A8FDF704FE08B1FCF7D4
:1064F000AAFA13B000BD000040380240007000400E
:106500000348006840F470000149086070470000CB
:1065100088ED00E010B50248FEF72BFB10BD00002F
:10652000D408002010B50248FEF723FB10BD000080
:10653000240A002010B502682B4B98420ED0B0F10F
:10654000804F0BD0294B984208D0294B984205D058
:10655000284B984202D0284B984203D122F0700277
:106560004B681A43204B984220D0B0F1804F1DD089
:106570001E4B98421AD01E4B984217D01D4B984282
:1065800014D01D4B984211D01C4B98420ED01C4B7E
:1065900098420BD01B4B984208D01B4B984205D019
:1065A0001A4B984202D01A4B984203D122F44072FF
:1065B000CB681A4322F080034C6943EA04028B68DB
:1065C000C3620B688362084B984202D00A4B984220
:1065D00001D10B690363036843F0040303600123E3
:1065E0004361026010BD0000000001400004004053
:1065F00000080040000C0040000401400040014041
:10660000004401400048014000180040001C0040C8
:106610000020004030B50C46816821F47F4142EAF9
:10662000032525432943816030BD0A46816821F056
:10663000700142F0070319438160704730B50B4683
:106640001446026A056A25F001050562816921F098
:10665000F00141EA041122F00A021A438161026248
:1066600030BD30B50B461446026A056A25F01005A8
:106670000562816921F4704141EA043122F0A002EF
:1066800042EA03128161026230BD000070B52DED57
:10669000068B0546F0EE408AB0EE609AF0EE419A25
:1066A000B0EE61AA2878022805D02878032802D005
:1066B0002878042803D10020BDEC068B70BD002093
:1066C000687001202870AC1C18EE900A206019EE4A
:1066D000100A6060B0EEE90A10EE100AA060DFED6B
:1066E000730AB0EE4A0A02F02BFB10EE100AE060CB
:1066F000B4EEE89AF1EE10FA02DBB7EE000A01E020
:10670000BFEE000A10EE100A20629FED690A10EE3B
:10671000100A606239EE680AB0EEC08A9FED630A23
:10672000B4EEC08AF1EE10FA12D29FED610A10EEBB
:10673000100A20619FED5E0A10EE100A6061E068A9
:10674000A0619FED5B0A10EE100AE0610020B3E744
:10675000A06800EE100AC8EE00AAE06800EE100A79
:10676000B4EEEA0AF1EE10FA77DDF0EE000A28EE58
:10677000201AE06800EE900AC1EE201AB0EE610A1D
:10678000A06800EE900AF4EEC00AF1EE10FA1DDBEC
:1067900010EE100AE061E06800EE900AF0EE001AD8
:1067A00080EEA11A11EE100A6061DFED410A10EED1
:1067B000900AA061E06900EE900A606901EE100A9B
:1067C000C0EE811A11EE900A206144E0A068E061F9
:1067D000A06800EE900A88EE201AE06800EE900AA9
:1067E00070EEC10A10EE900A6061F0EE000A68EEE9
:1067F000201AA06800EE900A81EEA01AE06800EE70
:10680000900A71EE600A10EE900AA061606900EED5
:10681000900AF5EEC00AF1EE10FA04D2DFED240A78
:1068200010EE900A6061A06900EE900AF5EEC00AD1
:10683000F1EE10FA04D2DFED1E0A10EE900AA0610C
:10684000E06900EE900A606901EE100AC0EE811A5C
:1068500011EE900A206102E0FFE700202CE760695A
:1068600000EE100ADFED110AB4EEE00AF1EE10FAC4
:1068700004D29FED0F0A10EE100A2061E06900EECD
:10688000100A206A00EE900A20EE200A10EE100A8C
:10689000E061206900EE100A206A00EE900A20EE06
:1068A000200A10EE100A2061012005E7BD37863569
:1068B0000000000030B50446657825B9257815B18B
:1068C0002578052D00D130BDA01C456A00EE105A78
:1068D000B5EEC00AF1EE10FA0CD805680D609FED18
:1068E000993A82ED003A9FED973A83ED003A0125FF
:1068F0002570E8E7C56803EE105AB4EEC03AF1EE31
:1069000010FA0CD845680D609FED8E3A82ED003A82
:106910009FED8C3A83ED003A05252570D3E7056A93
:1069200000EE905A056903EE105AB0EEC31AC5691D
:1069300003EE105AB0EEC32A456901EE905A8569FC
:1069400002EE905A71EEA23A9FED7F3AF4EEC32A1E
:10695000F1EE10FA54D8B4EEE10AF1EE10FA1BD8B9
:106960000225257020EE813A83ED003A20EE813A2F
:1069700023EE003A82ED003A056803EE105AB6EEB7
:10698000004A20EE844A24EE014A24EE004A04EE36
:10699000003A81ED003AB5E00425257030EE615AE9
:1069A000B0EE453AB1EE605A25EE015A83ED005A39
:1069B000B0EE425A01EE435A25EE205A82ED005ABB
:1069C000B6EE005A21EE055A25EE215A25EE215A3F
:1069D000B0EE454A22EE035AF6EE005A61EE255A11
:1069E00065EE835A05EEC35AF0EE454A056805EE9A
:1069F000105A74EE245A00EEA55A81ED005A81E037
:106A0000B4EEE10AF1EE10FA1BD80225257020EE53
:106A1000813A83ED003A20EE813A23EE003A82ED8E
:106A2000003A056803EE105AB6EE004A20EE844A9A
:106A300024EE014A24EE004A04EE003A81ED003AC9
:106A400060E0B4EEE30AF1EE10FA21D803252570D8
:106A50009FED3C4A83ED004A20EE824A82ED004AD7
:106A6000B6EE004A21EE044A24EE214A24EE214AE1
:106A7000B0EE443A056804EE105A30EE615AF0EE7A
:106A8000434A42EE054A00EEA44A81ED004A39E04D
:106A90000425257070EE635AB0EE653AF1EE605A47
:106AA00065EE815AC3ED005AF0EE425A41EE435A68
:106AB00065EEA05AC2ED005AF6EE005A61EE255A74
:106AC00065EEA15A65EEA15AB0EE654A62EE225A11
:106AD000F0EE654A62EE035AB6EE006A21EE066AEF
:106AE00026EE036A46EE435AB0EE655A056805EE97
:106AF000905A34EE246A36EE056A40EE865AC1EDAD
:106B0000005A00BF92ED003AB0EEC33A9FED0E4A34
:106B1000B4EEC43AF1EE10FA03D29FED0A3A82EDD8
:106B2000003A93ED003AB0EEC33A9FED074AB4EE57
:106B3000C43AF1EE10FA03D29FED023A83ED003A27
:106B400000BFC0E600000000BD37863531B52DED31
:106B50000A0B2DED108B82B00546B0EE40CAF0EE68
:106B600060CAB0EE41EAF0EE61EAB0EE42FAF0EE51
:106B700062FA2878022805D02878032802D02878DD
:106B8000042805D1002002B0BDEC108B0BB030BD45
:106B90000220687001202870AC1C1CEE100A2060D6
:106BA0001CEE900A6060B0EECE0A10EE100AA060F3
:106BB0009FEDA30A2EEE800A10EE100AE0609FED12
:106BC000A00A2FEE000A10EE100A20619DED190AAE
:106BD000B0EEC00A10EE100AA0619DED1A0AB0EEE8
:106BE000C00A10EE100AE061A06900EE900AB0EE53
:106BF0006F0A02F0C9F8F0EE40AAF0EE6A0A9FEDC3
:106C0000910A02F09DF810EE100A2062A06900EED1
:106C1000900A9DED180A02F0B7F8F0EE40AAF0EEE7
:106C20006A0A9FED880A02F08BF810EE100A606283
:106C30009FED840A10EE100AE063206900EE100A4E
:106C4000F0EEC00AA06800EE100A20EE800A10EEF6
:106C5000100A6061606900EE100ADFED7B0AB4EE95
:106C6000E00AF1EE10FA0AD29FED760A10EE100A51
:106C7000A06360632063E062A062012083E7E069B3
:106C800008EE900A60690AEE100A206A09EE900A7E
:106C9000606A09EE100AA06908EE100A38EE690A67
:106CA00080EE28BA39EE880AF6EE000A20EE200AB5
:106CB00020EE0BDA38EE490AC0EE28BA38EE090A9F
:106CC000F6EE000A20EE200A60EE2BDA3DEE2D0AE9
:106CD000B4EECA0AF1EE10FA22D818EE100AA06239
:106CE0001BEE100AE0621BEE900A60633AEE4D0A5A
:106CF00070EE6D0A80EE880A10EE100A2063E06ADA
:106D000000EE100A206B00EE900A70EE200A606B15
:106D100000EE100A30EE800A10EE100AA06360E068
:106D200029EEA90A09EE090AF6EE000A20EE200A69
:106D300008EE8A0A8DED010ADDED010A9FED410A98
:106D400001F0FEFF8DED000A9DED000A02F045F90D
:106D5000F0EE40AA9FED3D0A38EE000AB4EEEA0AD2
:106D6000F1EE10FA01D2F0EE48AA1AEE900AA062F3
:106D70007AEEE90A80EEA80A10EE100AE0627AEED6
:106D8000C90A80EEA80A10EE100A60639FED2D0A72
:106D900010EE100A2063E06A00EE100A606B00EE4D
:106DA000900A30EE200A10EE100AA063E06A00EEAE
:106DB000100AB5EEC00AF1EE10FA04D29FED210AD6
:106DC00010EE100AE062606B00EE100AB5EEC00A29
:106DD000F1EE10FA04D29FED1B0A10EE100A606368
:106DE00000BFE06A00EE100ADFED170AB4EEE00A19
:106DF000F1EE10FA04D29FED130A10EE100AE062D1
:106E0000606B00EE100ADFED100AB4EEE00AF1EE5E
:106E100010FA04D29FED0B0A10EE100A6063206B8B
:106E200000EE100ADFED080AB4EEE00AF1EE10FA07
:106E300004D29FED040A10EE100A20630120A2E69E
:106E400035FA8E3C00000000BD3786356F12833A5C
:106E500070B52DED108B88B006460D46707802286F
:106E600004D1307810B13078052803D108B0BDECDA
:106E7000108B70BDB41CE06B08EE100AB5EEC08A32
:106E8000F1EE10FA67D8E06804909DED040A01F075
:106E9000A5FEF0EE400A206800EE100AA06801EEA0
:106EA000100A01EE200A10EE100AE8619DED040AB6
:106EB00001F08EFFF0EE400A606800EE100AA06854
:106EC00001EE100A01EE200A10EE100A2862206975
:106ED00000EE100AB5EEC00AF1EE10FA02DDB7EED0
:106EE000000A01E0BFEE000A8DED030A9DED040AE1
:106EF00001F06EFFF1EE400A9DED030A20EE800ADC
:106F00008DED020A9DED040A01F068FEF0EE400AE4
:106F10009DED030A20EE800A8DED010A206A00EE45
:106F2000900A9DED020A20EE800A10EE100A6862B7
:106F3000206A00EE900A9DED010A20EE800A10EE14
:106F4000100AA8629FEDD60A10EE100A2863E862C4
:106F5000012030708AE7A06B00EE100AB4EEC80A78
:106F6000F1EE10FA70D8E06800EE100A206900EE29
:106F7000900A30EE200A8DED040A9DED040A01F01E
:106F80002DFEF0EE400A206800EE100AA06801EE27
:106F9000100A01EE200A10EE100AE8619DED040AC5
:106FA00001F016FFF0EE400A606800EE100AA068DB
:106FB00001EE100A01EE200A10EE100A2862206984
:106FC00000EE100AB5EEC00AF1EE10FA02DDB7EEDF
:106FD000000A01E0BFEE000A8DED030A9DED040AF0
:106FE00001F0F6FEF1EE400A9DED030A20EE800A64
:106FF0008DED020A9DED040A01F0F0FDF0EE400A6D
:107000009DED030A20EE800A8DED010A606A00EE14
:10701000900A9DED020A20EE800A10EE100A6862C6
:10702000606A00EE900A9DED010A20EE800A10EEE3
:10703000100AA8629FED9A0A10EE100A2863E8620F
:107040000520307012E7FFE7E0690BEE900A206A36
:107050000AEE100A606A0DEE100AA06A08EE900AA5
:10706000E06A0BEE100A206B0CEE100AF0EE4B9A61
:10707000F0EE4B9A79EE8CDAB4EEE98AF1EE10FA82
:1070800020D802203070F4EECA8AF1EE10FA02DB4A
:10709000F7EE000A01E0FFEE000AB0EE600A20EE13
:1070A0002B9AF0EE4AAA49EE08AA6AEE080AB6EE52
:1070B000001A29EE011A21EE081AF0EE60CA41EE1C
:1070C00008CA52E0B4EEED8AF1EE10FA16D80320A9
:1070D00030709FED739AF0EE68AA2AEE290A78EED6
:1070E000CA0AB6EE001A60EE810A00EEA90A78EE2E
:1070F000690A08EEA00AF0EE40CA36E004203070BB
:1071000078EE6D2AB0EE620AB4EEE8DAF1EE10FA2B
:1071100002DBF7EE002A01E0FFEE002AB0EE622A61
:1071200022EE2B9AF0EE68AA49EE00AA6AEE292A0E
:1071300038EECA3AF6EE003A23EE233AF0EE620A4F
:1071400043EE290A28EE8C1A68EE802AB6EE003A41
:1071500029EE033A23EE003AF0EE621A43EE001AEB
:1071600070EE812A72EEA1CA00BFB0EEEA0ADFED2E
:107170004D0AB4EEE00AF1EE10FA03D29FED480A90
:10718000F0EE40AAB0EEC90ADFED460AB4EEE00A1E
:10719000F1EE10FA03D29FED420AB0EE409A206958
:1071A00000EE100AB5EEC00AF1EE10FA02DDB7EEFD
:1071B000000A01E0BFEE000AB0EE40EAA06800EE6F
:1071C000100ACCEE800AE06800EE100A0EEE200AEB
:1071D0008DED070A9DED070A01F000FDF0EE400A73
:1071E000206800EE100AA06801EE100A01EE200AE5
:1071F00010EE100AE8619DED070A01F0E9FDF0EEDE
:10720000400A606800EE100AA06801EE100A01EE64
:10721000200A10EE100A28629DED070A01F0D8FD41
:10722000B1EE400A60EE0EEA9DED070A01F0D6FCD1
:1072300020EE0EFA2AEEAE0A10EE100A68622AEE6E
:107240008F0A10EE100AA8626AEEAA0AA06800EE81
:10725000100AC0EE80FA9DED070A01F0BFFCF1EEC6
:10726000400ACDED060A9DED070A01F0B1FDB1EE31
:10727000400A8DED050A29EE2E0ADDED060A0FEE15
:10728000A00A10EE100AE86269EE0F0A9DED050AE9
:107290004FEE800A10EE900A286300BFE6E500007A
:1072A00000000000BD37863531B52DED080B2DED02
:1072B000108B82B00546B0EE40BAF0EE60BAB0EE88
:1072C00041CAF0EE61CA2878022805D02878032840
:1072D00002D02878042805D1002002B0BDEC108B24
:1072E00009B030BD012068702870AC1C1BEE100A7C
:1072F00020601BEE900A60601CEE100AA0601CEE7D
:10730000900AE0609DED180AB0EEC00A10EE100A77
:10731000E0619DED190AB0EEC00A10EE100A20627D
:10732000E06900EE900A9DED160A01F02DFDF0EEE9
:1073300040AAF0EE6A0A9FEDA00A01F001FD10EEEE
:10734000100A6062E06900EE900A9DED170A01F0F4
:107350001BFDF0EE40AAF0EE6A0A9FED970A01F0DD
:10736000EFFC10EE100AA0629FED930A10EE100AD7
:1073700020647CEE4BEA3CEEEBDA6EEEAE0A4DEEAC
:107380000D0AB0EE600A01F028FE10EE100AA061AE
:10739000A06900EE100ADFED890AB4EEE00AF1EE12
:1073A00010FA18D29FED840A10EE100AE0629FEDE9
:1073B000820A10EE100AA063606320639FED7E0ACC
:1073C00010EE100AE0639FED7C0A10EE100A606177
:1073D0002061012081E7A06900EE100ACEEE800A4C
:1073E00010EE900A2061A06900EE900A8DEE200A4E
:1073F00010EE100A6061206A08EE900AA0690AEE99
:10740000100A606A09EE900AA06A09EE100AE069A3
:1074100008EE100A38EE690AC0EE28DA39EE880A5A
:10742000F6EE000A20EE200A20EE2DFA38EE490A88
:1074300080EE28EA38EE090AF6EE000A20EE200A6D
:1074400060EE0EFA3FEE2F0AB4EECA0AF1EE10FA21
:1074500022D818EE100AE0621DEE900A20631EEE9C
:10746000100AA0633AEE4F0A70EE6F0A80EE880AA7
:1074700010EE100A6063206B00EE100A606B00EEE5
:10748000900A70EE200AA06B00EE100A30EE800A1F
:1074900010EE100AE06360E029EEA90A09EE090A7D
:1074A000F6EE000A20EE200A08EE8A0A8DED010AA7
:1074B000DDED010A9FED400A01F042FC8DED000A6E
:1074C0009DED000A01F089FDF0EE40AA9FED3C0A17
:1074D00038EE000AB4EEEA0AF1EE10FA01D2F0EE4C
:1074E00048AA1AEE900AE0627AEEE90A80EEA80A4B
:1074F00010EE100A20637AEEC90A80EEA80A10EE98
:10750000100AA0639FED2C0A10EE100A6063206B36
:1075100000EE100AA06B00EE900A30EE200A10EE8A
:10752000100AE063206B00EE100AB5EEC00AF1EE1F
:1075300010FA04D29FED200A10EE100A2063A06B0F
:1075400000EE100AB5EEC00AF1EE10FA04D29FED7B
:107550001A0A10EE100AA06300BF206B00EE100A9A
:10756000DFED160AB4EEE00AF1EE10FA04D29FED58
:10757000120A10EE100A2063A06B00EE100ADFED75
:107580000F0AB4EEE00AF1EE10FA04D29FED0A0AF7
:1075900010EE100AA063606B00EE100ADFED070A20
:1075A000B4EEE00AF1EE10FA04D29FED030A10EEF9
:1075B000100A6063012090E600000000BD378635A8
:1075C0006F12833A2DED048B02465378012B04D1C0
:1075D000137813B11378052B02D1BDEC048B7047DF
:1075E000901C036C00EE103AB5EEC00AF1EE10FAF2
:1075F00022D80368CB6143680B62436A05EE103AF8
:10760000036906EE903A25EE265A15EE103A4B62C3
:10761000436A05EE103A436906EE903A25EE265A83
:1076200015EE103A8B629FED8A5A15EE103A0B63F5
:10763000CB6201231370D0E7C36B05EE103AB4EEB2
:10764000C05AF1EE10FA22D88368CB61C3680B628E
:10765000836A05EE103A036906EE903A25EE265A43
:1076600015EE103A4B62836A05EE103A436906EE56
:10767000903A25EE265A15EE103A8B629FED745A19
:1076800015EE103A0B63CB6205231370A5E7036A6E
:1076900004EE103A436A02EE103A836A05EE903A1D
:1076A000C36A00EE903A036B03EE103A436B04EEAC
:1076B000903AF0EE431A33EE246AB4EEE10AF1EEAA
:1076C00010FA20D802231370F4EEC20AF1EE10FA79
:1076D00002DBF7EE006A01E0FFEE006AB0EE665AE8
:1076E00025EE041AF0EE422A41EE002A62EE006A0C
:1076F000B6EE007A21EE077A27EE007AF0EE663ACF
:1077000047EE003A52E0B4EEC60AF1EE10FA16D88F
:10771000032313709FED4E1AF0EE602A22EE215AD9
:1077200070EEC26AB6EE007A66EE876A06EEA15A7D
:1077300070EE616AF0EE453A40EEA63A36E0042378
:10774000137070EE468AB0EE685AF4EEE05AF1EE2D
:1077500010FA02DBF7EE008A01E0FFEE008AB0EEDD
:10776000688A28EE041AF0EE602A41EE052A62EEDD
:10777000218A30EEC29AF6EE009A29EE299AF0EEAE
:10778000686A49EE216A20EEA47A60EE858AB6EE38
:10779000009A21EE099A29EE059AF0EE687A49EEF0
:1077A000057A76EE878A78EEA73A00BFB0EEE25A05
:1077B000DFED286AB4EEE65AF1EE10FA03D29FED3F
:1077C000245AF0EE452AB0EEC15ADFED226AB4EE3B
:1077D000E65AF1EE10FA03D29FED1D5AB0EE451AAB
:1077E000036805EE103A036906EE903A03EEA65AD6
:1077F00015EE103ACB61436805EE103A436906EE88
:10780000903A03EEA65A15EE103A0B62036905EEA4
:10781000103A25EE225A15EE103A4B62436905EEF6
:10782000103A25EE225A15EE103A8B62036905EEE6
:10783000103A25EE015A15EE103ACB62436905EE77
:10784000103A25EE015A15EE103A0B6300BFC4E65C
:1078500000000000BD37863570B50446A56B0020DA
:10786000E8852846FDF769FB70BD70B50646002522
:10787000B46B20684069C0F3C01594F8410021281A
:1078800005D125B10020E084204600F0FBF82068F7
:107890004069C0F3801594F84200222805D125B133
:1078A0000020E085204600F0A7F8606C40F0100052
:1078B00060642046FDF741FB70BD70B50546AC6BBA
:1078C0002868006800F48070002842D1E08500BF7D
:1078D00000BF21680C3151E8001F21F4807021683D
:1078E0000C3141E80002002AF3D100BF00BF00BF05
:1078F0002168143151E8001F21F001002168143182
:1079000041E80002002AF3D100BF00BF00BF216898
:10791000143151E8001F21F040002168143141E882
:107920000002002AF3D100BF202084F84200206B1F
:1079300001280ED100BF00BF21680C3151E8001FA3
:1079400021F0100021680C3141E80002002AF3D137
:1079500000BF00206063206B012804D1A18D204668
:10796000FDF7A5FA02E02046FDF752FD70BD70B5A7
:107970000546AC6B01206063206B012805D1A08D0A
:1079800041082046FDF793FA02E02046FDF741FD4D
:1079900070BD70B50546AC6B2868006800F4807057
:1079A000F8B90020E08400BF00BF2168143151E81D
:1079B000001F21F080002168143141E80002002AF4
:1079C000F3D100BF00BF00BF21680C3151E8001F98
:1079D00041F0400021680C3141E80002002AF3D157
:1079E00002E02046FDF764FD70BD70B50446A56B4E
:1079F0002846FDF75EFD70BD00BF00BF02680C3277
:107A000052E8002F22F4907102680C3242E8001311
:107A1000002BF3D100BF00BF00BF0268143252E850
:107A2000002F22F001010268143242E80013002BFB
:107A3000F3D100BF016B01290ED100BF00BF026866
:107A40000C3252E8002F22F0100102680C3242E89A
:107A50000013002BF3D100BF202180F84210002139
:107A60000163704710B504462068C06820F04000EC
:107A70002168C860202084F841002046FDF718FDE9
:107A8000002010BD00BF00BF02680C3252E8002F7A
:107A900022F0C00102680C3242E80013002BF3D13F
:107AA00000BF202180F841107047F8B5044600253A
:107AB000002694F84200222873D1A068B0F5805FB8
:107AC0000BD1206948B9A66A20684068C0F3080055
:107AD0003080A06A801CA06214E0A56AA068B0F59E
:107AE000805F03D0A06828B9206918B92068406871
:107AF000287004E02068406800F07F002870A06AC9
:107B0000401CA062E08D401E80B2E085002846D176
:107B10002068C06820F020002168C8602068C06824
:107B200020F480702168C8602068406920F001005E
:107B300021684861202084F8420000206063206BA7
:107B4000012826D10020206300BF00BF21680C312E
:107B500051E8001F21F0100021680C3141E80002BB
:107B6000002AF3D100BF2068006800F01000102840
:107B70000AD100BF002000902068006800902068B3
:107B80004068009000BF00BFA18D2046FDF78FF92F
:107B900002E02046FDF73CFC0020F8BD01E000209B
:107BA000FBE70220F9E700002DE9F84F04462068C2
:107BB000006920F44050E1680843216808612169A8
:107BC000A068084361690843E169084300902068A0
:107BD000C06849F20C618843009908432168C86075
:107BE0002068406920F44070A16908432168486119
:107BF00076492068884203D075492068884203D1BD
:107C0000FCF772FB814602E0FCF75EFB8146E0690F
:107C1000B0F5004F6CD102206168A0FB0150034613
:107C20001920A9FB007001462A463846F8F79CFB4C
:107C30006421B0FBF1F04FEA001A02206168A0FB5A
:107C400001510B461920A9FB00712A463846F8F766
:107C50008BFB834602206168A0FB0150034619207C
:107C6000A9FB00712A463846F8F77EFB6421B0FB79
:107C7000F1F000EBC00101EB0010ABEB8000322112
:107C800001EBC0006421B0FBF1F000F0F8000AEB5A
:107C9000400A02206168A0FB015003461920A9FB9D
:107CA000007001462A463846F8F75EFB83460220FC
:107CB0006168A0FB015003461920A9FB00712A4608
:107CC0003846F8F751FB6421B0FBF1F000EBC0013E
:107CD00001EB0010ABEB8000322101EBC00064210E
:107CE000B0FBF1F000F007005044216888606AE0C2
:107CF00004206168A0FB015003461920A9FB007015
:107D000001462A463846F8F72FFB82460420616870
:107D1000A0FB015003461920A9FB007001462A462A
:107D20003846F8F721FB6421B0FBF1F000EBC0010D
:107D300001EB0010AAEB8000322101EB001064215E
:107D4000B0FBF1F000F0F00A04206168A0FB0170C4
:107D500003461920A9FB00513A462846F8F704FBD0
:107D60006421B0FBF1F00AEB001A04206168A0FB6B
:107D700001510B461920A9FB00712A463846F8F735
:107D8000F3FA834604206168A0FB015003461920E2
:107D9000A9FB007001462A463846F8F7E5FA642147
:107DA000B0FBF1F000EBC00101EB0010ABEB800089
:107DB000322101EB00106421B0FBF1F000F00F0064
:107DC000504421688860BDE8F88F00000010014031
:107DD0000014014077B581B0044615460298A062B0
:107DE000A58500206064222084F842002C48E16BC5
:107DF000C8632C48E16B08642B48E16BC864002021
:107E0000E16B086502AE32682368191D2B46E06BF2
:107E1000FBF712FF38B110206064202084F8420084
:107E2000012004B070BD00BF0020009020680068F1
:107E3000009020684068009000BF00BF206970B1CA
:107E400000BF00BF21680C3151E8001F41F4807071
:107E500021680C3141E80002002AF3D100BF00BFC5
:107E600000BF2168143151E8001F41F00100216872
:107E7000143141E80002002AF3D100BF00BF00BF67
:107E80002168143151E8001F41F04000216814318D
:107E900041E80002002AF3D100BF0020C1E7000042
:107EA000BB7800086F7900086B780008014691F8EC
:107EB0004100212828D18868B0F5805F0BD108697E
:107EC00048B90A6A1088C0F308000B685860086A4D
:107ED000801C086205E00B6A581C086218780B6861
:107EE0005860C88C401E80B2C88458B90868C06801
:107EF00020F080000B68D8600868C06840F040003F
:107F00000B68D860002070470220FCE708B54C4899
:107F10000068006800F0080008280CD100BF0020AD
:107F20000090474800680068009045480068406835
:107F3000009000BF00BF42480068006800F00200E7
:107F400002280CD100BF002000903D480068006866
:107F500000903B4800684068009000BF00BF384870
:107F60000068006800F01000102864D100BF0020F5
:107F7000009033480068006800903148006840680D
:107F8000009000BF00BF2E48FCF792FF2D4800680C
:107F90004068C0F120002C4908802C4840782B49CB
:107FA000097840EA01202A4988822A48407A2749EC
:107FB00089780843274948722448C07826490870C0
:107FC000264822494968C1602049896801611F49E2
:107FD000C96841611D49096981611C494969C161DB
:107FE000C06800EE100A9FED1E1AC0EE010A10EEE6
:107FF000900A1A49C8600846006900EE100A9FED11
:10800000181AC0EE010A10EE900A08610846C0690D
:1080100000EE100A9FED121AC0EE010A10EE900A4F
:10802000C861202209490648FDF7DCF90D48408F58
:10803000401C0C4948870248FCF780FF08BD00003F
:108040001C09002064090020CA000020A25300205F
:10805000885300203C010020C80000202855002043
:10806000FB5C05404C53002010B50446012C09D0A0
:10807000032C07D0052C05D0072C03D00F2C01D0E2
:10808000162C07D18948007A022803D1012087499C
:10809000887008E1022C0BD0092C09D00B2C07D0DA
:1080A000112C05D0132C03D0152C01D0172C06D180
:1080B0007E48007A022802D17C498870F3E00D2CBA
:1080C00007D17A48007A022803D1032077498870C3
:1080D000E9E0122C03D1012074490872E3E00E2C70
:1080E00003D1022071490872DDE00A2C03D103207C
:1080F0006E490872D7E0062C08D103206B4908723C
:1081000001206B49887008714871CCE0042C06D1BD
:108110006648007A012802D166490870C3E0082C3D
:1081200006D16248007A012802D162494870BAE05B
:108130000C2C06D15D48007A012802D15D49887077
:10814000B1E0102C06D15948007A012802D15949D2
:10815000C870A8E0142C03D15448007A012898D0A4
:10816000042C12D15148007A02280ED152480078CE
:1081700058B901204D49C87000200871012048708D
:108180004FF4967002F00EF98DE0082C10D147489C
:10819000007A02280CD14549C8700021434841713A
:1081A0000120424948704FF4967002F0FBF87AE0E3
:1081B0000C2C11D13D48007A02280DD103203B49F7
:1081C000C8700021394881710120384948704FF446
:1081D000967002F0E7F866E0102C03D13348007A7D
:1081E000022860D0142C03D13048007A02285AD0DB
:1081F000042C0ED12D48007A03280AD12E4800788D
:1082000018B12D480078032803D10220274948706F
:1082100049E0082C10D12548007A03280CD12648C3
:10822000007848B900202149887001204870087101
:1082300001211E48417136E00C2C03D11B48007A05
:10824000032830D0102C03D11848007A03282AD0F4
:10825000142C03D11548007A032824D0192C18D1E6
:1082600016480078072807D00720144908704FF4F3
:10827000967002F097F810BD10480078072812D1C8
:108280000F4800780D4908704FF4967002F08AF894
:10829000F1E71F2C07D100200749087004498870B6
:1082A00000210248817100BFE5E700003C01002089
:1082B000C0000020C602002046010020C4020020A9
:1082C000C502002010B5032202490348FDF7A2F8B9
:1082D00010BD0000AC0000201C09002000BFFEE71C
:1082E0002DE9F04705460C46D5ED010AB0EE600ACF
:1082F00010209FED281ADFED280AFAF7A7FB86B2B7
:10830000D5ED020AB0EE600A0E209FED221ADFEDD5
:10831000220AFAF79BFB87B2D5ED030AB0EE600A9A
:1083200010209FED1C1ADFED1C0AFAF78FFB1FFAD5
:1083300080F8D5ED040AB0EE600A0A209FED171A06
:10834000DFED170AFAF782FB1FFA80F9D5ED050A6F
:10835000B0EE600A08209FED131ADFED110AFAF75C
:1083600075FB1FFA80FA267030126070A77009F052
:108370000300C7F3052141EA8010E070C9F38700CC
:10838000207184F805A084F806804FEA2820E07167
:10839000BDE8F08700002042000020C200C07F44FA
:1083A0000000000000004C4201460A784B7842EA87
:1083B00043107047014600204A78062A10D006DC98
:1083C000012A0BD0022A07D0042A11D10CE0112A6D
:1083D00008D0172A0CD109E000200AE0002008E0AC
:1083E000002006E0002004E0082002E0002000E079
:1083F00000BF00BF7047000070B52DED068B04462E
:108400000D462078012848D16F4890ED020A6F4848
:1084100080ED000AD5ED020AB0EE600A6C48FAF76A
:108420002FFBB0EE408A18EE100A03F059FD41EC24
:108430001A0BB0EE4A0AF0EE6A0A00F077FCB0EED2
:10844000409AF0EE609A9FED630B53EC102B51ECC9
:10845000190B03F059FB03D89FED600AB0EE408A78
:108460005F4890ED090A30EE080A5E4880ED000A88
:108470005D48D0ED001AB0EE611A5448D0ED001AF4
:10848000F0EE610A5748D0ED001AB0EE610A21788B
:108490000422204600F0F4F890E02078022848D129
:1084A000494890ED010A494880ED010AD5ED020ADC
:1084B000B0EE600A4D48FAF7E3FAB0EE408A18EEE3
:1084C000100A03F00DFD41EC1A0BB0EE4A0AF0EE73
:1084D0006A0A00F02BFCB0EE409AF0EE609A9FED35
:1084E0003D0B53EC102B51EC190B03F00DFB03D893
:1084F0009FED3A0AB0EE408A394890ED0A0A30EE14
:10850000080A384880ED010A3748D0ED011AB0EE6C
:10851000611A2E48D0ED011AF0EE610A3148D0ED13
:10852000011AB0EE610A21780422204600F0A8F872
:1085300044E02078032841D1234890ED030A2348E2
:1085400080ED020AD5ED020AB0EE600A2848FAF77B
:1085500097FA10EE106A304603F0C2FC41EC190B9A
:10856000B0EE490AF0EE690A00F0E0FBB0EE408A96
:10857000F0EE608A9FED170B53EC102B51EC180BAB
:1085800003F0C2FA03D89FED150A10EE106A1548E1
:1085900086601548D0ED021AB0EE611A0B48D0ED96
:1085A000021AF0EE610A0F48D0ED021AB0EE610A2D
:1085B00021780422204600F063F800BF204600F036
:1085C00019F8BDEC068B70BDC45300204454002044
:1085D000BC070020000000A09999B93F00000000EE
:1085E0008C0700203854002050540020C807002079
:1085F000E007002010B588B00446002000900190EC
:108600002046FFF7D1FE02900020049005902046FE
:10861000FFF7D0FE06906078042803D16946204613
:10862000FFF75EFE01236A4602A90C48FAF761FAD9
:1086300060B102236A4602A90848FAF75AFA28B13B
:1086400004236A4602A90548FAF753FA0448408A07
:10865000401C0349488208B010BD0000AC0800204F
:108660004C53002070B504460D4625702178022237
:10867000204600F023F82046FFF7BCFF70BD000045
:1086800001704270DFED0B1A60EEA11A9FED0A2A0D
:10869000C1EE822AC0ED012ADFED061A61EE211A31
:1086A0009FED052AC1EE822AC0ED022A80ED030A61
:1086B00070470000DB0F49400000344301704270F6
:1086C000704700002DE9F34F83B00C4600200546AB
:1086D000064681460EE0039810F809A000204FEAF4
:1086E000C902029050460299F7F7B5FE05430E43C2
:1086F00009F10109B9F1080FEDDB3B4805EA000774
:10870000280D40EA0630384900EA0108C6F30F2078
:108710001FFA80FB012101EA166001907F2101EA26
:108720005660009000EE107AB8EE400ADFED2F0A96
:1087300060EE200A9FED2E1A80EE810ADFED2D0AF1
:1087400070EE200A9FED2C1A80EE810ADFED2B0AD5
:1087500020EE200A84ED010A00EE108AB8EE400AED
:10876000DFED220A20EE200A9FED211AC0EE010A59
:108770009FED200A70EE800A9FED1F1A80EE810A9D
:10878000DFED1E0A20EE200A84ED020A00EE10BA88
:10879000B8EE400ADFED150A60EE200A9FED181AC8
:1087A00080EE810ADFED130A30EE200A84ED030A21
:1087B0000198012800D100E0002020749DED000AFE
:1087C000B8EE400ADFED0F0A60EE200A9FED0E1AA8
:1087D00080EE810AFBEE040A30EE200A84ED050AE1
:1087E00005B0BDE8F08F0000FFFF0F000000A042C1
:1087F000F0FF7F49000020C2DB0F494000003443F6
:1088000000FF7F4700005C430000FE424100080279
:1088100018BF04200A0E18BF40F001004FF07F423D
:1088200032EA010108BF40F00200012808BF05201C
:108830007047000002480068C0F302207047000043
:108840000CED00E010B5002804DB0A07130E054A02
:10885000135406E00A07140E034A00F00F031B1F0F
:10886000D45410BD00E400E018ED00E0EFF3058003
:108870007047000010B510EE104A4FF01A402DED71
:10888000028B00EB4400B0F1C85F4AD84FF0FC40C7
:10889000B0EB440F22D2B0EEC00AF7EE000A30EE81
:1088A000C00AF6EE000A20EE208A18EE100A01F047
:1088B000D1FB00EE100A14F0004F1DBF9FED281AE7
:1088C000DFED280AB1EE400A9FED271A08BFF0EE4F
:1088D000410AF8EE001A20EE210A05E020EE008A97
:1088E0009FED221ADFED220ADFED221A9FED222AE8
:1088F00070EEC00A20EE080A08EE212ADFED1F1AEA
:1089000048EE021A9FED1E2A08EE212ADFED1D1AFD
:1089100048EE021ABDEC028B40EE610A30EE810A8D
:1089200010BD4FF0CC40B0EB440F82BF9FED160A54
:10893000BDEC028B10BD4FF07F40B0EB440F05D271
:10894000BDEC028BBDE8104000F064BB0120F7F7DE
:1089500011FEBDEC028BBDE8104000F061BB0000D1
:108960000000494022AA7D3A000000000000C93FF3
:1089700022AAFD3924FE1C3DC78AD83C1E67383D1B
:108980001B93993DAFAA2A3EDB0FC93F10EE100A98
:1089900010B510EE901A4FF0684202EB40032DED37
:1089A000028BB3F1654F3CBF02EB4102B2F1654F60
:1089B0007CD200BFC0F3C753C1F3C7529A1A1B2A17
:1089C00009DD10F0004F14BF9FED6E0A9FED6E0A97
:1089D000BDEC028B10BD12F11A0F1BDA11F0004F23
:1089E00009D010F0004F0CBF9FED680A9FED680A98
:1089F000BDEC028B10BD80EE208A18EE100AFFF746
:108A000005FF042808BF00F013FBB0EE480ABDECD8
:108A1000028B10BD4200B2EB410F37D910F0004F6E
:108A200019BFDFED5C1A9FED5C1ADFED5C1A9FED5C
:108A30005C1AB0EE602A0A46F1EE400A80F000416E
:108A4000B0EE420A10460A1A5200B2F1807F34D2C8
:108A5000484010F0004FDFED532A9FED533A1DBF01
:108A6000BEEE002A71EEE21A31EE431AB6EE002A8B
:108A700004BF71EEA21A31EE031AF0EE402A42EE64
:108A8000602A40EE020A82EEA02A18E011F0004FA0
:108A900004BF9FED461AF0EE411AD4D010F0004FFB
:108AA0001CBFDFED431A9FED431A00E026E004BF30
:108AB000DFED411A9FED411AC5E780EE202A22EE34
:108AC000020ADFED3F0ADFED3F2ABDEC028B40EEEC
:108AD000202ADFED3D0A40EE220ADFED3C2A40EE7F
:108AE000202ADFED3B0A40EE220A22EE000A00EEC9
:108AF000201A31EE020A30EE210A10BD4FF07F42FB
:108B0000B2EB400F28BFB2EB410F05D2BDEC028B98
:108B1000BDE8104000F081BA40EA01035B0008BFE5
:108B200041F0FF410BD0B2EB400F08BFB2EB410F59
:108B300008D120F0804000EE100A21F0804100EEC4
:108B4000901A37E7B2EB400F12BF5FEA410240F0E4
:108B5000FF4001F000413FF42DAF4A0092EA40038C
:108B60003FF528AF002AACBF9FED1A1A9FED1A1AE5
:108B700020EE010A60EE810A10EE100A10EE901A43
:108B800018E70000DB0FC9BFDB0FC93FDB0F49400F
:108B9000DB0F49C00000C9BF22AAFDB90000C93FD0
:108BA00022AAFD390060ED3EC30ACE370000000066
:108BB000000049C022AA7DBA0000494022AA7D3A9D
:108BC0002DAD65BD8FB8D53D0FB511BE61C84C3E0A
:108BD000A8AAAABE0000804F0000802F10EE101A35
:108BE00008B5444A6846B2EB410F28D94FF0E64039
:108BF000B0EB410F94BF00204FF0FF300090009881
:108C0000002861DB60EE000A10F0010F45D010F083
:108C1000020FDFED391A9FED391A00EEE11ADFED90
:108C2000381A40EE811A21EEA01AF0EE400A40EE0A
:108C3000010A08BFF1EE600AB0EE600A08BD314BD0
:108C400021F0004293423CD911F0004FDFED2E0A93
:108C500020EE201ADFED2D0A19BF31EE601A71EEF9
:108C6000200A31EE201A71EE600ABDEEE01A11EE14
:108C7000100A9FED271A00F0030000EEC10A9FEDD5
:108C8000251A009000EEC10A9FED231A00EEC10ADA
:108C90009FED221A00EEC10AB1E79FED211A9FED68
:108CA000210A10F0020F00EE810A9FED1F1A00EE5C
:108CB000801AB7EE000A00EE810A18BFB1EE400A32
:108CC00008BD00F0BDF99AE710EE100A4000B0F1BF
:108CD0007F4F3CBFB7EE000A08BD07D14FF001003F
:108CE000F7F748FCBDE8084000F09AB9BDE8084035
:108CF00000F090B9B61F927E336D4C39DA82083C91
:108D0000A0AA2ABE490E494683F9223F0000004B23
:108D10000000C93F00A0FD390020A2331A61342CA5
:108D2000B93AB2BACA9F2A3DDDFFFFBE2DED020B54
:108D3000019820F0004001909DED000B02B07047BB
:108D400010B52DED028BB0EE608AF0EE408A18EE81
:108D5000101A18EE900A03F0FBF800F07040B0F122
:108D6000005F0CD018EE100A20F00040C0F1FF4068
:108D7000C00F02BFB0EE480ABDEC028B10BDB0EED2
:108D8000680ABDEC028B10BD10B52DED028BB0EE64
:108D9000608AF0EE408A18EE101A18EE900A03F07E
:108DA000D7F800F07040B0F1004F0CD018EE100A68
:108DB00020F00040C0F1FF40C00F02BFB0EE480AF3
:108DC000BDEC028B10BDB0EE680ABDEC028B10BD8D
:108DD00000B510EE101A2DED028B81B0524A684694
:108DE000B2EB410F2ED94FF0E640B0EB410F94BFEC
:108DF00000204FF0FF3000900098B0EE408A00282D
:108E00006ADB10F0010F4BD068EE080A9FED471A9D
:108E10009FED470A00EE810A9FED461A10F0020FFF
:108E200000EE801AB7EE000A00EE810A02BF01B020
:108E3000BDEC028B00BD00BF01B0B1EE400ABDEC3D
:108E4000028B00BD3C4B21F00042934241D911F00E
:108E5000004FDFED3A0A20EE201ADFED390A19BF84
:108E600031EE601A71EE200A31EE201A71EE600ABE
:108E7000BDEEE01A11EE100A9FED321A00F0030069
:108E800000EEC10A9FED301A009000EEC10A9FED7E
:108E90002F1A00EEC10A9FED2E1A00EEC10AABE7B1
:108EA00028EE080A9FED2B1ADFED2B0A10F0020FB7
:108EB00040EE410A9FED291A00EE201A61EE000AE9
:108EC000B0EE480A08EE200AB6D101B0BDEC028B24
:108ED00000BD00F0B5F88FE718EE100A4000B0F1C1
:108EE0007F4F0DD218EE100AFFF790FC042808BF40
:108EF00000F09EF8B0EE480A01B0BDEC028B00BD58
:108F000009D10120F7F736FB01B0BDEC028B5DF80B
:108F100004EB00F085B801B0B0EE480ABDEC028B5E
:108F20005DF804EB00F076B8B61F927EB93AB2BA9B
:108F3000CA9F2A3DDDFFFFBE490E494683F9223F05
:108F40000000004B0000C93F00A0FD390020A23303
:108F50001A61342C336D4C39DA82083CA0AA2ABE3F
:108F600000B52DED048BB0EE409AF0EE609A83B020
:108F700051EC190B02F0FEFD41EC180B18EE100A33
:108F800018EE901A8DED008B002818BF01200843C1
:108F900020F00040C0F17F6000F1E040C00F14D02D
:108FA00019EE101A19EE900A8DED009B002918BFDA
:108FB0000121084320F00040C0F17F6000F1E04053
:108FC000C00F04BF0120F7F7D5FAB0EE480A03B08E
:108FD000F0EE680ABDEC048B00BD10B52DED028BE0
:108FE000B1EEC08A18EE100A20F00040C0F1FF4038
:108FF000C00F0AD010EE100A20F00040C0F1FF4070
:10900000C00F04BF0120F7F7B5FAB0EE480ABDEC77
:10901000028B10BD30EE000A704730EE200A704718
:10902000DFED020A80EEA00A704700000000000099
:109030009FED020A20EE000A7047000000000010B9
:109040002DE9F0014FF07F42B2EB410F9FBF4FF08F
:10905000FF310160BDE8F00170474FF0004242EA85
:109060000123C1F3C752783A551112F01F0C434C3B
:10907000CCF120067C44C1F3C752A2F178024FEA3A
:10908000621204EB820254F8254008BFD2E901566F
:1090900012D0556804FA0CF425FA06F73C43976899
:1090A00005FA0CF527FA06F8D26807FA0CFCF2402C
:1090B00045EA08054CEA0206A4FB034CA5FB035253
:1090C000A6FB03631D449D4234BF012600261319ED
:1090D000334416B1934202D903E0934201D20122F4
:1090E00000E00022624402F1200C9206DC0C42EA0D
:1090F000443200EE102A5B03DFED210AF8EEC01ABD
:1091000000EE103A4FEA9C1C11F0004FB8EE400AF6
:10911000C0F800C020EE201A00EE105ADFED190A48
:10912000B8EE400A20EE200A71EE810A70EE800A45
:1091300010EE902A02F500626FF30B0200EE902A07
:1091400070EEE11A31EEC11ADFED101A30EE411A5D
:109150009FED0D0A20EE800A01EE210A9FED0C1A08
:1091600000EE810A04BFBDE8F0017047CCF18051E8
:109170000160BDE8F001B1EE400A7047C430000064
:10918000000000360000802C22AAFD29DB0FC92F29
:109190000000C92FFAF7A6FEFDF758F9FCF74CFAC4
:1091A000FCF7D6F9FCF788F9FCF7ACF9FCF776FA8E
:1091B000FCF7ACFA1448FBF701FC14480068C068DF
:1091C00040F0100011490968C860202210490F487A
:1091D000FCF708F9F8F7FEFF01210E48FFF742FA05
:1091E00002210D48FFF73EFA03210C48FFF73AFA37
:1091F000F9F70CFCF7F7F0FC00F022F8FCF7CCF9DB
:1092000000F034F800BFFEE7D40800201C0900205D
:10921000A2530020600100204801002078010020B6
:1092200070B50546FFF722FB10B16FF0050404E0AE
:10923000002415B1284601F0B5F8204670BD0000A5
:1092400010B5FFF713FB10B16FF0050409E00648F5
:10925000006820B9012004490860002401E04FF0B3
:10926000FF34204610BD00007C00002070B5FFF7E1
:10927000FDFA10B16FF005041FE0114800680128E5
:1092800019D100BF801F0021002804DB0A07130E3C
:109290000C4A135406E00A07150E0B4A00F00F03A0
:1092A0001B1FD55400BF00BF02200549086001F014
:1092B000F5F8002401E04FF0FF34204670BD0000B7
:1092C0007C00002000E400E018ED00E0FEB504465C
:1092D0000D46264616B105F0004018B16FF00300A8
:1092E00002902EE04FF0FF300290FFF7BFFAE0B19E
:1092F0000020019001A80023012229460090304659
:1093000001F072FE002002AB02460146009030469A
:1093100001F06AFE0198A0B14FF080500A49086040
:10932000BFF34F8FBFF36F8F0BE00023012229465D
:10933000304601F0C5FD02AB00221146304601F077
:10934000BFFD0298FEBD000004ED00E02DE9FC5FCA
:10935000054689461646FFF789FA10B16FF00504F5
:109360004AE005F0004010B16FF0030444E009F05A
:109370000200022802D14FF0000A00E0AA460024B1
:10938000374601F0F3FE009000BF3B4601AA51466C
:10939000002001F093FF8046B8F1010F22D12C404C
:1093A0000198044309F0010040B105EA0400A84215
:1093B00000D120E056B96FF002041CE005EA040079
:1093C00000B118E016B96FF0020414E001F0CEFE0F
:1093D0000099A0EB010BBB4501D9002708E0A7EBE2
:1093E0000B0705E016B96FF0020401E06FF001040D
:1093F000B8F1000FC9D100BF2046BDE8FC9F2DE9A0
:10940000FF4780468946144600200390FFF72EFA56
:1094100000284ED1B8F1000F4BD080261825824687
:10942000471E44B3206808B1D4F800A0A06900B179
:10943000A5692DB1382D03D8207900F0010018B1AD
:10944000002004B0BDE8F087606908B16069860853
:10945000A06840B1E0685C2805D3206918B1606954
:1094600008B1012708E0A06830B9E06820B9206998
:1094700010B9002700E00027012F0CD12169A06856
:109480004B463246CDE9005102905146404601F02C
:10949000B9FC03900DE067B903A8B2B24B46514640
:1094A000CDE90050404601F07BFC012801D00020AE
:1094B00003900398C5E700002DE9F04105460E46EC
:1094C0001648076816480068001D00F0E2FD681C99
:1094D00038B936B112480168091D124800F030FE53
:1094E0001AE07C190E4800684460BC4207D20C4860
:1094F0000168091D0C48006800F008FE0CE00848EF
:109500000168091D0948006800F000FE084800686D
:10951000844201D206480460BDE8F081400000208A
:109520002C0000205C0F00203400002030000020C0
:109530005C00002010B5044600F00EFE24480068D0
:10954000401C234908602348006840B92148046052
:109550000846006801280DD100F0FCF90AE01E4819
:10956000006838B91B480068C06AE16A884201D8BF
:109570001848046019480068401C184908600846EB
:10958000006860641649E06A0968884202D9144993
:10959000E06A0860E16A01EB8101124A02EB810096
:1095A000211D00F0CDFD00F001FE0B48006868B100
:1095B00008480068C06AE16A884207D24FF08050CC
:1095C00009490860BFF34F8FBFF36F8F10BD0000D4
:1095D0003C0000202C000020480000205800002003
:1095E00044000020AC0A002004ED00E008B500F0C3
:1095F000B3FD12480068E8B9114800F077FD114842
:1096000000F074FD0E48104908600E480F490860CC
:1096100000200F4B0F4A102100900A2001F0B8F8EB
:10962000064908600846006820B10BA1034800689D
:1096300000F07CFE00F0BAFD08BD000070000020C4
:10964000700F0020840F0020680000206C000020B4
:10965000980F0020E80F0020546D725100000000A8
:1096600010B516E000F078FD0C48C068C468201DF5
:1096700000F00FFD0A480068401E094908600948CB
:109680000068401E0749086000F090FD204600F089
:109690005FF8044800680028E4D110BD480F00209E
:1096A0003C0000203800002070B504460D46206CB8
:1096B00070B1216CE0680144E160D4E90210884295
:1096C00001D32168E1602846226CE168F6F7D6FEF6
:1096D00070BD2DE9F04104460F4615464FF00008D5
:1096E000A66B206C48B9206800282CD1A06801F036
:1096F00035FE80460020A06025E07DB93946226C09
:109700006068F6F7BBFE216C606808446060D4E9CD
:109710000101884217D32068606014E03946226C4A
:10972000E068F6F7ABFE216CE068411AE160216861
:10973000E068884203D2216CA068411AE160022DE2
:1097400001D106B1761E701CA0634046BDE8F081D1
:1097500010B5044694F8590030B9206B00F044FD70
:10976000204600F041FD1AE094F85900012803D189
:10977000204600F039FD12E094F85900022801D18A
:10978000012000E0002050B900BF502080F3118874
:10979000BFF34F8FBFF36F8F00BF00BFFEE710BD59
:1097A0000146084A126812680AB9012200E0002244
:1097B0000A600A6822B9034A1268D268106800E099
:1097C000002070476800002030B54FF470531748F0
:1097D00000F007042CB1C01D20F00700134C041B3F
:1097E0001B1B0246124C22600024114D6C60D018E5
:1097F000083820F007000F4C206000240D4D2D6824
:109800006C600C4D2D682C601146441A4C60094C5C
:1098100024680C60084D4C682C60084D4C682C6026
:109820004FF00044064D2C6030BD00004017002072
:109830008000002088000020900000208C00002084
:109840009C00002000BFFFF70BFF064800680128BE
:10985000F9D94FF0805004490860BFF34F8FBFF330
:109860006F8FF0E7AC0A002004ED00E02DE9F04135
:1098700006460D4617469846069C0DB9246000E042
:109880002760E66325640121204600F0F1FF84F89B
:109890004C80BDE8F0812DE9F05F82460E4690468F
:1098A0009B460A9F0C9C4FEA8801A522206BF6F785
:1098B0002AFEA8F10100216B01EB800929F00709BC
:1098C00009F0070008B9012000E0002050B900BFEE
:1098D000502080F31188BFF34F8FBFF36F8F00BF0D
:1098E00000BFFEE786B1002507E0715D04F134009A
:1098F0004155705D00B902E06D1C102DF5D300BF1D
:1099000000214320015502E0002084F83400382F64
:1099100000D33727E762E76400202065201D00F0B0
:10992000F2FB04F1180000F0EEFB2461C7F13800EF
:10993000A06164620020606584F858005A46514670
:10994000484600F071FB20600B9808B10B9804604A
:10995000BDE8F09F10B5002407E004EB84010F4A36
:1099600002EB810000F0C2FB641C382CF5D30C48DC
:1099700000F0BCFB0B4800F0B9FB0B4800F0B6FB55
:109980000A4800F0B3FB0A4800F0B0FB044809495C
:10999000086004480849086010BD0000AC0A0020B7
:1099A0000C0F0020200F0020340F0020480F002053
:1099B0005C0F0020300000203400002010B501466C
:1099C000164800E0006803688B42FBD302464368F8
:1099D00013448B4204D143684C68234443600146DE
:1099E0000A464B6813440468A34211D10C4C036827
:1099F0002468A34208D04B680468646823444B6021
:109A000003681B680B6005E0054B1B680B6001E0F9
:109A100003680B60884200D0016010BD8000002008
:109A2000880000202DE9F04104460D4616461F46E9
:109A30004FF0000865602461B5420CD8F01BA169A5
:109A4000884202D34FF0010811E0211D0948006847
:109A500000F05CFB0BE0BE4204D2BD4202D34FF0EB
:109A6000010804E0211D0448006800F04FFB404657
:109A7000BDE8F0816C0000206800002070B505464C
:109A800000F06AFBA86B08B9012400E0002400F094
:109A90008DFB204670BD70B5054600F05DFBA86BE0
:109AA000E96B884201D1012400E0002400F07EFB34
:109AB000204670BDF8B505460F461A480068C068D4
:109AC000C468201D00F0E5FA94F8280000F00400B6
:109AD000E8B1A06941192B463A462046FFF7A2FF9C
:109AE000D8B1002003462A4601460090204601F0E6
:109AF00091FD064656B900BF502080F31188BFF390
:109B00004F8FBFF36F8F00BF00BFFEE705E094F8F3
:109B1000280020F0010084F828002046216A8847A8
:109B2000F8BD000068000020F0B587B0A0E0039801
:109B3000002811DA04AE56B900BF502080F3118816
:109B4000BFF34F8FBFF36F8F00BF00BFFEE7D6E9B3
:109B50000020B168904700BF03980028E6DB059C11
:109B6000606908B9012000E0002010B9201D00F054
:109B700090FA02A800F0DEF8054603980A2875D28C
:109B8000DFE800F009050739416306083A4200BFE3
:109B900000BF00BF00BF94F8280040F0010084F827
:109BA00028000498A269811803462A462046FFF738
:109BB00039FFF8B12046216A884794F8280000F060
:109BC0000400B8B1002000900498A1694218002355
:109BD0001946204601F01EFD074657B900BF502028
:109BE00080F31188BFF34F8FBFF36F8F00BF00BFAB
:109BF000FEE700BF3BE000BF94F8280020F0010022
:109C000084F8280033E000BF94F8280040F00100F9
:109C100084F828000498A061A06908B1012000E040
:109C2000002050B900BF502080F31188BFF34F8F40
:109C3000BFF36F8F00BF00BFFEE7A06941192B463D
:109C40002A462046FFF7EEFE11E094F8280000F0C7
:109C5000020018B9204600F0C7FA05E094F8280081
:109C600020F0010084F8280001E0FFE700BF00BFFA
:109C7000002203A90448006800F098FF00287FF440
:109C800056AF07B0F0BD000070000020F8B50546E3
:109C90000C4600F05FFC684600F04CF80646009861
:109CA00020BB44B9B54206D801F0F6FB3146284640
:109CB000FFF700FF1CE03CB10E480068006808B9DF
:109CC000012000E000200446A91B22460A48006843
:109CD00000F042FB01F0E0FB50B94FF08050074923
:109CE0000860BFF34F8FBFF36F8F01E001F0D4FB2B
:109CF000F8BD00006C0000207000002004ED00E0C2
:109D00000A490968096809B9012100E0002121B167
:109D10004FF0FF31064A116006E004490968C9683E
:109D2000C868034A41681160704700003000002095
:109D30005C00002070B5044601F018FA054607489B
:109D40000068854204D200F00BF80120206001E099
:109D50000020206001480560284670BD7800002082
:109D60002DE9F84334E025480068C06805682348B9
:109D70000068C068C468201D00F08BF92046216A85
:109D8000884794F8280000F0040008B3A069461939
:109D9000AE4207D966602461211D1848006800F0B2
:109DA000B5F915E0002003462A46014600902046FA
:109DB00001F030FC074657B900BF502080F31188EE
:109DC000BFF34F8FBFF36F8F00BF00BFFEE700BF31
:109DD0000A480068006808B9012000E00020002857
:109DE000C1D00648D0F800800548006803490860E3
:109DF0000348C0F80080BDE8F88300006800002038
:109E00006C0000200E480068401C08B9012000E0EA
:109E1000002050B900BF502080F31188BFF34F8F4E
:109E2000BFF36F8F00BF00BFFEE700BF502080F37D
:109E30001188BFF34F8FBFF36F8F00BF00BFFEE7E6
:109E4000A000002008B500BF6846FFF7A9FC044643
:109E500020460099FFF71AFFFFF766FEF4E770B59A
:109E6000044600F079F994F9455010E0606A08B9A9
:109E7000012000E0002038B904F1240001F0C0FA0C
:109E800018B100F0C9FA00E003E0681E45B2002DE9
:109E9000ECDC00BFFF2084F8450000F087F900F0FB
:109EA0005BF994F9445010E0206908B9012000E002
:109EB000002048B904F1100001F0A2FA08B100F046
:109EC000ABFA681E45B200E001E0002DECDC00BFFB
:109ED000FF2084F8440000F069F970BD2DE9F041DD
:109EE00004464FF0000800F035FB4948006808B907
:109EF000FFF76AFC474800682040002870D1D4B1C1
:109F0000083404F00700B0B104F00700C0F1080005
:109F1000044404F0070008B9012000E0002050B913
:109F200000BF502080F31188BFF34F8FBFF36F8FB6
:109F300000BF00BFFEE7002C52D0374800688442C3
:109F40004ED8364E3046056801E02E462D686868CA
:109F5000A04202D228680028F7D12D480068854227
:109F60003ED0306800F10808286830606868001B3F
:109F7000102819D92F1907F0070008B9012000E0AF
:109F8000002050B900BF502080F31188BFF34F8FDD
:109F9000BFF36F8F00BF00BFFEE76868001B7860EB
:109FA0006C603846FFF70AFD1B4968680968081AA3
:109FB000194908600846006819490968884203D2AF
:109FC000154800681649086012496868096808431E
:109FD00068600020286013480068401C1149086030
:109FE00001F05AFA08F0070008B9012000E000204B
:109FF00050B900BF502080F31188BFF34F8FBFF3DB
:10A000006F8F00BF00BFFEE74046BDE8F081000053
:10A01000880000209C0000208C0000208000002090
:10A020009000002094000020001F4FF08073036018
:10A03000001F21F001030360001F054B036014386B
:10A040000260001F6FF002030360203870470000B9
:10A05000059E000810B500EE100A2DED028BB1EE42
:10A06000C08A18EE100A20F00040C0F1FF40C00F77
:10A070000AD010EE100A20F00040C0F1FF40C00FDF
:10A0800004BF0120F6F776FA18EE100ABDEC028B39
:10A0900010BD01460A69D1E901309860D1E9010398
:10A0A00058605068884201D188685060002008617B
:10A0B0001068401E1060106870470000034B03607A
:10A0C000034B0B6080231360704700008810002052
:10A0D000E4100020034B0360034B0B604FF48073CC
:10A0E00013607047E41200204013002000F10801C3
:10A0F00041604FF0FF31816000F10801C1600161F2
:10A1000000210160704700210161704710B50246CF
:10A110000B685C1C0CB9106907E002F1080000E054
:10A120004068446824689C42FAD944684C604C6892
:10A13000A160886041600A611468641C146010BDED
:10A1400042684A6093688B609368596091600861C7
:10A1500003685B1C0360704700BF502080F31188C8
:10A16000BFF34F8FBFF36F8F00BF0E480068401CD6
:10A170000C49086008460068012812D10A480068A6
:10A18000C0B208B9012000E0002050B900BF502043
:10A1900080F31188BFF34F8FBFF36F8F00BF00BFF5
:10A1A000FEE77047A000002004ED00E00D480068C5
:10A1B00050B900BF502080F31188BFF34F8FBFF319
:10A1C0006F8F00BF00BFFEE706480068401E0549CC
:10A1D00008600846006820B9002080F3118800BF9D
:10A1E00000BF7047A000002070B506463546002E1F
:10A1F00044D0083D2C46224960680968084008B1EF
:10A20000012000E0002050B900BF502080F31188E9
:10A21000BFF34F8FBFF36F8F00BF00BFFEE7206813
:10A2200008B9012000E0002050B900BF502080F3A1
:10A230001188BFF34F8FBFF36F8F00BF00BFFEE7E2
:10A240000F49606809680840C0B12068B0B90C497E
:10A25000606809688843606000F07CF909496068BB
:10A2600009680844074908602046FFF7A7FB06482D
:10A270000068401C0449086001F00EF970BD000040
:10A280009C0000208C0000209800002000204FF04F
:10A29000E02108618861064800684FF47A71B0FBDC
:10A2A000F1F0401E4FF0E02148610720086170473F
:10A2B0002800002070B5F6F733F80446102C16D3AA
:10A2C00004F1E02090F8F05315480078854201DB56
:10A2D000012000E0002050B900BF502080F3118819
:10A2E000BFF34F8FBFF36F8F00BF00BFFEE70D4876
:10A2F000006800F4E0600C490968884201D8012038
:10A3000000E0002050B900BF502080F31188BFF357
:10A310004F8FBFF36F8F00BF00BFFEE770BD00001F
:10A32000A40000200CED00E0A80000200246002060
:10A330000BE0084B53F8303033B9064B43F830107C
:10A3400003EBC0035A6002E0401C0828F1D300BFB1
:10A35000704700006C0A00202DE9F04105460E46CA
:10A3600017462C46FFF7F8FE94F94400401C10B93C
:10A37000002084F8440094F94500401C10B90020E6
:10A3800084F84500FFF712FFA06B28B93A46314622
:10A3900004F1240000F062F82046FFF760FDBDE8FC
:10A3A000F081000070B504460025D4B11248006861
:10A3B00008B9012000E0002050B900BF502080F310
:10A3C0001188BFF34F8FBFF36F8F00BF00BFFEE751
:10A3D00000F0C0F800212046FFF76EF801F05CF8AD
:10A3E00005463DB94FF0805004490860BFF34F8FD8
:10A3F000BFF36F8F70BD00006400002004ED00E02B
:10A400000349096801600349096841607047000019
:10A4100054000020400000200120014908607047DE
:10A420005000002070B504460D4654B900BF5020BE
:10A4300080F31188BFF34F8FBFF36F8F00BF00BF52
:10A44000FEE70548016818312046FFF75FFE01214D
:10A450002846FFF731F870BD2C00002070B5054686
:10A460000E46144655B900BF502080F31188BFF343
:10A470004F8FBFF36F8F00BF00BFFEE70648016834
:10A4800018312846FFF75CFE0CB14FF0FF3621462D
:10A490003046FFF711F870BD2C00002010B586B0D3
:10A4A00000200590049003AA04A905A8FFF706FE62
:10A4B0000022DDE904101346CDE9002102901EA11F
:10A4C0001F48039A00F09EFC1E4908600846006879
:10A4D00008B1012400E00024012C02D101F05EF853
:10A4E0000446012C15D100BF502080F31188BFF322
:10A4F0004F8FBFF36F8F00BF4FF0FF3012490860DE
:10A5000001201249086000201149086000F072F82B
:10A5100010E0601C08B1012000E0002050B900BF2D
:10A52000502080F31188BFF34F8FBFF36F8F00BFB0
:10A5300000BFFEE706B010BD49444C4500000000D6
:10A5400045980008600000205C00002048000020C2
:10A550004000002002480068401C01490860704724
:10A56000640000201E48006818B101201D490860E1
:10A5700034E000201B4908601B4801680CE051B919
:10A5800000BF502080F31188BFF34F8FBFF36F8F50
:10A5900000BF00BFFEE7491E01EB8100134A52F8DD
:10A5A000200008B9012000E000200028E7D101EBDD
:10A5B00081020E4B03EB820042685268426000F158
:10A5C00008024368934202D142685268426042687E
:10A5D000D268074B1A600448016000BF7047000052
:10A5E000640000205000002044000020AC0A00203D
:10A5F0002C0000201CB5524800685249884201D006
:10A60000012000E0002050B900BF502080F31188E5
:10A61000BFF34F8FBFF36F8F00BF00BFFEE7484807
:10A6200000684849491E884201D0012000E000200E
:10A6300050B900BF502080F31188BFF34F8FBFF394
:10A640006F8F00BF00BFFEE73F49084600780190CA
:10A65000FF200A4610700846007800909DF8000020
:10A6600000F0F0009DF80020904201D1012000E0B0
:10A67000002050B900BF502080F31188BFF34F8FE6
:10A68000BFF36F8F00BF00BFFEE79DF8000000F032
:10A6900050002E4A107007202D4A106009E02C4807
:10A6A0000068401E2A4A10609DF800004006000E17
:10A6B00000909DF8000000F080008028EFD0244832
:10A6C0000068C0F10700042801D1012000E000204B
:10A6D00050B900BF502080F31188BFF34F8FBFF3F4
:10A6E0006F8F00BF00BFFEE7194800680002184ADC
:10A6F00010601046008800F4E0601060124A019873
:10A7000010700F482030006840F470000C49203170
:10A7100008600846006840F070400860FFF7B6FD2A
:10A7200000200C490860F5F7C3FD0B48006840F0B5
:10A73000404009490860F5F7A7FD00201CBD000056
:10A7400000ED00E071C20F4100E400E0A400002031
:10A75000A8000020A000002034EF00E010B500BFEA
:10A76000502080F31188BFF34F8FBFF36F8F00BF6E
:10A7700000F002FD18B14FF080500449086000BF9E
:10A78000002080F3118800BF10BD000004ED00E040
:10A790002DE9F84380460E4617461D46DDF8209009
:10A7A000B8F1000F01D0012000E0002050B900BF37
:10A7B000502080F31188BFF34F8FBFF36F8F00BF1E
:10A7C00000BFFEE70DB1012000E0002050B900BF3E
:10A7D000502080F31188BFF34F8FBFF36F8F00BFFE
:10A7E00000BFFEE707B10EB1012000E0002050B924
:10A7F00000BF502080F31188BFF34F8FBFF36F8FDE
:10A8000000BF00BFFEE707B90EB9012000E000203D
:10A8100050B900BF502080F31188BFF34F8FBFF3B2
:10A820006F8F00BF00BFFEE75020009000985028B7
:10A8300001D1012000E0002050B900BF502080F37A
:10A840001188BFF34F8FBFF36F8F00BF00BFFEE7CC
:10A8500000BF2C464CB1012084F846004B463A46D6
:10A86000314640460094FFF701F82046BDE8F883E2
:10A8700070B505460E462C4654B900BF502080F3F3
:10A880001188BFF34F8FBFF36F8F00BF00BFFEE78C
:10A89000FFF762FCD4E90F12206801FB0200A06000
:10A8A0000020A06320686060E06B401E226C21687D
:10A8B00000FB0211E160FF2084F8440084F84500A9
:10A8C0009EB9206908B9012000E00020A8B904F170
:10A8D000100000F095FD80B14FF0805009490860EC
:10A8E000BFF34F8FBFF36F8F07E004F11000FFF746
:10A8F000FDFB04F12400FFF7F9FBFFF757FC0120F3
:10A9000070BD000004ED00E02DE9FF4383B0064672
:10A9100088461D464FF00009344654B900BF502008
:10A9200080F31188BFF34F8FBFF36F8F00BF00BF5D
:10A93000FEE7B8F1000F01D1206C08B9012000E05A
:10A94000002050B900BF502080F31188BFF34F8F13
:10A95000BFF36F8F00BF00BFFEE7022D02D1E06B97
:10A96000012801D1012000E0002050B900BF502093
:10A9700080F31188BFF34F8FBFF36F8F00BF00BF0D
:10A98000FEE700F0E3FB08B9059808B9012000E0F4
:10A99000002050B900BF502080F31188BFF34F8FC3
:10A9A000BFF36F8F00BF00BFFEE700BFFFF7D4FB10
:10A9B000A06BE16B884201D3022D28D12A46414683
:10A9C0002046FEF786FE0746606A08B9012000E0CF
:10A9D000002068B904F1240000F012FD88B14FF0A6
:10A9E000805032490860BFF34F8FBFF36F8F08E08C
:10A9F0003FB14FF080502D490860BFF34F8FBFF338
:10AA00006F8FFFF7D3FB012007B0BDE8F0830598F7
:10AA100018B9FFF7CBFB0020F6E7B9F1000F04D11E
:10AA200001A8FFF7EDFC4FF00109FFF7BFFBFFF7AF
:10AA300091FDFFF791FB94F94400401C10B90020F0
:10AA400084F8440094F94500401C10B9002084F8B3
:10AA50004500FFF7ABFB05A901A800F05BF9F0B9D1
:10AA60002046FFF718F8A0B104F110000599FFF790
:10AA7000D9FC2046FFF7F3F900F00EFD002895D130
:10AA80004FF0805009490860BFF34F8FBFF36F8FBD
:10AA90008CE72046FFF7E3F900F0FEFC86E720464E
:10AAA000FFF7DDF900F0F8FC0020ADE704ED00E071
:10AAB0002DE9F84F07468A4690461E463C4654B953
:10AAC00000BF502080F31188BFF34F8FBFF36F8F0B
:10AAD00000BF00BFFEE7BAF1000F01D1206C08B93A
:10AAE000012000E0002050B900BF502080F3118801
:10AAF000BFF34F8FBFF36F8F00BF00BFFEE7022E83
:10AB000002D1E06B012801D1012000E0002050B902
:10AB100000BF502080F31188BFF34F8FBFF36F8FBA
:10AB200000BF00BFFEE7FFF7C5FB00BF5021EFF3FA
:10AB3000118081F31188BFF34F8FBFF36F8F00BF78
:10AB40000546A06BE16B884201D3022E25D194F912
:10AB500045B0A06B0090324651462046FEF7B9FD45
:10AB60000BF1010088B9606A08B9012000E00020FB
:10AB700050B904F1240000F043FC28B1B8F1000FF3
:10AB800002D00120C8F8000004E00BF1010040B23F
:10AB900084F845004FF0010901E04FF0000900BFC3
:10ABA00085F3118800BF4846BDE8F88F2DE9F741CD
:10ABB00083B005460E464FF000082C4654B900BF3E
:10ABC000502080F31188BFF34F8FBFF36F8F00BF0A
:10ABD00000BFFEE70EB9206C08B9012000E000209C
:10ABE00050B900BF502080F31188BFF34F8FBFF3DF
:10ABF0006F8F00BF00BFFEE700F0A8FA08B9059804
:10AC000008B9012000E0002050B900BF502080F3B7
:10AC10001188BFF34F8FBFF36F8F00BF00BFFEE7F8
:10AC200000BFFFF799FAA76BF7B131462046FEF750
:10AC30003BFD781EA063206908B9012000E00020D8
:10AC400060B904F1100000F0DBFB38B14FF0805028
:10AC50002F490860BFF34F8FBFF36F8FFFF7A6FA3E
:10AC6000012006B0BDE8F081059818B9FFF79EFAFB
:10AC70000020F6E7B8F1000F04D101A8FFF7C0FBF0
:10AC80004FF00108FFF792FAFFF764FCFFF764FA50
:10AC900094F94400401C10B9002084F8440094F951
:10ACA0004500401C10B9002084F84500FFF77EFAEB
:10ACB00005A901A800F02EF8F0B92046FEF7DEFE47
:10ACC000A0B104F124000599FFF7ACFB2046FFF783
:10ACD000C6F800F0E1FB0028A3D14FF080500C49EA
:10ACE0000860BFF34F8FBFF36F8F9AE72046FFF7DF
:10ACF000B6F800F0D1FB94E72046FFF7B0F800F07B
:10AD0000CBFB2046FEF7BAFE00288AD00020A8E739
:10AD100004ED00E070B505460C4655B900BF502063
:10AD200080F31188BFF34F8FBFF36F8F00BF00BF59
:10AD3000FEE754B900BF502080F31188BFF34F8F56
:10AD4000BFF36F8F00BF00BFFEE7FFF705FA1248A1
:10AD500002686868131A2068401C08B9002617E0CA
:10AD60000E4928680968884204D06868904201D872
:10AD700001260DE02068984207D92068C01A20609B
:10AD80002846FFF73DFB002602E000202060012658
:10AD9000FFF70CFA304670BD400000205400002040
:10ADA0002DE9FF4F85B0804689461746DDE912AB95
:10ADB000B800FFF793F8064656B15C20FFF78EF80F
:10ADC00004460CB1266304E03046FFF70DFA00E0BC
:10ADD00000248CB1002084F85900CDE900ABCDE906
:10ADE00002403A4649464046089BFEF754FD20463D
:10ADF000FEF7A0FB012501E04FF0FF35284609B022
:10AE0000BDE8F08F2DE9F04F85B0074688469146A2
:10AE10009A46DDE90EB6109C0EB1012000E000203C
:10AE200050B900BF502080F31188BFF34F8FBFF39C
:10AE30006F8F00BF00BFFEE70CB1012000E00020D3
:10AE400050B900BF502080F31188BFF34F8FBFF37C
:10AE50006F8F00BF00BFFEE75C20039003985C2863
:10AE600001D1012000E0002050B900BF502080F344
:10AE70001188BFF34F8FBFF36F8F00BF00BFFEE796
:10AE800000BFB4B1AEB125462C462E63022085F832
:10AE90005900002004A953464A46CDE900B1CDE946
:10AEA000025041463846FEF7F6FC2846FEF742FBC4
:10AEB00001E000200490049805B0BDE8F08F000088
:10AEC0002DE9F04706460D46174698464FF0010A11
:10AED00056B900BF502080F31188BFF34F8FBFF3E6
:10AEE0006F8F00BF00BFFEE73446FFF735F9B8F1BA
:10AEF000000F02D0606DC8F8000094F8589002204E
:10AF000084F85800052F17D2DFE807F01503070B68
:10AF10000D00606D2843606521E0606D401C606538
:10AF20001DE065651BE0B9F1020F01D0656501E028
:10AF30004FF0000A13E012E0606D401C08B90120D8
:10AF400000E0002050B900BF502080F31188BFF30B
:10AF50004F8FBFF36F8F00BF00BFFEE700BF00BF82
:10AF6000B9F1010F32D1201DFFF793F81A49E06AB9
:10AF70000968884202D91849E06A0860E16A01EB71
:10AF80008101164A02EB8100211DFFF7D9F8A06A62
:10AF900008B9012000E0002050B900BF502080F324
:10AFA0001188BFF34F8FBFF36F8F00BF00BFFEE765
:10AFB0000B49E06A0968C96A884207D94FF0805096
:10AFC00008490860BFF34F8FBFF36F8FFFF7EEF8AC
:10AFD0005046BDE8F087000044000020AC0A002085
:10AFE0002C00002004ED00E02DE9F84F07460E4646
:10AFF00090469946DDF828B00120009057B900BF6F
:10B00000502080F31188BFF34F8FBFF36F8F00BFC5
:10B0100000BFFEE7FFF74EF93C4600BF5021EFF3BB
:10B02000118081F31188BFF34F8FBFF36F8F00BF83
:10B030000546B9F1000F02D0606DC9F8000094F820
:10B0400058A0022084F85800B8F1050F17D2DFE8A5
:10B0500008F01503070B0D00606D3043606521E0BB
:10B06000606D401C60651DE066651BE0BAF1020F73
:10B0700001D0666501E00020009013E012E0606DF1
:10B08000401C08B9012000E0002050B900BF50204A
:10B0900080F31188BFF34F8FBFF36F8F00BF00BFE6
:10B0A000FEE700BF00BFBAF1010F3CD1A06A08B9AA
:10B0B000012000E0002050B900BF502080F311882B
:10B0C000BFF34F8FBFF36F8F00BF00BFFEE719487C
:10B0D0000068A0B9201DFEF7DCFF1749E06A096887
:10B0E000884202D91449E06A0860E16A01EB8101F3
:10B0F000124A02EB8100211DFFF722F804E004F15F
:10B1000018010F48FFF71CF80E49E06A0968C96A80
:10B11000884208D9BBF1000F02D00120CBF8000013
:10B1200001200949086000BF85F3118800BF00981D
:10B13000BDE8F88F6400002044000020AC0A002025
:10B14000340F00202C000020500000200549096821
:10B1500009B9012005E00449096809B9022000E0A5
:10B160000020704748000020640000200149086862
:10B1700070470000400000202DE9F0414FF000082A
:10B180004348006800287BD142480068451C41487C
:10B19000056015BB40480068006808B9012000E060
:10B1A000002050B900BF502080F31188BFF34F8FAB
:10B1B000BFF36F8F00BF00BFFEE73748076837480F
:10B1C0000068354908603548076035480068401C0C
:10B1D00033490860FEF794FD00BF3248006885429D
:10B1E0003BD300BF2C480068006808B9012000E08C
:10B1F000002020B14FF0FF302A4908602CE026489B
:10B200000068C068C4686668B54202D22548066016
:10B2100022E0201DFEF73DFFA06A18B104F11800DE
:10B22000FEF737FF2049E06A0968884202D91E49C3
:10B23000E06A0860E16A01EB81011C4A02EB8100CF
:10B24000211DFEF77DFF1A49E06A0968C96A884234
:10B25000C8D34FF00108C5E700BF15480068C06AB1
:10B2600000EB8000114951F82000012801D94FF06E
:10B2700001081048006808B14FF0010805E0FFE739
:10B280000D480068401C0C4908604046BDE8F0814C
:10B290006400002040000020300000203400002026
:10B2A000540000205C00002044000020AC0A002074
:10B2B0002C000020500000204C0000202DE9F0411F
:10B2C0000746884614461D46FEF746FF214800689B
:10B2D00090F85800022818D01E49096801F154005E
:10B2E000496DB943016001201A49096881F8580085
:10B2F0005DB101212846FEF7DFF84FF08050164976
:10B300000860BFF34F8FBFF36F8FFEF74FFFFEF75D
:10B3100023FF1CB10F480068406D20600D48006895
:10B3200090F85800022801D0002608E00949096871
:10B3300001F15400496D21EA080101600126002055
:10B340000449096881F85800FEF730FF3046BDE82F
:10B35000F08100002C00002004ED00E070B50546EF
:10B360002C460026002D43D022480068844201D19B
:10B37000012000E0002050B900BF502080F3118868
:10B38000BFF34F8FBFF36F8F00BF00BFFEE7206D8D
:10B3900050B900BF502080F31188BFF34F8FBFF327
:10B3A0006F8F00BF00BFFEE7206D401E2065E16C7F
:10B3B000E06A88421CD0206DD0B9201DFEF769FEDE
:10B3C000E06CE062E06AC0F13800A0610A49E06A1E
:10B3D0000968884202D90849E06A0860E16A01EB1D
:10B3E0008101064A02EB8100211DFEF7A9FE01261C
:10B3F000304670BD2C00002044000020AC0A002024
:10B4000070B50646F068C46854B900BF502080F398
:10B410001188BFF34F8FBFF36F8F00BF00BFFEE7F0
:10B4200004F11800FEF735FE15480068A0B9201D8C
:10B43000FEF72FFE1349E06A0968884202D91149D4
:10B44000E06A0860E16A01EB81010F4A02EB8100CA
:10B45000211DFEF775FE04E004F118010B48FEF70C
:10B460006FFE0B49E06A0968C96A884204D9012560
:10B4700001200849086000E00025284670BD000052
:10B480006400002044000020AC0A0020340F00209B
:10B490002C0000205000002070B500240026364803
:10B4A000006850B900BF502080F31188BFF34F8F60
:10B4B000BFF36F8F00BF00BFFEE7FEF74DFE2E48C3
:10B4C0000068401E2C4908600846006800284ED1DC
:10B4D0002A48006800284AD023E02948C068C46888
:10B4E00004F11800FEF7D5FD201DFEF7D2FD254919
:10B4F000E06A0968884202D92249E06A0860E16A84
:10B5000001EB8101204A02EB8100211DFEF718FEAC
:10B510001E49E06A0968C96A884202D301201C49B1
:10B5200008601748006808B9012000E000200028E2
:10B53000D3D00CB1FEF7E4FB1648056865B100BF37
:10B54000FFF71AFE10B10120114908606D1E002D91
:10B55000F6D100200F4908600D48006838B1012677
:10B5600030070D490860BFF34F8FBFF36F8FFEF7B1
:10B570001DFE304670BD0000640000203C0000202D
:10B58000340F002044000020AC0A00202C000020D2
:10B59000500000204C00002004ED00E010B586B003
:10B5A0000024FEF723F816480068D0B1002005906B
:10B5B000049003AA04A905A8FEF78CFD0222DDE988
:10B5C00004100023CDE9002102900EA10F48039A38
:10B5D000FFF718FC0E4908600846006800B1012416
:10B5E00000BF54B900BF502080F31188BFF34F8FC4
:10B5F000BFF36F8F00BF00BFFEE7204606B010BD4F
:10B6000070000020546D722053766300459E000840
:10B61000740000202DE9FF4704460D4616461F46DC
:10B62000DDF830804FF0000954B900BF502080F39E
:10B630001188BFF34F8FBFF36F8F00BF00BFFEE7CE
:10B640001448006810B3009501960294062D15DA8F
:10B65000FFF77CFD022808D10023424669460D48C9
:10B660000068FFF751F9814610E000231A46694649
:10B6700008480068FFF748F9814607E000233A468A
:10B68000694604480068FFF713FA8146484604B04B
:10B69000BDE8F0877000002021F00042A2F1605266
:10B6A000B2F5801F01F0004328BFD2F17F6C0BD9A7
:10B6B0005FEA001C43EAC20242EB507018BF7047B9
:10B6C00028BF20F001007047B2F5801FBCBF1846AC
:10B6D00070474FEA410C1CF5001F02D2084600F0EB
:10B6E000ABBC70B500F0BCF900000089FFF7F6BFF5
:10B6F0004FF00040A0F580007047000010B591EABF
:10B70000030F48BF83F0004300F10883841A71EBF4
:10B71000030C05D2121943EB0C03001B61EB0C0167
:10B72000DFF824E14FEA1154A4EB135C1EEA430F47
:10B7300018BF9EEA445F73D023EA0E03DCF1200EAB
:10B7400021EA045143F4801332D322FA0CFE10EBA9
:10B750000E0023FA0CFE41EB0E01CCF1200E03FA91
:10B760000EFE10EB0E0051F10001B1F5801FCCF17F
:10B77000200E32D201EB045112FA0EF2BDE8104055
:10B7800058BF7047401C38BF5FEA420218BF70477D
:10B79000002814BF20F0010041F100014FEA4103ED
:10B7A00013F5001F38BF7047A1F1C04100F0A6B9E2
:10B7B000012A43EB0302ACF1200CDCF11F0E32BF77
:10B7C0004FF0000E23FA0CF310EB030041EB045191
:10B7D000B4EB115FD0D0A1EB045101F58011490801
:10B7E0005FEA300001EB04510ED350F1000038BF86
:10B7F00012FA0EFE08D1BDE81040C9E7401C38BF60
:10B800005FEA4202CAD1C3E7BDE810404FEA4103F4
:10B8100013F5001F38BF7047A1F1C04100F06EB9A9
:10B820009EEA445F08D011EA5E0FBDE8104004BFF5
:10B8300001F0004100207047BDE8104070B500F0F5
:10B840000FF900BF64FBBE3E0000E0FF491058BF87
:10B85000C1F140415B1058BFC3F140438B42EFF34D
:10B860000080704710F0004248BF4042B0FA80F3B9
:10B8700010FA03F10AD0C3F11D0303F580634FEA08
:10B88000415002EB035202EBD12170474FF0000010
:10B890007047000051EA030C17D41CF5801F58BFF5
:10B8A000BCF5801F00F10680994218BF704708BFA1
:10B8B0009042704707D711F5801F58BF13F5801FBE
:10B8C00019D499427047894270471CF5801F08D5EA
:10B8D000BCF5801FF7D58B4218BF704708BF824266
:10B8E00070474FF4001C1CEB410F38BF1CEB430F9B
:10B8F00001D28B42704770B500F0B2F89224490033
:10B900004FF000514FF08053FFF7A0BFDFF848C160
:10B9100070B51CEA111E1EBF1CEA13159EEA0C0F1F
:10B9200095EA0C0F00F06F8081EA030423EA4C13C0
:10B930004EEAD47E21EA4C1141F4801143F4801385
:10B94000AE44A1FB024CA0FB0365AEF17F7E36192D
:10B9500055EB0C05A1FB034C4CF10003A0FB021CB2
:10B9600016EB0C06654153F10003094218BF46F07F
:10B97000010613F4007F0BD14FEA03314FEA053083
:10B98000340341EA155140EA16506FF003020AE011
:10B990004FEAC3214FEAC520F40241EA555140EA7B
:10B9A00056506FF0020202EB2E4201EB025585EA7F
:10B9B000CE710AD05FEA440C18BF24F0004450F165
:10B9C000000041F1000120EAD47040F2FE7C6245A3
:10B9D00000D270BDA84214BF4FF080444FF04044E5
:10B9E000002E08BF0024BEF1806FA8BFA1F1C041A6
:10B9F000BDE8704080F282804FF0000001F1C0414C
:10BA000001F0004170479EEA0C0F0CEA131518BFB5
:10BA100095EA0C0F06D04FF0000081EA030E0EF0FD
:10BA2000004170BD00F01CF88900013E00F007B82D
:10BA300000F009B84FEA430C5FEA5C5C08D081EA89
:10BA4000030100F05BB84FEA410C5FEA5C5CF6D1A1
:10BA50004FF00000014970470000FF070000F87F29
:10BA60000EF1020E2EF0030E5EF8046B364205D482
:10BA7000012A43EB030515F5001F12D8012841EBFD
:10BA8000010C1CF5001F0CD80ED14FEAD17C15F526
:10BA9000001F0CEB4C0C0CF1020C08BF4CEBD37CE0
:10BAA00004E04FF0080C01E04FEAD37C0CEB4C05AE
:10BAB00026FA05F606F00706B6F1040C06D20EEBE0
:10BAC000860CBDE870404CF0010C6047DFE80CF0DC
:10BAD000090B02024FF000414FF00000A1F50021D8
:10BAE00070BD19461046012851EB010418BFD4F56A
:10BAF000001484BF002001F0004170BD0808A0F5CB
:10BB000000114FEA3101704753EA010C17D41CF5BC
:10BB1000801F58BFBCF5801F00F106808B4218BF04
:10BB2000704708BF8242704707D713F5801F58BF80
:10BB300011F5801F19D48B4270479B4270471CF54A
:10BB4000801F08D5BCF5801FF7D5994218BF7047F4
:10BB500008BF904270474FF4001C1CEB430F38BFE6
:10BB60001CEB410F01D2994270470FB40CBC03BCCF
:10BB7000FFF7C1BE2DE9F04101F5801CBCF5001FA7
:10BB8000C0F2A9804FEA115C21EA0C510CF1FD0CC6
:10BB900041F480115FEA5C0C0CF5C07C01D34000DD
:10BBA000494130A4890241EA905187028E0E0A0C65
:10BBB000A45D04FB04F602FB06F6C6F14046A4FBB6
:10BBC0000662F60D46EA422606FB06F4A4FB0123B4
:10BBD0005242C3F1404338BF5B1EA6FB0242002421
:10BBE000E6FB0324D20B42EA4446A6FB0623A1FB54
:10BBF00002E2A3FB07E4E3FB61426442C2F1404E70
:10BC000038BFAEF1010EA6FB04234FF00002E6FBA5
:10BC10000E32A2FB03463400E2FB6264A1FB06E69F
:10BC2000A4FB07E8E4FB61687642C8F1405838BFDE
:10BC3000A8F10108A2FB06E4A3FB08E5E2FB6854B7
:10BC4000A1FB05E6A7FB04E8E1FB648618F12005EB
:10BC500056F10006A809A8F11B08B10908F03F0831
:10BC6000B8F10A0F40EA86601CD901EB0C51BDE81F
:10BC7000F08100BFFCF5EEE8E2DDD8D3CFCBC7C33F
:10BC8000C0BDB9B6B4B1AEACA9A7A5A3A19F9D9BF9
:10BC90009A9896959392908F8D8C8B8988878685BC
:10BCA00084838281A0FB006800FB01F208EB42085C
:10BCB000B8EB872807D5341858EB0104D5D5401CBC
:10BCC00051F10001D1E7341A78EB0104CDD4401EC4
:10BCD00071F10001C9E75FEA4C0C5FEA9C5C0DD191
:10BCE00005D34FF0000001F00041BDE8F081BDE850
:10BCF000F04170B5FFF7B4FE6DDBFFBEBDE8F0416B
:10BD00004FF00000004970470000F87F10B591EA3D
:10BD1000030F48BF83F000433FF5F8AC841A71EB82
:10BD2000030C07D212198CF0004C43EB0C03001BE0
:10BD300061EB0C01DFF8A4E14FEA1154A4EB135CB2
:10BD40001EEA430F18BF9EEA445F00F0B08023EA6A
:10BD50006E03524221EA0451C3EB6E0338BF5B1EEF
:10BD6000DCF1200E25D322FA0CFE10EB0E0043FA74
:10BD70000CFE41EB0E01CCF1200E03FA0EFE10EB8F
:10BD80000E0051F10001CCF1200E29D412FA0EF26E
:10BD900001EB0451BDE8104058BF7047401C1CBF68
:10BDA000B2F1004F704700280CBF491C20F0010081
:10BDB000704712EB020E43EB030218BF4FF0010E67
:10BDC0004EEA4202ACF1200CDCF11E0E54D943FACB
:10BDD0000CFE10EB0E0051F1FF31CCF11E0ED5D54B
:10BDE0000EF1010E12FA0EFE404141EB010101EB92
:10BDF000445C5FEA5C5C10D910EBDE7001EB04512F
:10BE000038BFBEF1004FBDE8104018BF7047002892
:10BE10000CBF491C20F00100704730D24FEAD42CEF
:10BE200011F5001124F400641BD0B1FA81F20B3A31
:10BE3000A41AA41ED2F12003914030FA03F319434F
:10BE4000904001EBCC71002C01EB0451BDE8104097
:10BE5000A8BF704701F1C0414FF0000001F0004160
:10BE60007047B0FA80F310FA03F100D110BDE41A64
:10BE7000173C4805C90AE4E701EB045110BD49101D
:10BE800001EB0451BDE810404FEA300002E04FF0F2
:10BE9000000170474A0008BF0042F8D0B2F5001F09
:10BEA00028BF704701F000414FF0000070479EEA44
:10BEB000445F07D011EA5E0FBDE8104004BF0021C7
:10BEC00000207047BDE8104070B5FFF7C9FD00BF06
:10BED00040DFF63E83F00041104670470000E0FF6F
:10BEE00043004FEAD30C4FEA3C0C43401FBF4007CE
:10BEF0000CF1605113F0FE4F70471CF0006F03D13E
:10BF000000200CF0004170470CF0004343EA5070F1
:10BF100010B540EACC0000F044F800BF00000092E9
:10BF20004FEA0001FFF7EABD4FF000414FF000007B
:10BF3000A1F500217047000000EE100A00EE901AF3
:10BF4000B4EE600AF1EE10FA78BF704700F00DB859
:10BF500010B5FFF7F1FFEFF3008020F0104038BF7D
:10BF600040F0004080F3008810BDBDE8104010B5DF
:10BF700000F017F80000000900F007B84FF040404B
:10BF800010F1004FEFF300807047401058BFC0F130
:10BF90004040491058BFC1F140418142EFF3008059
:10BFA00070470EF1020E2EF0030E5EF8044B244291
:10BFB00004D44FEA4102B2F17F4F11D84FEA400357
:10BFC000B3F17F4F0CD80ED14FEAD07CB2F17F4F46
:10BFD0000CEB4C0C0CF1020C08BF4CEBD17C04E0D8
:10BFE0004FF0080C01E04FEAD17C0CEB4C0324FA33
:10BFF00003F404F00704B4F1040C06D20EEB840C35
:10C00000BDE810404CF0010C6047DFE80CF0070879
:10C0100002024FF00040A0F5800010BD084642002B
:10C0200018BFD2F1807288BF00F0004010BD4FF001
:10C030004070E1EE100A7047FF2141EAD050C00580
:10C040007047000084C100080000000000000000EC
:10C0500000000000000000000002000018000000C6
:10C06000000000000000000090C100080000000077
:10C0700000000000000000000000000000100000B0
:10C0800018000000000000000000000074C100085B
:10C0900000000000000000000000000000000000A0
:10C0A0000008000018000000000000000000000070
:10C0B0005CC100080000000000000000000000005B
:10C0C0000000000000080000100000000000000058
:10C0D0000000000068C1000800000000000000002F
:10C0E000000000000000000000020000100000003E
:10C0F00000000000000000009CC1000800000000DB
:10C10000000000000000000000000000001000001F
:10C1100018000000000000000000000000061016DB
:10C1200000061016000000000000000001020304D9
:10C1300006070809000000000102030400000000D7
:10C140006E83F9A22915444ED15727FCC0DD34F582
:10C15000999562DB4190433CAB6351FE416363655B
:10C1600073735F506F6C6500436F6D6D756E6963BF
:10C17000617465004163636573735F426C6F636BE9
:10C180000000000064656661756C745461736B0037
:10C190004D6F746F725F4374726C00005472616A09
:10C1A0006563746F72790000C8C100080000002048
:10C1B00084080000C40100081CC300088408002093
:10C1C00034530000200200080120321042010375A0
:10C1D00024F41AAA01014A23AF431A96041E2EC260
:10C1E000CDCC6308013EBA010701101A7A60031230
:10C1F00040411A48180A1120180B14C84218710A35
:10C200001B206D01370719F0423333B33E24803BC6
:10C21000461BFA45081A45D01245041850C3470575
:10C220001D333313403C408346501B409C54194CF3
:10C230001B401C08A96C23B6438BA041044123700A
:10C24000C18BCDC304C11B0744044AC4040912BCFA
:10C25000080B2CBB44CDCCCC3D6F12833A1C0B1782
:10C260003B461C816220024C0109FA5411230C4305
:10C270000319803E144083462B803B042245137AE9
:10C2800045041B50C347021D40694C113B7A444C86
:10C290001B401C0C011C1A169C0B209041500B1EBD
:10C2A000C8429C0C4FEC51189C051A9A99193E1AD9
:10C2B000FA44139C450C1E80BB459C0121699C2BB4
:10C2C000409CA009239C0924EC0B6EC8429C051ECF
:10C2D000CDCC4C3F1A48944BF0419C1A20042908BD
:10C2E000D9441B5C22E04AB4180C1240A64424A195
:10C2F000A91CE90C5AA0680A1980941E4040666681
:10C3000086201A7A74092E60890C2D0AD7A33D0461
:0CC310000111024D0119D0012E000000A7
:040000050800018965
:00000001FF
