:020000040800F2
:10000000C05B00202903000851570008A1520008D6
:10001000315500081D1F000855820008000000002F
:10002000000000000000000000000000690200085D
:100030003128000800000000C5020008F562000831
:100040004303000843030008430300084303000878
:100050004303000843030008430300084303000868
:100060004303000843030008430300084303000858
:100070004303000843030008430300084303000848
:100080004303000843030008430300084303000838
:10009000611F0008430300084303000843030008EE
:1000A0004303000843030008430300084303000818
:1000B00043030008D5630008430300084303000816
:1000C00043030008430300084303000843030008F8
:1000D00043030008CD7D00084303000843030008E4
:1000E00043030008430300084303000843030008D8
:1000F00043030008430300084303000843030008C8
:1001000043030008430300084303000843030008B7
:100110004303000843030008E563000843030008A5
:10012000430300084303000889260008430300082E
:100130004303000843030008430300084303000887
:10014000B11F0008430300084303000843030008ED
:1001500043030008430300089926000843030008EE
:100160004303000843030008430300084303000857
:100170004303000843030008430300080000000095
:10018000430300084303000800F002F800F05CF8A5
:100190000AA090E8000C82448344AAF10107DA45E2
:1001A00001D100F051F8AFF2090EBAE80F0013F0D8
:1001B000010F18BFFB1A43F00103184764BF00008A
:1001C00084BF00000A444FF0000C10F8013B13F00C
:1001D000070408BF10F8014B1D1108BF10F8015BA0
:1001E000641E05D010F8016B641E01F8016BF9D193
:1001F00013F0080F1EBF10F8014BAD1C0C1B09D1EA
:100200006D1E58BF01F801CBFAD505E014F8016B5B
:1002100001F8016B6D1EF9D59142D6D370470000ED
:100220000023002400250026103A28BF78C1FBD8FF
:10023000520728BF30C148BF0B6070471FB50BF095
:10024000B2FE1FBD10B510BD00F0F6F91146FFF764
:10025000F5FF08F05BFF00F014FA03B4FFF7F2FFBC
:1002600003BC00F017FA00002C4B19680868B0E8CE
:10027000F04F80F30988BFF36F8F4FF0000080F3D9
:10028000118870470000000008480068006880F38B
:1002900008884FF0000080F3148862B661B6BFF39F
:1002A0004F8FBFF36F8F00DF00BF00BF08ED00E08E
:1002B000DFF80C00016841F470010160704700BF75
:1002C00088ED00E0EFF30980BFF36F8F134B1A68DE
:1002D0001EF0100F08BF20ED108A20E9F04F1060CB
:1002E00009B44FF0500080F31188BFF34F8FBFF374
:1002F0006F8F0AF0F3F84FF0000080F3118809BC0B
:1003000019680868B0E8F04F1EF0100F08BFB0EC95
:10031000108A80F30988BFF36F8F70472C0000208C
:10032000EFF30580704700000948804709480047FF
:10033000FEE7FEE7FEE7FEE7FEE7FEE7FEE7FEE795
:10034000FEE7FEE704480549054A064B70470000F2
:10035000C163000889010008C0550020C05B00206F
:10036000C0570020C057002053EA020C00F06980FB
:100370002DE9F04B4FF00006002B1FBFB3FA83F5B9
:1003800003FA05F424FA05F65E4012BF1643B2FAEA
:1003900082F502FA05F4C5F120051EBF22FA05FC1C
:1003A00044EA0C04203556EA044C4FEA144418BFC2
:1003B000641C4FF000084FF00009904271EB030CF1
:1003C00039D3002919BFB1FA81F701FA07F6B0FA5B
:1003D00080F700FA07F6C7F120071EBF20FA07FCD6
:1003E00046EA0C062037B6FBF4FCA7EB0507103FE6
:1003F00007F01F0BCBF120060CFA0BFB2CFA06F6CC
:1004000044BFB3460026202FA4BF5E464FF0000B2A
:100410005BEA060C08BF4FF0010B19EB0B09ABFBB5
:10042000027C48EB0608C01B06FB02CC0BFB03CC8E
:1004300071EB0C01C1E70B46024641464846BDE858
:10044000F08B13B54FF000004FF00001AFF30080C8
:10045000BDE81C407047B2F120030AD5C2F1200369
:1004600001FA02F120FA03F300FA02F041EA030173
:10047000704700FA03F14FF000007047032A40F282
:10048000308010F0030C00F0158011F8013BBCF136
:10049000020F624498BF11F801CB00F8013B38BF4E
:1004A00011F8013BA2F1040298BF00F801CB38BF5C
:1004B00000F8013B11F0030300F06280083AC0F03D
:1004C000088051F8043B083A51F804CBA0E8081022
:1004D000F5E7121D5CBF51F8043B40F8043BAFF355
:1004E0000080D20724BF11F8013B11F801CB48BFAF
:1004F00011F8012B24BF00F8013B00F801CB48BFE5
:1005000000F8012B704702F0FF0343EA032242EA9E
:10051000024200F069B84FF0000200B5134694465D
:100520009646203922BFA0E80C50A0E80C50B1F14B
:100530002001BFF4F7AF090728BFA0E80C5048BF5F
:100540000CC05DF804EB890028BF40F8042B08BFFD
:10055000704748BF20F8022B11F0804F18BF00F8F9
:10056000012B704770477047704710B500F05CF87A
:10057000006810BD10B5044600F056F8046010BDC8
:1005800010B5203AC0F00B80B1E81850203AA0E82E
:100590001850B1E81850A0E81850BFF4F5AF5FEA62
:1005A000027C24BFB1E81850A0E8185044BF18C915
:1005B00018C0BDE810405FEA827C24BF51F8043BBC
:1005C00040F8043B08BF7047D20728BF31F8023B10
:1005D00048BF11F8012B28BF20F8023B48BF00F8A4
:1005E000012B70474FF000020429C0F0128010F078
:1005F000030C3FF492AFCCF1040CBCF1020F18BF16
:1006000000F8012BA8BF20F8022BA1EB0C01FFF78B
:1006100084BF5FEAC17C24BF00F8012B00F8012BE6
:1006200048BF00F8012B7047004870475C55002018
:10063000004870475C5500207546FFF7F9FFAE464D
:1006400005006946534620F00700854618B020B5DE
:10065000FFF778FEBDE820404FF000064FF000079E
:100660004FF000084FF0000B21F00701AC46ACE85A
:10067000C009ACE8C009ACE8C009ACE8C0098D46C7
:10068000704710B50446AFF300802046BDE8104027
:10069000FFF7E3BD01491820ABBEFEE726000200CC
:1006A000704700000C4840790C4908700A480079EE
:1006B000487009488078887007488079C870064873
:1006C000C07908710448C07848710348007888717F
:1006D00001484078C8717047C0000020485300208E
:1006E00010B501460022002007E00C5C0123834086
:1006F00004FB0323DAB2431CD8B20628F5DB10460C
:1007000010BD000070B52DED108B92B00446E0696D
:1007100000EE900A60EEA01A206A00EE900A01EE48
:10072000100A40EE811AB0EE610A08F012FCF0EEF9
:10073000409A206800EE100A606800EE900A30EEE1
:10074000200ADFEDEE0A30EE200AB4EEE90AF1EEFF
:1007500010FA12D3206800EE100A606800EE900ACA
:1007600030EE600AB0EEC00ADFEDE40A30EE600A57
:10077000B4EEE90AF1EE10FA04DD002012B0BDEC8F
:10078000108B70BDE06900EE900A206A00EE100A3E
:1007900008F0B8F8B0EE40BA206800EE100A20EE7B
:1007A000000A09EEA90A606800EE900A01EE100A3C
:1007B00000EEC10A206800EE900AB0EE001A60EE6A
:1007C000810A60EEA90AC0EE20BAB7EE000AF4EE84
:1007D000C0BAF1EE10FA03DDB7EE000AF0EE40BA4F
:1007E000BFEE000AF4EEC0BAF1EE10FA03D2BFEE8B
:1007F000000AF0EE40BAB0EE6B0A07F0F7FFB0EE79
:1008000040CAB0EE4C0A3BEE000A8DED100AB0EE85
:100810004C0A3BEE400A8DED110A0026DFEDB8FAD6
:100820009FEDB70A8DED0F0A002563E010A800EBDD
:10083000850090ED000AF0EE40AAF5EEC0AAF1EEB8
:1008400010FA06D39FEDAF0AF4EEC0AAF1EE10FA4B
:1008500000DD4EE0B0EE6A0A08F07CF9206800EE98
:10086000900A20EE200A8DED030AB0EE6A0A08F025
:100870006BFA206800EE900A20EE200A8DED020A45
:10088000E06900EE900A9DED030A30EEC00A8DED9E
:10089000010A206A00EE900A9DED020A30EEC00ABD
:1008A0008DED000ADDED010A9DED000A08F02AF841
:1008B000B0EE409A9FED940AB4EEC09AF1EE10FAB1
:1008C00006D39FED920AB4EEC09AF1EE10FA00DD65
:1008D0000FE09FED8A0A3AEE800AB4EEC90AF1EE03
:1008E00010FA00D205E0F0EE6AFA8DED0F9A0126BB
:1008F00002E06D1C022D99DB00BF0EB900203DE720
:100900009FED830A2FEE800A10EE100A60639DEDC2
:100910000F0ADFED7F0A20EE200A10EE100AA06316
:10092000B0EE6F0A08F010FA206800EE900AF1EEBF
:10093000600A60EE20CA9DED0F0A08F005FA6068B3
:1009400000EE900AF1EE600A20EE20DAB0EE6F0AB7
:1009500008F000F9206800EE900A60EE20DA9DEDC4
:100960000F0A08F0F7F8606800EE900A20EE20EA1F
:100970002CEE8E0A0DEE6D0A8DED0E0A9DED0E0A1F
:10098000B0EEC00ADFED5D0AB4EEE00AF1EE10FA57
:1009900001D20020F2E69DED0E0AF7EE000A80EE8D
:1009A00080AA606A0EEE900AA06A0FEE100A2EEE80
:1009B0002E0A0DEE4F0A20EE0A8AB1EE6D0A20EEE5
:1009C0002E0A0CEE8F0A60EE0A8A9FED510A28EE7D
:1009D000000A10EE100A20649FED4D0A28EE800AEE
:1009E00010EE100A6064B0EE6F0A08F0B3F82068E9
:1009F00000EE900AF1EE600A20EE200A20EE080ACE
:100A00008DED0D0A9DED0F0A08F0A4F8606800EE68
:100A1000900AF1EE600A20EE200A20EE280A8DED01
:100A20000C0AB0EE6F0A08F08FF9206800EE900A09
:100A3000F1EE600A20EE200A20EE080A8DED0B0A86
:100A40009DED0F0A08F080F9606800EE900AF1EE63
:100A5000600A20EE200A20EE280A8DED0A0AE06ADC
:100A60000990206B08909DED0D0A60EE080A9DED3F
:100A70000C0A40EE280A9DED090A30EE600A8DED61
:100A8000070A9DED0B0A60EE080A9DED0A0A40EE8A
:100A9000280A9DED080A30EE600A8DED060A9DEDEC
:100AA000070A6EEE000A9DED060A4DEE400A20EEA2
:100AB0008A0A8DED050AF1EE6D0A9DED070A60EEDA
:100AC000800A9DED060A4CEE800A20EE8A0A8DED22
:100AD000040A9DED050ADFED0E0A20EE200A10EE55
:100AE000100AA0649DED040ADFED090A20EE200A39
:100AF00010EE100AE064012040E60000BD378635A4
:100B000000000000DB0F4940DB0FC9BFDB0FC93F0E
:100B1000E12E65423EB5044694ED030AD4ED000A89
:100B200030EE200A8DED000A94ED040AD4ED010A9E
:100B300030EE200A8DED010A94ED020A8DED020AD5
:100B4000DDED020A9FED211A60EE810AB0EE600A27
:100B500008F000F8D4ED080A20EE200A84ED0B0A14
:100B6000DDED010A9FED191A60EE810AB0EE600A10
:100B700007F0F0FFD4ED070A20EE200AD4ED0B0AAF
:100B8000DFED131A80EEA11AF3EE040A61EE200ADB
:100B9000B5EE081A10EEC10A84ED0A0ADDED000A6E
:100BA0009FED0A1A60EE810AB0EE600A07F0D2FFEC
:100BB000D4ED060A20EE200AD4ED0A0A9FED051AAC
:100BC00001EE200A84ED090A3EBD000035FA8E3C94
:100BD00000008046CDCCCC3D10B5394800780128C6
:100BE0001FD1384880683749C8610846C068086224
:100BF0000846FFF787FD3348406B324908610846D5
:100C0000806B48610846406B2F49C8602D48806B57
:100C100008619FED2E0A084680ED050A002028494C
:100C200008702B48D0ED000AB0EE600AF7EE001A0B
:100C30009FED281ADFED280A284805F087FC244894
:100C400090ED030AB0EEC00AF2EE040AB4EEE00A38
:100C5000F1EE10FA0DD8D0ED030AB0EE600ADFED28
:100C6000201A9FED201AF9EE000A1F4805F06EFCCD
:100C70000DE01748D0ED030AB0EE600AF2EE041A58
:100C80009FED181AF9EE000A174805F05FFC0D48B1
:100C9000006A00EE900A0B48C06900EE100ADFED12
:100CA000133A9FED133ADFED092A9FED082ADFED95
:100CB000111A9FED111A114806F056FA10BD0000E6
:100CC0003C010020EC000020940700200000000000
:100CD000CC5300200000704300009842EA540020EA
:100CE0009A99993E0000B442A454002000007A442E
:100CF0000000FA4300002F43000011430C080020BD
:100D000070B504460D462046FFF7FCFC012815D1BE
:100D1000606B00EE100A206900EE900A30EE600A67
:100D200085ED020AA06B00EE100A606900EE900AE1
:100D300030EE600AB1EE400A85ED010A70BD000098
:100D400010B5FE480078FE490978884208D0002096
:100D500004E00021FB4A1154411C88B20A28F8DB48
:100D6000F6480078F6490870F448007807286ED2F3
:100D7000DFE810F007006300E103B4042F06FF066C
:100D80003908F148006840F6B83188420DD8EF487C
:100D90000078052809D1EE480078052805D1ED48EE
:100DA0000078052801D1FFF717FFE7480068401CCD
:100DB000E5490860E848407801281BD108460068EA
:100DC000642817D300200860E4490860E4490860FB
:100DD000E4490860E4490860E4490860E4490860BF
:100DE0000120E449887048710871D44908700020D6
:100DF000D9494870D848407802281DD1D2480068A7
:100E0000642819D30020D0490860D4490860D44927
:100E10000860D4490860D4490860D4490860D449BE
:100E200008600120D3498870487108710520C349C2
:100E300008700020C84948707CE3C748807838B102
:100E4000012874D0022873D0032872D1B0E2BCE329
:100E5000BC480078A0BBBD480078052831D1BC480B
:100E6000007805282DD1BB480078052829D1C24833
:100E7000006A00EE900AC048C06900EE100ADFED7B
:100E8000BF3A9FEDBF3ADFEDBF2A9FEDBE2ADFEDEF
:100E9000BE1A9FEDBE1AAE4806F066F9BC48D0ED0A
:100EA000000AB0EE600ADFEDBB1A9FEDBB1ADFED62
:100EB000BB0AA84805F04AFB0120A2490870A8E037
:100EC000FFE7A0480078012835D19E48407888BBCC
:100ED0009E48007805282ED19D48007805282AD103
:100EE0009C480078052826D1A348006A01EE100A24
:100EF000DFEDAB1A31EE611AF0EE410A9E48C0698F
:100F000000EE100A9FED9D4ADFED9D3A9FED9C3A61
:100F1000DFED9C2A9FEDA12ADFEDA21A9FEDA01A1A
:100F20008B4805F073FD01208649487071E085E02B
:100F3000B9E1F8E2FFE783484078012839D18148D8
:100F40008078A8BB81480078052832D18048007895
:100F500005282ED17F48007805282AD18648006AC6
:100F600002EE100ADFED902A32EE622AF0EE421A0B
:100F70008148C06901EE100A7F48006A00EE900ABD
:100F80007D48C06900EE100ADFED883A9FED7C3A9B
:100F9000DFED7C2A9FED7A2A6D4806F0E5F89FED9B
:100FA000840A844880ED080A01206649887030E090
:100FB000FFE76448807801282BD16248C07840BBA5
:100FC00062480078052824D161480078052820D19E
:100FD0006048007805281CD1C82009F09FF96648B0
:100FE000006A00EE900A6448C06900EE100ADFED66
:100FF000633A9FED633ADFED632A9FED622ADFEDEE
:101000006E1A9FED6E1A524806F0AEF801204D4957
:10101000C8704C48C07801280FD14C48007805288A
:101020000BD14B480078052807D14A48007805289D
:1010300003D103204149087010BD75E24148007892
:1010400060BB43480078052828D14B48006A00EE71
:10105000900A4948C06900EE100ADFED483A9FED5A
:10106000583ADFED482A9FED472ADFED471A9FEDFA
:10107000461A374806F078F84548D0ED000AB0EE39
:10108000600ADFED501A9FED441ADFED3E0A314849
:1010900005F05CFA01202B490870EFE02948007840
:1010A000012831D12748407870BB284800780528AE
:1010B0002AD127480078052826D126480078052817
:1010C00022D12D48006A01EE100ADFED3F1A31EE01
:1010D000611AF0EE410A2848C06900EE100A9FED3F
:1010E0003B4ADFED373A9FED363ADFED262A9FED9A
:1010F0002B2ADFED2C1A9FED341A154805F086FCDB
:10110000012010494870B9E00E48407801287ED18E
:101110000C48807880B90D480078052877D10C48B4
:101120000078052873D10B48007805286FD1124844
:10113000006A00EE900A4BE069E0000046010020E2
:10114000470100205055002070080020A4540020C2
:101150000C080020EA5400203C0100207408002004
:10116000780800207C0800208008002084080020E7
:1011700088080020C0000020EC00002000409C45B2
:1011800000007A4400000000000048430080A243B1
:10119000CC5300209A99993E000034440000B4C218
:1011A000000096420000B4420000484200401C4645
:1011B00000803B45940700200000BE43000096439A
:1011C0000000FA44CDCC4C3E0000C84200606A46A4
:1011D000FE48C06901EE100A5FED051A31EE211AD2
:1011E000B0EE410A1FED074A5FED0B3A1FED1C3AC6
:1011F0005FED0D2A1FED152ADFEDF51A1FED0E1A12
:10120000F44805F003FC0120F349887036E0F24809
:101210008078012832D1F048C07878BBEF48007858
:1012200005282BD1EB480078052827D1EC48007819
:10123000052823D1E548006A01EE900AE348C06919
:1012400002EE100A5FED282A32EE222AB0EE421A90
:10125000DE48006A00EE900ADC48C06900EE100A21
:101260005FED2E3A1FED2A3A5FED3A2A1FED3C2A38
:10127000D84805F079FF0120D749C870D648C07812
:1012800001280FD1D548007805280BD1D148007826
:10129000052807D1D2480078052803D10220D1497A
:1012A0000870C9E640E1CC480078A0BBCB48007884
:1012B000052831D1C748007805282DD1C8480078C5
:1012C000052829D1C848D0ED000AB0EE600A5FEDCC
:1012D000431A1FED4F1A5FED550AC14805F036F964
:1012E000BA48006A00EE900AB848C06900EE100AD9
:1012F0005FED4A3A1FED4E3A5FED5E2A1FED5F2A21
:101300005FED5F1A1FED601AB24805F02DFF012056
:10131000B149087037E0FFE7AF480078012832D1C3
:10132000AD48407878BBAD48007805282BD1A94856
:101330000078052827D1AA480078052823D1A3489A
:10134000006A01EE900AA148C06902EE100ADFEDC2
:10135000A72A32EE222AB0EE421A9C48006A00EE1A
:10136000900A9A48C06900EE100A5FED683A1FEDD6
:101370006C3A5FED7C2A1FED7D2A964805F0F4FE5D
:101380000120954948709448407801280FD193482E
:10139000007805280BD18F480078052807D19048A0
:1013A0000078052803D102208E49087044E6BBE08E
:1013B0008948007830BB89480078052822D18548C3
:1013C000007805281ED18648007805281AD17F4864
:1013D000006A00EE900A7D48C06900EE100A5FEDD9
:1013E0008D3A1FED893A5FED9A2A1FED9A2ADFEDBB
:1013F000801A9FED801A774805F0B6FE01207649E5
:1014000008707BE074480078012840D17248407829
:10141000E0BB72480078052839D16E48007805286D
:1014200035D16F480078052831D16F48D0ED000ADA
:10143000B0EE600A5FED9D1A1FEDA91A5FEDAF0ACD
:10144000674805F083F86148006A00EE900A5F483B
:10145000C06901EE100A5FEDA41A31EE211AB0EE58
:10146000410A1FEDAE4A5FEDAA3A1FEDAB3A5FEDC0
:10147000BC2A1FEDB62ADFED561A1FEDAD1A5548EE
:1014800005F0C4FA01205449487037E0FFE752489C
:101490004078012832D15048807878BB4F48007896
:1014A00005282BD14B480078052827D14C480078D7
:1014B000052823D14548006A01EE900A4348C069D7
:1014C00002EE100ADFED492A32EE222AB0EE421A6D
:1014D0003E48006A00EE900A3C48C06900EE100ADF
:1014E0005FEDCE3A1FEDCA3A5FEDDA2A1FEDCC2A46
:1014F000384805F039FE0120374988703648807831
:1015000001280FD13548007805280BD131480078E3
:10151000052807D132480078052803D10220314937
:10152000087089E500E000BF00BF33480068401C38
:10153000314908604CE23148006858B92348C06915
:1015400000EE100A5FEDE00A30EE200A10EE100AFD
:101550001E49C86120480078012808D11D4800783C
:10156000052804D11FEDEE0A254880ED080A25481C
:101570008078012804D002284FD0032873D173E06B
:101580001548007800BB13480078052844D11B4853
:101590000068C82840D30D48006A00EE900A0B4846
:1015A000C06900EE100ADFED183A1FEDFB3ADFEDDF
:1015B000172A9FED162ADFED0E1A9FED151A054822
:1015C00005F0D2FD012025E026E0FDE3EC0000203F
:1015D000000034430C08002050550020A454002083
:1015E000EA54002046010020CC53002000007A433A
:1015F0000000C8430000164374080020780800204B
:10160000940700203C01002000401C460000000020
:1016100000004843FE4908704DE0FD48007808BBD3
:10162000FC48007805281DD1FB480068C82819D35C
:10163000FA48006A00EE900AF848C06900EE100A05
:101640005FED0F3A9FEDF63A5FED102A1FED112A7C
:101650005FED191A1FED121AEE4805F085FD012005
:10166000EB49087027E025E0E948007808BBE94825
:10167000007805281DD1E8480068C82819D3E74834
:10168000006A00EE900AE548C06900EE100A5FEDBE
:10169000223A9FEDE33A5FED232A1FED242A5FED06
:1016A0002C1A1FED251ADB4805F05EFD0120D849F4
:1016B000087000E000BF00BFD5480078012807D1BE
:1016C000D4480078052803D10320D6490870B3E434
:1016D000D1480068401CD049086079E1D24880793F
:1016E000012820D1D048407802281BD10020CF49C2
:1016F0000860CF490860C8490860CE490860CE49F3
:101700000860CE490860CE4908600120CD49887044
:1017100008710620C34908700020C34948700021A1
:10172000C148817188E4C0480079A0BBBE48C07838
:10173000012830D1B648007870BBB548807858BBD6
:10174000B4480078052828D1B748807888B1BE48C9
:10175000D0ED030AB0EE600AF7EE001A1FED641A2E
:10176000DFEDBA0ABA4804F0F1FE0120A84908707A
:101770009BE0B548D0ED030AB0EE600AF7EE081A18
:101780001FED6D1A5FED6E0AB14804F0DFFE012017
:101790009F49887089E097E0FFE79D48007801281D
:1017A00033D19B48407878BBA948007805282CD1D4
:1017B0009D48807840B3A448D0ED000AB0EE600A9E
:1017C000DFEDA41A1FED7E1ADFEDA30AA34804F093
:1017D000BDFE9248006A00EE900A9048C06900EE93
:1017E000100ADFED9F3A9FED9F3A5FED782A1FEDDB
:1017F000792A5FED811A9FED9C1A864805F0B4FCAA
:1018000001208349487050E0FFE781484078012873
:101810001CD17F488078C8B97E480078052815D14A
:101820008E480078052811D18748D0ED030AB0EE24
:10183000600AF7EE001A1FED9A1A5FED9B0A8448C2
:1018400004F084FE0120724988702EE07048807890
:1018500001282AD16E48C07838BB7D480078052819
:1018600023D16E48006A02EE100ADFED802A32EEC4
:10187000622AF0EE421A6948C06901EE100A674810
:10188000006A00EE900A6548C06900EE100A5FED3C
:10189000A23A9FED773A5FEDA32A1FEDA42A5D4897
:1018A00005F062FC01205A49C8705948C0780128E7
:1018B00035D158480078052831D101205A4908719E
:1018C000042058490870ECE45748807938BB5648E2
:1018D000C078032877D14E48007808BB5C48007870
:1018E00005281DD14B480078052819D15B480078A0
:1018F000052815D14C48007A03280DD05248D0ED68
:10190000030AB0EE600AF7EE001A1FEDCF1ADFED02
:101910004F0A4F4804F01AFE01203D49087052E07A
:101920003B480078012838D139484078A0BB484866
:101930000078052831D13748007805282DD147484F
:101940000078052829D13548006A00EE900A33480E
:10195000C06900EE100ADFED323A9FED463A5FEDC6
:10196000D52A1FEDD62ADFED441A1FEDE01A2948CB
:1019700005F0FAFB3448D0ED000AB0EE600ADFED66
:10198000351A1FEDED1A5FEDDF0A344804F0DEFD75
:1019900001201F49487016E0FFE71D4840780128E4
:1019A00011D11B48807870B92948007805280AD1E0
:1019B00018480078052806D128480078052802D163
:1019C0000121194881711B480068401C19490860B1
:1019D0009BE20F480078C8B90E480078052866D108
:1019E000154800680A2862D800201649887001202E
:1019F000C8700A48006A02EE100ADFED1C2A32EEB7
:101A0000222AF0EE421A0548C06937E04FE0000094
:101A1000505500200C08002078080020EC00002021
:101A20000000FA44460100203C010020700800201C
:101A3000740800207C080020800800208408002012
:101A400088080020C0000020CC5300200000B442D1
:101A5000A4540020CDCC4C3F0000B4C2EA54002076
:101A600000409C450000484400008C430000A04218
:101A700000007A440000FA430000AF4301EE100A70
:101A8000FE48006A00EE900AFC48C06900EE100AA9
:101A90005FED0D3A1FED0A3ADFEDF92A9FEDF82AC6
:101AA000F84805F061FB0120F749087044E0F74869
:101AB0000068FA280DD3F5480068B0F5967F08D283
:101AC0000020F349C8709FEDF30AF34880ED080A3F
:101AD00032E0ED48007801282ED1EB48407858BB21
:101AE000E8480078052827D1E8480068B0F5967FD7
:101AF00022D1EA48D0ED030AB0EE600AF7EE081AE8
:101B00009FEDE71ADFEDDE0AE64804F01FFDE64828
:101B1000807803280DD1E148D0ED000AB0EE600ACC
:101B2000F7EE001A9FEDE11ADFEDE10AE14804F05B
:101B30000DFD0120D4494870D3484078012812D1C6
:101B4000D64890ED030A5FED3F0AB4EEE00AF1EEED
:101B500010FA08D8CD480068B0F5167F03D90020E8
:101B6000D549087022E4C9480068401CC74908608C
:101B7000CBE1CD48007901287ED1C3480078D0BBA5
:101B8000C0480078052837D1C448D0ED030AB0EE2C
:101B9000600A5FED501A9FEDC21ADFEDC40AC1481A
:101BA00004F0D4FCBD48D0ED000AB0EE600ADFEDD1
:101BB000C31A9FEDC31A5FED580ABE4804F0C6FC75
:101BC000AE48006A00EE900AAC48C06900EE100A08
:101BD000DFEDBC3A1FED5A3ADFEDA92A9FEDA82AA6
:101BE000DFEDB91A9FEDB91AA64805F0BDFA01203C
:101BF000A5490870D8E0FFE7A3480078012872D112
:101C0000A1484078C8BBA748007805286BD19D48FB
:101C10000078052867D1A7480078052863D10020FF
:101C20009B4948719548006A02EE100A5FED712ADF
:101C300032EE622AF0EE421A9048C06901EE100AB4
:101C40008E48006A00EE900A8C48C06900EE100AC7
:101C5000DFED9F3A1FED7A3ADFED892A9FED882A62
:101C6000884805F081FAC82008F058FB012088490F
:101C7000C8719FED980A01E0AFE034E0864880ED3E
:101C8000080A322008F04AFB7C48006A02EE100A7B
:101C90005FED8A2A32EE222AF0EE421A7748C069B6
:101CA00001EE100A7548006A00EE900A7348C06998
:101CB00000EE100ADFED863A1FED933ADFED702A51
:101CC0009FED6F2A6F4805F04FFA962008F026FB2B
:101CD00000206F49C8714FF4967008F01FFB012077
:101CE0006949487060E06848407801285CD16648DE
:101CF0008078E0BB6B480078052855D161480078B2
:101D0000052851D16B48007805284DD16348D0EDA6
:101D1000030AB0EE600AF6EE001A9FED611A5FED5D
:101D2000B50A604804F012FC4FF4FA7008F0F6FAB5
:101D30005A48D0ED000AB0EE600A5FEDBA1A9FED86
:101D40005B1ADFED4F0A5B4804F000FC4FF4FA70B9
:101D500008F0E4FA4948006A00EE900A4748C06972
:101D600000EE100ADFED5A3A1FEDBF3A00E01BE02B
:101D7000DFED432A9FED422A5FEDC11A9FED451A20
:101D8000404805F0F1F94548D0ED030AB0EE600A8D
:101D9000F7EE081A9FED451ADFED390A414804F0C5
:101DA000D5FB01203849887037488078012814D144
:101DB0003C480078052810D13248007805280CD11D
:101DC0003C480078052800E09EE006D10020364916
:101DD000087106203849087079E43F480068401CC3
:101DE0003D49086091E03048407A022800D16EE415
:101DF0002548007808BB2348007805281DD12A48CB
:101E00008078B0B11D48006A00EE900A1B48C06996
:101E100000EE100ADFED313A1FEDEA3ADFED182A45
:101E20009FED172A5FEDEC1A9FED2D1A154805F06E
:101E30009BF901201449087058E0134800780128E4
:101E400054D111484078B8B90E48007805284DD1D2
:101E500000200F4988700120C870C82008F05EFA81
:101E600000200B49C8709FED0B0A0B4880ED080A53
:101E700001200549487035E038E00000EC00002002
:101E8000000000000C0800205055002080080020B1
:101E9000C000002000007A4394070020CC530020AB
:101EA0000000B443A45400203C010020000034434F
:101EB00000009842EA540020460100209A99993E79
:101EC0000000344400606A460000C84300009643A6
:101ED00000401C4600803B45840800200000FA4476
:101EE0000000E1434FF47A7008F018FA084840788F
:101EF000012803D100200749087013E40648006850
:101F0000401C0549086000E000BF00BF00BF09E4B5
:101F100050550020460100208808002000BFFEE741
:101F200000B58BB0002006900590019002900390C0
:101F300004900790012008900E200A90012009903B
:101F400001A9064800F070FD044801F034FB0221AD
:101F5000024800F0AFFC0BB000BD00008C08002070
:101F600010B5024800F0BBFE10BD00008C08002038
:101F700000B58BB00E2006900020059001900290D5
:101F8000039004900790012008901C200A900120E3
:101F9000099001A9054800F047FD044801F00BFB3A
:101FA0000221024800F086FC0BB000BDB4080020FE
:101FB00010B5024800F093FE10BD0000B4080020E8
:101FC00010B5FFF7ADFFFFF7D3FF074801F0F3FAB5
:101FD000064801F0F0FA0221034800F06BFC0221F0
:101FE000024800F067FC10BD8C080020B4080020F7
:101FF00030B52DED108B83B004469FED7B0AB0EE1B
:1020000040FA94ED000AD4ED060A30EE600A84ED41
:10201000020A94ED030AD4ED040A20EE200AB0EE81
:10202000408A94ED040A20EE080A10EE105A94ED4E
:10203000020AD4ED040A94ED011A00EE810AF0EED2
:10204000408A18EE900A09F007FF41EC1E0BB0EE33
:102050004E0AF0EE6E0A06F025FEB0EE40DAF0EE23
:1020600060DA94ED030AF2EE000A20EE200A10EE88
:10207000101A084609F0F0FE53EC1D2BCDE90001C3
:102080009DED000B51EC100B09F0FCFB41EC1B0B20
:1020900028EE080A10EE101A084609F0DDFE41ECA1
:1020A0001C0B53EC1B2B09F0E5FA41EC1A0BB0EEBC
:1020B0004A0AF0EE6A0A06F00FFFB0EE409AF0EE20
:1020C000609A51EC190B09F0A3FA0290284609F026
:1020D000C3FE41EC190B18EE900A09F0BDFE41EC6D
:1020E0001B0BB0EE4B0AF0EE6B0A06F0DBFDB0EE18
:1020F00040AAF0EE60AA53EC192B51EC1A0B09F030
:10210000BFFC18D2B0EE680A04F05CF800EE100ACA
:10211000F8EEC00A9DED020A30EE480A60EE800A31
:10212000B0EE001A80EE810AD4ED010A30EE200AEA
:10213000B0EE40FA09E0D4ED040A88EEA00AD4ED2E
:10214000010A30EE200AB0EE40FA18EE100A09F04B
:1021500083FE41EC190B1FEE100A09F07DFE41ECE5
:102160001B0BB0EE4B0AF0EE6B0A06F09BFDB0EED7
:1021700040AAF0EE60AA53EC192B51EC1A0B09F0AF
:102180007FFC10D2B0EE4F0A04F01CF800EE100AEB
:10219000B8EEC00AD4ED030ABFEE001A60EE810A61
:1021A00060EE20FA09E094ED030AFFEE000A20EE4B
:1021B000200A20EE0F0AC0EE08FA94ED000AD4EDD2
:1021C000050A94ED011A00EE810A84ED000A94EDEF
:1021D000010AD4ED050A00EEAF0A84ED010A03B04E
:1021E000BDEC108B30BD000000000000F0EE401A86
:1021F000F4EEE01AF1EE10FA02D2B0EE600A704787
:10220000F4EEC11AF1EE10FA02DDB0EE410AF6E783
:10221000B0EE610AF3E7000010B50348007805F05E
:10222000A3FE06F00BF810BDC800002010B5026830
:1022300042600160D0E90023D21A8260426902EB59
:10224000D2748368B3EB640F04DD43698268D21AE9
:1022500082600BE043695A4202EBD2748368B3EBAD
:10226000640F03DA436982681A448260D0E902325B
:102270001A44C260027F012A02D10022C2600277A2
:1022800010BD7CB505460E46144600200DE034F81E
:102290001010C1F307210DF8101014F810204100A0
:1022A000491C0DF80120411C88B20428EFDB0823EB
:1022B0006A463146284600F001F87CBD2DE9F04120
:1022C00088B006460C4617461D460294002003902F
:1022D00004900590069501AB3A4602A9304600F0FD
:1022E000FEFA8046B8F1000F04D104484089401C32
:1022F0000249488108B0BDE8F08100005453002035
:102300004A780B7842EA032200EE102AB8EEC00A9F
:1023100080ED080A90ED080A704730B503464FF685
:10232000FF728C7804F080043CB114048D7844EA88
:102330000524CD7844EA050003E0CC788D7844EAA2
:10234000052000EE100AB8EEC00A30BD10B52DED24
:102350000A8BB548D0ED0B1AB0EE611AD0ED0A1A0F
:10236000F0EE610AB148D0ED051AB0EE610AB0484E
:1023700003F0B6FAAC48D0ED0B0AB0EE600AAD48F7
:1023800000F074FAB0EE40AA1AEE100A09F064FDEB
:1023900041EC1C0BB0EE4C0AF0EE6C0A06F082FC2D
:1023A000B0EE40BAF0EE60BA9FEDA30B53EC102BE9
:1023B00051EC1B0B09F064FB03D89FEDA10AB0EEB2
:1023C00040AA9B4890ED260A9E48D0ED0A0A30EEBE
:1023D000200A30EE0A0ABDEEC00A10EE100A00B262
:1023E000994908809948D0ED0B1AB0EE611AD0EDEA
:1023F0000A1AF0EE610A8D48D0ED041AB0EE610AB7
:10240000934803F06DFA9148D0ED0B0AB0EE600AE4
:10241000904800F02BFAB0EE408A18EE100A09F04E
:102420001BFD41EC1C0BB0EE4C0AF0EE6C0A06F002
:1024300039FCB0EE40BAF0EE60BA9FED7F0B53EC82
:10244000102B51EC1B0B09F01BFB03D89FED7C0AF2
:10245000B0EE408A7E4890ED260A7A48D0ED090A0F
:1024600030EE200A30EE080ABDEEC00A10EE100A67
:1024700000B275494880784890ED0B1AF0EE410A99
:102480006A4890ED061AB0EE410A744803F062F90A
:102490007148D0ED0B0AB0EE600A714800F0E6F921
:1024A000F0EE408A18EE900A09F0D6FC41EC1C0BC5
:1024B000B0EE4C0AF0EE6C0A06F0F4FBB0EE40BA57
:1024C000F0EE60BA9FED5C0B53EC102B51EC1B0B44
:1024D00009F0D6FA03D89FED5A0AF0EE408A5F4819
:1024E00090ED080A30EE280ABDEEC00A10EE100A80
:1024F00000B2554988805B48D0ED0B1AB0EE611AE6
:10250000D0ED0A1AF0EE610A4848D0ED001AB0EE9C
:10251000610A554803F0E4F95248D0ED0B0AB0EED9
:10252000600A524800F0A2F9B0EE409A19EE100A83
:1025300009F092FC41EC1C0BB0EE4C0AF0EE6C0A78
:1025400006F0B0FBB0EE40BAF0EE60BA9FED3A0B89
:1025500053EC102B51EC1B0B09F092FA03D89FEDB2
:10256000380AB0EE409A404890ED260A4048D0ED37
:102570000B0A30EE200A30EE090ABDEEC00A10EE5A
:10258000100A00B23049C8803A4890ED0B1AF0EEBC
:10259000410A264890ED071AB0EE410A364803F08A
:1025A000D9F83548D0ED000AB0EE600A334800F0A3
:1025B0005DF9F0EE409A19EE900A09F04DFC41ECFD
:1025C0001C0BB0EE4C0AF0EE6C0A06F06BFBB0EEA2
:1025D00040BAF0EE60BA9FED180B53EC102B51ECA3
:1025E0001B0B09F04DFA03D89FED150AF0EE409A47
:1025F000214890ED080A30EE290ABDEEC00A10EE1F
:10260000100A00B21E4908800F4A4FF400711D489D
:10261000FFF737FE1A4A40F2FF111A48FFF731FE62
:10262000BDEC0A8B10BD00007C030020CC530020C1
:1026300014050020700700200000000000C0724058
:102640000000000034070020DC00002028030020E8
:102650007804002064070020D0030020B00500208B
:102660007C07002094010020E8010020DC07002006
:1026700094070020240400204C0600208807002036
:10268000E40000208C08002010B5024801F034F866
:1026900010BD00006C09002010B5024801F02CF8B4
:1026A00010BD0000CC09002001460878103818231E
:1026B000B0FBF3F20848805CC865032A05D90868B6
:1026C0006FF30900001D886503E008686FF30900D7
:1026D0008865886D7047000094C00008014600209E
:1026E0008A6A8B69CBB932B1012A0DD0022A03D094
:1026F000032A10D10EE000BFCB6A03F08073B3F160
:10270000807F00D1012007E0CB6AB3F1C07F00D108
:10271000012001E000E000BF34E08B69B3F5005F09
:102720001AD132B1012A07D0022A03D0032A11D1CB
:102730000AE000BF01200EE0CB6A03F08073B3F122
:10274000807F00D1012006E0CB6AB3F1C07F00D1C9
:10275000012000E000BF15E032B1012A05D0022AB5
:1027600004D0032A0CD103E000BF00BF012008E021
:10277000CB6A03F08073B3F1807F00D1012000E0C9
:1027800000BF00BF704730B50468246824F480247B
:1027900005682C60046863608468402C04D1046878
:1027A000A2600468E16003E00468A1600468E2607C
:1027B00030BD00002DE9F04188B006460C461746B2
:1027C0001D4602940020039004900590069501ABED
:1027D0003A4602A9304600F082F88046B8F1000F70
:1027E00004D10448C089401C0249C88108B0BDE832
:1027F000F0810000545300201CB5FF208DF800002C
:102800008DF801008DF802008DF803008DF80400AA
:102810008DF805008DF80600FC208DF807000823D0
:102820006A4601210148FFF7C5FF1CBD8C08002046
:10283000704772B600BFFEE7014671EE602AF0EE07
:10284000621AB0EE602A30EE423A01208840401E03
:1028500002EE900AF8EEE22A63EE222A82EEA13A14
:10286000FCEEC32A12EE900A70470000F0EE400A18
:10287000B0EEE00A90ED021AB4EEC10AF1EE10FAE1
:1028800002D29FED0B0A704790ED000AF5EEC00AE8
:10289000F1EE10FA02DDB7EE001A01E0BFEE001A09
:1028A00020EE010A90ED011A01EE200AEBE700008C
:1028B0000000000010B5024692F82030012B01D034
:1028C000022B06D11068406908431468606100203B
:1028D00010BD506A40F4802050620120F8E7F0B546
:1028E00004460D461E4694F8207020688368A86848
:1028F00000B900E000BF012F01D0022F7DD103F00D
:10290000806030B903F0006018B903F080500028EF
:102910007ED0C3F30161012088403060A86860B9AF
:10292000B5F800C0E86840EA4C5C206800F5C0706B
:1029300000EB0110C0F800C00FE0D5E901C040EA8B
:10294000CC00D5F80CC040EA0C00D4F800C00CF55F
:10295000C07C0CEB011CCCF80000D5F810C020683E
:1029600000F5C07000EB0110C0F804C0287D0128FC
:102970000ED1206800F5C07000EB0110406840F4F3
:10298000807C206800F5C07000EB0110C0F804C026
:10299000D079000692F806C040EA0C4092F805C0D3
:1029A00040EA0C2092F804C040EA0C00D4F800C0C1
:1029B0000CF5C07C0CEB011CCCF80C00D0780006A8
:1029C00092F802C040EA0C4092F801C040EA0C20A4
:1029D00092F800C040EA0C00D4F800C00CF5C07CAE
:1029E0000CEB011CCCF80800206800F5C07000EB6F
:1029F0000110006840F0010C01E00FE008E02068E1
:102A000000F5C07000EB0110C0F800C00020F0BD60
:102A1000606A40F4001060620120F8E7606A40F4E8
:102A2000802060620120F2E7F0B504460A4694F87F
:102A30002050012D01D0022D7ED1424901F50071B7
:102A4000086840F001000860086820F47C500860C5
:102A50000868566A40EA06200860107D00F01F06EC
:102A6000012000FA06F3C8699843C861A1F5007116
:102A7000D069C8B9D1F80C029843C1F80C0290880B
:102A800080B2968940EA064601F51070576940F811
:102A90003760108880B2168940EA064601F510704A
:102AA000576900EBC7004660D069012819D1D1F8F9
:102AB0000C021843C1F80C02908880B2168840EAD4
:102AC000064601F51070576940F83760908980B26A
:102AD000168940EA064601F51070576900EBC700F9
:102AE0004660906928B9D1F804029843C1F80402FD
:102AF00004E0D1F804021843C1F80402106928B9AF
:102B0000D1F814029843C1F8140204E0D1F8140279
:102B10001843C1F81402106A012804D1D1F81C022C
:102B20001843C1F81C02D1F8000220F00100C1F8DE
:102B300000020020F0BDFFE7606A40F48020606280
:102B40000120F7E700640040704770B5044694F830
:102B50002050012D01D0022D7DD151B92068C068CF
:102B600000F0030080B9606A40F400106062012048
:102B700070BD2068006900F0030028B9606A40F465
:102B8000001060620120F3E7206800F5D87000EBC8
:102B90000110006800F004009060906840B920685F
:102BA00000F5D87000EB01100068400D106007E0E0
:102BB000206800F5D87000EB01100068C008506074
:102BC000206800F5D87000EB0110006800F00200EA
:102BD000D060206800F5D87000EB0110406800F06C
:102BE0000F00082802D30820106108E0206800F5D3
:102BF000D87000EB0110406800F00F0010612068F1
:102C000000F5D87000EB0110406800F47F40000A26
:102C10009061206800F5D87000EB01104068000C4E
:102C20005061206800F5D87000EB011080681870C2
:102C3000206800F5D87000EB0110806800F47F4038
:102C4000000A5870206800F5D87000EB0110806809
:102C500000F47F0000E03CE0000C9870206800F574
:102C6000D87000EB01108068000ED870206800F565
:102C7000D87000EB0110C0681871206800F5D8709A
:102C800000EB0110C06800F47F40000A5871206812
:102C900000F5D87000EB0110C06800F47F00000C54
:102CA0009871206800F5D87000EB0110C068000E24
:102CB000D87131B92068C06840F020002668F06003
:102CC00005E02068006940F020002668306100209F
:102CD0004EE7606A40F480206062012048E72DE9F9
:102CE000F05F04460025206846692068D0F804900B
:102CF000206887682068D0F80CA02068D0F810B051
:102D00002068D0F8188006F00100002855D007F0A0
:102D10000100C0B101202168886007F0020018B1ED
:102D2000204600F078FC0EE007F0040010B145F4F6
:102D3000006508E007F0080010B145F4805502E096
:102D4000204600F067FC07F48070C8B14FF4807033
:102D50002168886007F4007018B1204600F05DFC1F
:102D60000EE007F4806010B145F4005508E007F468
:102D7000006010B145F4804502E0204600F04CFCB4
:102D800007F48030C8B14FF480302168886007F4C0
:102D9000003018B1204600F042FC0EE007F480201D
:102DA00010B145F4004508E007F4002010B145F4E7
:102DB000803502E0204600F031FC06F0080038B112
:102DC0000AF0100020B145F4007510202168C86099
:102DD00006F0040040B10AF0080028B1082021687C
:102DE000C860204600F00CFA06F0020038B12068F6
:102DF000C06800F0030010B1204600F003FA06F0AE
:102E0000400038B10BF0100020B145F4806510206F
:102E10002168086106F0200040B10BF0080028B1DD
:102E2000082021680861204600F0C2FB06F010006F
:102E300038B12068006900F0030010B1204600F0AE
:102E4000B8FB06F4003040B109F0100028B11020A2
:102E500021684860204600F0ADFB06F4803040B1A8
:102E600009F0080028B1082021684860204600F0D9
:102E7000D7FB06F4004088B309F0040078B306F4E9
:102E8000807020B108F0010008B145F0010506F49A
:102E9000007020B108F0020008B145F0020506F408
:102EA000806020B108F0040008B145F0040506F484
:102EB0000060A0B108F0700088B108F070004028F0
:102EC00017D006DC10280BD020280CD0302819D1C0
:102ED0000CE0502810D0602814D110E01DE019E05B
:102EE00045F008050FE045F010050CE045F0200521
:102EF00009E045F0400506E045F0800503E045F4B3
:102F0000807500E000BF00BF2068806920F070007D
:102F1000216888610420216848602DB1606A2843D7
:102F200060622046FFF710FEBDE8F09F70B50446D2
:102F30000CB9012070BD94F8200010B9204600F0B3
:102F4000AFF82068006840F001002168086000F0D8
:102F5000ADFE05460DE000F0A9FE401B0A2808D989
:102F6000606A40F400306062052084F8200001208F
:102F7000E0E72068406800F001000028EBD02068FE
:102F8000006820F002002168086000F08FFE05460E
:102F90000DE000F08BFE401B0A2808D9606A40F45F
:102FA00000306062052084F820000120C2E720681C
:102FB000406800F002000028EBD1207E012806D1F5
:102FC0002068006840F080002168086005E0206803
:102FD000006820F0800021680860607E012806D12A
:102FE0002068006840F040002168086005E0206823
:102FF000006820F0400021680860A07E012806D10A
:103000002068006840F020002168086005E0206822
:10301000006820F0200021680860E07E012806D1C9
:103020002068006820F010002168086005E0206832
:10303000006840F0100021680860207F012806D158
:103040002068006840F008002168086005E02068FA
:10305000006820F0080021680860607F012806D120
:103060002068006840F004002168086005E02068DE
:10307000006820F0040021680860D4E902010843D8
:1030800021690843616908436168491E0843216852
:10309000C86100206062012084F82000002049E718
:1030A00010B586B00446142101A8FDF734FA4F4943
:1030B0002068884242D14E480068401C4C49086054
:1030C0000846006801280FD100BF00200090494841
:1030D000006840F00070474908600846006800F04A
:1030E0000070009000BF00BF00BF0020009041486A
:1030F0001038006840F002003E4910390860084668
:10310000006800F00200009000BF00BF4FF4407064
:1031100001900220029000200390032004900920D7
:10312000059001A9344800F0C7FC002205211420B5
:1031300000F084FE142000F06DFE54E02F4920685A
:10314000884250D100BF002000902A48006840F01B
:103150008060284908600846006800F080600090A0
:1031600000BF00BF22480068401C21490860084693
:10317000006801280FD100BF002000901D480068A2
:1031800040F000701B4908600846006800F00070BD
:10319000009000BF00BF00BF00200090154810380D
:1031A000006840F0020013491039086008460068C2
:1031B00000F00200009000BF00BF602001900220DC
:1031C000029000200390032004900920059001A99B
:1031D000094800F071FC00220521402000F02EFE7D
:1031E000402000F017FE06B010BD00000064004053
:1031F00018000020403802400004024000680040EF
:103200007047000010B588B00446D649206888424F
:103210007ED1D54B01AA00212046FFF796FCD3486A
:103220008088401CD14988800198A0F2012005289F
:103230006FD2DFE800F0033A74ABEA00CA49CC4829
:10324000FFF75EF8CA4880ED080AC74901A8FFF7F2
:1032500064F8C74880ED090A90ED080ABCEEC00A80
:1032600010EE101AFEF7E2FFC14890ED030AB8EE27
:10327000C00ADFEDC00A80EE201A9FEDBF0A21EEE2
:10328000000ADFEDBE0A80EE201A80ED0A1A90EDEA
:10329000090ADFEDBA0A80EE201A80ED0B1AB34856
:1032A000408B401CB1494883E7E0AF49B448FFF781
:1032B00027F8B34880ED080AAB4901A8FFF72DF8BD
:1032C000AF4880ED090A90ED080ABCEEC00A10EE86
:1032D000101AFEF7ABFFAA4890ED030AB8EEC00A39
:1032E000DFEDA40A80EE201A9FEDA30A21EE000A6A
:1032F000F3EE030A80EE201A80ED0A1A90ED090A17
:10330000F3EE030A80EE201A80ED0B1A974801E0D5
:10331000B5E0B1E0C08A401C9449C882ADE0924952
:103320009848FEF7EDFF974880ED080A8E4901A8FE
:10333000FEF7F3FF934880ED090A90ED080ABCEE12
:10334000C00A10EE101AFEF771FF8E4890ED030AC6
:10335000B8EEC00ADFED870A80EE201A9FED860ADC
:1033600021EE000ADFED880A80EE201A80ED0A1AAD
:1033700090ED090ADFED840A80EE201A80ED0B1A29
:103380007A48C08C401C7949C88476E076497F48E9
:10339000FEF7B6FF7D4880ED080A734901A8FEF7E5
:1033A000BCFF7A4880ED090A90ED080ABCEEC00A1D
:1033B00010EE101AFEF73AFF744890ED030AB8EECB
:1033C000C00ADFED6C0A80EE201A9FED6B0A61EEF9
:1033D000000AB3EE031A80EE810ADFED6D0A80EE7B
:1033E000201A80ED0A1AD0ED090AB3EE031A80EE16
:1033F000810ADFED670A80EE201A80ED0B1A5B4828
:10340000C08B401C5949C88337E057496148FEF7D3
:1034100077FF604880ED080A534901A8FEF77DFF59
:103420005C4880ED090A90ED080ABCEEC00A10EE77
:10343000101AFEF7FBFE574890ED030AF8EEC00A9B
:103440009FED4C1A80EE810ADFED4B0A20EE200A38
:10345000DFED4A0A80EE201A80ED0A1A90ED090A83
:10346000DFED460A80EE201A80ED0B1A3F48408CB3
:10347000401C3E49488400E000BF00BF00BF4649F1
:10348000206888426CD1454B01AA00212046FFF7F5
:103490005CFB3648C088401C81B23448C18001982A
:1034A000522831D008DC31280FD0322825D03328DB
:1034B0003BD0512851D10FE053283DD0912812D054
:1034C000922828D0932848D13DE03448007810B99C
:1034D00000203349087041E03048007810B90120DD
:1034E0002F4908703AE02F492C4805F0A7F81F48EB
:1034F000C08D401C1D49C88530E02848007810B9AF
:1035000000202749487029E02448007810B901209C
:103510002349487022E02449204805F08FF81348D9
:10352000408E401C1149488618E01C48007810B9AC
:1035300000201B49887011E01848007810B901205C
:10354000174988700AE01949144805F077F80748C8
:10355000408D401C0549488500E000BF00BF00BF0A
:1035600008B010BD00640040CC000020545300207F
:103570007C030020000000460000B443000010421D
:1035800028030020D003002000004C4294010020BA
:1035900034F40B402404002000680040D4000020D4
:1035A0009001002008540020EC53002024540020F7
:1035B00070477047704770B5044694F820000128A2
:1035C00022D1022084F820002068006820F0010049
:1035D0002168086000F06AFB05460DE000F066FB1C
:1035E000401B0A2808D9606A40F400306062052058
:1035F00084F82000012070BD2068406800F00100C0
:103600000028EBD16062F6E7606A40F40020606257
:103610000120F0E770477047704770477047704768
:10362000704770B50446A56D00F040FB064694F85F
:103630003500022808D08020606500BF002084F893
:10364000340000BF012070BD2068006820F0160023
:10365000216808602068406920F080002168486186
:10366000206C08B9A06C28B12068006820F0080020
:10367000216808602068006820F001002168086067
:1036800010E000F013FB801B05280BD9202060659B
:10369000032084F8350000BF002084F8340000BF08
:1036A0000320D0E72068006800F001000028E8D17E
:1036B00094F85C103F208840A860012084F8350011
:1036C00000BF002084F8340000BF00BFBBE7014604
:1036D00091F83500022803D080204865012070470A
:1036E000052081F835000868006820F001000A68AC
:1036F00010600020F3E70000F8B5044600200090B9
:103700008C4800684FF41651B0FBF1F7A56D2E6898
:1037100094F85C1008208840304098B12068006818
:1037200000F0040070B12068006820F004002168F7
:10373000086094F85C1008208840A860606D40F034
:103740000100606594F85C1001208840304068B149
:103750002068406900F0800040B194F85C100120BE
:103760008840A860606D40F00200606594F85C10CD
:1037700004208840304068B12068006800F00200F2
:1037800040B194F85C1004208840A860606D40F05F
:103790000400606594F85C1010208840304078B3D5
:1037A0002068006800F0080050B394F85C10102006
:1037B0008840A8602068006800F4802080B12068FC
:1037C000006800F4002028B9206CC8B12046216CA4
:1037D000884715E0A06C98B12046A16C88470FE09F
:1037E0002068006800F4807028B92068006820F024
:1037F000080021680860206C10B12046216C8847C1
:1038000094F85C10202088403040002865D0206863
:10381000006800F0100000285FD094F85C102020B1
:103820008840A86094F83500052828D120680068F1
:1038300020F01600216808602068406920F08000B0
:1038400021684861206C08B9A06C28B12068006824
:1038500020F008002168086094F85C103F20884040
:10386000A860012084F8350000BF002084F83400EF
:1038700000BF206D10B12046216D8847F8BD20683B
:10388000006800F4802080B12068006800F4002007
:1038900028B9606C10B12046616C88471DE0E06B70
:1038A000D8B12046E16B884717E02068006800F433
:1038B000807068B92068006820F0100021680860F6
:1038C000012084F8350000BF002084F8340000BFD8
:1038D000E06B10B12046E16B8847606D38B3606DD6
:1038E00000F00100F0B1052084F835002068006880
:1038F00020F001002168086000BF0098401C009083
:10390000B84200D905E02068006800F001000028F6
:10391000F3D100BF012084F8350000BF002084F8F7
:10392000340000BFE06C10B12046E16C884700BF56
:10393000A4E70000280000202DE9F04104460025FE
:1039400000F0B4F9074614B90120BDE8F081606ABF
:1039500000B100BF022084F8350000BF002084F8C9
:10396000340000BF2068006820F001002168086072
:103970000AE000F09BF9C01B052805D920206065EE
:10398000032084F83500E0E72068006800F00100BB
:103990000028EED12068056821480540D4E90101DE
:1039A0000843E16808432169084361690843A16944
:1039B0000843E1690843216A08430543606A042813
:1039C00003D1D4E90B010843054320680560206852
:1039D000456925F00705606A0543606A04280DD132
:1039E000A06A0543E06A48B12046FEF777FE28B199
:1039F00040206065012084F83500A6E72068456115
:103A00002046FEF751FE064694F85C103F208840A1
:103A1000B06000206065012084F83500002094E744
:103A20003F8010F02DE9F04704460D4616461F462C
:103A30004FF00008D4F8589000BF94F834000128E3
:103A400002D10220BDE8F087012084F8340000BFD5
:103A500094F83500012825D1022084F83500002093
:103A600060653B46324629462046FEF78CFE94F8B8
:103A70005C103F208840C9F808002068006840F0CA
:103A8000160021680860206C28B12068006840F0AA
:103A90000800216808602068006840F00100216883
:103AA000086006E000BF002084F8340000BF4FF03B
:103AB00002084046C6E70000F8B502460B4600255E
:103AC000002400200021D6E0012606FA01F51E6838
:103AD00006EA0504AC4274D11E7906F00306012EF5
:103AE00004D01E7906F00306022E13D190684F0011
:103AF0000326BE40B0434F00DE68BE4030439060B6
:103B0000506801268E40B0431E79C6F300168E40E1
:103B1000304350601E7906F00306032E09D0D068AA
:103B20004F000326BE40B0434F009E68BE40304366
:103B3000D0601E7906F00306022E13D1CF0802F1E1
:103B4000200656F827004E07F70E0F26BE40B0435A
:103B50004F07FF0E1E69BE403043CF0802F120061A
:103B600046F8270010684F000326BE40B0431E7978
:103B700006F003064F00BE40304310605E6806F456
:103B80004036002E76D000BF002600963C4E3668A8
:103B900046F480463A4F3E603E46366806F480461C
:103BA000009600BF00BF374E8F0856F827008E07DB
:103BB000370F0F26BE40B043334EB24202D100262B
:103BC00024E057E0314EB24201D101261EE0304ED2
:103BD000B24201D1022619E02E4EB24201D1032693
:103BE00014E02D4EB24201D104260FE02B4EB2421A
:103BF00001D105260AE02A4EB24201D1062605E08F
:103C0000284EB24201D1072600E008268F073F0F59
:103C1000BE4030431B4E8F0846F82700224E3068C6
:103C2000A0435E6806F4801606B120431E4E306045
:103C3000361D3068A0435E6806F4001606B12043C6
:103C4000194E361D3060184E361F3068A0435E682E
:103C500006F4003606B12043134E361F3060361F7F
:103C60003068A0435E6806F4803606B120430E4EED
:103C7000083E3060491C1029FFF426AFF8BD000053
:103C8000443802400838014000000240000402406D
:103C900000080240000C02400010024000140240E4
:103CA00000180240001C0240083C01400148006826
:103CB000704700001C000020034800680349097891
:103CC00008440149086070471C00002024000020BF
:103CD00010B50D48006840F400700B4908600846B4
:103CE000006840F4806008600846006840F4807016
:103CF0000860032000F0E0F80F2000F007F800F063
:103D00005FF8002010BD0000003C02402DE9F041AA
:103D100088B004460027B84600BF00200190234821
:103D2000006840F01000214908600846006800F073
:103D30001000019000BF00BF02A903A800F092F993
:103D4000069F1FB900F0B6F9054602E000F0B2F98F
:103D500045001748B5FBF0F0A0F1010815481649D9
:103D6000086040F2E7311448C160C0F804800021C7
:103D700001618160816100F0BFFC064696B90E4882
:103D800000F012FD06466EB9362000F043F8102C04
:103D900007D200222146362000F050F80748046080
:103DA00000E00126304608B0BDE8F081403802400E
:103DB00040420F00001000402C0A0020200000208C
:103DC00008B500BF002000901148006840F4804012
:103DD0000F4908600846006800F48040009000BF6A
:103DE00000BF00BF00200090081F006840F0805016
:103DF000091F08600846006800F08050009000BF6E
:103E000000BF00220F21901E00F018F808BD00002E
:103E1000443802400146084600280DDB00BF00BFC1
:103E200000F01F0301229A4043099B0003F1E023A5
:103E3000C3F8002100BF00BF00BF70472DE9F05F4D
:103E400080460D461646002704F0B0FC074639466A
:103E50002A46334601F00700C0F1070ABAF1040F01
:103E600002D94FF0040A01E0C0F1070AD14600F17F
:103E7000040ABAF1070F02D24FF0000A01E0A0F1E4
:103E8000030AD4464FF0010A0AFA09FAAAF1010A14
:103E90000AEA020A0AFA0CFA4FF0010B0BFA0CFBC1
:103EA000ABF1010B0BEA030B4AEA0B042146404637
:103EB00004F084FCBDE8F09F00BF00F00702064B51
:103EC00019684FF6FF031940044B0B4343EA0221E4
:103ED000014B196000BF70470CED00E00000FA05CF
:103EE00070B504460D460CB9012070BD58480068F5
:103EF00000F00700A84209D255490D700846006835
:103F000000F00700A84201D00120EEE7207800F081
:103F1000020002281DD1207800F00400042805D1F9
:103F20004C48006840F4E0504A490860207800F0AE
:103F30000800082805D14748006840F4604045491A
:103F400008604448006820F0F000A1680843414937
:103F50000860207800F00100A8B36068012807D14C
:103F60003C4808380068C0F34040B8B90120BCE7BD
:103F70006068022802D06068032807D135480838F5
:103F80000068C0F3406048B90120AEE73148083806
:103F90000068C0F3400008B90120A6E72D4800687A
:103FA00020F00300616808432A490860FFF77EFE9D
:103FB000064609E0FFF77AFE801B41F2883188420D
:103FC00002D9032091E707E02248006800F00C00C6
:103FD0006168B0EB810FEDD11D48006800F007006B
:103FE000A84209D91A490D700846006800F0070078
:103FF000A84201D0012078E7207800F004000428CE
:1040000007D11448006820F4E050E16808431149E2
:104010000860207800F00800082808D10D480068E2
:1040200020F46040216940EAC1000A49086000F0BC
:1040300061F808490968C1F30311074A515CC84097
:104040000649086006480068FFF760FE00204CE75C
:10405000003C0240083802409CC0000828000020B4
:10406000200000200F2202600D4A126802F00302B5
:1040700042600B4A126802F0F0028260084A12683D
:1040800002F4E052C260064A126802F46042D208AA
:104090000261044A126802F007020A6070470000D9
:1040A00008380240003C02400148006870470000A8
:1040B0002800002000B5FFF7F7FF04490968C1F3A5
:1040C0008221034A515CC84000BD0000083802400C
:1040D000ACC0000800B5FFF7E7FF04490968C1F369
:1040E0004231034A515CC84000BD0000083802401C
:1040F000ACC000082DE9F047002400250026A146A9
:104100002548006800F00C0020B1042805D00828DC
:104110003AD105E0DFF8849039E0DFF8849036E0AA
:104120001D48001F006800F03F041B48001F006886
:1041300000F4800078B11A481749091F0968C1F3D3
:104140008811A0FB01700146224600233846FCF787
:104150000BF905460EE011480F49091F0968C1F324
:104160008811A0FB01700146224600233846FCF767
:10417000FBF805460848001F0068C0F30140401CDA
:104180004600B5FBF6F902E0DFF8109000BF00BF73
:104190004846BDE8F0870000083802400024F400DB
:1041A00000127A00F8B504460CB90120F8BD207859
:1041B00000F00100002874D0F948006800F00C00FD
:1041C00004280DD0F648006800F00C00082813D130
:1041D000F348001F006800F48000B0F5800F0BD199
:1041E000EF4808380068C0F34040002859D06068A4
:1041F000002856D10120D9E700BF6068B0F5803FA4
:1042000008D1E7480838006840F48030E4490839AC
:1042100008601EE06068B0F5A02F0DD1E0480838B6
:10422000006840F48020DE490839086008460068CC
:1042300040F4803008600CE0D9480838006820F469
:104240008030D749083908600846006820F480208B
:10425000086000BF606890B1FFF728FD054606E0E2
:10426000FFF724FD401B642801D903209EE7CC48BA
:1042700008380068C0F340400028F1D011E0FFF793
:1042800015FD054606E0FFF711FD401B642801D926
:1042900003208BE7C24808380068C0F3404000287C
:1042A000F1D1207800F0020002285FD1BC480068FC
:1042B00000F00C0058B1BA48006800F00C00082863
:1042C0001CD1B748001F006800F48000B0B9B448A2
:1042D00008380068C0F3400020B1E068012801D030
:1042E000012063E7AE480838006820F0F800216933
:1042F00040EAC100AA490839086037E0E06800B325
:104300000120A8490860FFF7D1FC054606E0FFF749
:10431000CDFC401B022801D9032047E7A0480838FC
:104320000068C0F340000028F1D09D4808380068BC
:1043300020F0F800216940EAC10099490839086075
:1043400014E0002097490860FFF7B0FC054606E03E
:10435000FFF7ACFC401B022801D9032026E7904858
:1043600008380068C0F340000028F1D1207800F040
:10437000080008282CD16069A8B101208A4908608A
:10438000FFF794FC054606E0FFF790FC401B02286F
:1043900001D903200AE782486C300068C0F340006E
:1043A0000028F1D014E000207F490860FFF77EFC70
:1043B000054606E0FFF77AFC401B022801D90320DE
:1043C000F4E677486C300068C0F340000028F1D173
:1043D000207800F00400042870D10027704838309D
:1043E000006800F0805090B900BF002000906C4839
:1043F0003830006840F0805069493831086008461C
:10440000006800F08050009000BF00BF012767489F
:10441000006800F48070B0B96448006840F48070AF
:1044200062490860FFF742FC054606E0FFF73EFCE4
:10443000401B022801D90320B8E65C48006800F45C
:1044400080700028F2D000BFA068012808D154482D
:104450006830006840F001005149683108601DE093
:10446000A06805280DD14E486830006840F004006F
:104470004B49683108600846006840F00100086058
:104480000CE047486830006820F00100444968317A
:1044900008600846006820F00400086000BFA068BB
:1044A000A8B1FFF703FC054609E0FFF7FFFB401B3F
:1044B00041F28831884202D9032077E626E0384865
:1044C00068300068C0F340000028EED013E0FFF72A
:1044D000EDFB054608E0FFF7E9FB401B41F28831A0
:1044E000884201D9032061E62D4868300068C0F396
:1044F00040000028EFD1012F07D12948383000684B
:1045000020F0805026493831086000BFA06900289B
:1045100045D02348006800F00C0008285DD0A06951
:10452000022845D100201F490866FFF7BFFB05465A
:1045300006E0FFF7BBFB401B022801D9032035E64C
:10454000174808380068C0F340600028F1D1D4E96A
:1045500007010843616A40EA81110122A06AC2EBA7
:10456000500041EA00412C20005D41EA00600C4906
:10457000091F086001200B490866FFF797FB0546F5
:1045800006E0FFF793FB401B022801D903200DE64C
:10459000034808380068C0F340600028F1D049E0C3
:1045A0000838024000004742800E47420070004039
:1045B000002021490866FFF779FB054606E0FFF772
:1045C00075FB401B022801D90320EFE51B4800685A
:1045D000C0F340600028F2D12CE0A069012800D18E
:1045E000E4E51648001D0668A069012820D006F4FD
:1045F0008001E06981421BD106F03F01206A8142BF
:1046000016D147F6C0703040616AB0EB811F0FD100
:1046100006F440310122A06AC2EB5000B1EB004F1A
:1046200006D106F070612C20005DB1EB006F01D067
:104630000120BBE50020B9E50000474200380240F8
:104640007047704730B502460B4600BF92F83C00F9
:10465000012801D1022030BD012082F83C0000BFBA
:10466000022082F83D00106844681068816824F0D8
:1046700070041868044310684460184D1068A8421C
:104680001BD01068B0F1804F17D0154D1068A842AC
:1046900013D0144D1068A8420FD0134D1068A842D3
:1046A0000BD0124D1068A84207D0114D1068A842D7
:1046B00003D0104D1068A84205D121F08001586840
:1046C000014310688160012082F83D0000BF002096
:1046D00082F83C0000BF00BFBDE7000000000140C1
:1046E0000004004000080040000C004000040140AD
:1046F000004001400018004010B504460CB90120EC
:1047000010BD94F83D0028B9002084F83C002046F4
:1047100000F026F8022084F83D00211D206801F0F9
:1047200069FE012084F8460000BF84F83E000121A4
:104730003F200155402001554120015500BF00BFD9
:10474000012084F8420043200155442001554520B2
:10475000015500BF012084F83D000020D0E7000093
:1047600038B504460E492068884217D100BF0020A2
:1047700000900C48006840F002000A4908600846B2
:10478000006800F00200009000BF00BF0022052179
:104790001D20FFF753FB1D20FFF73CFB38BD000039
:1047A0000004004040380240014691F83D000128D5
:1047B00001D001207047022081F83D000868C068E0
:1047C00040F001000B68D8601A4B086898421BD073
:1047D0000868B0F1804F17D0174B0868984213D083
:1047E000164B086898420FD0154B086898420BD0BA
:1047F000144B0868984207D0134B0868984203D0BE
:10480000124B086898420CD10868806800F00702D3
:10481000062A0CD00868006840F001000B68186098
:1048200005E00868006840F001000B68186000208F
:10483000C0E7000000000140000400400008004004
:10484000000C0040000401400040014000180040FE
:104850002DE9F04104460D46002700BF94F83C00C6
:10486000012802D10220BDE8F081012084F83C003B
:1048700000BF022084F83D002068866826F0770695
:1048800026F47F46206886602868502833D00CDCE8
:10489000202850D004DC00284BD0102851D149E00A
:1048A000302849D040284CD139E060282DD07028DC
:1048B00007D0B0F5805F03D0B0F5005F41D10DE0C7
:1048C00041E0D5E902136A68206801F003FE206820
:1048D000866846F077062068866034E0D5E90213E2
:1048E0006A68206801F0F6FD2068806840F4804026
:1048F0002168886027E0EA686968206801F0FEFDA9
:104900005021206801F0F1FD1DE0EA686968206827
:1049100001F007FE6021206801F0E7FD13E0EA687E
:104920006968206801F0EAFD4021206801F0DDFDA2
:1049300009E000BF00BF00BF2968206801F0D5FD75
:1049400001E0012700BF00BF012084F83D0000BF47
:10495000002084F83C0000BF384684E7704770B5FB
:1049600004462068C5682068066906F0020002282F
:1049700019D105F00200022815D1401F21680861F5
:10498000012020772068806900F0030018B12046DC
:10499000FFF7E4FF05E0204600F097F8204600F01E
:1049A00095F80020207706F00400042819D105F0BE
:1049B0000400042815D1C043216808610220207733
:1049C0002068806900F4407018B12046FFF7C6FFE8
:1049D00005E0204600F079F8204600F077F8002046
:1049E000207706F00800082819D105F008000828EB
:1049F00015D1C04321680861042020772068C06970
:104A000000F0030018B12046FFF7A8FF05E020469C
:104A100000F05BF8204600F059F80020207706F0FF
:104A20001000102819D105F01000102815D1C0432E
:104A300021680861082020772068C06900F4407070
:104A400018B12046FFF78AFF05E0204600F03DF848
:104A5000204600F03BF80020207706F0010048B126
:104A600005F0010030B16FF00100216808612046B7
:104A700000F02EF806F08000802809D105F08000B3
:104A8000802805D1C043216808612046FFF7D8FD82
:104A900006F04000402809D105F04000402805D12B
:104AA000C04321680861204600F0F6F806F02000B7
:104AB000202809D105F02000202805D1C043216815
:104AC00008612046FFF7BDFD70BD704770470000CC
:104AD00010B5044663492068884201D1FFF7ECF81D
:104AE00060492068884270D15F480078072804D068
:104AF0005E480068401C5D4908605D4890ED000A12
:104B0000DFED5C0A30EE200A80ED000A5A48D0F84A
:104B1000260000EE100ADFED570A30EE200A10EEF4
:104B2000100A5549C1F826005448D0F8260000EE76
:104B3000100ADFED500A30EE200A10EE100A4F493D
:104B4000C1F826004E48407801280DD14C48D0F8D5
:104B5000420000EE100ADFED470A30EE200A10EEA8
:104B6000100A4749C1F842004548407802280DD153
:104B70004348D0F83E0000EE100ADFED3E0A30EE6A
:104B8000200A10EE100A3E49C1F83E003D4909686E
:104B9000D9B1374991ED000ADFED3B0A20EE200A3A
:104BA000BCEEC00A10EE101A88B200EBD0714910AA
:104BB000A0EB410149B99FED350A2D4880ED000A6F
:104BC00001213048006804F03DFB314920688842EB
:104BD00047D1304840892F49088100204881084644
:104BE000408A0882002048820846C08E88860020BD
:104BF000C8860846C08D88850020C8850846408E36
:104C00000886002048860846C08B88830020C88319
:104C10000846408D08850020488508468088088021
:104C2000002088800846C088488000211948C1803B
:104C3000408F18490887002048870846C08C888420
:104C40000020C8840846C08A88820020C88208469E
:104C5000408B0883002048830846408C088400204D
:104C6000488410BD00100040CC0200206454002095
:104C7000540800206F12833AEA540020A454002004
:104C80000C080020140000200000FA44000000007E
:104C900000040040545300207047704770B504462C
:104CA000002520684069C0F3C01594F84100212810
:104CB00017D1B5B100BF00BF2168143151E8001F02
:104CC00021F080002168143141E80002002AF3D16C
:104CD00000BFA06B10B1A06BFEF7A3FC204602F052
:104CE00031FE20684069C0F3801594F84200222804
:104CF00017D1B5B100BF00BF2168143151E8001FC2
:104D000021F040002168143141E80002002AF3D16B
:104D100000BFE06B10B1E06BFEF783FC204602F0B1
:104D2000CBFD002070BD70472DE9F84F0446206888
:104D300005682068C668206847694FF00009CA46C0
:104D400005F00F09B9F1000F0AD105F0200038B1C4
:104D500006F0200020B1204602F007FEBDE8F88FE3
:104D6000B9F1000F7CD007F0010018B906F490707B
:104D7000002875D005F0010030B106F4807018B13C
:104D8000606C40F00100606405F0040030B107F091
:104D9000010018B1606C40F00200606405F0020090
:104DA00030B107F0010018B1606C40F0040060649D
:104DB00005F0080048B106F0200010B907F0010026
:104DC00018B1606C40F008006064606C002846D048
:104DD00005F0200028B106F0200010B1204602F0B6
:104DE000C4FD20684069C0F3801A606C00F00800C0
:104DF00010B9BAF1000F2DD0204602F05DFD2068F9
:104E0000406900F04000402820D100BF00BF216869
:104E1000143151E8001F21F040002168143141E8AD
:104E20000002002AF3D100BFE06B50B17F48E16B74
:104E30000865E06BFEF74BFC88B1E06B016D8847BD
:104E40000DE02046FFF76FFF09E009E02046FFF77D
:104E50006AFF04E02046FFF766FF002060647DE7FC
:104E6000206B012878D105F01000002874D006F0DE
:104E700010000028FAD000BF0020009020680068D1
:104E8000009020684068009000BF00BF2068406923
:104E900000F04000402870D1E06B006840681FFAC5
:104EA00080F8B8F1000F58D0A08D404555DDA4F82A
:104EB0002E80E06BC069B0F5807F43D000BF00BF9B
:104EC00021680C3151E8001F21F4807021680C31F9
:104ED00041E80002002AF3D100BF00BF00BF2168F3
:104EE000143151E8001F21F001002168143141E81C
:104EF0000002002AF3D100BF00BF00BF21681431B7
:104F000051E8001F21F040002168143141E80002FF
:104F1000002AF3D100BF202084F842000020206343
:104F200000BF00BF21680C3151E8001F21F01000C4
:104F300021680C3141E80002002AF3D100BFE06B88
:104F4000FEF76FFB02206063A08DE28D801A81B2B4
:104F50002046FFF7A2FE0EE052E0A08D40450AD1A8
:104F6000E06BC069B0F5807F05D102206063A18D40
:104F70002046FFF792FEF1E6FFE7A08DE18D401A93
:104F80001FFA80F8E08DD0B3B8F1000F37D000BF22
:104F900000BF21680C3151E8001F21F49070216896
:104FA0000C3141E80002002AF3D100BF00BF00BF6E
:104FB0002168143151E8001F21F0010021681431EB
:104FC00041E80002002AF3D100BF202084F842000B
:104FD0000020206300BF00BF21680C3151E8001F92
:104FE00021F0100021680C3141E80002002AF3D1C1
:104FF00000BF0220606341462046FFF74EFEADE64B
:1050000005F0800030B106F0800018B1204602F0B3
:10501000ADFEA3E605F0400030B106F0400018B147
:10502000204602F07FFC99E600BF97E6197700085A
:1050300010B504460CB9012010BDA06900B100E014
:1050400000BF94F8410028B9002084F840002046B1
:1050500000F02AF8242084F841002068C06820F479
:1050600000502168C860204602F0FEFC20680069FC
:1050700020F49040216808612068406920F02A00EF
:10508000216848612068C06840F400502168C86009
:1050900000206064202084F8410084F84200002051
:1050A000606300BFC8E7000010B586B00446142155
:1050B00001A8FBF730FA4049206888427AD100BF46
:1050C000002000903D48006840F010003B49086017
:1050D0000846006800F01000009000BF00BF00BF4D
:1050E0000020009035481438006840F00100334932
:1050F000143908600846006800F00100009000BF05
:1051000000BF4FF4C0600190022002900120039084
:10511000032004900720059001A92948FEF7CCFC44
:105120002848294908604FF000604860002126485F
:105130008160C1604FF48061016100214161816142
:10514000C1614FF44031016200214162FEF7F4FB7E
:1051500008B1FDF76EFB00BF1B48E063846300BF2E
:1051600018487830194908604FF0006048604021C5
:10517000164881600021C1604FF480610161002107
:1051800041618161C1614FF440310162002141629E
:10519000FEF7D2FB08B1FDF74CFB00BF0B48A06344
:1051A000846300BF002205212520FEF747FE25204D
:1051B000FEF730FE06B010BD00100140443802403A
:1051C00000000240406402406C090020CC0900202D
:1051D00070B504460D46164694F8420020280BD1BF
:1051E00005B10EB9012070BD00202063324629466A
:1051F000204602F04FFDF6E70220F4E770477047C3
:10520000F7B50446154694F8410020283ED1019890
:1052100000B10DB90120FEBD01982062A584E5848E
:1052200000206064212084F841001948A16BC86304
:105230001848A16B08641848A16BC8640020A16BD2
:10524000086501AE23681A1D31682B46A06BFEF776
:10525000E9FB30B110206064202084F84100012077
:10526000D9E76FF040002168086000BF00BF2168E7
:10527000143151E8001F41F080002168143141E8E9
:105280000002002AF3D100BF0020C4E70220C2E7D9
:1052900053780008AB7800082B77000870477047F8
:1052A00000BFFEE710B510481049086003204860B1
:1052B00000210E488160C1604FF4002101614FF46C
:1052C0004011416100210176012141760021817662
:1052D0000121C1760021017701214177FDF726FEEA
:1052E00008B1FDF7A6FA10BD006400408C0800204C
:1052F00010B51048104908600320486000210E488E
:105300008160C1604FF4002101614FF4401141619F
:105310000021017601214176002181760121C176AB
:10532000002101774177FDF701FE08B1FDF781FA11
:1053300010BD000000680040B408002008B500BFA0
:10534000002000900E48006840F480000C4908607E
:105350000846006800F48000009000BF00BF0022F3
:1053600005213A20FEF76AFD3A20FEF753FD0022A0
:1053700005214620FEF762FD4620FEF74BFD08BDE5
:105380003038024010B5154A0021154803F0F3FFEC
:1053900014490860144A0021144803F0ECFF144932
:1053A0000860144A0021144803F0E5FF134908601F
:1053B000134A0021134803F0DEFF13490860134A23
:1053C0000021134803F0D7FF12490860124A002158
:1053D000124803F0D0FF1249086010BDBCBF00089E
:1053E000E761000800000020E0BF000861620008DB
:1053F0000400002004C00008F1610008080000203B
:1054000028C00008156200080C0000204CC00008ED
:105410003D6200081000002070C00008856200088E
:105420001400002008B500BF002000901548006857
:1054300040F08000134908600846006800F08000D2
:10544000009000BF00BF00BF002000900846006829
:1054500040F0010008600846006800F0010000907C
:1054600000BF00BF00BF002000900846006840F069
:10547000020008600846006800F00200009000BFCB
:1054800000BF08BD3038024000B587B0002003904F
:105490000490059006900190029015481549086007
:1054A00042F2CF00486000211248816042F20F7141
:1054B000C160002101618161FFF71EF908B1FDF7AC
:1054C000B8F94FF48050039003A90A48FFF7C0F9D8
:1054D00008B1FDF7AEF900200190029001A905483E
:1054E000FFF7B0F808B1FDF7A4F907B000BD000060
:1054F00000040040DC08002010B50B480B49086090
:105500004FF461204860002108488160C16001615A
:105510000C21416100218161C161FFF789FD08B162
:10552000FDF787F910BD000000100140240900209C
:1055300000BFFEE710B56D48007830B900F028FDD7
:105540006B496C48FBF7DCFB27E0684800780128D2
:1055500023D1694890ED010A654880ED020A674849
:1055600090ED010A624880ED010A654890ED140A49
:105570005F4880ED000A634890ED010A5C4880EDC9
:10558000030A614890ED0A0A594880ED050A5F4810
:1055900090ED0A0A564880ED040AFBF783F8544858
:1055A000D0ED030AB0EE600A9FED591AF9EE040A35
:1055B000FCF71CFE4E4880ED030AD0ED020AB0EE67
:1055C000600A9FED541ADFED540AFCF70FFE4848BD
:1055D00080ED020AD0ED010AB0EE600A9FED4F1A8D
:1055E000FBEE0E0AFCF702FE414880ED010AD0ED09
:1055F000000AB0EE600A9FED491ADFED490AFCF798
:10560000F5FD3B4880ED000AD0ED060AB0EE600AD9
:105610009FED441ADFED440AFCF7E8FD344880EDC5
:10562000060AD0ED040AB0EE600A9FED401ADFEDE5
:10563000390AFCF7DBFD2E4880ED040AD0ED050A9F
:10564000B0EE600A9FED321ADFED390AFCF7CEFDAD
:10565000274880ED050A90ED020A364880ED000AE1
:10566000234890ED010AB1EE400A324880ED010A6C
:105670001F4890ED000A2F4880ED020A1C4890ED6B
:10568000040AB1EE400AF1EE000A80EE201A2A4820
:1056900080ED001A164890ED050AB1EE400AF0EED2
:1056A000000A80EE201A244880ED011A2148FBF7F9
:1056B00031FA214800F0AEF9FCF748FE1F48FBF72D
:1056C0000FF81F4908701D48801DFBF709F81C4999
:1056D000487009491B4802F04BFE08491A4802F07D
:1056E00047FE0849194802F043FE10BD6C0800202F
:1056F000CC530020EC00002008540020EC53002084
:10570000E8010020245400207C030020280300200E
:105710000000344300000000000016C30000B44243
:105720000000BEC200003445000034C5000007443C
:10573000000007C4940700203407002048530020CD
:10574000AC0000206001002048010020780100200A
:1057500000BFFEE710B52DED088B0446B0EE408A81
:10576000F0EE608A94ED020A84ED030A84ED008A6B
:10577000C4ED018A94ED000AD4ED010A30EE600A0E
:1057800084ED020A94ED120A10EE101A084606F093
:1057900063FB41EC190B94ED020A10EE101A084657
:1057A00006F05AFB41EC1B0BB0EE4B0AF0EE6B0A15
:1057B00003F078FAB0EE40AAF0EE60AA53EC192B91
:1057C00051EC1A0B06F022F803D89FED440A84ED41
:1057D000020AD4ED111AB0EE611AD4ED111AF1EEED
:1057E000611AF0EE610AD4ED021AB0EE610AFCF71C
:1057F000FDFC84ED020A94ED040AD4ED020A30EEB9
:10580000200A84ED040AD4ED0F1AB0EE611AD4ED2B
:105810000F1AF1EE611AF0EE610AD4ED041AB0EE3F
:10582000610AFCF7E3FC84ED040AD4ED051A94ED5B
:10583000022A61EE821AB0EE610AD4ED0E1AB0EEC1
:10584000611AD4ED0E1AF1EE611AF0EE610AFCF75E
:10585000CDFC84ED090A94ED060AD4ED040A20EE8D
:10586000200A84ED0A0AD4ED021A94ED032A71EE9F
:10587000C21A94ED072A61EE821AB0EE610AD4EDE5
:10588000101AB0EE611AD4ED101AF1EE611AF0EEB2
:10589000610AFCF7ABFC84ED0B0A94ED090AD4ED28
:1058A0000A0A30EE200AD4ED0B0A30EE200A84ED0D
:1058B000080AD4ED0D1AB0EE611AD4ED0D1AF1EE0E
:1058C000611AF0EE610AD4ED081AB0EE610AFCF735
:1058D0008DFC84ED080ABDEC088B10BD00000000B3
:1058E00010B52DED048B0446B0EE408AF0EE608AD0
:1058F000B0EE419A84ED138A84ED019AC4ED148AC6
:1059000094ED141AF0EE410A94ED131AB0EE410A28
:1059100004F14C00FFF71EFF94ED011AF0EE410A6E
:1059200094ED1B1AB0EE410A2046FFF713FF94EDE9
:10593000080A84ED260ABDEC048B10BD10B52DEDD0
:10594000028B2D48C06800EE100AB5EEC00AF1EED9
:1059500010FA23D12848006900EE100AB5EEC00AFB
:10596000F1EE10FA1AD12448406900EE100AB5EEA3
:10597000C00AF1EE10FA11D11F48806900EE100A3A
:10598000B5EEC00AF1EE10FA08D11B48C06900EE6E
:10599000100AB5EEC00AF1EE10FA0BD0174890EDE0
:1059A0000A0AB0EEC00ADFED160AB4EEE00AF1EE24
:1059B00010FA07DB9FED130A134880ED070ABDECD0
:1059C000028B10BD0C48006900EE100A0F48D0EDA4
:1059D000000A30EE208AF0EE480A9FED0A0A0C48D1
:1059E000FFF7B8FE0A4890ED080AB1EE400A0648F3
:1059F00080ED070A00BFE2E73055002024040020B4
:105A00000000B44200000000CC53002058080020E1
:105A1000E80600203EB5044694ED030AD4ED000AE2
:105A200030EE200A8DED000A94ED040AD4ED000A50
:105A300030EE200AD4ED010A30EE200A8DED010A85
:105A400094ED050AD4ED000A30EE200AD4ED010AE7
:105A500030EE200AD4ED020A30EE200A8DED020A63
:105A6000DDED020A9FED1B1A60EE810AB0EE600ABE
:105A700003F070F8D4ED080A20EE200A84ED0B0A3A
:105A8000DDED010A9FED131A60EE810AB0EE600AA7
:105A900003F060F8D4ED0B0A94ED071AB1EE411A49
:105AA00041EE000AC4ED0A0ADDED000A9FED091A75
:105AB00060EE810AB0EE600A03F04CF8D4ED0A0AF9
:105AC00094ED061AB1EE411A41EE000AC4ED090A3E
:105AD0003EBD000035FA8E3C10B52DED048BD0484C
:105AE0000078072852D1CF49898AA1F2F17005F0D8
:105AF00075FE41EC190BB0EE490AF0EE690A03F0AD
:105B0000D1F8B0EE408AF0EE608A9FEDC70B53ECFF
:105B1000102B51EC180B05F0B3FF2FD8C148808A29
:105B200040F2F171884214DDBE48808AA0F2F17023
:105B300000EE100AB8EEC00ABD48D0ED000A20EE13
:105B4000200ADFEDBC0A80EE201ABB4880ED061A61
:105B500019E0B448808AA0F2F17000EE100AB8EEA5
:105B6000C00AB348D0ED000A20EE200ADFEDB30AE8
:105B700080EE201AB04880ED061A04E09FEDB00ACE
:105B8000AD4880ED060ABDEC048B10BDA44800783A
:105B9000AC490978884202D00020AB490860A0488F
:105BA0000078A84908709E48007809287AD2DFE872
:105BB00000F0051A307A91D2EB79FB000020A2495F
:105BC00048608860C860086148618861C86108628F
:105BD00048629E480078012804D19149087000204D
:105BE0009A49087018E19848006897494860084643
:105BF0004068B0F5FA6F03D302208949087007E0C6
:105C000091484068B0F57A6F02D90820844908703D
:105C100002E18D4800688C498860084680686428E5
:105C200002D801208A49087087488068B0F5967FBD
:105C300028D1884890ED000AF3EE0E0A30EE600A93
:105C400080ED000A844890ED000ADFED7D0A30EE19
:105C5000600A80ED000A90ED000A804880ED000A9D
:105C60007C4890ED000A7E4880ED000A7A4890ED6D
:105C7000000A7A4880ED060A764890ED000A7848D6
:105C800080ED060A70488068B0F5967F09D36F48AA
:105C90004078012805D103206149087000206B4934
:105CA0004870B9E0B7E0684800686749C860B1EE7D
:105CB000041AF1EE080AB2EE000A00F0DFF840B173
:105CC0006148C06840F6B831884202D30420544984
:105CD0000870A1E05C480069642802D801205C4992
:105CE000487059480069B0F5967F07D35648006957
:105CF000B0F5967F02D800205549087052480069D7
:105D0000B0F5C87F09D350480069B0F5617F04D869
:105D10009FED540A544880ED000A4B480069B0F5E5
:105D2000617F09D348480069B0F57A7F04D89FEDB8
:105D30004F0A4D4880ED000A44488078012805D17B
:105D40000520374908700020404988703E480068A7
:105D50003D49086160E03C488069B0F5E16F04D3DB
:105D6000BEEE000A424880ED000A3848C07801289B
:105D700005D106202A49087000203449C8703248ED
:105D800000683149886147E02F48006AB0F57A7FA2
:105D900004D3B6EE000A374880ED000A2A480068AE
:105DA0002949086238E0FFE7274800682649486229
:105DB0000846406A28BB204890ED050A274880ED38
:105DC000000A1D4890ED040A254880ED000A1A4893
:105DD00090ED050A214880ED060A174890ED040A67
:105DE0001F4880ED060A9FED240A1A4880ED000A3C
:105DF000BAEE0E0A184880ED000A00201449087017
:105E000048701148406A40F2DC51884202D30020B9
:105E10000349087000E000BF00BF00BFB3E6000008
:105E2000CC020020905300200000000000407F4082
:105E3000C80200200080E644CC5300200080F944D2
:105E400000000000CD02002064540020CE0200209B
:105E5000C000002088020020A0020020F0020020E4
:105E6000D402002000003443BC0200200000008067
:105E7000C0020020C40200200080B64310B52DED02
:105E80000A8BB0EE408AF0EE608AB0EE419A18EECE
:105E9000100A05F0E1FF41EC1A0B394890ED0A0AAF
:105EA0003848D0ED040A30EE600A10EE101A0846A9
:105EB00005F0D2FF41EC1C0BB0EE4C0AF0EE6C0A80
:105EC00002F0F0FEB0EE40BAF0EE60BA53EC1A2BDE
:105ED00051EC1B0B05F09AFC4FD218EE900A05F01E
:105EE000BBFF41EC1A0B284890ED0A0A2548D0ED7B
:105EF000050A30EE600A10EE101A084605F0ACFFF5
:105F000041EC1C0BB0EE4C0AF0EE6C0A02F0CAFE3B
:105F1000B0EE40BAF0EE60BA53EC1A2B51EC1B0B0A
:105F200005F074FC29D219EE100A05F095FF41EC3A
:105F30001A0B164890ED0B0A1248D0ED060A30EE07
:105F4000600A10EE101A084605F086FF41EC1C0BA3
:105F5000B0EE4C0AF0EE6C0A02F0A4FEB0EE40BACD
:105F6000F0EE60BA53EC1A2B51EC1B0B05F04EFC13
:105F700003D20120BDEC0A8B10BD0020FAE700001F
:105F800028030020CC5300207C030020D0030020F5
:105F900010B57648007809287ED2DFE800F00518B1
:105FA0006C428194A7E3BA00714890ED000A7148F1
:105FB00080ED040A704890ED000A6E4880ED050AF5
:105FC0006E4890ED000A6B4880ED060ACBE06C4805
:105FD00090ED000A6B4880ED060A6B484068B0F50A
:105FE0007A7F05D9694890ED000A694880ED060A74
:105FF0006448FBF7FDFF6648FBF7FAFF614890ED48
:10600000000A5C4880ED040A614890ED000A594896
:1060100080ED050A5F4890ED000A564880ED060ABB
:10602000A1E05D4890ED000A594880ED060A564807
:10603000C068B0F57A7F05D9584890ED000A5148FC
:1060400080ED060A4F48FBF7D3FF5148FBF7D0FF1E
:106050004C4890ED000A474880ED040A4C4890ED0A
:10606000000A444880ED050A4A4890ED000A41487C
:1060700080ED060A77E0424890ED000A3D4880ED49
:10608000040A424890ED000A3A4880ED050A444867
:1060900090ED000A374800E064E080ED060A62E017
:1060A0003E4890ED000A334880ED040A3A4890EDEE
:1060B000000A304880ED050A364890ED000A2D4868
:1060C00080ED060A4FE0374890ED000A294880ED40
:1060D000040A354890ED000A264880ED050A334849
:1060E00090ED000A234880ED060A3CE0304890ED30
:1060F000000A204880ED040A2E4890ED000A1D4851
:1061000080ED050A2C4890ED000A1A4880ED060A39
:1061100029E02A4890ED000A1A4880ED060A1A483C
:106120004068C82805D9264890ED000A184880ED37
:10613000060A1448FBF75CFF1548FBF759FF1148A6
:1061400090ED000A0B4880ED040A114890ED000A1A
:10615000084880ED050A0F4890ED000A054880EDDB
:10616000060A00E000BF00BF10BD0000CC02002006
:1061700084020020CC5300209C020020B4020020A6
:1061800088020020D402002064540020A0020020D5
:10619000F0020020BC020020A40200208C0200209B
:1061A000B802002090020020A8020020C0020020B7
:1061B00094020020AC020020C402002098020020BB
:1061C000B0020020B5EEC00AF1EE10FA01DD0120A8
:1061D0007047B5EEC00AF1EE10FA02D24FF0FF3070
:1061E000F6E70020F4E700BF012002F0D5FFFBE74F
:1061F00000BFFAF7A5FD064890ED020AF7EE000A87
:1062000030EE200A80ED020A012004F087F8F0E762
:106210008C54002000BFFFF75FFCFFF78FFB0648A0
:1062200090ED030AF7EE000A30EE200A80ED030A33
:10623000012004F073F8EEE78C54002000BFFBF758
:10624000EBFF064890ED040AF7EE000A30EE200A54
:1062500080ED040A012004F061F8F0E78C5400207E
:1062600000BFFFF767F9064890ED010AF7EE000A54
:1062700030EE200A80ED010A012004F04FF8F0E72B
:106280008C54002000BF4FF0FF320021012003F0AA
:1062900019F80F4890ED050AF7EE000A30EE200AD3
:1062A00080ED050A0B4B1A1F0B490C4800F062FAEF
:1062B0000B4B0C4A08490C310B4800F05BFA0B49B8
:1062C0000B4801F0DFF80949094800F021FDDAE741
:1062D0008C540020D0010020CC530020EA54002030
:1062E0006808002060540020A4540020EC00002026
:1062F0000C08002010B54FF0E020006904F0E2FE29
:10630000012801D004F0E6F910BD000000B593B0FB
:10631000302107A8FAF7FFF8142102A8FAF7FBF8D2
:1063200000BF002001902448006840F080502249BE
:1063300008600846006800F08050019000BF00BF70
:1063400000BF002001901D48006840F480401B49B8
:1063500008600846006800F48040019000BF00BF5C
:10636000012007900004089002200D9041050E9135
:1063700004210F91A8211091022111910421129161
:1063800007A8FDF70FFF08B1FCF753FA0F200290A2
:1063900002200390002004904FF4A05005904FF489
:1063A00080500690052102A8FDF79AFD08B1FCF780
:1063B00040FA13B000BD00004038024000700040B9
:1063C0000348006840F4700001490860704700000D
:1063D00088ED00E010B50248FEF7C1FA10BD0000DC
:1063E000DC08002010B50248FEF7B9FA10BD000025
:1063F0002C0A002010B502682B4B98420ED0B0F149
:10640000804F0BD0294B984208D0294B984205D099
:10641000284B984202D0284B984203D122F07002B8
:106420004B681A43204B984220D0B0F1804F1DD0CA
:106430001E4B98421AD01E4B984217D01D4B9842C3
:1064400014D01D4B984211D01C4B98420ED01C4BBF
:1064500098420BD01B4B984208D01B4B984205D05A
:106460001A4B984202D01A4B984203D122F4407240
:10647000CB681A4322F080034C6943EA04028B681C
:10648000C3620B688362084B984202D00A4B984261
:1064900001D10B690363036843F004030360012324
:1064A0004361026010BD0000000001400004004094
:1064B00000080040000C0040000401400040014082
:1064C000004401400048014000180040001C00400A
:1064D0000020004030B50C46816821F47F4142EA3B
:1064E000032525432943816030BD0A46816821F098
:1064F000700142F0070319438160704730B50B46C5
:106500001446026A056A25F001050562816921F0D9
:10651000F00141EA041122F00A021A438161026289
:1065200030BD30B50B461446026A056A25F01005E9
:106530000562816921F4704141EA043122F0A00230
:1065400042EA03128161026230BD000070B52DED98
:10655000068B0546F0EE408AB0EE609AF0EE419A66
:10656000B0EE61AA2878022805D02878032802D046
:106570002878042803D10020BDEC068B70BD0020D4
:10658000687001202870AC1C18EE900A206019EE8B
:10659000100A6060B0EEE90A10EE100AA060DFEDAC
:1065A000730AB0EE4A0A02F087FB10EE100AE060B0
:1065B000B4EEE89AF1EE10FA02DBB7EE000A01E061
:1065C000BFEE000A10EE100A20629FED690A10EE7D
:1065D000100A606239EE680AB0EEC08A9FED630A65
:1065E000B4EEC08AF1EE10FA12D29FED610A10EEFD
:1065F000100A20619FED5E0A10EE100A6061E068EB
:10660000A0619FED5B0A10EE100AE0610020B3E785
:10661000A06800EE100AC8EE00AAE06800EE100ABA
:10662000B4EEEA0AF1EE10FA77DDF0EE000A28EE99
:10663000201AE06800EE900AC1EE201AB0EE610A5E
:10664000A06800EE900AF4EEC00AF1EE10FA1DDB2D
:1066500010EE100AE061E06800EE900AF0EE001A19
:1066600080EEA11A11EE100A6061DFED410A10EE12
:10667000900AA061E06900EE900A606901EE100ADC
:10668000C0EE811A11EE900A206144E0A068E0613A
:10669000A06800EE900A88EE201AE06800EE900AEA
:1066A00070EEC10A10EE900A6061F0EE000A68EE2A
:1066B000201AA06800EE900A81EEA01AE06800EEB1
:1066C000900A71EE600A10EE900AA061606900EE17
:1066D000900AF5EEC00AF1EE10FA04D2DFED240ABA
:1066E00010EE900A6061A06900EE900AF5EEC00A13
:1066F000F1EE10FA04D2DFED1E0A10EE900AA0614E
:10670000E06900EE900A606901EE100AC0EE811A9D
:1067100011EE900A206102E0FFE700202CE760699B
:1067200000EE100ADFED110AB4EEE00AF1EE10FA05
:1067300004D29FED0F0A10EE100A2061E06900EE0E
:10674000100A206A00EE900A20EE200A10EE100ACD
:10675000E061206900EE100A206A00EE900A20EE47
:10676000200A10EE100A2061012005E7BD378635AA
:106770000000000030B50446657825B9257815B1CC
:106780002578052D00D130BDA01C456A00EE105AB9
:10679000B5EEC00AF1EE10FA0CD805680D609FED59
:1067A000993A82ED003A9FED973A83ED003A012540
:1067B0002570E8E7C56803EE105AB4EEC03AF1EE72
:1067C00010FA0CD845680D609FED8E3A82ED003AC4
:1067D0009FED8C3A83ED003A05252570D3E7056AD5
:1067E00000EE905A056903EE105AB0EEC31AC5695F
:1067F00003EE105AB0EEC32A456901EE905A85693E
:1068000002EE905A71EEA23A9FED7F3AF4EEC32A5F
:10681000F1EE10FA54D8B4EEE10AF1EE10FA1BD8FA
:106820000225257020EE813A83ED003A20EE813A70
:1068300023EE003A82ED003A056803EE105AB6EEF8
:10684000004A20EE844A24EE014A24EE004A04EE77
:10685000003A81ED003AB5E00425257030EE615A2A
:10686000B0EE453AB1EE605A25EE015A83ED005A7A
:10687000B0EE425A01EE435A25EE205A82ED005AFC
:10688000B6EE005A21EE055A25EE215A25EE215A80
:10689000B0EE454A22EE035AF6EE005A61EE255A52
:1068A00065EE835A05EEC35AF0EE454A056805EEDB
:1068B000105A74EE245A00EEA55A81ED005A81E078
:1068C000B4EEE10AF1EE10FA1BD80225257020EE95
:1068D000813A83ED003A20EE813A23EE003A82EDD0
:1068E000003A056803EE105AB6EE004A20EE844ADC
:1068F00024EE014A24EE004A04EE003A81ED003A0B
:1069000060E0B4EEE30AF1EE10FA21D80325257019
:106910009FED3C4A83ED004A20EE824A82ED004A18
:10692000B6EE004A21EE044A24EE214A24EE214A22
:10693000B0EE443A056804EE105A30EE615AF0EEBB
:10694000434A42EE054A00EEA44A81ED004A39E08E
:106950000425257070EE635AB0EE653AF1EE605A88
:1069600065EE815AC3ED005AF0EE425A41EE435AA9
:1069700065EEA05AC2ED005AF6EE005A61EE255AB5
:1069800065EEA15A65EEA15AB0EE654A62EE225A52
:10699000F0EE654A62EE035AB6EE006A21EE066A30
:1069A00026EE036A46EE435AB0EE655A056805EED8
:1069B000905A34EE246A36EE056A40EE865AC1EDEE
:1069C000005A00BF92ED003AB0EEC33A9FED0E4A76
:1069D000B4EEC43AF1EE10FA03D29FED0A3A82ED1A
:1069E000003A93ED003AB0EEC33A9FED074AB4EE99
:1069F000C43AF1EE10FA03D29FED023A83ED003A69
:106A000000BFC0E600000000BD37863531B52DED72
:106A10000A0B2DED108B82B00546B0EE40CAF0EEA9
:106A200060CAB0EE41EAF0EE61EAB0EE42FAF0EE92
:106A300062FA2878022805D02878032802D028781E
:106A4000042805D1002002B0BDEC108B0BB030BD86
:106A50000220687001202870AC1C1CEE100A206017
:106A60001CEE900A6060B0EECE0A10EE100AA06034
:106A70009FEDA30A2EEE800A10EE100AE0609FED53
:106A8000A00A2FEE000A10EE100A20619DED190AEF
:106A9000B0EEC00A10EE100AA0619DED1A0AB0EE29
:106AA000C00A10EE100AE061A06900EE900AB0EE94
:106AB0006F0A02F025F9F0EE40AAF0EE6A0A9FEDA7
:106AC000910A02F0F9F810EE100A2062A06900EEB7
:106AD000900A9DED180A02F013F9F0EE40AAF0EECC
:106AE0006A0A9FED880A02F0E7F810EE100A606269
:106AF0009FED840A10EE100AE063206900EE100A90
:106B0000F0EEC00AA06800EE100A20EE800A10EE37
:106B1000100A6061606900EE100ADFED7B0AB4EED6
:106B2000E00AF1EE10FA0AD29FED760A10EE100A92
:106B3000A06360632063E062A062012083E7E069F4
:106B400008EE900A60690AEE100A206A09EE900ABF
:106B5000606A09EE100AA06908EE100A38EE690AA8
:106B600080EE28BA39EE880AF6EE000A20EE200AF6
:106B700020EE0BDA38EE490AC0EE28BA38EE090AE0
:106B8000F6EE000A20EE200A60EE2BDA3DEE2D0A2A
:106B9000B4EECA0AF1EE10FA22D818EE100AA0627A
:106BA0001BEE100AE0621BEE900A60633AEE4D0A9B
:106BB00070EE6D0A80EE880A10EE100A2063E06A1B
:106BC00000EE100A206B00EE900A70EE200A606B57
:106BD00000EE100A30EE800A10EE100AA06360E0AA
:106BE00029EEA90A09EE090AF6EE000A20EE200AAB
:106BF00008EE8A0A8DED010ADDED010A9FED410ADA
:106C000002F05AF88DED000A9DED000A02F0A1F99C
:106C1000F0EE40AA9FED3D0A38EE000AB4EEEA0A13
:106C2000F1EE10FA01D2F0EE48AA1AEE900AA06234
:106C30007AEEE90A80EEA80A10EE100AE0627AEE17
:106C4000C90A80EEA80A10EE100A60639FED2D0AB3
:106C500010EE100A2063E06A00EE100A606B00EE8E
:106C6000900A30EE200A10EE100AA063E06A00EEEF
:106C7000100AB5EEC00AF1EE10FA04D29FED210A17
:106C800010EE100AE062606B00EE100AB5EEC00A6A
:106C9000F1EE10FA04D29FED1B0A10EE100A6063A9
:106CA00000BFE06A00EE100ADFED170AB4EEE00A5A
:106CB000F1EE10FA04D29FED130A10EE100AE06212
:106CC000606B00EE100ADFED100AB4EEE00AF1EEA0
:106CD00010FA04D29FED0B0A10EE100A6063206BCD
:106CE00000EE100ADFED080AB4EEE00AF1EE10FA49
:106CF00004D29FED040A10EE100A20630120A2E6E0
:106D000035FA8E3C00000000BD3786356F12833A9D
:106D100070B52DED108B88B006460D4670780228B0
:106D200004D1307810B13078052803D108B0BDEC1B
:106D3000108B70BDB41CE06B08EE100AB5EEC08A73
:106D4000F1EE10FA67D8E06804909DED040A01F0B6
:106D500001FFF0EE400A206800EE100AA06801EE84
:106D6000100A01EE200A10EE100AE8619DED040AF7
:106D700001F0EAFFF0EE400A606800EE100AA06839
:106D800001EE100A01EE200A10EE100A28622069B6
:106D900000EE100AB5EEC00AF1EE10FA02DDB7EE11
:106DA000000A01E0BFEE000A8DED030A9DED040A22
:106DB00001F0CAFFF1EE400A9DED030A20EE800AC1
:106DC0008DED020A9DED040A01F0C4FEF0EE400ACA
:106DD0009DED030A20EE800A8DED010A206A00EE87
:106DE000900A9DED020A20EE800A10EE100A6862F9
:106DF000206A00EE900A9DED010A20EE800A10EE56
:106E0000100AA8629FEDD60A10EE100A2863E86205
:106E1000012030708AE7A06B00EE100AB4EEC80AB9
:106E2000F1EE10FA70D8E06800EE100A206900EE6A
:106E3000900A30EE200A8DED040A9DED040A01F05F
:106E400089FEF0EE400A206800EE100AA06801EE0C
:106E5000100A01EE200A10EE100AE8619DED040A06
:106E600001F072FFF0EE400A606800EE100AA068C0
:106E700001EE100A01EE200A10EE100A28622069C5
:106E800000EE100AB5EEC00AF1EE10FA02DDB7EE20
:106E9000000A01E0BFEE000A8DED030A9DED040A31
:106EA00001F052FFF1EE400A9DED030A20EE800A48
:106EB0008DED020A9DED040A01F04CFEF0EE400A51
:106EC0009DED030A20EE800A8DED010A606A00EE56
:106ED000900A9DED020A20EE800A10EE100A686208
:106EE000606A00EE900A9DED010A20EE800A10EE25
:106EF000100AA8629FED9A0A10EE100A2863E86251
:106F00000520307012E7FFE7E0690BEE900A206A77
:106F10000AEE100A606A0DEE100AA06A08EE900AE6
:106F2000E06A0BEE100A206B0CEE100AF0EE4B9AA2
:106F3000F0EE4B9A79EE8CDAB4EEE98AF1EE10FAC3
:106F400020D802203070F4EECA8AF1EE10FA02DB8B
:106F5000F7EE000A01E0FFEE000AB0EE600A20EE54
:106F60002B9AF0EE4AAA49EE08AA6AEE080AB6EE93
:106F7000001A29EE011A21EE081AF0EE60CA41EE5D
:106F800008CA52E0B4EEED8AF1EE10FA16D80320EA
:106F900030709FED739AF0EE68AA2AEE290A78EE17
:106FA000CA0AB6EE001A60EE810A00EEA90A78EE6F
:106FB000690A08EEA00AF0EE40CA36E004203070FC
:106FC00078EE6D2AB0EE620AB4EEE8DAF1EE10FA6D
:106FD00002DBF7EE002A01E0FFEE002AB0EE622AA3
:106FE00022EE2B9AF0EE68AA49EE00AA6AEE292A50
:106FF00038EECA3AF6EE003A23EE233AF0EE620A91
:1070000043EE290A28EE8C1A68EE802AB6EE003A82
:1070100029EE033A23EE003AF0EE621A43EE001A2C
:1070200070EE812A72EEA1CA00BFB0EEEA0ADFED6F
:107030004D0AB4EEE00AF1EE10FA03D29FED480AD1
:10704000F0EE40AAB0EEC90ADFED460AB4EEE00A5F
:10705000F1EE10FA03D29FED420AB0EE409A206999
:1070600000EE100AB5EEC00AF1EE10FA02DDB7EE3E
:10707000000A01E0BFEE000AB0EE40EAA06800EEB0
:10708000100ACCEE800AE06800EE100A0EEE200A2C
:107090008DED070A9DED070A01F05CFDF0EE400A58
:1070A000206800EE100AA06801EE100A01EE200A26
:1070B00010EE100AE8619DED070A01F045FEF0EEC2
:1070C000400A606800EE100AA06801EE100A01EEA6
:1070D000200A10EE100A28629DED070A01F034FE26
:1070E000B1EE400A60EE0EEA9DED070A01F032FDB6
:1070F00020EE0EFA2AEEAE0A10EE100A68622AEEB0
:107100008F0A10EE100AA8626AEEAA0AA06800EEC2
:10711000100AC0EE80FA9DED070A01F01BFDF1EEAA
:10712000400ACDED060A9DED070A01F00DFEB1EE15
:10713000400A8DED050A29EE2E0ADDED060A0FEE56
:10714000A00A10EE100AE86269EE0F0A9DED050A2A
:107150004FEE800A10EE900A286300BFE6E50000BB
:1071600000000000BD37863531B52DED080B2DED43
:10717000108B82B00546B0EE40BAF0EE60BAB0EEC9
:1071800041CAF0EE61CA2878022805D02878032881
:1071900002D02878042805D1002002B0BDEC108B65
:1071A00009B030BD012068702870AC1C1BEE100ABD
:1071B00020601BEE900A60601CEE100AA0601CEEBE
:1071C000900AE0609DED180AB0EEC00A10EE100AB9
:1071D000E0619DED190AB0EEC00A10EE100A2062BF
:1071E000E06900EE900A9DED160A01F089FDF0EECF
:1071F00040AAF0EE6A0A9FEDA00A01F05DFD10EED4
:10720000100A6062E06900EE900A9DED170A01F035
:1072100077FDF0EE40AAF0EE6A0A9FED970A01F0C2
:107220004BFD10EE100AA0629FED930A10EE100ABB
:1072300020647CEE4BEA3CEEEBDA6EEEAE0A4DEEED
:107240000D0AB0EE600A01F084FE10EE100AA06193
:10725000A06900EE100ADFED890AB4EEE00AF1EE53
:1072600010FA18D29FED840A10EE100AE0629FED2A
:10727000820A10EE100AA063606320639FED7E0A0D
:1072800010EE100AE0639FED7C0A10EE100A6061B8
:107290002061012081E7A06900EE100ACEEE800A8D
:1072A00010EE900A2061A06900EE900A8DEE200A8F
:1072B00010EE100A6061206A08EE900AA0690AEEDA
:1072C000100A606A09EE900AA06A09EE100AE069E5
:1072D00008EE100A38EE690AC0EE28DA39EE880A9C
:1072E000F6EE000A20EE200A20EE2DFA38EE490ACA
:1072F00080EE28EA38EE090AF6EE000A20EE200AAF
:1073000060EE0EFA3FEE2F0AB4EECA0AF1EE10FA62
:1073100022D818EE100AE0621DEE900A20631EEEDD
:10732000100AA0633AEE4F0A70EE6F0A80EE880AE8
:1073300010EE100A6063206B00EE100A606B00EE26
:10734000900A70EE200AA06B00EE100A30EE800A60
:1073500010EE100AE06360E029EEA90A09EE090ABE
:10736000F6EE000A20EE200A08EE8A0A8DED010AE8
:10737000DDED010A9FED400A01F09EFC8DED000A53
:107380009DED000A01F0E5FDF0EE40AA9FED3C0AFC
:1073900038EE000AB4EEEA0AF1EE10FA01D2F0EE8D
:1073A00048AA1AEE900AE0627AEEE90A80EEA80A8C
:1073B00010EE100A20637AEEC90A80EEA80A10EED9
:1073C000100AA0639FED2C0A10EE100A6063206B78
:1073D00000EE100AA06B00EE900A30EE200A10EECC
:1073E000100AE063206B00EE100AB5EEC00AF1EE61
:1073F00010FA04D29FED200A10EE100A2063A06B51
:1074000000EE100AB5EEC00AF1EE10FA04D29FEDBC
:107410001A0A10EE100AA06300BF206B00EE100ADB
:10742000DFED160AB4EEE00AF1EE10FA04D29FED99
:10743000120A10EE100A2063A06B00EE100ADFEDB6
:107440000F0AB4EEE00AF1EE10FA04D29FED0A0A38
:1074500010EE100AA063606B00EE100ADFED070A61
:10746000B4EEE00AF1EE10FA04D29FED030A10EE3A
:10747000100A6063012090E600000000BD378635E9
:107480006F12833A2DED048B02465378012B04D101
:10749000137813B11378052B02D1BDEC048B704720
:1074A000901C036C00EE103AB5EEC00AF1EE10FA33
:1074B00022D80368CB6143680B62436A05EE103A39
:1074C000036906EE903A25EE265A15EE103A4B6205
:1074D000436A05EE103A436906EE903A25EE265AC5
:1074E00015EE103A8B629FED8A5A15EE103A0B6337
:1074F000CB6201231370D0E7C36B05EE103AB4EEF4
:10750000C05AF1EE10FA22D88368CB61C3680B62CF
:10751000836A05EE103A036906EE903A25EE265A84
:1075200015EE103A4B62836A05EE103A436906EE97
:10753000903A25EE265A15EE103A8B629FED745A5A
:1075400015EE103A0B63CB6205231370A5E7036AAF
:1075500004EE103A436A02EE103A836A05EE903A5E
:10756000C36A00EE903A036B03EE103A436B04EEED
:10757000903AF0EE431A33EE246AB4EEE10AF1EEEB
:1075800010FA20D802231370F4EEC20AF1EE10FABA
:1075900002DBF7EE006A01E0FFEE006AB0EE665A29
:1075A00025EE041AF0EE422A41EE002A62EE006A4D
:1075B000B6EE007A21EE077A27EE007AF0EE663A10
:1075C00047EE003A52E0B4EEC60AF1EE10FA16D8D1
:1075D000032313709FED4E1AF0EE602A22EE215A1B
:1075E00070EEC26AB6EE007A66EE876A06EEA15ABF
:1075F00070EE616AF0EE453A40EEA63A36E00423BA
:10760000137070EE468AB0EE685AF4EEE05AF1EE6E
:1076100010FA02DBF7EE008A01E0FFEE008AB0EE1E
:10762000688A28EE041AF0EE602A41EE052A62EE1E
:10763000218A30EEC29AF6EE009A29EE299AF0EEEF
:10764000686A49EE216A20EEA47A60EE858AB6EE79
:10765000009A21EE099A29EE059AF0EE687A49EE31
:10766000057A76EE878A78EEA73A00BFB0EEE25A46
:10767000DFED286AB4EEE65AF1EE10FA03D29FED80
:10768000245AF0EE452AB0EEC15ADFED226AB4EE7C
:10769000E65AF1EE10FA03D29FED1D5AB0EE451AEC
:1076A000036805EE103A036906EE903A03EEA65A17
:1076B00015EE103ACB61436805EE103A436906EEC9
:1076C000903A03EEA65A15EE103A0B62036905EEE6
:1076D000103A25EE225A15EE103A4B62436905EE38
:1076E000103A25EE225A15EE103A8B62036905EE28
:1076F000103A25EE015A15EE103ACB62436905EEB9
:10770000103A25EE015A15EE103A0B6300BFC4E69D
:1077100000000000BD37863570B50446A56B00201B
:10772000E8852846FDF7FFFA70BD70B506460025CE
:10773000B46B20684069C0F3C01594F8410021285B
:1077400005D125B10020E084204600F0FBF8206838
:107750004069C0F3801594F84200222805D125B174
:107760000020E085204600F0A7F8606C40F0100093
:1077700060642046FDF7D7FA70BD70B50546AC6B66
:107780002868006800F48070002842D1E08500BFBE
:1077900000BF21680C3151E8001F21F4807021687E
:1077A0000C3141E80002002AF3D100BF00BF00BF46
:1077B0002168143151E8001F21F0010021681431C3
:1077C00041E80002002AF3D100BF00BF00BF2168DA
:1077D000143151E8001F21F040002168143141E8C4
:1077E0000002002AF3D100BF202084F84200206B61
:1077F00001280ED100BF00BF21680C3151E8001FE5
:1078000021F0100021680C3141E80002002AF3D178
:1078100000BF00206063206B012804D1A18D2046A9
:10782000FDF73BFA02E02046FDF7E8FC70BD70B5BD
:107830000546AC6B01206063206B012805D1A08D4B
:1078400041082046FDF729FA02E02046FDF7D7FC63
:1078500070BD70B50546AC6B2868006800F4807098
:10786000F8B90020E08400BF00BF2168143151E85E
:10787000001F21F080002168143141E80002002A35
:10788000F3D100BF00BF00BF21680C3151E8001FD9
:1078900041F0400021680C3141E80002002AF3D198
:1078A00002E02046FDF7FAFC70BD70B50446A56BFA
:1078B0002846FDF7F4FC70BD00BF00BF02680C3223
:1078C00052E8002F22F4907102680C3242E8001353
:1078D000002BF3D100BF00BF00BF0268143252E892
:1078E000002F22F001010268143242E80013002B3D
:1078F000F3D100BF016B01290ED100BF00BF0268A8
:107900000C3252E8002F22F0100102680C3242E8DB
:107910000013002BF3D100BF202180F8421000217A
:107920000163704710B504462068C06820F040002D
:107930002168C860202084F841002046FDF7AEFC95
:10794000002010BD00BF00BF02680C3252E8002FBB
:1079500022F0C00102680C3242E80013002BF3D180
:1079600000BF202180F841107047F8B5044600257B
:10797000002694F84200222873D1A068B0F5805FF9
:107980000BD1206948B9A66A20684068C0F3080096
:107990003080A06A801CA06214E0A56AA068B0F5DF
:1079A000805F03D0A06828B9206918B920684068B2
:1079B000287004E02068406800F07F002870A06A0A
:1079C000401CA062E08D401E80B2E085002846D1B8
:1079D0002068C06820F020002168C8602068C06866
:1079E00020F480702168C8602068406920F00100A0
:1079F00021684861202084F8420000206063206BE9
:107A0000012826D10020206300BF00BF21680C316F
:107A100051E8001F21F0100021680C3141E80002FC
:107A2000002AF3D100BF2068006800F01000102881
:107A30000AD100BF002000902068006800902068F4
:107A40004068009000BF00BFA18D2046FDF725F9DA
:107A500002E02046FDF7D2FB0020F8BD01E0002047
:107A6000FBE70220F9E700002DE9F84F0446206803
:107A7000006920F44050E1680843216808612169E9
:107A8000A068084361690843E169084300902068E1
:107A9000C06849F20C618843009908432168C860B6
:107AA0002068406920F44070A1690843216848615A
:107AB00076492068884203D075492068884203D1FE
:107AC000FCF708FB814602E0FCF7F4FA8146E06926
:107AD000B0F5004F6CD102206168A0FB0150034655
:107AE0001920A9FB007001462A463846F8F73CFCED
:107AF0006421B0FBF1F04FEA001A02206168A0FB9C
:107B000001510B461920A9FB00712A463846F8F7A7
:107B10002BFC834602206168A0FB0150034619201C
:107B2000A9FB00712A463846F8F71EFC6421B0FB19
:107B3000F1F000EBC00101EB0010ABEB8000322153
:107B400001EBC0006421B0FBF1F000F0F8000AEB9B
:107B5000400A02206168A0FB015003461920A9FBDE
:107B6000007001462A463846F8F7FEFB834602209D
:107B70006168A0FB015003461920A9FB00712A4649
:107B80003846F8F7F1FB6421B0FBF1F000EBC001DF
:107B900001EB0010ABEB8000322101EBC00064214F
:107BA000B0FBF1F000F007005044216888606AE003
:107BB00004206168A0FB015003461920A9FB007056
:107BC00001462A463846F8F7CFFB82460420616812
:107BD000A0FB015003461920A9FB007001462A466C
:107BE0003846F8F7C1FB6421B0FBF1F000EBC001AF
:107BF00001EB0010AAEB8000322101EB00106421A0
:107C0000B0FBF1F000F0F00A04206168A0FB017005
:107C100003461920A9FB00513A462846F8F7A4FB71
:107C20006421B0FBF1F00AEB001A04206168A0FBAC
:107C300001510B461920A9FB00712A463846F8F776
:107C400093FB834604206168A0FB01500346192082
:107C5000A9FB007001462A463846F8F785FB6421E7
:107C6000B0FBF1F000EBC00101EB0010ABEB8000CA
:107C7000322101EB00106421B0FBF1F000F00F00A5
:107C8000504421688860BDE8F88F00000010014072
:107C90000014014077B581B0044615460298A062F1
:107CA000A58500206064222084F842002C48E16B06
:107CB000C8632C48E16B08642B48E16BC864002062
:107CC000E16B086502AE32682368191D2B46E06B34
:107CD000FBF7A8FE38B110206064202084F8420031
:107CE000012004B070BD00BF002000902068006833
:107CF000009020684068009000BF00BF206970B10C
:107D000000BF00BF21680C3151E8001F41F48070B2
:107D100021680C3141E80002002AF3D100BF00BF06
:107D200000BF2168143151E8001F41F001002168B3
:107D3000143141E80002002AF3D100BF00BF00BFA8
:107D40002168143151E8001F41F0400021681431CE
:107D500041E80002002AF3D100BF0020C1E7000083
:107D60007B7700082F7800082B770008014691F8F0
:107D70004100212828D18868B0F5805F0BD10869BF
:107D800048B90A6A1088C0F308000B685860086A8E
:107D9000801C086205E00B6A581C086218780B68A2
:107DA0005860C88C401E80B2C88458B90868C06842
:107DB00020F080000B68D8600868C06840F0400080
:107DC0000B68D860002070470220FCE708B55C48CB
:107DD0000068006800F00800082814D100BF0020E7
:107DE0000090574800680068009055480068406857
:107DF000009000BF00BF5248FCF750FF20225149BD
:107E00004F48FDF7E5F94E480068006800F00200B1
:107E1000022814D100BF0020009049480068006883
:107E20000090474800684068009000BF00BF444889
:107E3000FCF734FF202243494148FDF7C9F9404887
:107E40000068006800F01000102875D100BF002005
:107E500000903B480068006800903948006840681E
:107E6000009000BF00BF3648FCF718FF3648006896
:107E70004068C0F120003549088032480078112858
:107E800055D13048407E222851D12E4880782D4946
:107E9000497840EA01202E4988822A48C078012882
:107EA00005D12C48407A10B901202A49487225484A
:107EB00000792949087029482249D1F80510C16084
:107EC0002049D1F8091001611E49D1F80D10416116
:107ED0001C49D1F8111081611A49D1F81510C161FE
:107EE0001F48408F401C1E4948871C48C06800EE50
:107EF000100ADFED1C0A20EE200A10EE100A1749C6
:107F0000C8600846006900EE100ADFED160A20EE90
:107F1000200A10EE100A08610846C06900EE100A37
:107F2000DFED100A20EE200A10EE100AC8612022B0
:107F300004490348FDF74CF90148FCF7F5FE08BD7C
:107F400024090020AA5300206C090020CA00002048
:107F5000905300203C010020C80000203055002034
:107F6000545300205C8F423E10B50446012C09D0CA
:107F7000032C07D0052C05D0072C03D00F2C01D0E3
:107F8000162C07D1A748007A022803D10120A54961
:107F9000887044E1022C0BD0092C09D00B2C07D09F
:107FA000112C05D0132C03D0152C01D0172C06D181
:107FB0009C48007A022802D19A4988702FE10D2C42
:107FC00007D19848007A022803D103209549887088
:107FD00025E1122C03D10120924908721FE10E2CD9
:107FE00003D102208F49087219E10A2C0AD103201B
:107FF0008C49087201208C49887008714871894940
:1080000008710CE1062C0AD1032086490872012070
:10801000854988700871487182490871FFE0042C15
:1080200009D18048007A012805D18049087096203E
:1080300002F074F9F3E0082C09D17A48007A01289B
:1080400005D17A494870962002F068F9E7E00C2CD7
:1080500009D17448007A012805D1744988709620A6
:1080600002F05CF9DBE0102C09D16E48007A01289F
:1080700005D16E49C870962002F050F9CFE0142C5B
:1080800003D16848007A012898D0042C12D16548A1
:10809000007A02280ED16648007858B9012061495B
:1080A000C87000200871012048704FF4967002F0EB
:1080B00035F9B4E0082C10D15A48007A02280CD1C6
:1080C0005849C870002157484171012055494870EE
:1080D0004FF4967002F022F9A1E00C2C11D1514816
:1080E000007A02280DD103204E49C87000214D4866
:1080F000817101204B4948704FF4967002F00EF9DF
:108100008DE0102C03D14748007A022819D0142C96
:1081100003D14448007A022813D0042C16D14148D8
:10812000407A022806D04248007818B140480078CA
:1081300003280BD13B48407A022803D0022039495A
:1081400048706CE003203749487268E0082C12D16F
:108150003448007A03280ED13548007858B90320F6
:108160003049C870002088700120487008710121D2
:108170002C48417153E00C2C03D12A48007A032883
:108180004DD0102C03D12748007A032847D0142C57
:1081900003D12448007A032841D02248407A01289C
:1081A00008D12048007A032804D102201D494870D4
:1081B000487234E0192C18D11E480078072807D0DF
:1081C00007201C4908704FF4967002F0A7F810BD04
:1081D00018480078072822D11748007815490870F8
:1081E0004FF4967002F09AF8F1E71F2C17D10D4862
:1081F000007A022803D00B48007A032808D1002017
:108200000B4908700849887000210648817106E012
:108210000448007A012802D108200649087000BFEE
:10822000D5E700003C010020C0000020CE02002065
:1082300046010020CC020020CD02002010B5032210
:1082400002490348FCF7DCFF10BD0000AC00002031
:108250002409002000BFFEE72DE9F04705460C4643
:10826000D5ED010AB0EE600A10209FED281ADFED6F
:10827000280AFAF7E1FA86B2D5ED020AB0EE600AF2
:108280000E209FED221ADFED220AFAF7D5FA87B207
:10829000D5ED030AB0EE600A10209FED1C1ADFED49
:1082A0001C0AFAF7C9FA1FFA80F8D5ED040AB0EEF5
:1082B000600A0A209FED171ADFED170AFAF7BCFAD9
:1082C0001FFA80F9D5ED050AB0EE600A08209FED8F
:1082D000131ADFED110AFAF7AFFA1FFA80FA2670C7
:1082E00030126070A77009F00300C7F3052141EA5E
:1082F0008010E070C9F38700207184F805A084F82D
:1083000006804FEA2820E071BDE8F0870000204297
:10831000000020C200C07F440000000000004C426A
:1083200001460A784B7842EA431070470146002024
:108330004A78062A10D006DC012A0BD0022A07D080
:10834000042A11D10CE0112A08D0172A0CD109E017
:1083500000200AE0002008E0002006E0002004E001
:10836000082002E0002000E000BF00BF70470000CE
:1083700070B52DED068B04460D462078012848D1B6
:108380006F4890ED020A6F4880ED000AD5ED020AB1
:10839000B0EE600A6C48FAF769FAB0EE408A18EE5F
:1083A000100A03F059FD41EC1A0BB0EE4A0AF0EE48
:1083B0006A0A00F077FCB0EE409AF0EE609A9FED0A
:1083C000630B53EC102B51EC190B03F059FB03D842
:1083D0009FED600AB0EE408A5F4890ED090A30EEEA
:1083E000080A5E4880ED000A5D48D0ED001AB0EE44
:1083F000611A5448D0ED001AF0EE610A5748D0EDEA
:10840000001AB0EE610A21780422204600F0F4F848
:1084100090E02078022848D1494890ED010A494867
:1084200080ED010AD5ED020AB0EE600A4D48FAF778
:108430001DFAB0EE408A18EE100A03F00DFD41EC73
:108440001A0BB0EE4A0AF0EE6A0A00F02BFCB0EE0E
:10845000409AF0EE609A9FED3D0B53EC102B51ECDF
:10846000190B03F00DFB03D89FED3A0AB0EE408ADA
:10847000394890ED0A0A30EE080A384880ED010AC2
:108480003748D0ED011AB0EE611A2E48D0ED011A2E
:10849000F0EE610A3148D0ED011AB0EE610A2178A0
:1084A0000422204600F0A8F844E02078032841D1B7
:1084B000234890ED030A234880ED020AD5ED020A15
:1084C000B0EE600A2848FAF7D1F910EE106A30468B
:1084D00003F0C2FC41EC190BB0EE490AF0EE690A58
:1084E00000F0E0FBB0EE408AF0EE608A9FED170BE3
:1084F00053EC102B51EC180B03F0C2FA03D89FED8C
:10850000150A10EE106A154886601548D0ED021A5B
:10851000B0EE611A0B48D0ED021AF0EE610A0F4876
:10852000D0ED021AB0EE610A21780422204600F054
:1085300063F800BF204600F019F8BDEC068B70BD53
:10854000CC5300204C540020C4070020000000A0A1
:108550009999B93F00000000940700204054002082
:1085600058540020D0070020E807002010B588B03C
:1085700004460020009001902046FFF7D1FE0290B3
:108580000020049005902046FFF7D0FE069060780A
:10859000042803D169462046FFF75EFE01236A46A0
:1085A00002A90C48FAF79BF960B102236A4602A9B6
:1085B0000848FAF794F928B104236A4602A9054845
:1085C000FAF78DF90448408A401C0349488208B0F4
:1085D00010BD0000B40800205453002070B50446BC
:1085E0000D46257021780222204600F023F820460F
:1085F000FFF7BCFF70BD000001704270DFED0B1A89
:1086000060EEA11A9FED0A2AC1EE822AC0ED012A6E
:10861000DFED061A61EE211A9FED052AC1EE822ACE
:10862000C0ED022A80ED030A70470000DB0F4940CD
:108630000000344301704270704700002DE9F34F91
:1086400083B00C4600200546064681460EE003989E
:1086500010F809A000204FEAC90202905046029982
:10866000F7F7F9FE05430E4309F10109B9F1080FC7
:10867000EDDB3B4805EA0007280D40EA06303849A3
:1086800000EA0108C6F30F201FFA80FB012101EA6E
:10869000166001907F2101EA5660009000EE107A8A
:1086A000B8EE400ADFED2F0A60EE200A9FED2E1A89
:1086B00080EE810ADFED2D0A70EE200A9FED2C1A64
:1086C00080EE810ADFED2B0A20EE200A84ED010AFC
:1086D00000EE108AB8EE400ADFED220A20EE200AF2
:1086E0009FED211AC0EE010A9FED200A70EE800A6C
:1086F0009FED1F1A80EE810ADFED1E0A20EE200A90
:1087000084ED020A00EE10BAB8EE400ADFED150A59
:1087100060EE200A9FED181A80EE810ADFED130A41
:1087200030EE200A84ED030A0198012800D100E010
:10873000002020749DED000AB8EE400ADFED0F0A1C
:1087400060EE200A9FED0E1A80EE810AFBEE040A0D
:1087500030EE200A84ED050A05B0BDE8F08F000078
:10876000FFFF0F000000A042F0FF7F49000020C281
:10877000DB0F49400000344300FF7F4700005C43AB
:108780000000FE424100080218BF04200A0E18BF74
:1087900040F001004FF07F4232EA010108BF40F093
:1087A0000200012808BF0520704700000248006849
:1087B000C0F30220704700000CED00E010B5002867
:1087C00004DB0A07130E054A135406E00A07140EC9
:1087D000034A00F00F031B1FD45410BD00E400E057
:1087E00018ED00E0EFF305807047000010B510EEC3
:1087F000104A4FF01A402DED028B00EB4400B0F10F
:10880000C85F4AD84FF0FC40B0EB440F22D2B0EE24
:10881000C00AF7EE000A30EEC00AF6EE000A20EEBB
:10882000208A18EE100A01F0D1FB00EE100A14F0B5
:10883000004F1DBF9FED281ADFED280AB1EE400A58
:108840009FED271A08BFF0EE410AF8EE001A20EE5D
:10885000210A05E020EE008A9FED221ADFED220AB0
:10886000DFED221A9FED222A70EEC00A20EE080AE0
:1088700008EE212ADFED1F1A48EE021A9FED1E2A8C
:1088800008EE212ADFED1D1A48EE021ABDEC028B1C
:1088900040EE610A30EE810A10BD4FF0CC40B0EBE3
:1088A000440F82BF9FED160ABDEC028B10BD4FF046
:1088B0007F40B0EB440F05D2BDEC028BBDE8104009
:1088C00000F064BB0120F7F755FEBDEC028BBDE85C
:1088D000104000F061BB00000000494022AA7D3A30
:1088E000000000000000C93F22AAFD3924FE1C3D03
:1088F000C78AD83C1E67383D1B93993DAFAA2A3ED4
:10890000DB0FC93F10EE100A10B510EE901A4FF0B1
:10891000684202EB40032DED028BB3F1654F3CBF83
:1089200002EB4102B2F1654F7CD200BFC0F3C753E6
:10893000C1F3C7529A1A1B2A09DD10F0004F14BF69
:108940009FED6E0A9FED6E0ABDEC028B10BD12F119
:108950001A0F1BDA11F0004F09D010F0004F0CBFB6
:108960009FED680A9FED680ABDEC028B10BD80EE9A
:10897000208A18EE100AFFF705FF042808BF00F050
:1089800013FBB0EE480ABDEC028B10BD4200B2EB07
:10899000410F37D910F0004F19BFDFED5C1A9FED82
:1089A0005C1ADFED5C1A9FED5C1AB0EE602A0A4695
:1089B000F1EE400A80F00041B0EE420A10460A1A79
:1089C0005200B2F1807F34D2484010F0004FDFED0A
:1089D000532A9FED533A1DBFBEEE002A71EEE21AF4
:1089E00031EE431AB6EE002A04BF71EEA21A31EE40
:1089F000031AF0EE402A42EE602A40EE020A82EEAE
:108A0000A02A18E011F0004F04BF9FED461AF0EEC7
:108A1000411AD4D010F0004F1CBFDFED431A9FED78
:108A2000431A00E026E004BFDFED411A9FED411A32
:108A3000C5E780EE202A22EE020ADFED3F0ADFEDD5
:108A40003F2ABDEC028B40EE202ADFED3D0A40EECE
:108A5000220ADFED3C2A40EE202ADFED3B0A40EE01
:108A6000220A22EE000A00EE201A31EE020A30EE4F
:108A7000210A10BD4FF07F42B2EB400F28BFB2EB8E
:108A8000410F05D2BDEC028BBDE8104000F081BA69
:108A900040EA01035B0008BF41F0FF410BD0B2EB9D
:108AA000400F08BFB2EB410F08D120F0804000EE2C
:108AB000100A21F0804100EE901A37E7B2EB400F28
:108AC00012BF5FEA410240F0FF4001F000413FF475
:108AD0002DAF4A0092EA40033FF528AF002AACBF11
:108AE0009FED1A1A9FED1A1A20EE010A60EE810A14
:108AF00010EE100A10EE901A18E70000DB0FC9BF45
:108B0000DB0FC93FDB0F4940DB0F49C00000C9BF85
:108B100022AAFDB90000C93F22AAFD390060ED3E3E
:108B2000C30ACE3700000000000049C022AA7DBA67
:108B30000000494022AA7D3A2DAD65BD8FB8D53DD4
:108B40000FB511BE61C84C3EA8AAAABE0000804F56
:108B50000000802F10EE101A08B5444A6846B2EBA8
:108B6000410F28D94FF0E640B0EB410F94BF0020F1
:108B70004FF0FF3000900098002861DB60EE000AA3
:108B800010F0010F45D010F0020FDFED391A9FED04
:108B9000391A00EEE11ADFED381A40EE811A21EEA3
:108BA000A01AF0EE400A40EE010A08BFF1EE600A9A
:108BB000B0EE600A08BD314B21F0004293423CD92F
:108BC00011F0004FDFED2E0A20EE201ADFED2D0A06
:108BD00019BF31EE601A71EE200A31EE201A71EEE3
:108BE000600ABDEEE01A11EE100A9FED271A00F0A0
:108BF000030000EEC10A9FED251A009000EEC10AA5
:108C00009FED231A00EEC10A9FED221A00EEC10A61
:108C1000B1E79FED211A9FED210A10F0020F00EE3F
:108C2000810A9FED1F1A00EE801AB7EE000A00EECF
:108C3000810A18BFB1EE400A08BD00F0BDF99AE7FD
:108C400010EE100A4000B0F17F4F3CBFB7EE000AB3
:108C500008BD07D14FF00100F7F78CFCBDE80840D4
:108C600000F09AB9BDE8084000F090B9B61F927EB6
:108C7000336D4C39DA82083CA0AA2ABE490E494617
:108C800083F9223F0000004B0000C93F00A0FD39DE
:108C90000020A2331A61342CB93AB2BACA9F2A3DD5
:108CA000DDFFFFBE2DED020B019820F0004001908A
:108CB0009DED000B02B0704710B52DED028BB0EEAC
:108CC000608AF0EE408A18EE101A18EE900A03F04F
:108CD000FBF800F07040B0F1005F0CD018EE100A05
:108CE00020F00040C0F1FF40C00F02BFB0EE480AC4
:108CF000BDEC028B10BDB0EE680ABDEC028B10BD5E
:108D000010B52DED028BB0EE608AF0EE408A18EEC1
:108D1000101A18EE900A03F0D7F800F07040B0F186
:108D2000004F0CD018EE100A20F00040C0F1FF40B8
:108D3000C00F02BFB0EE480ABDEC028B10BDB0EE12
:108D4000680ABDEC028B10BD00B510EE101A2DEDB7
:108D5000028B81B0524A6846B2EB410F2ED94FF0D8
:108D6000E640B0EB410F94BF00204FF0FF30009081
:108D70000098B0EE408A00286ADB10F0010F4BD05B
:108D800068EE080A9FED471A9FED470A00EE810A38
:108D90009FED461A10F0020F00EE801AB7EE000A9F
:108DA00000EE810A02BF01B0BDEC028B00BD00BF26
:108DB00001B0B1EE400ABDEC028B00BD3C4B21F08E
:108DC0000042934241D911F0004FDFED3A0A20EE04
:108DD000201ADFED390A19BF31EE601A71EE200A50
:108DE00031EE201A71EE600ABDEEE01A11EE100AA3
:108DF0009FED321A00F0030000EEC10A9FED301A19
:108E0000009000EEC10A9FED2F1A00EEC10A9FEDFF
:108E10002E1A00EEC10AABE728EE080A9FED2B1AC6
:108E2000DFED2B0A10F0020F40EE410A9FED291AE8
:108E300000EE201A61EE000AB0EE480A08EE200AA1
:108E4000B6D101B0BDEC028B00BD00F0B5F88FE7E4
:108E500018EE100A4000B0F17F4F0DD218EE100A44
:108E6000FFF790FC042808BF00F09EF8B0EE480A17
:108E700001B0BDEC028B00BD09D10120F7F77AFBF0
:108E800001B0BDEC028B5DF804EB00F085B801B0D9
:108E9000B0EE480ABDEC028B5DF804EB00F076B84A
:108EA000B61F927EB93AB2BACA9F2A3DDDFFFFBE15
:108EB000490E494683F9223F0000004B0000C93F9C
:108EC00000A0FD390020A2331A61342C336D4C39D7
:108ED000DA82083CA0AA2ABE00B52DED048BB0EEC4
:108EE000409AF0EE609A83B051EC190B02F0FEFD4F
:108EF00041EC180B18EE100A18EE901A8DED008B4D
:108F0000002818BF0120084320F00040C0F17F6016
:108F100000F1E040C00F14D019EE101A19EE900ABB
:108F20008DED009B002918BF0121084320F000406F
:108F3000C0F17F6000F1E040C00F04BF0120F7F7EF
:108F400019FBB0EE480A03B0F0EE680ABDEC048BE2
:108F500000BD10B52DED028BB1EEC08A18EE100ADF
:108F600020F00040C0F1FF40C00F0AD010EE100A00
:108F700020F00040C0F1FF40C00F04BF0120F7F710
:108F8000F9FAB0EE480ABDEC028B10BD30EE000AD3
:108F9000704730EE200A7047DFED020A80EEA00A2B
:108FA00070470000000000009FED020A20EE000A5A
:108FB00070470000000000102DE9F0014FF07F42E3
:108FC000B2EB410F9FBF4FF0FF310160BDE8F001F0
:108FD00070474FF0004242EA0123C1F3C752783A8A
:108FE000551112F01F0C434CCCF120067C44C1F308
:108FF000C752A2F178024FEA621204EB820254F8DF
:10900000254008BFD2E9015612D0556804FA0CF485
:1090100025FA06F73C43976805FA0CF527FA06F897
:10902000D26807FA0CFCF24045EA08054CEA020651
:10903000A4FB034CA5FB0352A6FB03631D449D4206
:1090400034BF012600261319334416B1934202D9C6
:1090500003E0934201D2012200E00022624402F1C7
:10906000200C9206DC0C42EA443200EE102A5B032C
:10907000DFED210AF8EEC01A00EE103A4FEA9C1C10
:1090800011F0004FB8EE400AC0F800C020EE201AE0
:1090900000EE105ADFED190AB8EE400A20EE200A61
:1090A00071EE810A70EE800A10EE902A02F50062DD
:1090B0006FF30B0200EE902A70EEE11A31EEC11A46
:1090C000DFED101A30EE411A9FED0D0A20EE800AF6
:1090D00001EE210A9FED0C1A00EE810A04BFBDE8E3
:1090E000F0017047CCF180510160BDE8F001B1EEB4
:1090F000400A7047C4300000000000360000802C99
:1091000022AAFD29DB0FC92F0000C92FFAF7E0FDC5
:10911000FDF7FCF8FCF786F9FCF710F9FCF7C2F84C
:10912000FCF7E6F8FCF7B0F9FCF7E6F91448FBF7B2
:109130003BFB14480068C06840F010001149096802
:10914000C860202210490F48FCF742F8F8F738FFB2
:1091500001210E48FFF742FA02210D48FFF73EFABF
:1091600003210C48FFF73AFAF9F746FBF7F734FD0D
:1091700000F022F8FCF706F900F034F800BFFEE733
:10918000DC08002024090020AA53002060010020F0
:10919000480100207801002070B50546FFF722FB4A
:1091A00010B16FF0050404E0002415B1284601F069
:1091B000B5F8204670BD000010B5FFF713FB10B1E5
:1091C0006FF0050409E00648006820B90120044951
:1091D0000860002401E04FF0FF34204610BD00007D
:1091E0007C00002070B5FFF7FDFA10B16FF00504A8
:1091F0001FE011480068012819D100BF801F00211D
:10920000002804DB0A07130E0C4A135406E00A0771
:10921000150E0B4A00F00F031B1FD55400BF00BFF3
:1092200002200549086001F0F5F8002401E04FF044
:10923000FF34204670BD00007C00002000E400E008
:1092400018ED00E0FEB504460D46264616B105F0C1
:10925000004018B16FF0030002902EE04FF0FF3095
:109260000290FFF7BFFAE0B10020019001A80023AF
:10927000012229460090304601F072FE002002AB28
:10928000024601460090304601F06AFE0198A0B106
:109290004FF080500A490860BFF34F8FBFF36F8FC4
:1092A0000BE0002301222946304601F0C5FD02AB48
:1092B00000221146304601F0BFFD0298FEBD0000BD
:1092C00004ED00E02DE9FC5F054689461646FFF7F0
:1092D00089FA10B16FF005044AE005F0004010B1C2
:1092E0006FF0030444E009F00200022802D14FF0BD
:1092F000000A00E0AA460024374601F0F3FE009081
:1093000000BF3B4601AA5146002001F093FF804672
:10931000B8F1010F22D12C400198044309F001005B
:1093200040B105EA0400A84200D120E056B96FF030
:1093300002041CE005EA040000B118E016B96FF061
:10934000020414E001F0CEFE0099A0EB010BBB4536
:1093500001D9002708E0A7EB0B0705E016B96FF06D
:10936000020401E06FF00104B8F1000FC9D100BFA1
:109370002046BDE8FC9F2DE9FF47804689461446FC
:1093800000200390FFF72EFA00284ED1B8F1000F0D
:109390004BD0802618258246471E44B3206808B16A
:1093A000D4F800A0A06900B1A5692DB1382D03D86B
:1093B000207900F0010018B1002004B0BDE8F0876A
:1093C000606908B160698608A06840B1E0685C28FF
:1093D00005D3206918B1606908B1012708E0A068C9
:1093E00030B9E06820B9206910B9002700E00027F3
:1093F000012F0CD12169A0684B463246CDE90051BE
:1094000002905146404601F0B9FC03900DE067B967
:1094100003A8B2B24B465146CDE90050404601F098
:109420007BFC012801D0002003900398C5E70000D1
:109430002DE9F04105460E461648076816480068B3
:10944000001D00F0E2FD681C38B936B11248016811
:10945000091D124800F030FE1AE07C190E48006821
:109460004460BC4207D20C480168091D0C480068E2
:1094700000F008FE0CE008480168091D0948006872
:1094800000F000FE08480068844201D206480460EB
:10949000BDE8F081400000202C000020640F002077
:1094A00034000020300000205C00002010B504468D
:1094B00000F00EFE24480068401C23490860234841
:1094C000006840B9214804600846006801280DD1B1
:1094D00000F0FCF90AE01E48006838B91B48006833
:1094E000C06AE16A884201D81848046019480068D7
:1094F000401C184908600846006860641649E06A24
:109500000968884202D91449E06A0860E16A01EBFF
:109510008101124A02EB8100211D00F0CDFD00F017
:1095200001FE0B48006868B108480068C06AE16A3B
:10953000884207D24FF0805009490860BFF34F8F2F
:10954000BFF36F8F10BD00003C0000202C000020F6
:10955000480000205800002044000020B40A0020E9
:1095600004ED00E008B500F0B3FD12480068E8B96A
:10957000114800F077FD114800F074FD0E481049C5
:1095800008600E480F49086000200F4B0F4A102159
:1095900000900A2001F0B8F8064908600846006803
:1095A00020B10BA10348006800F07CFE00F0BAFD7A
:1095B00008BD000070000020780F00208C0F0020F4
:1095C000680000206C000020A00F0020F00F002099
:1095D000546D72510000000010B516E000F078FDE7
:1095E0000C48C068C468201D00F00FFD0A480068E0
:1095F000401E0949086009480068401E0749086084
:1096000000F090FD204600F05FF804480068002854
:10961000E4D110BD500F00203C0000203800002095
:1096200070B504460D46206C70B1216CE0680144B1
:10963000E160D4E90210884201D32168E160284644
:10964000226CE168F6F71AFF70BD2DE9F04104467F
:109650000F4615464FF00008A66B206C48B92068ED
:1096600000282CD1A06801F035FE80460020A060C3
:1096700025E07DB93946226C6068F6F7FFFE216C63
:10968000606808446060D4E90101884217D320680B
:10969000606014E03946226CE068F6F7EFFE216C5A
:1096A000E068411AE1602168E068884203D2216CD9
:1096B000A068411AE160022D01D106B1761E701C2E
:1096C000A0634046BDE8F08110B5044694F8590007
:1096D00030B9206B00F044FD204600F041FD1AE057
:1096E00094F85900012803D1204600F039FD12E01A
:1096F00094F85900022801D1012000E0002050B95F
:1097000000BF502080F31188BFF34F8FBFF36F8FDE
:1097100000BF00BFFEE710BD0146084A126812688C
:109720000AB9012200E000220A600A6822B9034A4D
:109730001268D268106800E00020704768000020BE
:1097400030B54FF47053174800F007042CB1C01D1A
:1097500020F00700134C041B1B1B0246124C226016
:109760000024114D6C60D018083820F007000F4C11
:10977000206000240D4D2D686C600C4D2D682C6010
:109780001146441A4C60094C24680C60084D4C6822
:109790002C60084D4C682C604FF00044064D2C6046
:1097A00030BD000048170020800000208800002005
:1097B000900000208C0000209C00002000BFFFF7DC
:1097C0000BFF064800680128F9D94FF08050044982
:1097D0000860BFF34F8FBFF36F8FF0E7B40A00202C
:1097E00004ED00E02DE9F04106460D461746984687
:1097F000069C0DB9246000E02760E6632564012122
:10980000204600F0F1FF84F84C80BDE8F0812DE99E
:10981000F05F82460E4690469B460A9F0C9C4FEA9C
:109820008801A522206BF6F76EFEA8F10100216BDE
:1098300001EB800929F0070909F0070008B90120A8
:1098400000E0002050B900BF502080F31188BFF322
:109850004F8FBFF36F8F00BF00BFFEE786B10025BB
:1098600007E0715D04F134004155705D00B902E01C
:109870006D1C102DF5D300BF00214320015502E0DF
:10988000002084F83400382F00D33727E762E764DC
:1098900000202065201D00F0F2FB04F1180000F00C
:1098A000EEFB2461C7F13800A061646200206065AE
:1098B00084F858005A465146484600F071FB206033
:1098C0000B9808B10B980460BDE8F09F10B5002418
:1098D00007E004EB84010F4A02EB810000F0C2FBB9
:1098E000641C382CF5D30C4800F0BCFB0B4800F08E
:1098F000B9FB0B4800F0B6FB0A4800F0B3FB0A487E
:1099000000F0B0FB044809490860044808490860B1
:1099100010BD0000B40A0020140F0020280F002002
:109920003C0F0020500F0020640F0020300000206A
:109930003400002010B50146164800E000680368B6
:109940008B42FBD30246436813448B4204D14368E5
:109950004C682344436001460A464B68134404683C
:10996000A34211D10C4C03682468A34208D04B6871
:109970000468646823444B6003681B680B6005E05F
:10998000054B1B680B6001E003680B60884200D048
:10999000016010BD80000020880000202DE9F0410A
:1099A00004460D4616461F464FF0000865602461C8
:1099B000B5420CD8F01BA169884202D34FF00108D0
:1099C00011E0211D0948006800F05CFB0BE0BE427D
:1099D00004D2BD4202D34FF0010804E0211D044827
:1099E000006800F04FFB4046BDE8F0816C000020AD
:1099F0006800002070B5054600F06AFBA86B08B946
:109A0000012400E0002400F08DFB204670BD70B5FD
:109A1000054600F05DFBA86BE96B884201D101248B
:109A200000E0002400F07EFB204670BDF8B505463E
:109A30000F461A480068C068C468201D00F0E5FAA7
:109A400094F8280000F00400E8B1A06941192B4601
:109A50003A462046FFF7A2FFD8B1002003462A4627
:109A600001460090204601F091FD064656B900BF20
:109A7000502080F31188BFF34F8FBFF36F8F00BF6B
:109A800000BFFEE705E094F8280020F0010084F80C
:109A900028002046216A8847F8BD000068000020A1
:109AA000F0B587B0A0E00398002811DA04AE56B9EB
:109AB00000BF502080F31188BFF34F8FBFF36F8F2B
:109AC00000BF00BFFEE7D6E90020B168904700BFA5
:109AD00003980028E6DB059C606908B9012000E0D6
:109AE000002010B9201D00F090FA02A800F0DEF866
:109AF000054603980A2875D2DFE800F00905073902
:109B0000416306083A4200BF00BF00BF00BF94F89F
:109B1000280040F0010084F828000498A269811808
:109B200003462A462046FFF739FFF8B12046216A4E
:109B3000884794F8280000F00400B8B10020009095
:109B40000498A169421800231946204601F01EFD21
:109B5000074657B900BF502080F31188BFF34F8FDD
:109B6000BFF36F8F00BF00BFFEE700BF3BE000BF49
:109B700094F8280020F0010084F8280033E000BFAA
:109B800094F8280040F0010084F828000498A061AF
:109B9000A06908B1012000E0002050B900BF5020AA
:109BA00080F31188BFF34F8FBFF36F8F00BF00BFEB
:109BB000FEE7A06941192B462A462046FFF7EEFE34
:109BC00011E094F8280000F0020018B9204600F0D7
:109BD000C7FA05E094F8280020F0010084F8280076
:109BE00001E0FFE700BF00BF002203A904480068AE
:109BF00000F098FF00287FF456AF07B0F0BD0000DA
:109C000070000020F8B505460C4600F05FFC684681
:109C100000F04CF80646009820BB44B9B54206D87F
:109C200001F0F6FB31462846FFF700FF1CE03CB18F
:109C30000E480068006808B9012000E000200446D2
:109C4000A91B22460A48006800F042FB01F0E0FB35
:109C500050B94FF0805007490860BFF34F8FBFF3F2
:109C60006F8F01E001F0D4FBF8BD00006C00002014
:109C70007000002004ED00E00A490968096809B98C
:109C8000012100E0002121B14FF0FF31064A1160AF
:109C900006E004490968C968C868034A4168116058
:109CA00070470000300000205C00002070B50446C2
:109CB00001F018FA054607480068854204D200F012
:109CC0000BF80120206001E00020206001480560C1
:109CD000284670BD780000202DE9F84334E025487F
:109CE0000068C068056823480068C068C468201D13
:109CF00000F08BF92046216A884794F8280000F08C
:109D0000040008B3A0694619AE4207D96660246111
:109D1000211D1848006800F0B5F915E00020034641
:109D20002A4601460090204601F030FC074657B90C
:109D300000BF502080F31188BFF34F8FBFF36F8FA8
:109D400000BF00BFFEE700BF0A480068006808B90E
:109D5000012000E000200028C1D00648D0F8008093
:109D600005480068034908600348C0F80080BDE862
:109D7000F8830000680000206C0000200E48006896
:109D8000401C08B9012000E0002050B900BF50205D
:109D900080F31188BFF34F8FBFF36F8F00BF00BFF9
:109DA000FEE700BF502080F31188BFF34F8FBFF351
:109DB0006F8F00BF00BFFEE7A000002008B500BF06
:109DC0006846FFF7A9FC044620460099FFF71AFFF2
:109DD000FFF766FEF4E770B5044600F079F994F9F0
:109DE000455010E0606A08B9012000E0002038B951
:109DF00004F1240001F0C0FA18B100F0C9FA00E043
:109E000003E0681E45B2002DECDC00BFFF2084F8A3
:109E1000450000F087F900F05BF994F9445010E038
:109E2000206908B9012000E0002048B904F11000C1
:109E300001F0A2FA08B100F0ABFA681E45B200E0EA
:109E400001E0002DECDC00BFFF2084F8440000F0AE
:109E500069F970BD2DE9F04104464FF0000800F0AB
:109E600035FB4948006808B9FFF76AFC47480068B5
:109E70002040002870D1D4B1083404F00700B0B1FC
:109E800004F00700C0F10800044404F0070008B91A
:109E9000012000E0002050B900BF502080F311885D
:109EA000BFF34F8FBFF36F8F00BF00BFFEE7002CE3
:109EB00052D03748006884424ED8364E3046056846
:109EC00001E02E462D686868A04202D2286800286A
:109ED000F7D12D48006885423ED0306800F108086F
:109EE000286830606868001B102819D92F1907F0FE
:109EF000070008B9012000E0002050B900BF502041
:109F000080F31188BFF34F8FBFF36F8F00BF00BF87
:109F1000FEE76868001B78606C603846FFF70AFD52
:109F20001B4968680968081A1949086008460068EA
:109F300019490968884203D2154800681649086023
:109F4000124968680968084368600020286013485F
:109F50000068401C1149086001F05AFA08F0070037
:109F600008B9012000E0002050B900BF502080F364
:109F70001188BFF34F8FBFF36F8F00BF00BFFEE7A5
:109F80004046BDE8F0810000880000209C000020D1
:109F90008C00002080000020900000209400002011
:109FA000001F4FF080730360001F21F00103036066
:109FB000001F054B036014380260001F6FF002039E
:109FC00003602038704700007D9D000810B500EE4A
:109FD000100A2DED028BB1EEC08A18EE100A20F0A7
:109FE0000040C0F1FF40C00F0AD010EE100A20F070
:109FF0000040C0F1FF40C00F04BF0120F6F7BAFADD
:10A0000018EE100ABDEC028B10BD01460A69D1E9B9
:10A0100001309860D1E9010358605068884201D14D
:10A0200088685060002008611068401E1060106849
:10A0300070470000034B0360034B0B6080231360E9
:10A040007047000090100020EC100020034B0360CC
:10A05000034B0B604FF4807313607047EC120020C9
:10A060004813002000F1080141604FF0FF3181608A
:10A0700000F10801C1600161002101607047002109
:10A080000161704710B502460B685C1C0CB9106981
:10A0900007E002F1080000E04068446824689C4240
:10A0A000FAD944684C604C68A160886041600A61DC
:10A0B0001468641C146010BD42684A6093688B6029
:10A0C000936859609160086103685B1C0360704786
:10A0D00000BF502080F31188BFF34F8FBFF36F8F05
:10A0E00000BF0E480068401C0C4908600846006824
:10A0F000012812D10A480068C0B208B9012000E066
:10A10000002050B900BF502080F31188BFF34F8F5B
:10A11000BFF36F8F00BF00BFFEE77047A0000020B5
:10A1200004ED00E00D48006850B900BF502080F3F6
:10A130001188BFF34F8FBFF36F8F00BF00BFFEE7E3
:10A1400006480068401E054908600846006820B9B6
:10A15000002080F3118800BF00BF7047A0000020DE
:10A1600070B506463546002E44D0083D2C4622499F
:10A1700060680968084008B1012000E0002050B97B
:10A1800000BF502080F31188BFF34F8FBFF36F8F54
:10A1900000BF00BFFEE7206808B9012000E00020F2
:10A1A00050B900BF502080F31188BFF34F8FBFF329
:10A1B0006F8F00BF00BFFEE70F4960680968084065
:10A1C000C0B12068B0B90C49606809688843606014
:10A1D00000F07CF90949606809680844074908608B
:10A1E0002046FFF7A7FB06480068401C04490860AA
:10A1F00001F00EF970BD00009C0000208C000020D2
:10A200009800002000204FF0E02108618861064896
:10A2100000684FF47A71B0FBF1F0401E4FF0E0217E
:10A2200048610720086170472800002070B5F6F7E4
:10A2300077F80446102C16D304F1E02090F8F05380
:10A2400015480078854201DB012000E0002050B96C
:10A2500000BF502080F31188BFF34F8FBFF36F8F83
:10A2600000BF00BFFEE70D48006800F4E0600C4945
:10A270000968884201D8012000E0002050B900BFE1
:10A28000502080F31188BFF34F8FBFF36F8F00BF53
:10A2900000BFFEE770BD0000A40000200CED00E050
:10A2A000A8000020024600200BE0084B53F8303095
:10A2B00033B9064B43F8301003EBC0035A6002E099
:10A2C000401C0828F1D300BF70470000740A00202A
:10A2D0002DE9F04105460E4617462C46FFF7F8FEDD
:10A2E00094F94400401C10B9002084F8440094F90B
:10A2F0004500401C10B9002084F84500FFF712FF0C
:10A30000A06B28B93A46314604F1240000F062F807
:10A310002046FFF760FDBDE8F081000070B50446FF
:10A320000025D4B11248006808B9012000E00020DF
:10A3300050B900BF502080F31188BFF34F8FBFF397
:10A340006F8F00BF00BFFEE700F0C0F8002120467D
:10A35000FFF76EF801F05CF805463DB94FF080500C
:10A3600004490860BFF34F8FBFF36F8F70BD0000CB
:10A370006400002004ED00E003490968016003491E
:10A380000968416070470000540000204000002030
:10A3900001200149086070475000002070B5044654
:10A3A0000D4654B900BF502080F31188BFF34F8F82
:10A3B000BFF36F8F00BF00BFFEE70548016818318B
:10A3C0002046FFF75FFE01212846FFF731F870BDF8
:10A3D0002C00002070B505460E46144655B900BF46
:10A3E000502080F31188BFF34F8FBFF36F8F00BFF2
:10A3F00000BFFEE70648016818312846FFF75CFEFB
:10A400000CB14FF0FF3621463046FFF711F870BD12
:10A410002C00002010B586B000200590049003AAFF
:10A4200004A905A8FFF706FE0022DDE90410134683
:10A43000CDE9002102901EA11F48039A00F09EFC66
:10A440001E4908600846006808B1012400E00024A5
:10A45000012C02D101F05EF80446012C15D100BF99
:10A46000502080F31188BFF34F8FBFF36F8F00BF71
:10A470004FF0FF30124908600120124908600020A7
:10A480001149086000F072F810E0601C08B101206A
:10A4900000E0002050B900BF502080F31188BFF3C6
:10A4A0004F8FBFF36F8F00BF00BFFEE706B010BD38
:10A4B00049444C4500000000BD97000860000020A2
:10A4C0005C00002048000020400000200248006896
:10A4D000401C014908607047640000201E48006865
:10A4E00018B101201D49086034E000201B490860B4
:10A4F0001B4801680CE051B900BF502080F311885F
:10A50000BFF34F8FBFF36F8F00BF00BFFEE7491E41
:10A5100001EB8100134A52F8200008B9012000E045
:10A5200000200028E7D101EB81020E4B03EB8200F3
:10A5300042685268426000F108024368934202D1C7
:10A540004268526842604268D268074B1A60044809
:10A55000016000BF70470000640000205000002030
:10A5600044000020B40A00202C0000201CB55248F2
:10A5700000685249884201D0012000E0002050B913
:10A5800000BF502080F31188BFF34F8FBFF36F8F50
:10A5900000BF00BFFEE7484800684849491E88429E
:10A5A00001D0012000E0002050B900BF502080F30E
:10A5B0001188BFF34F8FBFF36F8F00BF00BFFEE75F
:10A5C0003F49084600780190FF200A46107008466F
:10A5D000007800909DF8000000F0F0009DF8002049
:10A5E000904201D1012000E0002050B900BF50206E
:10A5F00080F31188BFF34F8FBFF36F8F00BF00BF91
:10A60000FEE79DF8000000F050002E4A1070072071
:10A610002D4A106009E02C480068401E2A4A10604C
:10A620009DF800004006000E00909DF8000000F02C
:10A6300080008028EFD024480068C0F1070004287B
:10A6400001D1012000E0002050B900BF502080F36C
:10A650001188BFF34F8FBFF36F8F00BF00BFFEE7BE
:10A66000194800680002184A10601046008800F47B
:10A67000E0601060124A019810700F4820300068A6
:10A6800040F470000C49203108600846006840F032
:10A6900070400860FFF7B6FD00200C490860F5F730
:10A6A00007FE0B48006840F0404009490860F5F794
:10A6B000EBFD00201CBD000000ED00E071C20F4169
:10A6C00000E400E0A4000020A8000020A00000207A
:10A6D00034EF00E010B500BF502080F31188BFF3C5
:10A6E0004F8FBFF36F8F00BF00F002FD18B14FF026
:10A6F00080500449086000BF002080F3118800BF2B
:10A7000010BD000004ED00E02DE9F84380460E4640
:10A7100017461D46DDF82090B8F1000F01D001204A
:10A7200000E0002050B900BF502080F31188BFF333
:10A730004F8FBFF36F8F00BF00BFFEE70DB1012049
:10A7400000E0002050B900BF502080F31188BFF313
:10A750004F8FBFF36F8F00BF00BFFEE707B10EB191
:10A76000012000E0002050B900BF502080F3118884
:10A77000BFF34F8FBFF36F8F00BF00BFFEE707B976
:10A780000EB9012000E0002050B900BF502080F336
:10A790001188BFF34F8FBFF36F8F00BF00BFFEE77D
:10A7A000502000900098502801D1012000E00020A6
:10A7B00050B900BF502080F31188BFF34F8FBFF313
:10A7C0006F8F00BF00BFFEE700BF2C464CB10120D9
:10A7D00084F846004B463A46314640460094FFF71F
:10A7E00001F82046BDE8F88370B505460E462C46B4
:10A7F00054B900BF502080F31188BFF34F8FBFF3CF
:10A800006F8F00BF00BFFEE7FFF762FCD4E90F12B5
:10A81000206801FB0200A0600020A0632068606047
:10A82000E06B401E226C216800FB0211E160FF20FA
:10A8300084F8440084F845009EB9206908B90120D5
:10A8400000E00020A8B904F1100000F095FD80B1EF
:10A850004FF0805009490860BFF34F8FBFF36F8FEF
:10A8600007E004F11000FFF7FDFB04F12400FFF7FF
:10A87000F9FBFFF757FC012070BD000004ED00E07C
:10A880002DE9FF4383B0064688461D464FF0000978
:10A89000344654B900BF502080F31188BFF34F8F66
:10A8A000BFF36F8F00BF00BFFEE7B8F1000F01D10B
:10A8B000206C08B9012000E0002050B900BF5020F2
:10A8C00080F31188BFF34F8FBFF36F8F00BF00BFBE
:10A8D000FEE7022D02D1E06B012801D1012000E04A
:10A8E000002050B900BF502080F31188BFF34F8F74
:10A8F000BFF36F8F00BF00BFFEE700F0E3FB08B9B6
:10A90000059808B9012000E0002050B900BF502090
:10A9100080F31188BFF34F8FBFF36F8F00BF00BF6D
:10A92000FEE700BFFFF7D4FBA06BE16B884201D3C9
:10A93000022D28D12A4641462046FEF786FE0746CC
:10A94000606A08B9012000E0002068B904F1240021
:10A9500000F012FD88B14FF0805032490860BFF31B
:10A960004F8FBFF36F8F08E03FB14FF080502D49FC
:10A970000860BFF34F8FBFF36F8FFFF7D3FB01204A
:10A9800007B0BDE8F083059818B9FFF7CBFB0020AE
:10A99000F6E7B9F1000F04D101A8FFF7EDFC4FF085
:10A9A0000109FFF7BFFBFFF791FDFFF791FB94F95A
:10A9B0004400401C10B9002084F8440094F945007C
:10A9C000401C10B9002084F84500FFF7ABFB05A937
:10A9D00001A800F05BF9F0B92046FFF718F8A0B124
:10A9E00004F110000599FFF7D9FC2046FFF7F3F9B1
:10A9F00000F00EFD002895D14FF080500949086005
:10AA0000BFF34F8FBFF36F8F8CE72046FFF7E3F95B
:10AA100000F0FEFC86E72046FFF7DDF900F0F8FCC9
:10AA20000020ADE704ED00E02DE9F84F07468A4627
:10AA300090461E463C4654B900BF502080F3118812
:10AA4000BFF34F8FBFF36F8F00BF00BFFEE7BAF1B8
:10AA5000000F01D1206C08B9012000E0002050B99E
:10AA600000BF502080F31188BFF34F8FBFF36F8F6B
:10AA700000BF00BFFEE7022E02D1E06B012801D12A
:10AA8000012000E0002050B900BF502080F3118861
:10AA9000BFF34F8FBFF36F8F00BF00BFFEE7FFF71D
:10AAA000C5FB00BF5021EFF3118081F31188BFF384
:10AAB0004F8FBFF36F8F00BF0546A06BE16B8842DD
:10AAC00001D3022E25D194F945B0A06B00903246F7
:10AAD00051462046FEF7B9FD0BF1010088B9606AC6
:10AAE00008B9012000E0002050B904F1240000F072
:10AAF00043FC28B1B8F1000F02D00120C8F80000D3
:10AB000004E00BF1010040B284F845004FF0010968
:10AB100001E04FF0000900BF85F3118800BF4846EF
:10AB2000BDE8F88F2DE9F74183B005460E464FF09A
:10AB300000082C4654B900BF502080F31188BFF3A1
:10AB40004F8FBFF36F8F00BF00BFFEE70EB9206CC1
:10AB500008B9012000E0002050B900BF502080F368
:10AB60001188BFF34F8FBFF36F8F00BF00BFFEE7A9
:10AB700000F0A8FA08B9059808B9012000E0002003
:10AB800050B900BF502080F31188BFF34F8FBFF33F
:10AB90006F8F00BF00BFFEE700BFFFF799FAA76BFA
:10ABA000F7B131462046FEF73BFD781EA0632069D1
:10ABB00008B9012000E0002060B904F1100000F0A5
:10ABC000DBFB38B14FF080502F490860BFF34F8F47
:10ABD000BFF36F8FFFF7A6FA012006B0BDE8F08142
:10ABE000059818B9FFF79EFA0020F6E7B8F1000FB4
:10ABF00004D101A8FFF7C0FB4FF00108FFF792FA5C
:10AC0000FFF764FCFFF764FA94F94400401C10B9A4
:10AC1000002084F8440094F94500401C10B900203D
:10AC200084F84500FFF77EFA05A901A800F02EF888
:10AC3000F0B92046FEF7DEFEA0B104F1240005992C
:10AC4000FFF7ACFB2046FFF7C6F800F0E1FB002859
:10AC5000A3D14FF080500C490860BFF34F8FBFF372
:10AC60006F8F9AE72046FFF7B6F800F0D1FB94E724
:10AC70002046FFF7B0F800F0CBFB2046FEF7BAFE07
:10AC800000288AD00020A8E704ED00E070B5054652
:10AC90000C4655B900BF502080F31188BFF34F8F89
:10ACA000BFF36F8F00BF00BFFEE754B900BF502055
:10ACB00080F31188BFF34F8FBFF36F8F00BF00BFCA
:10ACC000FEE7FFF705FA124802686868131A206861
:10ACD000401C08B9002617E00E4928680968884218
:10ACE00004D06868904201D801260DE0206898429F
:10ACF00007D92068C01A20602846FFF73DFB0026D0
:10AD000002E0002020600126FFF70CFA304670BDFB
:10AD100040000020540000202DE9FF4F85B0804600
:10AD200089461746DDE912ABB800FFF793F80646EF
:10AD300056B15C20FFF78EF804460CB1266304E0A0
:10AD40003046FFF70DFA00E000248CB1002084F8B3
:10AD50005900CDE900ABCDE902403A4649464046AC
:10AD6000089BFEF754FD2046FEF7A0FB012501E0FD
:10AD70004FF0FF35284609B0BDE8F08F2DE9F04FC0
:10AD800085B00746884691469A46DDE90EB6109C86
:10AD90000EB1012000E0002050B900BF502080F328
:10ADA0001188BFF34F8FBFF36F8F00BF00BFFEE767
:10ADB0000CB1012000E0002050B900BF502080F30A
:10ADC0001188BFF34F8FBFF36F8F00BF00BFFEE747
:10ADD0005C20039003985C2801D1012000E0002052
:10ADE00050B900BF502080F31188BFF34F8FBFF3DD
:10ADF0006F8F00BF00BFFEE700BFB4B1AEB1254604
:10AE00002C462E63022085F85900002004A95346E1
:10AE10004A46CDE900B1CDE9025041463846FEF739
:10AE2000F6FC2846FEF742FB01E00020049004985F
:10AE300005B0BDE8F08F00002DE9F04706460D464D
:10AE4000174698464FF0010A56B900BF502080F3CC
:10AE50001188BFF34F8FBFF36F8F00BF00BFFEE7B6
:10AE60003446FFF735F9B8F1000F02D0606DC8F82D
:10AE7000000094F85890022084F85800052F17D24B
:10AE8000DFE807F01503070B0D00606D28436065D0
:10AE900021E0606D401C60651DE065651BE0B9F157
:10AEA000020F01D0656501E04FF0000A13E012E0E7
:10AEB000606D401C08B9012000E0002050B900BFBF
:10AEC000502080F31188BFF34F8FBFF36F8F00BF07
:10AED00000BFFEE700BF00BFB9F1010F32D1201D56
:10AEE000FFF793F81A49E06A0968884202D91849BD
:10AEF000E06A0860E16A01EB8101164A02EB810019
:10AF0000211DFFF7D9F8A06A08B9012000E0002050
:10AF100050B900BF502080F31188BFF34F8FBFF3AB
:10AF20006F8F00BF00BFFEE70B49E06A0968C96A7E
:10AF3000884207D94FF0805008490860BFF34F8F0F
:10AF4000BFF36F8FFFF7EEF85046BDE8F0870000C3
:10AF500044000020B40A00202C00002004ED00E092
:10AF60002DE9F84F07460E4690469946DDF828B081
:10AF70000120009057B900BF502080F31188BFF323
:10AF80004F8FBFF36F8F00BF00BFFEE7FFF74EF993
:10AF90003C4600BF5021EFF3118081F31188BFF3CD
:10AFA0004F8FBFF36F8F00BF0546B9F1000F02D07E
:10AFB000606DC9F8000094F858A0022084F8580089
:10AFC000B8F1050F17D2DFE808F01503070B0D00E5
:10AFD000606D3043606521E0606D401C60651DE080
:10AFE00066651BE0BAF1020F01D0666501E0002042
:10AFF000009013E012E0606D401C08B9012000E0F1
:10B00000002050B900BF502080F31188BFF34F8F4C
:10B01000BFF36F8F00BF00BFFEE700BF00BFBAF1F4
:10B02000010F3CD1A06A08B9012000E0002050B90E
:10B0300000BF502080F31188BFF34F8FBFF36F8F95
:10B0400000BF00BFFEE719480068A0B9201DFEF749
:10B05000DCFF1749E06A0968884202D91449E06AAE
:10B060000860E16A01EB8101124A02EB8100211DB7
:10B07000FFF722F804E004F118010F48FFF71CF86D
:10B080000E49E06A0968C96A884208D9BBF1000F15
:10B0900002D00120CBF8000001200949086000BF60
:10B0A00085F3118800BF0098BDE8F88F6400002088
:10B0B00044000020B40A00203C0F00202C00002097
:10B0C000500000200549096809B9012005E004493C
:10B0D000096809B9022000E00020704748000020FC
:10B0E000640000200149086870470000400000200B
:10B0F0002DE9F0414FF000084348006800287BD15B
:10B1000042480068451C4148056015BB404800683E
:10B11000006808B9012000E0002050B900BF5020AD
:10B1200080F31188BFF34F8FBFF36F8F00BF00BF55
:10B13000FEE73748076837480068354908603548F2
:10B14000076035480068401C33490860FEF794FDED
:10B1500000BF3248006885423BD300BF2C480068DE
:10B16000006808B9012000E0002020B14FF0FF3056
:10B170002A4908602CE026480068C068C4686668F0
:10B18000B54202D22548066022E0201DFEF73DFFB1
:10B19000A06A18B104F11800FEF737FF2049E06AF1
:10B1A0000968884202D91E49E06A0860E16A01EB39
:10B1B00081011C4A02EB8100211DFEF77DFF1A4927
:10B1C000E06A0968C96A8842C8D34FF00108C5E738
:10B1D00000BF15480068C06A00EB8000114951F8B3
:10B1E0002000012801D94FF001081048006808B17B
:10B1F0004FF0010805E0FFE70D480068401C0C49CE
:10B2000008604046BDE8F081640000204000002056
:10B210003000002034000020540000205C0000209A
:10B2200044000020B40A00202C0000205000002020
:10B230004C0000202DE9F0410746884614461D4683
:10B24000FEF746FF2148006890F85800022818D001
:10B250001E49096801F15400496DB943016001209C
:10B260001A49096881F858005DB101212846FEF7A6
:10B27000DFF84FF0805016490860BFF34F8FBFF3DF
:10B280006F8FFEF74FFFFEF723FF1CB10F480068DA
:10B29000406D20600D48006890F85800022801D0E9
:10B2A000002608E00949096801F15400496D21EAC6
:10B2B00008010160012600200449096881F858004E
:10B2C000FEF730FF3046BDE8F08100002C00002082
:10B2D00004ED00E070B505462C460026002D43D055
:10B2E00022480068844201D1012000E0002050B9CA
:10B2F00000BF502080F31188BFF34F8FBFF36F8FD3
:10B3000000BF00BFFEE7206D50B900BF502080F3A2
:10B310001188BFF34F8FBFF36F8F00BF00BFFEE7F1
:10B32000206D401E2065E16CE06A88421CD0206DD3
:10B33000D0B9201DFEF769FEE06CE062E06AC0F162
:10B340003800A0610A49E06A0968884202D90849C0
:10B35000E06A0860E16A01EB8101064A02EB8100C4
:10B36000211DFEF7A9FE0126304670BD2C000020ED
:10B3700044000020B40A002070B50646F068C46896
:10B3800054B900BF502080F31188BFF34F8FBFF333
:10B390006F8F00BF00BFFEE704F11800FEF735FE17
:10B3A00015480068A0B9201DFEF72FFE1349E06A7A
:10B3B0000968884202D91149E06A0860E16A01EB34
:10B3C00081010F4A02EB8100211DFEF775FE04E0AA
:10B3D00004F118010B48FEF76FFE0B49E06A09689B
:10B3E000C96A884204D9012501200849086000E0A3
:10B3F0000025284670BD00006400002044000020A5
:10B40000B40A00203C0F00202C0000205000002037
:10B4100070B5002400263648006850B900BF50209F
:10B4200080F31188BFF34F8FBFF36F8F00BF00BF52
:10B43000FEE7FEF74DFE2E480068401E2C490860CE
:10B440000846006800284ED12A48006800284AD0E3
:10B4500023E02948C068C46804F11800FEF7D5FD50
:10B46000201DFEF7D2FD2549E06A0968884202D90D
:10B470002249E06A0860E16A01EB8101204A02EB9F
:10B480008100211DFEF718FE1E49E06A0968C96A9D
:10B49000884202D301201C4908601748006808B997
:10B4A000012000E000200028D3D00CB1FEF7E4FB1F
:10B4B0001648056865B100BFFFF71AFE10B10120FC
:10B4C000114908606D1E002DF6D100200F4908605B
:10B4D0000D48006838B1012630070D490860BFF3F8
:10B4E0004F8FBFF36F8FFEF71DFE304670BD00001B
:10B4F000640000203C0000203C0F0020440000209D
:10B50000B40A00202C000020500000204C00002035
:10B5100004ED00E010B586B00024FEF723F81648CD
:10B520000068D0B100200590049003AA04A905A8E2
:10B53000FEF78CFD0222DDE904100023CDE9002195
:10B5400002900EA10F48039AFFF718FC0E490860FD
:10B550000846006800B1012400BF54B900BF502064
:10B5600080F31188BFF34F8FBFF36F8F00BF00BF11
:10B57000FEE7204606B010BD70000020546D72201A
:10B5800053766300BD9D0008740000202DE9FF473D
:10B5900004460D4616461F46DDF830804FF0000980
:10B5A00054B900BF502080F31188BFF34F8FBFF311
:10B5B0006F8F00BF00BFFEE71448006810B300950E
:10B5C00001960294062D15DAFFF77CFD022808D1BA
:10B5D0000023424669460D480068FFF751F981464D
:10B5E00010E000231A46694608480068FFF748F94A
:10B5F000814607E000233A46694604480068FFF7A1
:10B6000013FA8146484604B0BDE8F0877000002078
:10B6100021F00042A2F16052B2F5801F01F0004318
:10B6200028BFD2F17F6C0BD95FEA001C43EAC2024B
:10B6300042EB507018BF704728BF20F001007047E0
:10B64000B2F5801FBCBF184670474FEA410C1CF58D
:10B65000001F02D2084600F0ABBC70B500F0BCF988
:10B6600000000089FFF7F6BF4FF00040A0F5800012
:10B670007047000010B591EA030F48BF83F0004304
:10B6800000F10883841A71EB030C05D2121943EB05
:10B690000C03001B61EB0C01DFF824E14FEA1154AD
:10B6A000A4EB135C1EEA430F18BF9EEA445F73D0FD
:10B6B00023EA0E03DCF1200E21EA045143F4801347
:10B6C00032D322FA0CFE10EB0E0023FA0CFE41EBF3
:10B6D0000E01CCF1200E03FA0EFE10EB0E0051F11C
:10B6E0000001B1F5801FCCF1200E32D201EB0451E4
:10B6F00012FA0EF2BDE8104058BF7047401C38BF28
:10B700005FEA420218BF7047002814BF20F0010012
:10B7100041F100014FEA410313F5001F38BF7047A4
:10B72000A1F1C04100F0A6B9012A43EB0302ACF13C
:10B73000200CDCF11F0E32BF4FF0000E23FA0CF389
:10B7400010EB030041EB0451B4EB115FD0D0A1EB3F
:10B75000045101F5801149085FEA300001EB045102
:10B760000ED350F1000038BF12FA0EFE08D1BDE82A
:10B770001040C9E7401C38BF5FEA4202CAD1C3E7A4
:10B78000BDE810404FEA410313F5001F38BF704772
:10B79000A1F1C04100F06EB99EEA445F08D011EA01
:10B7A0005E0FBDE8104004BF01F00041002070476B
:10B7B000BDE8104070B500F00FF900BF64FBBE3E5D
:10B7C0000000E0FF491058BFC1F140415B1058BF75
:10B7D000C3F140438B42EFF30080704710F000420A
:10B7E00048BF4042B0FA80F310FA03F10AD0C3F127
:10B7F0001D0303F580634FEA415002EB035202EB55
:10B80000D12170474FF000007047000051EA030C4F
:10B8100017D41CF5801F58BFBCF5801F00F10680AF
:10B82000994218BF704708BF9042704707D711F57B
:10B83000801F58BF13F5801F19D499427047894261
:10B8400070471CF5801F08D5BCF5801FF7D58B42CB
:10B8500018BF704708BF824270474FF4001C1CEBB2
:10B86000410F38BF1CEB430F01D28B42704770B5BC
:10B8700000F0B2F8922449004FF000514FF080538D
:10B88000FFF7A0BFDFF848C170B51CEA111E1EBF4C
:10B890001CEA13159EEA0C0F95EA0C0F00F06F805E
:10B8A00081EA030423EA4C134EEAD47E21EA4C11C8
:10B8B00041F4801143F48013AE44A1FB024CA0FB81
:10B8C0000365AEF17F7E361955EB0C05A1FB034CE9
:10B8D0004CF10003A0FB021C16EB0C06654153F172
:10B8E0000003094218BF46F0010613F4007F0BD194
:10B8F0004FEA03314FEA0530340341EA155140EA7B
:10B9000016506FF003020AE04FEAC3214FEAC52048
:10B91000F40241EA555140EA56506FF0020202EB40
:10B920002E4201EB025585EACE710AD05FEA440C43
:10B9300018BF24F0004450F1000041F1000120EA5A
:10B94000D47040F2FE7C624500D270BDA84214BFA4
:10B950004FF080444FF04044002E08BF0024BEF159
:10B96000806FA8BFA1F1C041BDE8704080F2828025
:10B970004FF0000001F1C04101F0004170479EEA24
:10B980000C0F0CEA131518BF95EA0C0F06D04FF0F8
:10B99000000081EA030E0EF0004170BD00F01CF8BB
:10B9A0008900013E00F007B800F009B84FEA430CE7
:10B9B0005FEA5C5C08D081EA030100F05BB84FEA03
:10B9C000410C5FEA5C5CF6D14FF000000149704722
:10B9D0000000FF070000F87F0EF1020E2EF0030EAC
:10B9E0005EF8046B364205D4012A43EB030515F5D6
:10B9F000001F12D8012841EB010C1CF5001F0CD8C8
:10BA00000ED14FEAD17C15F5001F0CEB4C0C0CF15C
:10BA1000020C08BF4CEBD37C04E04FF0080C01E0B3
:10BA20004FEAD37C0CEB4C0526FA05F606F0070628
:10BA3000B6F1040C06D20EEB860CBDE870404CF05B
:10BA4000010C6047DFE80CF0090B02024FF00041E7
:10BA50004FF00000A1F5002170BD194610460128E5
:10BA600051EB010418BFD4F5001484BF002001F08D
:10BA7000004170BD0808A0F500114FEA3101704780
:10BA800053EA010C17D41CF5801F58BFBCF5801F6A
:10BA900000F106808B4218BF704708BF8242704792
:10BAA00007D713F5801F58BF11F5801F19D48B429B
:10BAB00070479B4270471CF5801F08D5BCF5801F5E
:10BAC000F7D5994218BF704708BF904270474FF4AE
:10BAD000001C1CEB430F38BF1CEB410F01D29942F5
:10BAE00070470FB40CBC03BCFFF7C1BE2DE9F04199
:10BAF00001F5801CBCF5001FC0F2A9804FEA115C63
:10BB000021EA0C510CF1FD0C41F480115FEA5C0C50
:10BB10000CF5C07C01D34000494130A4890241EAC0
:10BB2000905187028E0E0A0CA45D04FB04F602FB02
:10BB300006F6C6F14046A4FB0662F60D46EA42262A
:10BB400006FB06F4A4FB01235242C3F1404338BF75
:10BB50005B1EA6FB02420024E6FB0324D20B42EA52
:10BB60004446A6FB0623A1FB02E2A3FB07E4E3FB9A
:10BB700061426442C2F1404E38BFAEF1010EA6FBF5
:10BB800004234FF00002E6FB0E32A2FB0346340012
:10BB9000E2FB6264A1FB06E6A4FB07E8E4FB616844
:10BBA0007642C8F1405838BFA8F10108A2FB06E46C
:10BBB000A3FB08E5E2FB6854A1FB05E6A7FB04E84C
:10BBC000E1FB648618F1200556F10006A809A8F1EA
:10BBD0001B08B10908F03F08B8F10A0F40EA866077
:10BBE0001CD901EB0C51BDE8F08100BFFCF5EEE87B
:10BBF000E2DDD8D3CFCBC7C3C0BDB9B6B4B1AEAC0C
:10BC0000A9A7A5A3A19F9D9B9A9896959392908F83
:10BC10008D8C8B898887868584838281A0FB0068D0
:10BC200000FB01F208EB4208B8EB872807D534186F
:10BC300058EB0104D5D5401C51F10001D1E7341A6D
:10BC400078EB0104CDD4401E71F10001C9E75FEA31
:10BC50004C0C5FEA9C5C0DD105D34FF0000001F065
:10BC60000041BDE8F081BDE8F04170B5FFF7B4FEDA
:10BC70006DDBFFBEBDE8F0414FF0000000497047AA
:10BC80000000F87F10B591EA030F48BF83F000432E
:10BC90003FF5F8AC841A71EB030C07D212198CF043
:10BCA000004C43EB0C03001B61EB0C01DFF8A4E13B
:10BCB0004FEA1154A4EB135C1EEA430F18BF9EEA2F
:10BCC000445F00F0B08023EA6E03524221EA04513F
:10BCD000C3EB6E0338BF5B1EDCF1200E25D322FAC6
:10BCE0000CFE10EB0E0043FA0CFE41EB0E01CCF102
:10BCF000200E03FA0EFE10EB0E0051F10001CCF104
:10BD0000200E29D412FA0EF201EB0451BDE81040C6
:10BD100058BF7047401C1CBFB2F1004F704700284D
:10BD20000CBF491C20F00100704712EB020E43EBE0
:10BD3000030218BF4FF0010E4EEA4202ACF1200C94
:10BD4000DCF11E0E54D943FA0CFE10EB0E0051F13B
:10BD5000FF31CCF11E0ED5D50EF1010E12FA0EFEFA
:10BD6000404141EB010101EB445C5FEA5C5C10D9AE
:10BD700010EBDE7001EB045138BFBEF1004FBDE89F
:10BD8000104018BF704700280CBF491C20F001006C
:10BD9000704730D24FEAD42C11F5001124F400641E
:10BDA0001BD0B1FA81F20B3AA41AA41ED2F12003DF
:10BDB000914030FA03F31943904001EBCC71002C11
:10BDC00001EB0451BDE81040A8BF704701F1C0412C
:10BDD0004FF0000001F000417047B0FA80F310FA14
:10BDE00003F100D110BDE41A173C4805C90AE4E785
:10BDF00001EB045110BD491001EB0451BDE81040A6
:10BE00004FEA300002E04FF0000170474A0008BFDF
:10BE10000042F8D0B2F5001F28BF704701F0004182
:10BE20004FF0000070479EEA445F07D011EA5E0FB2
:10BE3000BDE8104004BF002100207047BDE810405D
:10BE400070B5FFF7C9FD00BF40DFF63E83F000414B
:10BE5000104670470000E0FF43004FEAD30C4FEA62
:10BE60003C0C43401FBF40070CF1605113F0FE4FE4
:10BE700070471CF0006F03D100200CF000417047A8
:10BE80000CF0004343EA507010B540EACC0000F0DB
:10BE900044F800BF000000924FEA0001FFF7EABD3E
:10BEA0004FF000414FF00000A1F500217047000065
:10BEB00000EE100A00EE901AB4EE600AF1EE10FAED
:10BEC00078BF704700F00DB810B5FFF7F1FFEFF342
:10BED000008020F0104038BF40F0004080F3008820
:10BEE00010BDBDE8104010B500F017F800000009C3
:10BEF00000F007B84FF0404010F1004FEFF3008022
:10BF00007047401058BFC0F14040491058BFC1F1C0
:10BF100040418142EFF3008070470EF1020E2EF097
:10BF2000030E5EF8044B244204D44FEA4102B2F1FE
:10BF30007F4F11D84FEA4003B3F17F4F0CD80ED199
:10BF40004FEAD07CB2F17F4F0CEB4C0C0CF1020CA1
:10BF500008BF4CEBD17C04E04FF0080C01E04FEA45
:10BF6000D17C0CEB4C0324FA03F404F00704B4F185
:10BF7000040C06D20EEB840CBDE810404CF0010C12
:10BF80006047DFE80CF0070802024FF00040A0F520
:10BF9000800010BD0846420018BFD2F1807288BFF1
:10BFA00000F0004010BD4FF04070E1EE100A704705
:10BFB000FF2141EAD050C00570470000FCC00008D6
:10BFC0000000000000000000000000000000000071
:10BFD0000002000018000000000000000000000047
:10BFE00008C1000800000000000000000000000080
:10BFF0000000000000100000180000000000000019
:10C0000000000000ECC0000800000000000000007C
:10C010000000000000000000000800001800000000
:10C020000000000000000000D4C000080000000074
:10C0300000000000000000000000000000080000F8
:10C04000100000000000000000000000E0C0000838
:10C0500000000000000000000000000000000000E0
:10C0600000020000100000000000000000000000BE
:10C0700014C10008000000000000000000000000E3
:10C080000000000000100000180000000000000088
:10C090000000000000061016000610160000000048
:10C0A0000000000001020304060708090000000068
:10C0B00001020304000000006E83F9A22915444E1A
:10C0C000D15727FCC0DD34F5999562DB4190433CA4
:10C0D000AB6351FE4163636573735F506F6C6500C2
:10C0E000436F6D6D756E696361746500416363656F
:10C0F00073735F426C6F636B000000006465666180
:10C10000756C745461736B004D6F746F725F437420
:10C11000726C00005472616A6563746F727900001A
:10C1200040C10008000000208C080000C401000885
:10C130009CC200088C080020345300002002000834
:10C14000012032104201037524F41AAA01014A2386
:10C15000AF431A96041E2EC2CDCC6308013EBA012D
:10C160000701101A7A60031240411A48180A112078
:10C17000180B14C84218710A1B206D01370719F0FB
:10C18000423333B33E24803B461BFA45081A45D060
:10C190001245041850C347051D333313403C4083F8
:10C1A00046501B409C54194C1B401C08C123B843EB
:10C1B0008BA041045B7042A422C18BCDC30401104B
:10C1C0001B0744044AC4040912C4080B2CBB44CD09
:10C1D000CCCC3D6F12833A1C0B173B461C8162206E
:10C1E000024C0109FA5411230C430319803E1440F8
:10C1F00083462B803B042245137A45041B50C347DA
:10C20000021D40694C113B7A444C1B401C0C011C24
:10C210001A169C0B209041500B1EC8429C0C4FECF0
:10C2200051189C051A9A99193E1AFA44139C450C08
:10C230001E80BB459C0121699C2B409CA009219C30
:10C240000B247042EC1AC828096E9C071A20419AE8
:10C2500099993E1A489423F0411AA0041A200C29F7
:10C26000A4E125CD5C22434AB4180C1240A6442414
:10C27000A1A91CE90C1A206429700B19803FE11D4B
:10C2800040666686201A7A74092E60890C2D0AD7BA
:0CC29000A33D040111024D0119D0012E44
:040000050800018965
:00000001FF
