:020000040800F2
:10000000A879002029030008DF6B00080B630008B3
:10001000DD6B00089D0800083DB2000800000000EC
:10002000000000000000000000000000690200085D
:100030000F22000800000000C5020008B5A3000858
:100040004303000843030008430300084303000878
:100050004303000843030008430300084303000868
:10006000430300084303000843030008E12000089D
:1000700043030008ED20000843030008F9200008AE
:10008000052100081121000843030008430300086C
:10009000E108000843030008430300084303000885
:1000A0004303000843030008430300084303000818
:1000B000B5A60008430300084303000843030008F3
:1000C00043030008430300084303000843030008F8
:1000D0007D9C0008F5B0000855B1000843030008F6
:1000E00043030008430300084303000843030008D8
:1000F0004303000843030008430300081D210008D0
:1001000043030008430300084303000843030008B7
:100110009DAA0008A9AA000839A9000843030008FD
:100120004303000843030008292100084303000893
:100130004303000843030008430300084303000887
:100140003109000843030008430300084303000883
:100150004303000843030008352100084303000857
:100160004303000843030008430300084303000857
:100170004303000843030008430300080000000095
:10018000430300084303000800F002F800F05CF8A5
:100190000AA090E8000C82448344AAF10107DA45E2
:1001A00001D100F051F8AFF2090EBAE80F0013F0D8
:1001B000010F18BFFB1A43F001031847D4240100B4
:1001C000F42401000A444FF0000C10F8013B13F036
:1001D000070408BF10F8014B1D1108BF10F8015BA0
:1001E000641E05D010F8016B641E01F8016BF9D193
:1001F00013F0080F1EBF10F8014BAD1C0C1B09D1EA
:100200006D1E58BF01F801CBFAD505E014F8016B5B
:1002100001F8016B6D1EF9D59142D6D370470000ED
:100220000023002400250026103A28BF78C1FBD8FF
:10023000520728BF30C148BF0B6070471FB511F08F
:10024000BEFD1FBD10B510BD00F0E4F91146FFF76B
:10025000F5FF0EF09FFA00F002FA03B4FFF7F2FF89
:1002600003BC00F005FA00002C4B19680868B0E8E0
:10027000F04F80F30988BFF36F8F4FF0000080F3D9
:10028000118870470000000008480068006880F38B
:1002900008884FF0000080F3148862B661B6BFF39F
:1002A0004F8FBFF36F8F00DF00BF00BF08ED00E08E
:1002B000DFF80C00016841F470010160704700BF75
:1002C00088ED00E0EFF30980BFF36F8F134B1A68DE
:1002D0001EF0100F08BF20ED108A20E9F04F1060CB
:1002E00009B44FF0500080F31188BFF34F8FBFF374
:1002F0006F8F10F0BFF84FF0000080F3118809BC39
:1003000019680868B0E8F04F1EF0100F08BFB0EC95
:10031000108A80F30988BFF36F8F70472C0000208C
:10032000EFF30580704700000948804709480047FF
:10033000FEE7FEE7FEE7FEE7FEE7FEE7FEE7FEE795
:10034000FEE7FEE704480549054A064B70470000F2
:1003500065A4000889010008A8730020A87900207E
:10036000A8750020A875002053EA020C00F06980EF
:100370002DE9F04B4FF00006002B1FBFB3FA83F5B9
:1003800003FA05F424FA05F65E4012BF1643B2FAEA
:1003900082F502FA05F4C5F120051EBF22FA05FC1C
:1003A00044EA0C04203556EA044C4FEA144418BFC2
:1003B000641C4FF000084FF00009904271EB030CF1
:1003C00039D3002919BFB1FA81F701FA07F6B0FA5B
:1003D00080F700FA07F6C7F120071EBF20FA07FCD6
:1003E00046EA0C062037B6FBF4FCA7EB0507103FE6
:1003F00007F01F0BCBF120060CFA0BFB2CFA06F6CC
:1004000044BFB3460026202FA4BF5E464FF0000B2A
:100410005BEA060C08BF4FF0010B19EB0B09ABFBB5
:10042000027C48EB0608C01B06FB02CC0BFB03CC8E
:1004300071EB0C01C1E70B46024641464846BDE858
:10044000F08B13B54FF000004FF00001AFF30080C8
:10045000BDE81C407047032A40F2308010F0030CC6
:1004600000F0158011F8013BBCF1020F624498BF07
:1004700011F801CB00F8013B38BF11F8013BA2F1A4
:10048000040298BF00F801CB38BF00F8013B11F01F
:10049000030300F02580083AC0F0088051F8043BBF
:1004A000083A51F804CBA0E80810F5E7121D5CBF2C
:1004B00051F8043B40F8043BAFF30080D20724BF5F
:1004C00011F8013B11F801CB48BF11F8012B24BFF3
:1004D00000F8013B00F801CB48BF00F8012B704742
:1004E00010B5203AC0F00B80B1E81850203AA0E8CF
:1004F0001850B1E81850A0E81850BFF4F5AF5FEA03
:10050000027C24BFB1E81850A0E8185044BF18C9B5
:1005100018C0BDE810405FEA827C24BF51F8043B5C
:1005200040F8043B08BF7047D20728BF31F8023BB0
:1005300048BF11F8012B28BF20F8023B48BF00F844
:10054000012B704702F0FF0343EA032242EA024212
:1005500000F002B84FF000020429C0F0128010F041
:10056000030C00F01B80CCF1040CBCF1020F18BF8F
:1005700000F8012BA8BF20F8022BA1EB0C0100F022
:100580000DB85FEAC17C24BF00F8012B00F8012BF5
:1005900048BF00F8012B70474FF0000200B513462A
:1005A00094469646203922BFA0E80C50A0E80C5093
:1005B000B1F12001BFF4F7AF090728BFA0E80C5044
:1005C00048BF0CC05DF804EB890028BF40F8042B3D
:1005D00008BF704748BF20F8022B11F0804F18BFAA
:1005E00000F8012B704770477047704710B500F056
:1005F00009F8006810BD10B5044600F003F8046067
:1006000010BD000000487047487300200048704744
:10061000487300207546FFF7F9FFAE4605006946AE
:10062000534620F00700854618B020B5FFF78AFE34
:10063000BDE820404FF000064FF000074FF00008E3
:100640004FF0000B21F00701AC46ACE8C009ACE864
:10065000C009ACE8C009ACE8C0098D46704710B5C8
:100660000446AFF300802046BDE81040FFF7F5BD1B
:1006700001491820ABBEFEE7260002007047027F4A
:10068000002A0DD00268426001608A1A82604169C6
:1006900001EBD173B2EB630F0ADD511A81600FE0F9
:1006A0004160016000218160C160012101777047D4
:1006B0004B4203EBD373B2EB630F01DA1144816059
:1006C000D0E902211144C16070470000164800784B
:1006D000052820D006DC052825D2DFE800F012141A
:1006E00016181A0014281AD005DC062819D0072875
:1006F00019D107F0A1BF1E280FD01F2813D107F072
:1007000071BF07F0CDB907F00FBA07F079BA07F05B
:100710005BBB07F05BBE07F09FBE07F03BBF07F077
:1007200021BE08F007B870477D0E00202DE9F04388
:100730000020584B584F002207EB40014978C95C14
:1007400007F81010012902D007F8102002E0797A8A
:10075000491C7972401C0428EEDB4E4EB61E307CDC
:1007600038B1387A7978884203D1787A401E787225
:100770003A70787A03254FF0010C012801D1397ABB
:1007800011B170BB3A7A62B3032207EB42004078A2
:10079000401E90FBF5F390FBF5F105FB11010229DA
:1007A00003D0481CBC7A9CB901E00846FAE703EB89
:1007B0004303491E05E01C183444E478012C11D091
:1007C000401E884201DB0028F5DC521E002ADCDADC
:1007D000B87A002803D1387A032807D0BD72BDE863
:1007E000F08306E01844401CB872EEE787F80AC0B0
:1007F000F5E70028F3D1032407EB44004078401EBE
:1008000090FBF5F390FBF5F105FB1102022A07D0EE
:10081000501C511C03EB4303521E97F80B800EE053
:1008200010460146F6E703EB0009B14499F803903E
:10083000B9F1010F02D1B8F1000F05D0401E90426E
:100840000DDB0028EFDC0AE01918491CF972411E83
:1008500005E058183044C078012809D0491E91425B
:1008600001DB0029F5DCB87A30B1F87A38B903E059
:100870005818401CB872F6E7641E002CBCDAB87A2F
:100880000028ACD1387A032801D0BD72A7E787F8D9
:100890000AC0A4E7866E0020956E0020FEE70000E7
:1008A00000B58BB00020069007900121089147F613
:1008B000FE72019202900390049005900E200A901F
:1008C000099101A9054803F0D3F8044803F049FE53
:1008D0000221024803F048F80BB000BDD4110020FB
:1008E000014803F0D7B90000D411002000B58BB047
:1008F0000E200690002007900121089147F6FE7215
:10090000019202900390049005901C200A90099196
:1009100001A9064803F0ACF8044803F022FE0221C6
:10092000024803F021F80BB000BD0000FC110020CC
:10093000014803F0AFB90000FC1100207CB5DDE9EF
:100940000645160A8DF800608DF801201A0A8DF808
:1009500002208DF80330220A8DF804208DF805401E
:100960002A0A8DF806208DF8075089B208236A46B6
:1009700000F0C8F87CBD00002DE9F04781462DED60
:10098000028B0C462178607805F0C0FC564908605F
:1009900000224A608A60CA606078012867D0022815
:1009A0007DD004287CD10820086194ED0B0A10202A
:1009B0009FED4E8AB0EE481ADFED4D8AF0EE680AE0
:1009C0000DF03AFE054694ED0C0A0E20B0EE481AE2
:1009D000F0EE680A0DF030FE064694ED0D0A102088
:1009E000B0EE481AF0EE680A0DF026FE074694EDC8
:1009F0000E0A0A209FED3F1A9FED3F8AF0EE480A4B
:100A00000DF01AFE804694ED0F0A08209FED3B1A68
:100A1000F0EE480A0DF010FE39490D702A0A4A70AE
:100A20008E70C6F3052242EA8812CA704FEA980215
:100A30000A7148718F71380AC8710A4601232A4920
:100A4000484602F0A3FF00284AD002232C4A264938
:100A5000484602F09BFF002842D0BDEC028B48467E
:100A6000BDE8F0470423264A1F4902F08FBF0A6100
:100A7000012300221C49484602F088FF00282FD09D
:100A8000022300221849484602F080FF002827D0A0
:100A90000423002214494846BDEC028B01E004E027
:100AA0001EE0BDE8F04702F071BF0A610123002299
:100AB0000D49484602F06AFF002811D002230022A7
:100AC0000949484602F062FF002809D0BDEC028BBC
:100AD0004846BDE8F04704230022034902F056BF10
:100AE000BDEC028BBDE8F0871860002000002042BA
:100AF000000020C200C07F440000000000004C4203
:100B0000D010002070B5054616460F4C216000211C
:100B1000A160E1602361012332462146284602F0AC
:100B200035FF00280FD0022332462146284602F026
:100B30002DFF002807D0324621462846BDE87040E8
:100B4000042302F023BF70BD0060002070B504468E
:100B5000084D2868A0420CD010B1806800B18047D1
:100B60002C60002C05D02068002802D0BDE8704021
:100B7000004770BDBC00002004480068002803D076
:100B80004068002800D0004770470000BC000020EB
:100B90002548DFED240AC0ED2C0A9FED240A80EDE4
:100BA0002E0A80ED2D0AC0ED020A80ED040A80EDC8
:100BB000030AC0ED410A80ED430A80ED420AC0ED10
:100BC000170A80ED190A80ED180A194890ED0B0AF2
:100BD000184880ED030A184991ED0B0A80ED010ACF
:100BE000164991ED0B0A80ED000A154991ED0B0AAB
:100BF00080ED020A1348B2EE0E0A80ED030A80ED82
:100C0000020A80ED010A80ED000A10489FED0E0AED
:100C100080ED030A80ED020A80ED000A80ED010AF2
:100C20007047000000007042880C002000000000A7
:100C30004803002030600020A0050020740400203C
:100C40001C020020DC0D002000409C46EC0D002022
:100C500070B52DED088BFE48FE4C017804290CD0B0
:100C600006290AD0FC4991ED030ADFEDFC0A20EECB
:100C7000200ADFEDFB0AFB4A04E09FEDFB0A0DE0D2
:100C800030EE600A10EE101A9142F9DAF74A01E0EC
:100C900030EE200A10EE101A9142F9D8ED49001DED
:100CA00001F0DAF8A06811F019F841EC100B0BF024
:100CB00093FA9FEDEF1B51EC100B53EC112B10F03E
:100CC000DBFC03D29FEDEC0A84ED020A94ED000AEE
:100CD000F0EE000A0CF044F9B0EE408A94ED010AFF
:100CE000F0EE000A0CF03CF938EE000A0CF06FFD53
:100CF00010EE100AE149884204DB9FEDE11AC1EED3
:100D0000000A1AE0DF48D0ED010A80EE201AF0EE6A
:100D1000000AB0EE410A0CF023F910EE100A10F0B0
:100D2000DDFF41EC100B9FEDD81B0BF05FFA51EC8F
:100D3000100B10F0FBF800EE900A94ED000A20EE84
:100D4000200A84ED000A94ED010A20EE200A84EDC9
:100D5000010A9FEDCFBAB0EE4B0A0CF033FCF0EE77
:100D6000400A94ED000A94ED021A9FEDCA8A21EE22
:100D7000081A01EE600AF0EE000A0CF0F1F8F0EE4D
:100D8000408AB0EE4B0A0BF07FF994ED021AF0EEB8
:100D9000400A94ED010A21EE081A01EE600AF0EE15
:100DA000000A0CF0DDF838EE800AF6EE000A0CF0CE
:100DB000D7F89FEDB99AC0EE090ADFEDB89AB84EA0
:100DC00020EEA90A86ED020AB0EE4B0A0CF0FAFBFF
:100DD00094ED021AF0EE400A94ED000A21EE081A92
:100DE00001EE600AF0EE000A0CF0BAF8F0EE408A6C
:100DF000B0EE4B0A0BF048F994ED021AF0EE400AFF
:100E000094ED010A21EE081A01EE200AF0EE000A24
:100E10000CF0A6F838EE800AF6EE000A0CF0A0F806
:100E2000C0EE090A20EEA90A86ED000ADFED9DAAB0
:100E3000B0EE6A0A0CF0C6FBF0EE400A94ED000A30
:100E400094ED021ADFED988A21EE281A01EE200AAD
:100E5000F0EE000A0CF084F8B0EE40AAB0EE6A0A98
:100E60000BF012F994ED021AF0EE400A94ED010A2B
:100E700021EE281A01EE200AF0EE000A0CF070F8BC
:100E80003AEE000AF6EE000A0CF06AF8C0EE090A23
:100E900020EEA90A86ED010AB0EE6A0A0CF092FB78
:100EA00094ED021AF0EE400A94ED000A21EE281AA1
:100EB00001EE200AF0EE000A0CF052F8F0EE409A33
:100EC000B0EE6A0A0BF0E0F894ED021AF0EE400A78
:100ED00094ED010A21EE281A01EE600AF0EE000AF4
:100EE0000CF03EF839EE800AF6EE000A0CF038F805
:100EF000C0EE090A9FED6D0A20EE800A86ED030A16
:100F0000B0EE4B0A0BF0C0F8D4ED020A94ED019A52
:100F100060EE880A00EEC09AB0EE4B0A0CF052FB6D
:100F200094ED021AF0EE400A94ED000A21EE081A40
:100F300001EE600AF0EE490A0AF0EAFE9FED5C9AC3
:100F4000C0EE090ADFED5B9A5B4D20EEA90A85ED44
:100F5000020AB0EE6A0A0BF097F8D4ED020A94ED9B
:100F600001AA60EEA80A00EEC0AAB0EE6A0A0CF070
:100F700029FB94ED021AF0EE400A94ED000A21EEEE
:100F8000281A01EE200AF0EE4A0A0AF0C1FEC0EE6D
:100F9000090A20EEA90A85ED030AB0EE4B0A0BF010
:100FA00073F8D4ED020A94ED01AA60EE880A00EE0F
:100FB00080AAB0EE4B0A0CF005FB94ED021AF0EE9D
:100FC000400A94ED000A21EE081A01EE600AF0EEE4
:100FD0004A0A0AF09DFEC0EE090A20EEA90A85ED34
:100FE000000AB0EE6A0A0BF04FF8D4ED020A94ED55
:100FF000018A60EEA80A00EE808AB0EE6A0A0CF060
:10100000E1FA94ED021AD4ED000A21EE281A41EE1D
:10101000000AB0EE600AF0EE480A0AF079FEC0EE6F
:10102000090A20EEA90A85ED010A96ED020A234875
:10103000234CB0EEC00A10EE101A814203DA94ED90
:10104000020A85ED020A96ED030AB0EEC00A39E005
:10105000840E0020846100205C61002088C3E43A93
:10106000DB0FC940DB0F4940DB0FC93FDB0F49C035
:10107000000000A09999B93F0000000000803B45A6
:1010800000803B45BC000020000000606666E63F33
:10109000083D3B3F0000834300007E427368A94047
:1010A0009C6100204C37293F00808E437368A9C0A3
:1010B000DB0F494000003443AC6100200000A04039
:1010C000BC61002010EE102A824203DA94ED030A7C
:1010D00085ED030A96ED000AB0EEC00A10EE102A64
:1010E000824203DA94ED000A85ED000A96ED010ACA
:1010F000B0EEC00A10EE102A824203DA94ED010A23
:1011000085ED010A94ED010A311D281D0EF01AFF2C
:1011100094ED000A244925480EF014FF2249234883
:1011200094ED030A0C310C300EF00CFF1E491F48E1
:1011300094ED020A083108300EF004FFD5ED020AE2
:10114000C4ED020A95ED031A84ED031AD5ED001AD9
:10115000C4ED001A95ED010A84ED010A1448B0EEC1
:10116000082AD0ED002A134840EE822AC0ED462A14
:101170001148D0ED000A114841EE020AC0ED460ABE
:101180000F48D0ED000A0F4840EE020AC0ED460AB3
:101190000D4890ED000A0D4801EE820A80ED460AE6
:1011A000BDEC088B70BD00009C610020AC6100208C
:1011B0007C0B0020CC060020840B0020500A00206D
:1011C000880B002024090020800B0020F807002055
:1011D0002548DFED240AC0ED2C0A9FED240A80ED9E
:1011E0002E0A80ED2D0AC0ED020A80ED040A80ED82
:1011F000030AC0ED410A80ED430A80ED420AC0EDCA
:10120000170A80ED190A80ED180A194890ED0B0AAB
:10121000184880ED030A184991ED0B0A80ED010A88
:10122000164991ED0B0A80ED000A154991ED0B0A64
:1012300080ED020A1348B2EE0E0A80ED030A80ED3B
:10124000020A80ED010A80ED000A10489FED0E0AA7
:1012500080ED030A80ED020A80ED000A80ED010AAC
:101260007047000000007042880C00200000000061
:101270004803002030600020A005002074040020F6
:101280001C020020DC0D002000409C46EC0D0020DC
:1012900070B52DED088BFE48FE4C017804290CD06A
:1012A00006290AD0FC4991ED030ADFEDFC0A20EE85
:1012B000200ADFEDFB0AFB4A04E09FEDFB0A0DE08C
:1012C00030EE600A10EE101A9142F9DAF74A01E0A6
:1012D00030EE200A10EE101A9142F9D8ED49001DA7
:1012E00000F0BAFDA06810F0F9FC41EC100B0AF018
:1012F00073FF9FEDEF1B51EC100B53EC112B10F013
:10130000BBF903D29FEDEC0A84ED020A94ED000ACA
:10131000F0EE000A0BF024FEB0EE408A94ED010AD4
:10132000F0EE000A0BF01CFE38EE000A0CF04FFA4B
:10133000E24890ED011AB4EEC10AF1EE10FA02DBB8
:10134000C1EE000A17E0C0EE011AF0EE000AB0EE9E
:10135000610A0BF005FE10EE100A10F0BFFC41EC24
:10136000100B9FEDD71B0AF041FF51EC100B0FF053
:10137000DDFD00EE900A94ED000A20EE200A84EDD7
:10138000000A94ED010A20EE200A84ED010A9FED87
:10139000CEBAB0EE4B0A0CF015F9F0EE400A94ED1F
:1013A000000A94ED021A9FEDC98A21EE081A01EE97
:1013B000600AF0EE000A0BF0D3FDF0EE408AB0EECA
:1013C0004B0A0AF061FE94ED021AF0EE400A94ED29
:1013D000010A21EE081A01EE600AF0EE000A0BF095
:1013E000BFFD38EE800AF6EE000A0BF0B9FD9FED66
:1013F000B89AC0EE090ADFEDB79AB74E20EEA90AF7
:1014000086ED020AB0EE4B0A0CF0DCF894ED021AFD
:10141000F0EE400A94ED000A21EE081A01EE600A8F
:10142000F0EE000A0BF09CFDF0EE408AB0EE4B0AA5
:101430000AF02AFE94ED021AF0EE400A94ED010A39
:1014400021EE081A01EE200AF0EE000A0BF088FDEA
:1014500038EE800AF6EE000A0BF082FDC0EE090AB3
:1014600020EEA90A86ED000ADFED9CAAB0EE6A0A1A
:101470000CF0A8F8F0EE400A94ED000A94ED021A80
:10148000DFED978A21EE281A01EE200AF0EE000A1D
:101490000BF066FDB0EE40AAB0EE6A0A0AF0F4FD69
:1014A00094ED021AF0EE400A94ED010A21EE281A9A
:1014B00001EE200AF0EE000A0BF052FD3AEE000AAF
:1014C000F6EE000A0BF04CFDC0EE090A20EEA90A68
:1014D00086ED010AB0EE6A0A0CF074F894ED021A77
:1014E000F0EE400A94ED000A21EE281A01EE200ADF
:1014F000F0EE000A0BF034FDF0EE409AB0EE6A0A0E
:101500000AF0C2FD94ED021AF0EE400A94ED010AD1
:1015100021EE281A01EE600AF0EE000A0BF020FD21
:1015200039EE800AF6EE000A0BF01AFDC0EE090A49
:101530009FED6C0A20EE800A86ED030AB0EE4B0A9E
:101540000AF0A2FDD4ED020A94ED019A60EE880A39
:1015500000EEC09AB0EE4B0A0CF034F894ED021A8B
:10156000F0EE400A94ED000A21EE081A01EE600A3E
:10157000F0EE490A0AF0CCFB9FED5B9AC0EE090A37
:10158000DFED5A9A5A4D20EEA90A85ED020AB0EE17
:101590006A0A0AF079FDD4ED020A94ED01AA60EE20
:1015A000A80A00EEC0AAB0EE6A0A0CF00BF894ED9F
:1015B000021AF0EE400A94ED000A21EE281A01EE1C
:1015C000200AF0EE4A0A0AF0A3FBC0EE090A20EE58
:1015D000A90A85ED030AB0EE4B0A0AF055FDD4EDD9
:1015E000020A94ED01AA60EE880A00EE80AAB0EE2D
:1015F0004B0A0BF0E7FF94ED021AF0EE400A94ED6F
:10160000000A21EE081A01EE600AF0EE4A0A0AF01A
:101610007FFBC0EE090A20EEA90A85ED000AB0EEB4
:101620006A0A0AF031FDD4ED020A94ED018A60EEF7
:10163000A80A00EE808AB0EE6A0A0BF0C3FF94EDB0
:10164000021AD4ED000A21EE281A41EE000AB0EE8B
:10165000600AF0EE480A0AF05BFBC0EE090A20EED1
:10166000A90A85ED010A96ED020A2248224CB0EE45
:10167000C00A10EE101A814203DA94ED020A85EDD9
:10168000020A96ED030AB0EEC00A10EE102A35E009
:10169000840E0020846100205C61002088C3E43A4D
:1016A000DB0FC940DB0F4940DB0FC93FDB0F49C0EF
:1016B000000000A09999B93F00000000BC00002084
:1016C000000000000000E03F083D3B3F0000834376
:1016D00000007E427368A9409C6100204C37293F7E
:1016E00000808E437368A9C0DB0F4940000034437B
:1016F000AC6100200000A040BC610020824203DAFF
:1017000094ED030A85ED030A96ED000AB0EEC00AD7
:1017100010EE102A824203DA94ED000A85ED000AE9
:1017200096ED010AB0EEC00A10EE101A814203DAFB
:1017300094ED010A85ED010A94ED010A311D281D81
:101740000EF000FC94ED000A244925480EF0FAFB47
:101750002249234894ED030A0C310C300EF0F2FBC1
:101760001E491F4894ED020A083108300EF0EAFBCA
:1017700095ED020A84ED020AD5ED030AC4ED030AD1
:1017800095ED001A84ED001AD5ED011AC4ED011A89
:101790001448B0EE082AD0ED002A134840EE022A81
:1017A000C0ED462A114890ED000A114800EE820A69
:1017B00080ED460A0F4890ED000A0F4801EE820ABC
:1017C00080ED460A0D4890ED000A0D4801EE020A30
:1017D00080ED460ABDEC088B70BD00009C610020C6
:1017E000AC6100207C0B0020CC060020840B002084
:1017F000500A0020880B002024090020800B0020C4
:10180000F80700202548DFED240AC0ED2C0A9FEDE3
:10181000240A80ED2E0A80ED2D0AC0ED020A80ED2B
:10182000040A80ED030AC0ED410A80ED430A80ED11
:10183000420AC0ED170A80ED190A80ED180A19480E
:1018400090ED0B0A184880ED030A184991ED0B0A38
:1018500080ED010A164991ED0B0A80ED000A154949
:1018600091ED0B0A80ED020A1348B2EE0E0A80EDEC
:10187000030A80ED020A80ED010A80ED000A10489B
:101880009FED0E0A80ED030A80ED020A80ED000A4A
:1018900080ED010A7047000000007042880C0020B3
:1018A000000000004803002030600020A005002058
:1018B000740400201C020020DC0D002000606A4639
:1018C000EC0D002010B50A489FED080A80ED020AD1
:1018D00008F0B2FA08489FED070A80ED020A80ED91
:1018E000000A80ED010A80ED030A10BD00007A4471
:1018F000840E0020000000009C61002010B504460A
:101900002DED068B94ED000AD4ED070A70EE608A87
:10191000C4ED038AD4ED04AA94ED050A2AEE808A68
:1019200020EE08AAD4ED010A40EE208A18EE900AB3
:1019300010F0D4F941EC100B0AF04EFCB0EE409AD6
:10194000B2EE000AF0EE609A2AEE800A10EE100A5B
:1019500010F0C4F953EC192B0FF0CAFE28EE080A58
:1019600041EC190B10EE100A10F0B8F953EC192BDA
:101970000FF00EFB41EC100B0BF0ECFE51EC100BDA
:101980000FF0D4FA0AEE900A1AEE100A10F0A6F937
:1019900041EC190B18EE900A10F0A0F941EC100B75
:1019A0000AF01AFC53EC192B51EC100B0FF09EFFB0
:1019B0000ED2B0EE680A08F029FA7AEEC80AD4ED21
:1019C000018A20EE200AF6EE000A40EE208A07E0A7
:1019D00094ED050AC8EE800A94ED010A70EE808A43
:1019E00018EE100A10F07AF941EC190B18EE900A73
:1019F00010F074F941EC100B0AF0EEFB53EC192BCC
:101A000051EC100B0FF072FF0AD2B0EE680A08F02A
:101A1000FDF9D4ED040AF1EE600A20EE200A07E099
:101A200094ED040AB1EE400A60EE280A80EE880ABE
:101A3000D4ED001A94ED061AD4ED010A41EE201AF5
:101A4000C4ED001A41EE000AC4ED010ABDEC068B9C
:101A500010BD000030EEC00A0849DFED090A10EEA3
:101A6000100A884202DB30EE600A704710EE100A5E
:101A700004498842F9D930EE200A70470000344307
:101A80000000B443000034C32DE9F05F04462DED9F
:101A9000068B0D4616461F46DDF84080DDED11AA87
:101AA000DDF84890DDED138ADFF814A29FED85AADA
:101AB0000AF1140B6088A0F6FC0000EE100AB8EEE4
:101AC000C08A30460FF0C4FD41EC190B18EE100A25
:101AD00010F004F941EC100B0AF07EFB53EC192BCB
:101AE00051EC100B0FF0C8FD02D28AED02AA2EE0D5
:101AF000B5EEC08AF1EE10FA12DD00EE106AB8EE13
:101B0000400A78EE400A00EE107AB8EEC00A20EEE5
:101B1000800ADFED6D0A80EE201A8AED021A16E0C7
:101B2000B5EEC08AF1EE10FA11D200EE106AB8EEEE
:101B3000400A78EE000A00EE107AB8EEC00A20EEF5
:101B4000800ADFED620A80EE201A8AED021AA08870
:101B5000A0F2CA7000EE100AB8EEC08A40460FF03C
:101B600077FD41EC190B18EE100A10F0B7F841ECB4
:101B7000100B0AF031FB53EC192B51EC100B0FF04A
:101B80007BFD02D28BED02AA2AE0B5EEC08AF1EE0F
:101B900010FA10DD00EE108AF8EEEA0AB8EE400AFC
:101BA00038EE400A20EE200ADFED490A80EE201AC6
:101BB0008BED021A14E0B5EEC08AF1EE10FA0FD2E6
:101BC00000EE108AF8EEEA0AB8EE400A38EE000A93
:101BD00020EE200ADFED3F0A80EE201A8BED021A7C
:101BE000E088A0F2846000EE100AB8EEC08A484691
:101BF0000FF02EFD41EC190B18EE100A10F06EF8E4
:101C000041EC100B0AF0E8FA53EC192B51EC100BD5
:101C10000FF032FD04D22A48283080ED02AA2EE0CF
:101C2000B5EEC08AF1EE10FA12DD00EE109AF8EE71
:101C3000E80A2348B8EE400A283038EE400A20EE81
:101C4000200ADFED250A80EE201A80ED021A16E048
:101C5000B5EEC08AF1EE10FA11D200EE109AF8EE4D
:101C6000E80A1748B8EE400A283038EE000A20EE9D
:101C7000200ADFED1A0A80EE201A80ED021A1048C1
:101C800004F072FD0E48143004F06EFD0C4828304C
:101C900004F06AFD9AED010A85ED7C0A9BED010ACC
:101CA000B1EE400A85ED7D0A0548283090ED010A25
:101CB000B1EE400A85ED7E0ABDEC068BBDE8F09FD3
:101CC000901100200000000000C0DF4400900F458C
:101CD0000040F8C4001003C500A0174500E0CF4441
:101CE000F0B54D4F91F8644A00237A789FED4B0A86
:101CF000944214D901EB820404F50064D7ED030A81
:101D000094ED711AB4EEE01AF1EE10FA07D8521CF5
:101D10007A70C0F8FC3180ED100A80ED250A91F848
:101D2000654ABA78944212D901EB820404F5006442
:101D300097ED041AD4ED850AF4EEC10AF1EE10FA1B
:101D400005D8521CBA70C0F8083280ED4F0A91F8DD
:101D5000656ABC78324DA64205D12A78012A02D1A3
:101D600087ED040A2B707A78964207D195F800C067
:101D7000BCF1010F02D187ED030A2B7091F8645A70
:101D8000954238D1274D2D781DB1012D33D1A64272
:101D900031D1254ED7F80CC0B44518DA521E02EBEB
:101DA000420201EBC202D2ED000A92ED781A70EE07
:101DB000810AC0ED070AD2ED010A92ED791A70EEA0
:101DC000810AC0ED1C0A80ED790A80ED7A0A3A6931
:101DD000B24201DA012D0FD07B70BB7000F5FE70AE
:101DE0000360C3608360114901200870104A072115
:101DF000117010490870F0BD641E01EB840101F5FB
:101E00008061D1EDE00A91EDF41A70EE810AC0ED27
:101E1000460A80ED7B0AF0BD44110020000000005E
:101E2000A8100020A9100020EC51B83E001100209D
:101E3000840E002094100020B4EEE00AF1EE10FAB7
:101E400002D2B0EE600A7047B4EEC10AF1EE10FAA9
:101E5000F9DDB0EE410A704770B505462DED048BF3
:101E60000C46B0EE408A284600F064F8204600F0A8
:101E700061F89FED2D0A38EE008AB0EE480A0AF0AC
:101E800003F9D5ED000A60EE208AB0EE480A0BF0A7
:101E900099FBD5ED010A40EE808AC4ED008AB0EED0
:101EA000480A0AF0F1F8D5ED010A60EE208AB0EE9A
:101EB000480A0BF087FBD5ED000A40EEC08AC4ED5E
:101EC000018A18EE900A0FF009FF9FED189B41EC74
:101ED000100BB0EE491AF0EE691A0AF019FAB0EEDA
:101EE000408AF0EE608A20680FF0F8FE41EC100B9B
:101EF000B0EE491AF0EE691A0AF00AFA53EC182B00
:101F000051EC100B0FF044F841EC100B0BF022FCDD
:101F100051EC100B0FF00AF8E06095ED020A84ED29
:101F2000020ABDEC048B70BDDB0FC93F000000004E
:101F30000000004010B504462DED028B207D0128E5
:101F40002ED000289FED328B27D1D4ED010A94EDDD
:101F5000000A01F0ADFC84ED030A60680FF0BEFEDC
:101F600041EC100B0AF038F953EC182B51EC100B24
:101F70000FF082FB2FD220680FF0B0FE41EC100B67
:101F80000AF02AF953EC182B51EC100B0FF074FBEC
:101F900021D29FED210A84ED040ABDEC028B10BD15
:101FA00094ED040A9FED1D8A20EE080A0AF06CF8F1
:101FB000D4ED030A20EE200A84ED000A94ED040A11
:101FC00020EE080A0BF0FEFAD4ED030A20EE200AF8
:101FD00084ED010AE1E720680FF080FE41EC180B68
:101FE00060680FF07BFE41EC100BB0EE481AF0EE8B
:101FF000681A09F08DFD9FED0A1B51EC100B53EC94
:10200000112B0FF01DF90EF091FF2061C5E70000C4
:10201000F168E388B5F8E43E0000000035FA8E3C34
:10202000000000A046DF913F70B50446D4ED0B0AD6
:10203000C4ED430A94ED0A1A84ED421A94F8200183
:1020400004F1340500282AD004F18806012830D094
:10205000022823D194ED460A84ED3E0A04F1DC0007
:10206000FFF74CFCD4ED420A94ED370A304605F0F8
:102070004DFB94ED2D0ADFED180A9FED181A284646
:1020800020EE200AD4ED380A00EE810AD4ED430A8E
:1020900005F03CFB94ED180A84ED0C0A70BD94ED3C
:1020A000470A284605F032FB94ED180A84ED0C0A25
:1020B00070BD94ED460AF0EE410A304605F026FB6D
:1020C000D4ED430A94ED2D0A284605F01FFB94ED4C
:1020D000180A84ED0C0A70BD3333333F9A99993E48
:1020E000014802F0CBBA0000A4140020014802F01D
:1020F000C5BA0000E4130020014802F0BFBA000096
:1021000044140020014802F0B9BA0000241600204F
:10211000014802F0B3BA000084160020014802F022
:10212000ADBA000004150020014802F0A7BA000073
:1021300064150020014802F0A1BA0000C415002077
:102140000168CAB2103A1823B2FBF3F2064B9B5C4B
:10215000C3656FF30901032A02D9091D816500E0F7
:102160008165806D704700009020010810B5014620
:1021700000208A6A8B694FF0C074002B0ED0B3F533
:10218000005F1AD062B3012A2AD0022A28D0032A7B
:1021900003D1C96AC90100D5012010BD1AB1012AB5
:1021A00006D0022AF9D1C96AC901F6D5012010BDAD
:1021B000C96AA142FBD1012010BD52B1012A0AD047
:1021C000022A06D0032AF7D1C96AA142F4D101201C
:1021D00010BD012010BDC96AC901FBD5012010BD89
:1021E000012010BD30B50468256825F480252560E0
:1021F000046863608368402B04D0036899600068BA
:10220000C26030BD03689A600068C16030BD70472D
:1022100070B52DED028B82B07D487E4C90ED020AA8
:1022200084ED000A90ED030A84ED2A0A90ED010A7C
:1022300084ED3F0AD0ED000AC4ED150A7648007817
:10224000032828D0D4ED400A04F1FC0005F05EFA22
:10225000D4ED160A94ED150A04F1540005F056FA6F
:10226000D4ED2B0A94ED2A0A04F1A80005F04EFAE9
:10227000D4ED010A94ED000A204605F047FA6748BC
:10228000FFF7D2FE6648FFF7CFFE6648FFF7CCFEA9
:102290006548FFF7C9FE94F850019FED648ADFEDB1
:1022A000648A644D012876D094ED350AB0EE481A60
:1022B000F0EE680AFFF7C0FD85ED030A94ED0B0A06
:1022C000B0EE481AF0EE680AFFF7B6FD85ED020A97
:1022D00094ED4A0AB0EE481AF0EE680AFFF7ACFD3A
:1022E00085ED010A94ED200AB0EE481AF0EE680A76
:1022F000FFF7A2FD85ED000A95ED010A47494FF46D
:102300000074BDEEC00A10EE100A91ED0C0A00B286
:10231000BDEEC00A10EE101A09B2CDE9001095ED1D
:10232000030A2146BDEEC00A10EE100A03B23D4872
:1023300090ED0C0ABDEEC00A10EE100A02B23E4843
:10234000FEF7FCFA95ED000A3549BDEEC00A10EE25
:10235000100A91ED0C0A214600B2BDEEC00A10EE43
:10236000102A12B2CDE9002095ED020ABDEEC00A96
:1023700010EE100A03B22C4890ED0C0ABDEEC00A14
:1023800010EE100A02B22D48FEF7D8FA02B0BDECEA
:10239000028B70BDFFE70CF063F9294E94ED350A0E
:1023A000B0EE481AD6ED030A30EE200AF0EE680AC5
:1023B000FFF742FD85ED030A94ED0B0AD6ED021AF4
:1023C000B0EE481AF0EE680A30EE210AFFF734FD4D
:1023D00085ED020A94ED4A0AD6ED011AB0EE481ACC
:1023E000F0EE680A30EE210AFFF726FD85ED010ABE
:1023F00094ED200AD6ED000AB0EE481A30EE200A1D
:10240000F0EE680AFFF718FD85ED000A74E700009A
:102410009C610020880C0020840E002024090020EC
:10242000F8070020500A0020CC06002000606A4611
:1024300000606AC6DC610020D4110020FC1100207D
:10244000CC61002072B6FEE70B490028496908D02C
:10245000012805D1094808440949884209D20120C8
:1024600070470648C043814201DA012070470020CE
:102470007047002070470000F8610020FFBFB1BA2C
:10248000FF3F06002DE9F05F2DED068BF74803783E
:10249000DFEDF78ADFEDF79A9FEDF79A9FEDF7AA48
:1024A000F84AF749D2ED000AF74A087892ED001A87
:1024B000F64AD2ED051AF64A92ED032A9FEDF58A07
:1024C000EA4AF54EF54FDFF8D883DFF8D8B3DFF8E6
:1024D000D8A30125002492ED050A092B7DD2DFE85F
:1024E00003F005ACE0FEFDFCFBFAF900894618B9E3
:1024F000CAF8004089F800508BF800428BF801427E
:10250000DFF868A38AF810408AF81140B3EE082A71
:1025100086ED0E2AB1EE002A86ED0F2A9FEDE32A02
:1025200086ED052A86ED068A86ED078A9FEDE02A6C
:1025300087ED042ADFEDDF2AC7ED052A9FEDDE3A9D
:1025400087ED0A3A87ED0B8A87ED0C8ADB4880ED30
:10255000042AC0ED052A80ED0A3A80ED0B8A80ED51
:102560000C8AF8EEC02A9FEDD63AB0EE432A12EE5E
:10257000A82AC2EE292A72EE892A72EEA00ACAEDB2
:10258000010AB8EEC00AB0EE432A10EE282A82EE05
:102590000A0A30EE490A30EE010A8AED020A9FED7E
:1025A000C90A8AED030A31EEE00A10EE100A0FF0B4
:1025B00095FB41EC100B09F00FFE9FEDC38B51EC26
:1025C000100B53EC182B0FF057F832D298ED050A88
:1025D000DAED020A30EE600A00E02AE010EE100A9E
:1025E0000FF07CFB41EC100B09F0F6FD53EC182BBF
:1025F00051EC100B0FF040F81BD2A548DAED030A9E
:1026000090ED030A30EE600A10EE100A0FF066FB40
:1026100041EC100B09F0E0FD9FEDAD1B51EC100BF0
:1026200053EC112B0FF028F803D28AF8005089F8E8
:102630000040BDEC068BBDE8F09F8BF800428BF8A4
:1026400001420C70894804744474B3EE0E0A86ED9E
:102650000E0AB1EE000A86ED0F0A9FED940A86ED90
:10266000050A86ED068A86ED078A9FED9B0A87EDAF
:10267000040ADFED9A0AC7ED050A9FED8F1A87ED70
:102680000A1A87ED0B8A87ED0C8A8C4880ED040AC4
:10269000C0ED050A80ED0A1A80ED0B8A80ED0C8AE8
:1026A000C7E7894618B9CAF8004089F800508BF886
:1026B000004206208BF800008BF801426B4D2C7411
:1026C0006C749FED872A86ED0E2AB1EE042A86ED02
:1026D0000F2A05E0FEE3FEE3FEE3FEE3C4E389E048
:1026E0009FED802A86ED052A86ED068A86ED078A0B
:1026F000B7EE002A87ED042ADFED7B2AC7ED052A15
:102700009FED7A3A87ED0A3A87ED0B8A87ED0C8ABE
:102710006A4880ED042AC0ED052A80ED0A3A80ED72
:102720000B8A80ED0C8AF8EEC02AB2EE003AB0EEC9
:10273000432A02EEA82AC2EE292A72EE892A72EEF4
:10274000A00AC5ED010AB8EEC00AB0EE432A00EEB9
:10275000282A82EE0A0A30EE490A30EE010A85ED97
:10276000020A9FED630A85ED030A31EEE00A10EEDE
:10277000100A0FF0B3FA41EC100B09F02DFD9FED9C
:10278000528B51EC100B53EC182B0EF075FF87D2C7
:1027900098ED050AD5ED020A30EE600A10EE100A37
:1027A0000FF09CFA41EC100B09F016FD53EC182BBE
:1027B00051EC100B0EF060FFE9D23548D5ED030A5D
:1027C00090ED030A30EE600A10EE100A0FF086FA60
:1027D00041EC100B09F000FD9FED3D1B51EC100B7F
:1027E00053EC112B0EF048FFD1D20320287089F84A
:1027F00000401EE7DFF87490DFED3EAA99F8012053
:1028000092B3012A31D0022A76D0032AF1D10C707A
:10281000B3EE080A86ED0E0AB1EE000A86ED0F0A45
:102820009FED220A86ED050A86ED068A86ED078A67
:102830009FED1F0A87ED040ADFED1E0AC7ED050AAA
:102840009FED1D1A87ED0A1A87ED0B8A87ED0C8A1A
:102850001A4880ED040AC0ED050A80ED0A1A80EDE1
:102860000B8A80ED0C8AE4E647E064E1FC0D002071
:102870000000B443F2D21041D7A3AA41F2D210C152
:10288000160E0020780C00207C0C0020CC6000206C
:10289000A86000206F12833A900B0020D00B00201C
:1028A0000C610020840E0020180E002000504347C9
:1028B0006666663F295C8F3D00803B45240C002006
:1028C0000000B442ACAAAA3E000000408941E43FA7
:1028D000000000A09999B93F3333733F8FC2753D13
:1028E0000000C8428096984A0AD7A33D00401C4683
:1028F000AAAA2A3F00001644ECE160B9CAF80040D9
:10290000FE48057089F810508BF8004206208BF8BD
:1029100000008BF8015299ED030A32EE400A10EEE6
:10292000100A0FF0DBF941EC100B09F055FC9FED9C
:10293000F41B51EC100B53EC112B0EF09DFE09D241
:102940009FEDF10AF14880ED000AF148B2EE040A69
:1029500080ED000A0120FFF777FD98B189F811504A
:10296000C6ED0EAAB1EE040A86ED0F0A9FEDE90A44
:1029700086ED050A86ED068A86ED078AB1EE000A25
:1029800089ED030A0020FFF75FFDDFF88CA3DFF875
:102990008CB3E8B3E249DAF8000010B9CAF8005085
:1029A0000C609FEDE00A87ED040ADFEDDF0AC7ED5A
:1029B000050A9FEDDE1A87ED0A1A87ED0B8A87ED6F
:1029C0000C8ADB4880ED040AC0ED050A80ED0A1A86
:1029D00080ED0B8A80ED0C8A99ED050AF8EEC01A9D
:1029E000DFEDD40AD448B0EE601A01EEA81AC1EEA9
:1029F000291A31EE891AD0ED001A31EE211A89ED2B
:102A0000011AB8EEC00A40EE280A80EE8A0A00E0F9
:102A100039E0CA4830EE490AD0ED000A30EE200A0B
:102A200089ED020A9FEDC60A86ED0E0AB0EE000A95
:102A300086ED0F0A9FEDC30A89ED030A0868C0F509
:102A4000FA700EF005FE9FEDC01B53EC112B0EF03B
:102A50004FFE9FEDBF1B53EC112B0EF0F1FB9FEDD2
:102A6000BE1B53EC112B0EF093FA41EC180BBC4833
:102A700000680EF0EDFD53EC182B0EF039FE0EF051
:102A8000A3FDCBF80000B748D9ED010A90ED050A87
:102A900030EE600A10EE100A0FF020F941EC100B36
:102AA00009F09AFB9FEDB08B51EC100B53EC182BF7
:102AB0000EF0E2FDBFF4F4AD98ED050AD9ED020A7F
:102AC00030EE600A10EE100A0FF008F941EC100B1E
:102AD00009F082FB53EC182B51EC100B0EF0CCFDDF
:102AE000E8D2A348D9ED030A90ED030A30EE600A5C
:102AF00010EE100A0FF0F2F841EC100B09F06CFB2D
:102B00001FED8D1B51EC100B53EC112B0EF0B4FD8F
:102B1000D0D29849386988427FF4C2AD9649B06BEB
:102B20008842F9D189F80150CAF80040CBF800403A
:102B3000724804707DE55A468BF8004206231370F4
:102B40004FF0020B82F801B29FED8C2A6F4A82EDA2
:102B5000002A6F4AB2EE042A82ED002AC6ED0EAAC0
:102B6000B1EE042A86ED0F2A1FEDB02A86ED052A64
:102B700086ED068A86ED078AF7EE082AC7ED042A55
:102B80001FEDA72A87ED052A1FEDB53A87ED0A3A12
:102B900087ED0B8A87ED0C8A654AC2ED042A82ED27
:102BA000052A82ED0A3A82ED0B8A82ED0C8A0E46E6
:102BB000012854D1DAF80000822850DD89F810404D
:102BC00089F81150F8EEC02A9FED6D3AB0EE432A15
:102BD00002EEA82AC2EE292A72EE892A72EEA00A13
:102BE000C9ED010AB8EEC00AB0EE432A00EE282A69
:102BF00082EE0A0A30EE490A30EE010A89ED020A35
:102C000031EEE00A10EE100A0FF068F841EC100BFC
:102C100009F0E2FA1FEDD48B51EC100B53EC182B9A
:102C20000EF02AFD1BD298ED050AD9ED020A30EE0E
:102C3000600A10EE100A0FF051F841EC100B09F089
:102C4000CBFA53EC182B51EC100B0EF015FD06D2FD
:102C500089F801B03470B1EE000A89ED030A4148E9
:102C6000D9ED010A90ED050A30EE600A10EE100A67
:102C70000FF034F841EC100B09F0AEFA1FEDEE8BBB
:102C800051EC100B53EC182B0EF0F6FCBFF408AD12
:102C900098ED050AD9ED020A30EE600A10EE100A2E
:102CA0000FF01CF841EC100B09F096FA53EC182BBE
:102CB00051EC100B0EF0E0FCE8D2307800287FF4E5
:102CC000EFAC3048807900283FF4EAACCAF8004005
:102CD0003570AEE4884658B9CAF8004088F800500C
:102CE0008BF8004206208BF8000003208BF80102CD
:102CF0002448C07901284BD146E00000160E002080
:102D0000000000A09999C93F00004843C810002066
:102D1000CC100020F9021550C0100020C410002073
:102D2000BC1000209A991940CDCCCC3D20BC3E4D22
:102D3000240C00200000B242780C00207C0C002003
:102D4000000048448EE378409A9999999999C93F2F
:102D50000000000000407F409A9999999999E93FB5
:102D6000E8000020CC600020000000408941F43FD2
:102D7000A86000209A9919400000484400007A4356
:102D800000003443E1100020B0EE000A89ED030A90
:102D9000DAF80000B4283EDD9FEDFE0AFE4880ED23
:102DA000000AFE4880ED000A89F8104089F81140B9
:102DB0009FEDFB0A86ED0E0AB1EE000A86ED0F0AC2
:102DC0009FEDF80A86ED050A86ED068A86ED078AEC
:102DD0009FEDF50A87ED040ADFEDF40AC7ED050A59
:102DE0009FEDF31A87ED0A1A87ED0B8A87ED0C8A9F
:102DF000F04880ED040AC0ED050A80ED0A1A80ED66
:102E00000B8A80ED0C8AB0EE000A89ED030A8BF87C
:102E100000428BF8014299ED030A32EE400A10EEAF
:102E2000100A0EF05BFF41EC100B09F0D5F99FED95
:102E3000E21B51EC100B53EC112B0EF01DFCBFF4F8
:102E40002FAC99F8110000287FF42AACDC480470FC
:102E500089F8004089F8014088F80040D9F814004A
:102E6000401CC9F814001BE4894618B9CAF8004090
:102E700089F800508BF8004206208BF800008BF890
:102E80000142D04D2C746C74B3EE082A86ED0E2AE4
:102E9000B1EE002A86ED0F2A9FEDCB2A86ED052A9A
:102EA00086ED068A86ED078ADFEDBF2AC7ED042A84
:102EB0009FEDBE3A87ED053A9FEDC42A87ED0A2AB9
:102EC00087ED0B8A87ED0C8ABA48C0ED042A80EDA5
:102ED000053A03E0FEE329E377E26CE080ED0A2A9D
:102EE00080ED0B8A80ED0C8AF8EEC02A9FEDB83A8F
:102EF000B0EE432A12EEA82AC2EE292A72EE892ADF
:102F000072EEA00AC5ED010AB8EEC00AB0EE432A7F
:102F100010EE282A82EE0A0A30EE490A30EE010A43
:102F200085ED020A1FED810A85ED030A31EEE00A04
:102F300010EE100A0EF0D2FE41EC100B09F04CF925
:102F40009FEDA48B51EC100B53EC182B0EF094FB5F
:102F500089D298ED050AD5ED020A30EE600A10EE2E
:102F6000100A0EF0BBFE41EC100B09F035F953ECE2
:102F7000182B51EC100B0EF07FFBE9D29748D5EDE2
:102F8000030A90ED030A30EE600A10EE100A0EF00C
:102F9000A5FE41EC100B09F01FF99FED911B51ECC0
:102FA000100B53EC112B0EF067FBD1D205202870CB
:102FB00089F800401DE4834A93783BB1012B7DD012
:102FC000022BF7D18946002879D04DE1DFED861A32
:102FD000714BC3ED001A714BF2EE041AC3ED001AE7
:102FE000884658B9CAF8004088F800508BF800426B
:102FF00006208BF8000004208BF80102914614741F
:1030000089F81150F3EE0E1AC6ED0E1AF1EE001A01
:10301000C6ED0F1ADFED6C2AC6ED052A86ED068A8D
:1030200086ED078AF7EE002AC7ED042A9FED6F3A76
:1030300087ED053ADFED653AC7ED0A3A87ED0B8A71
:1030400087ED0C8A5B48C0ED042A80ED053AC0ED9F
:103050000A3A80ED0B8A80ED0C8AB8EEC03ADFEDBB
:103060005C3AF0EE632A53EE282A82EEA93A33EE58
:10307000093A73EE200AC9ED010AB8EEC00AF0EE73
:10308000632A50EE282A82EE8A0A30EE490A30EE90
:10309000010A89ED020AC9ED031A32EE610A10EE47
:1030A000100A0EF01BFE41EC100B09F095F89FED95
:1030B000501B51EC100B53EC112B01E009E0CFE059
:1030C0000EF0DAFABFF476AF89F8025088F80040C3
:1030D00030E5894618B9CAF8004089F80050DAF896
:1030E0000000B0F5FA7F4CDD15745574B3EE0E2A6E
:1030F00086ED0E2AF1EE003AC6ED0F3A9FED322A28
:1031000086ED052A86ED068A86ED078AB7EE002A47
:1031100087ED042ADFED352AC7ED052A9FED2B3A0E
:1031200087ED0A3A87ED0B8A87ED0C8A214880EDFE
:10313000042AC0ED052A80ED0A3A80ED0B8A80ED65
:103140000C8A9FED2D3AF8EEC02AB0EE432A12EE1B
:10315000A82AC2EE292A72EE892A72EEA00AC2EDCE
:10316000010AB8EEC00AB0EE432A10EE282A82EE19
:103170000A0A30EE490A30EE010A82ED020AC2ED77
:10318000033A92ED010A154631EEC00A10EE100A1C
:1031900034E0000000000000C8100020CC10002027
:1031A0000000C842286BEE4D6666663F295C8F3D85
:1031B00000401C46240C0020000000403333D33F65
:1031C000EE000020FC0D00200050434700803B45EE
:1031D00000003E43000000408941E43FA860002019
:1031E000000000A09999B93F000016C30AD7A33D7B
:1031F000000000A09999D93F000087430EF06EFDB2
:1032000041EC100B08F0E8FF9FEDFE8B51EC100B2A
:1032100053EC182B0EF030FABFF45AAF98ED050AB4
:10322000D5ED020A30EE600A10EE100A0EF056FDDF
:1032300041EC100B08F0D0FF53EC182B51EC100BA5
:103240000EF01AFAE8D2287C01287FF441AF022060
:10325000A87089F800408BF800428BF8014269E4BD
:10326000CAF8004089F8005015745574F3EE0E1A30
:10327000C6ED0E1AF1EE001AC6ED0F1AF2EE001AA4
:10328000C6ED051A86ED068A86ED078AB7EE003A86
:1032900087ED043A5FED2B1AC7ED051ADFEDDB2A47
:1032A000C7ED0A2A87ED0B8A87ED0C8AD84880ED96
:1032B000043AC0ED051AC0ED0A2A80ED0B8A80EDB4
:1032C0000C8AF8EEC02A9FEDD33AF0EE431A52EE84
:1032D000A81AC1EEA92A72EE892A72EEA00AC2EDDE
:1032E000010AB8EEC00AF0EE431A50EE281A81EE39
:1032F0008A0A30EE490A30EE010A82ED020A9FED99
:10330000C60A82ED030ADAF80000B0F57A7F01DD23
:103310001474547432EE400A934610EE100A0EF004
:10332000DDFC41EC100B08F057FF9FEDBC1B51EC8E
:10333000100B53EC112B0EF09FF92CD2B948DBED9A
:10334000010A90ED050A30EE600A10EE100A0EF048
:10335000C5FC41EC100B08F03FFF9FEDB38B51EC27
:10336000100B53EC182B0EF087F914D298ED050AC8
:10337000DBED020A30EE600A10EE100A0EF0AEFC31
:1033800041EC100B08F028FF53EC182B51EC100BFC
:103390000EF072F905D3DAF80000B0F5966F7FF7FA
:1033A00097AE8BF800408BF8024089F800401FED83
:1033B000870A9F4880ED000A9E4880ED000ADBF8EE
:1033C0001400401ECBF8140083E4894618B9CAF8EB
:1033D000004089F80050DFF860B28BF810508BF88D
:1033E0001150B3EE082A86ED0E2AB1EE002A86EDC2
:1033F0000F2AB2EE002A86ED052A86ED068A86EDB2
:10340000078A1FED973A87ED043A1FED982A87ED5A
:10341000052AF3EE0E2AC7ED0A2A87ED0B8A87EDFF
:103420000C8A7B4880ED043A80ED052AC0ED0A2A1B
:1034300080ED0B8A80ED0C8AF8EEC02AB2EE043AD9
:10344000B0EE432A02EEA82AC2EE292A72EE892A99
:1034500072EEA00ACBED010AB8EEC00AB0EE432A24
:1034600000EE282A82EE0A0A30EE490A30EE010AFE
:103470008BED020A9FED680A8BED030ADAF8000073
:10348000B0F5617F03DB8BF810408BF8114031EE13
:10349000E00A10EE100A0EF021FC41EC100B08F0CF
:1034A0009BFE9FED618B51EC100B53EC182B0EF033
:1034B000E3F82CD298ED050ADBED020A30EE600A43
:1034C00010EE100A0EF00AFC41EC100B08F084FE1E
:1034D00053EC182B51EC100B0EF0CEF817D25748C6
:1034E000DBED030A90ED030A30EE600A10EE100ADD
:1034F0000EF0F4FB41EC100B08F06EFE9FED471B45
:1035000051EC100B53EC112B0EF0B6F805D3DAF892
:103510000000B0F5966F7FF757AF8BF800408BF83F
:1035200002408BF8014089F800409CE4894650B97C
:10353000CAF8004089F800508BF8004206208BF84A
:1035400000008BF80142DFF8F0A08AF810508AF8EA
:1035500011509FED3B2A86ED0E2AB1EE042A86ED2E
:103560000F2A9FED382A86ED052A86ED068A86ED1C
:10357000078AB0EE002A87ED042ADFED332AC7ED73
:10358000052A9FED323A87ED0A3A87ED0B8A87EDDF
:103590000C8A1F4880ED042AC0ED052A80ED0A3A06
:1035A00080ED0B8A80ED0C8A9FED293AF8EEC02A57
:1035B000B0EE432A02EEA82AC2EE292A72EE892A28
:1035C00072EEA00ACAED010AB8EEC00AB0EE432AB4
:1035D00000EE282A82EE0A0A30EE490A30EE010A8D
:1035E0008AED020A9FED1B0A8AED030A31EEE00A1A
:1035F00010EE100A0EF072FB41EC100B08F0ECFD1F
:103600002AE00000000000408941F43F00000C4225
:10361000240C00200000AF43C7711C4000000000D4
:103620000000E03FCC6000200000000000000040EF
:10363000C8100020CC100020FC0D0020A860002045
:103640000000484320BCBE4CCDCCCC3D0024F44906
:103650000000AA428EE378401FED168B51EC100B50
:1036600053EC182B0EF008F8BFF45FAF98ED050A85
:10367000DAED020A30EE600A10EE100A0EF02EFBB0
:1036800041EC100B08F0A8FD53EC182B51EC100B7B
:103690000DF0F2FFE8D26248DAED030A90ED030A7A
:1036A00030EE600A10EE100A0EF018FB41EC100B21
:1036B00008F092FD9FED5B1B51EC100B53EC112BAE
:1036C0000DF0DAFFD0D28AF800508AF801408AF86B
:1036D000024000E002E089F800406BE4894618B936
:1036E000CAF8004089F800508BF8004206208BF899
:1036F00000008BF801424D4D2C746C749FED4C2AE8
:1037000086ED0E2AB1EE042A86ED0F2A9FED492A96
:1037100086ED052A86ED068A86ED078AB7EE003A21
:1037200087ED043ADFED442AC7ED052A9FED432AD1
:1037300087ED0A2A87ED0B8A87ED0C8A404880EDD9
:10374000043AC0ED052A80ED0A2A80ED0B8A80ED4F
:103750000C8AF8EEC02AB2EE003AB0EE432A02EE2E
:10376000A82AC2EE292A72EE892A72EEA00AC5EDB5
:10377000010AB8EEC00AB0EE432A00EE282A82EE13
:103780000A0A30EE490A30EE010A85ED020A9FED81
:103790002D0A85ED030A31EEE00A10EE100A0EF054
:1037A0009DFA41EC100B08F017FD9FED278B51ECB3
:1037B000100B53EC182B0DF05FFF8ED298ED050A1D
:1037C000D5ED020A30EE600A10EE100A0EF086FA0D
:1037D00041EC100B08F000FD53EC182B51EC100BD2
:1037E0000DF04AFFE9D20E48D5ED030A90ED030A29
:1037F00030EE600A10EE100A0EF070FA41EC100B79
:1038000008F0EAFC9FED121B51EC100B53EC112B4E
:103810000DF032FFD1D20720287089F8004057E41C
:10382000A8600020000000403333D33FFC0D00208F
:103830000000C8428096984A0AD7A33D00401C4623
:10384000240C0020AAAA2A3F000000408941E43F3E
:10385000000000A09999B93F70B504462DED048B86
:103860000D46B0EE608AF0EE418AB0EE619AF0EE5D
:10387000429A84ED0D0A04F11800FEF73FF894ED2A
:10388000060A84ED030A84ED028AC4ED018A84ED00
:10389000049AC4ED059A20460AF0E4FFBDEC048BBF
:1038A00004F140012846BDE87040112202F0B8BC86
:1038B00010B52DED068BB0EE40AA10EE900A0EF07A
:1038C0000DFA9FED189B41EC100BB0EE491AF0EE8B
:1038D000691A08F01DFDB0EE408AF0EE608A1AEE1B
:1038E000100A0EF0FBF941EC100BB0EE491AF0EEA5
:1038F000691A08F00DFDB0EE401AF0EE601A53ECB4
:10390000182B51EC110B0DF043FB41EC100B09F09F
:1039100021FF51EC100B0DF009FBBDEC068B00EE06
:10392000100A10BD00000000000000404A7809782D
:1039300042EA012100EE101AB8EE400A80ED080AB2
:10394000704700008878C978020604D5054A42EA23
:103950000020084301E041EA002000EE100AB8EE22
:10396000C00A70470000FFFF90F82020012A07D00E
:10397000022A05D0416A41F480214162012070474A
:10398000006842690A43426100207047F0B590F830
:1039900020500468A468012D07D0022D05D0416A8B
:1039A00041F4802141620120F0BD04F0806504F003
:1039B0000066354301D1E50053D5C4F30164012508
:1039C000A5401D608B684FF4C0759BB1CE6805EBB8
:1039D000041733434E6843EAC6030668F3514FF4B5
:1039E000C273076803EB04130E69FE50097D0129B9
:1039F00009D00DE00E88CB6805EB041743EA465367
:103A00000668F351EBE70168CE5846F48076CE5055
:103A10001179D379567941EA036193791B0443EA1A
:103A2000062319434FF4C676036806EB0416995132
:103A30001178D37841EA0361937852781B0443EA02
:103A4000022211434FF4C473026803EB0413D150F4
:103A5000006805EB0411425842F001024250002078
:103A6000F0BD416A41F4001141620120F0BD000047
:103A700010B590F82020012A07D0022A05D0416A0B
:103A800041F480214162012010BD3C4800F50070E6
:103A9000026842F001020260026822F47C52026075
:103AA00002684B6A42EA032202600A7D02F01F03A9
:103AB00001229A40C3699343C361A0F50070CB69AA
:103AC000B3B9D0F80C329343C0F80C328C894B68F0
:103AD00064F31F434C6900EBC404C4F840320C8902
:103AE0000B6864F31F434C6900EBC404C4F8443210
:103AF000CB69012B16D1D0F80C321343C0F80C322D
:103B00000C884B6864F31F434C6900EBC404C4F891
:103B100040320C89CB6864F31F434C6900EBC4044A
:103B2000C4F844328B697BB1D0F804321343C0F837
:103B300004320B6973B1D0F814321343C0F8143255
:103B4000096A01290CD010E0D0F804329343C0F880
:103B50000432EEE7D0F814329343C0F81432EFE7A2
:103B6000D0F81C121143C0F81C12D0F8001221F03A
:103B70000101C0F80012002010BD000000640040E8
:103B8000704770B590F82040012C07D0022C05D06A
:103B9000416A41F480214162012070BD21B1046875
:103BA0002469A4072AD003E00468E468A4071FD0AE
:103BB0004FF4D874056804EB01142D5905F0040581
:103BC00095600DB305682D59ED08556005682C59B1
:103BD00004F00204D4604FF4DA74056804EB0114B5
:103BE0002E5906F00F06082E13D30825156114E090
:103BF000416A41F400114162012070BD416A41F403
:103C000000114162012070BD05682D596D0D1560D0
:103C1000DCE72D5905F00F05156105682D59C5F331
:103C20000725956105682C59240C54614FF4DC720A
:103C3000046802EB0112A4581C700468A458240AFA
:103C40005C700468A458240C9C700468A258120E7E
:103C5000DA704FF4DE72046802EB0112A4581C7192
:103C60000468A458240A5C710468A458240C9C714C
:103C70000468A258120EDA7131B10068016941F08E
:103C800020010161002070BD0068C16841F0200181
:103C9000C160F7E72DE9F05F054600242868466912
:103CA000D0F804908768D0F80CA0D0F810B0D0F805
:103CB0001880F10748D0F90714D001218160B807B6
:103CC00003D5284600F07AFC0CE0780702D54FF4C3
:103CD000006407E0380702D54FF4805402E028461C
:103CE00000F06BFCF80516D529684FF480708860E9
:103CF000B80503D5284600F063FC0CE0780502D532
:103D000044F4005407E0380502D544F4804402E04E
:103D1000284600F054FCF80316D529684FF480308B
:103D20008860B80303D5284600F04CFC0CE078030B
:103D300002D544F4004407E0380302D544F480344B
:103D400002E0284600F03DFC300707D55FEACA6074
:103D500004D544F4007429681020C86070074FF03F
:103D6000080707D55FEA0A7004D52868C7602846A7
:103D700000F0BAF9B00706D52868C068800702D0FD
:103D8000284600F0B3F9700607D55FEACB6004D58A
:103D900044F48064296810200861B00607D55FEA02
:103DA0000B7004D528680761284600F0D7FBF006A1
:103DB00006D528680069800702D0284600F0CFFBAE
:103DC000B00308D55FEAC96005D5296810204860AE
:103DD000284600F0C5FBF00307D55FEA097004D55B
:103DE00028684760284600F0EEFB300446D55FEABD
:103DF000497040D5F00504D55FEAC87001D044F0A1
:103E00000104B00504D55FEA887001D544F00204CE
:103E1000700504D55FEA487001D544F0040430050C
:103E200029D518F0700F26D008F07000402815D062
:103E300006DC102809D020280AD0302816D10AE044
:103E400050280ED0602811D10EE044F008040DE097
:103E500044F010040AE044F0200407E044F0400479
:103E600004E044F0800401E044F48074286881692F
:103E700021F070018161296804204860002C05D080
:103E8000686A204368622846FFF77AFEBDE8F09F23
:103E900070B50446002C03D094F8200010B104E063
:103EA000012070BD204600F09DF82068016841F0B7
:103EB0000101016000F05CFE054605260CE000F003
:103EC00057FE401B0A2807D9606A40F40030606240
:103ED00084F82060012070BD20684068C007EED0E3
:103EE0002068016821F00201016000F041FE0546F2
:103EF0000CE000F03DFE401B0A2807D9606A40F440
:103F00000030606284F82060012070BD2068406845
:103F10008007EED4207E01283FD02068016821F080
:103F200080010160607E01283DD02068016821F099
:103F300040010160A07E01283BD02068016821F08B
:103F400020010160E07E012839D02068016841F03D
:103F500010010160207F012837D02068016821F01E
:103F600008010160607F012835D02068016821F0D8
:103F700004010160D4E902010843D4E904121143A9
:103F800008436168491E08432168C86100206062D7
:103F9000012084F82000002070BD2068016841F0F5
:103FA00080010160BEE72068016841F040010160C6
:103FB000C0E72068016841F020010160C2E7206885
:103FC000016821F010010160C4E72068016841F038
:103FD00008010160C6E72068016841F00401016042
:103FE000C8E700002DE9F04387B00446142102A879
:103FF000FCF7D2FA384D394BDFF8D890296822689F
:104000000126364C02273648491C10334FF0030C6A
:104010004FF009084A4529D12960012907D11968BB
:1040200041F000711960196801F000710191216877
:1040300041F002012160216801F0020101914FF479
:104040004071029103970496CDF814C0CDF8188002
:1040500002A900F09DFC00220521142000F026FE9C
:10406000142000F015FE07B0BDE8F083DFF874906F
:104070004A45F8D11A6842F080621A601A6802F064
:10408000806201922960012907D1196841F000710D
:104090001960196801F000710191216841F0020175
:1040A0002160216801F002010191602102910397D2
:1040B0000496CDF814C0CDF8188002A900F068FC71
:1040C00000220521402000F0F1FD402000F0E0FD3D
:1040D000C9E70000006400401800002030380240AA
:1040E0000004024000680040704700002DE9F043E2
:1040F00080462DED028B87B0FA49FB4F9FEDFB8A7E
:10410000DFEDFB8AD8F80000FA4DFB4C884256D10F
:104110002B466A4600214046FFF733FD0099B1F572
:10412000017F5AD008DCA1F50071013962D0012964
:1041300046D00229EBD19DE0A1F50071053904D0EC
:104140000B297DD01B29E2D1D2E0EC482968C0F8C8
:1041500021116968C0F8251100F221118946FFF785
:10416000E5FBE64E86ED080A49466846FFF7EAFB9E
:1041700086ED090A96ED080A3046BCEEC00A10EE3C
:10418000101AFCF77CFA96ED030A96F81501B8EEC2
:10419000C00A20EE080A60EE280A00EE100AB8EE07
:1041A000400A80EE801A86ED0A1A00EE100AD6ED5B
:1041B000090AB8EE400A80EE801A86ED0B1AD7E0A5
:1041C000A088401CA080CE48296881626968C162CD
:1041D00090ED0B0A87ED2B0ACAE02089401C208154
:1041E000C848296881626968C16290ED0B0A87ED51
:1041F000400ABDE0E088401CE080C3482968C0F860
:1042000021116968C0F8251100F221118946FFF7D4
:104210008DFBBD4E86ED080A49466846FFF792FBC6
:1042200086ED090A96ED080A3046BCEEC00A10EE8B
:10423000101AFCF724FA96ED030AB8EEC00A00E063
:1042400060E020EE080A96F8150160EE280A00EEFC
:10425000100AB8EE400A80EE801A86ED0A1A00EEC7
:10426000100AD6ED090AB8EE401A80EE810A86EDF2
:104270000B0A7DE06089401C6081A4482968C0F871
:1042800021116968C0F8251100F221118946FFF754
:104290004DFB9E4E86ED080A49466846FFF752FBE5
:1042A00086ED090A96ED080A3046BCEEC00A10EE0B
:1042B000101AFCF7E4F996ED030A96F81501B8EE2A
:1042C000C00A20EE080A60EE280A00EE100AB8EED6
:1042D000400A80EE801A86ED0A1A00EE100AD6ED2A
:1042E000090AB8EE400A80EE801A86ED0B1A3FE00C
:1042F000A089401CA081864928780870854906F06D
:10430000C0FB35E0E089401CE081102279498248F9
:10431000FCF7A1F88049488800EE100AF8EE400A40
:104320009FED7E1A9FED7E0A7E4800EE810A80EDA9
:10433000030A0A8800EE102AF8EE400A9FED7A1A66
:104340009FED7A0A00EE810A80ED040A8A8800EE69
:10435000102AB8EE400A80ED050A80ED090AC988E6
:1043600000EE101AB8EE400A80ED060A80ED0A0A47
:104370006F49D8F80000884251D15E4B6A46083335
:1043800000214046FFF7FDFB009A40F20221A2F215
:1043900002208A4259D047DC912A7CD0A2F50072D3
:1043A000013A3CD1608A401C60826248A968C0F82A
:1043B0002111E968C0F8251100F221110D46FFF71F
:1043C000B5FA5C4C84ED080A29466846FFF7BAFA4C
:1043D00084ED090A94ED080A2046BCEEC00A10EEEE
:1043E000101AFCF74CF994ED030A94F81501B8EE95
:1043F000C00A20EE080A60EE280A00EE100AB8EEA5
:10440000400A80EE801A84ED0A1A00EE100AD4EDFC
:10441000090AB8EE400A80EE801A84ED0B1A07B044
:10442000BDEC028BBDE8F08301281BD00228F6D139
:10443000A08A401CA0824048A9688162E968C162E4
:1044400090ED0B0A87ED160AE9E7208A401C2082CE
:104450003A48A9688162E968C16290ED0B0A87ED6C
:10446000010ADCE7E08A401CE0823548A968C0F810
:104470002111E968C0F8251100F221110D46FFF75E
:1044800055FA2F4C84ED080A29466846FFF75AFA78
:1044900084ED090A00E055E094ED080A2046BCEEE0
:1044A000C00A10EE101AFCF7EAF894ED030A94F82B
:1044B0001501B8EEC00A20EE080A60EE280A00EEE8
:1044C000100AB8EE400A80EE801A84ED0A1A00EE57
:1044D000100AD4ED090AB8EE400A80EE801A84ED85
:1044E0000B1A9CE700640040880C00200000003993
:1044F0000000B443AC0000203C620020F00000202B
:1045000048030020A0050020500A002024090020B4
:10451000E0100020E1100020EC610020F78AF03D5F
:10452000EE414A42F86100209CC4303FCDCCC242EB
:1045300000680040CC060020740400201C0200200B
:10454000F8070020208B401C20830249024801F01C
:104550003FFF64E7A8600020B40000207047704768
:10456000704770B5044694F82000012805D0606AB1
:1045700040F400206062012070BD022084F8200019
:104580002068016821F00101016000F0F1FA0546A0
:104590000DE000F0EDFA401B0A2808D9606A40F4EB
:1045A00000306062052084F82000012070BD206882
:1045B0004068C007EDD1606270BD704770477047BA
:1045C00070477047704770472DE9F0410446A76D6A
:1045D00000F0CEFA054694F835000026022806D0F1
:1045E0008020606584F834600120BDE8F081206897
:1045F000016821F0160101602068416921F0800105
:104600004161206C08B9A06C20B12068016821F0DC
:10461000080101602068016821F0010101600BE0E0
:1046200000F0A6FA401B052806D920203434206269
:10463000032060702670D8E720680068C007EFD1BB
:1046400034343F2094F828108840B860012060700E
:1046500026700020C9E790F83510022903D0802188
:10466000416501207047052180F835100068016818
:1046700021F0010101600020704700002DE9F8439E
:1046800004464FF00009CDF800906F484FF41651E2
:104690000068B0FBF1F7A56D2E6894F85C00082265
:1046A00002FA00F1314210D02068016849070CD5A8
:1046B000016821F00401016094F85C0002FA00F145
:1046C000A960606D40F00100606594F85C104FF0E7
:1046D000010808FA01F0304208D02168496909064A
:1046E00004D5A860606D40F00200606594F85C102D
:1046F00004208840304208D021680968890704D521
:10470000A860606D40F00400606594F85C101020B3
:104710008840304220D02168096809071CD5A8606C
:104720002068016849030CD50068000304D4216C9B
:1047300091B1204688470FE0A16C69B120468847B7
:104740000AE00168C90503D4016821F0080101608D
:10475000216C09B12046884794F85C1020208840DD
:1047600030424CD021680968C90648D5A86094F841
:10477000350005280BD020680168490330D5006852
:10478000000328D4616C51B32046884737E0206885
:10479000016821F0160101602068416921F0800163
:1047A0004161206C08B9A06C20B12068016821F03B
:1047B0000801016094F85C103F208840A86084F8EC
:1047C000358084F83490216D00293BD001B020461B
:1047D000BDE8F0430847E16B09B1204688470EE089
:1047E0000168C90507D4016821F01001016084F84F
:1047F000358084F83490E16B09B120468847606DBC
:1048000000281FD0606DC00714D0052084F8350043
:104810002068016821F0010101600098401C0090AF
:10482000B84203D820680068C007F6D184F8358004
:1048300084F83490E16C002904D001B02046BDE832
:10484000F0430847BDE8F883280000202DE9F04137
:10485000044600F08DF905465CB1022084F835006D
:10486000002684F834602068016821F001010160AD
:104870000DE00120BDE8F08100F07AF9401B052829
:1048800005D920206065032084F83500F2E7206810
:104890000068C007F0D121680A6820480240D4E9C6
:1048A00001031843D4E903352B43184363691843C4
:1048B000A3691843E3691843236A18431043626AE3
:1048C000042A03D1D4E90B231A431043086020685B
:1048D000406920F00700656A29460543012704293D
:1048E0000DD1A06A0543E06A48B12046FDF73EFCC1
:1048F00028B14020606584F835700120BAE720684F
:1049000045612046FDF71CFC94F85C203F21914056
:104910008160666584F835700020ABE73F8010F059
:104920002DE9F04104460025A66D94F834000128D5
:104930000DD0012084F8340094F835700020012F48
:1049400007D084F8340002252846BDE8F081022013
:10495000FBE7022784F8357060652046FDF742FCCE
:1049600094F85C103F208840B0602068016841F0F6
:1049700016010160206C20B12068016841F0080137
:1049800001602068016841F001010160DCE700007E
:104990002DE9F84F0022DFF89C914FF00108032722
:1049A0004FF00F0C09F1040AA9F1040B08FA02F503
:1049B0000B682B40AB426ED10C7904F00304012C40
:1049C00001D0022C15D18668540007FA04FE26EAAD
:1049D0000E06D1F80CE00EFA04FE4EEA060EC0F800
:1049E00008E04468AC430D79C5F3001595402543B4
:1049F00045600C79E443A40708D0C568540007FA61
:104A000004F6B5438E68A6402E43C6600C7904F0C8
:104A10000304022C11D1D40800EB8406356A540734
:104A2000E40E0CFA04FE25EA0E05D1F810E00EFAA9
:104A300004FE4EEA050EC6F820E00568540007FAA9
:104A400004F6B5430E7906F00306A6402E43066031
:104A50004C6814F4403F67D0374C256845F48045D6
:104A60002560246804F480440094344C22F003054B
:104A70002E19D6F8085894074FEA147E0CFA0EF453
:104A8000A5432F4CA04201D1002424E02D4CA0428C
:104A900002D101241FE047E02B4CA04201D10224A7
:104AA00019E02A4CA04201D1032414E0284CA04272
:104AB00001D104240FE0274CA04201D105240AE0D3
:104AC000254CA04201D1062405E0244CA04201D18E
:104AD000072400E0082404FA0EF42C43C6F8084822
:104AE000D9F800409C434D68ED0200D51C43C9F83D
:104AF0000040DAF800409C434D68AD0200D51C43ED
:104B0000CAF80040DBF800409C434D68AD0300D577
:104B10001C43CBF80040074D083D2C689C434E6871
:104B2000F60300D51C432C60521C102AFFF43EAF44
:104B3000BDE8F88F083C0140443802400030014095
:104B4000000002400004024000080240000C024045
:104B5000001002400014024000180240001C0240F5
:104B6000002A01D08161704709048161704700000B
:104B700001488068704700001C00002002488168DE
:104B800002781144816070471C00002010B50B486A
:104B9000016841F400710160016841F480610160C5
:104BA000016841F480710160032000F09FF80F203C
:104BB00000F006F800F050F8002010BD003C024064
:104BC00030B587B0054600241E48016841F0100149
:104BD0000160006800F01000009001A902A800F038
:104BE0003DF90598A8B100F05DF940001649B0FB09
:104BF000F1F1491E1648154A026040F2E732C260E0
:104C0000416004618460846100F0ECFC04461CB1E6
:104C100015E000F047F9E9E70D4800F025FD0446EE
:104C20006CB9362000F034F8102D07D20022294646
:104C3000362000F03BF80748056000E0012407B08B
:104C4000204630BD4038024040420F000010004076
:104C5000E41600202000002082B00C48016841F4D6
:104C600080410160006800F4804001900748001F07
:104C7000016841F080510160006800F080500190AF
:104C800000220F21901E02B000F010B844380240FC
:104C9000002809DB00F01F0201219140400980003B
:104CA00000F1E020C0F8001170470000F0B40D469C
:104CB0000D4B1B68C3F30223C3F10704042C00D976
:104CC0000424191D072901D2002300E0DB1E012660
:104CD00006FA04F1491E294099409E40761E16406E
:104CE0003143F0BC06F095BD0CED00E000F007018B
:104CF000054A10684FF6FF03184040EA01200349B7
:104D000008431060704700000CED00E00000FA0559
:104D10002DE9F04704460D46002C13D0DFF828910A
:104D2000D9F80000EFB200F00700A8420CD289F8D1
:104D30000070D9F8000000F00700A84204D001205C
:104D4000BDE8F0870120FBE72068404E810712D5BF
:104D5000400703D5306840F4E05030602078000709
:104D600003D5306840F4604030603068A16820F0BE
:104D7000F000084330602078C00731D033496068C4
:104D80000839012808D002280BD0032809D0096867
:104D900089070BD40120D3E70968890306D40120D1
:104DA000CEE70968890101D40120C9E7316821F003
:104DB000030101433160FFF7DBFE804641F2883A90
:104DC00007E0FFF7D5FEA0EB0800504501D903200E
:104DD000B6E73068616800F00C00B0EB810FF0D1ED
:104DE000D9F8000000F00700A84209D989F800703E
:104DF000D9F8000000F00700A84201D001209FE789
:104E00002078400705D53068E16820F4E050084379
:104E100030602078000706D53068216920F46040B2
:104E200040EAC100306000F05DF83168084AC1F323
:104E30000311515CC8400749086007480068FFF744
:104E4000BFFE00207CE70000003C02400838024022
:104E50009820010828000020200000200F22026076
:104E60000B4A136803F003034360136803F0F00375
:104E70008360136803F4E053C360126802F4604275
:104E8000D20802610348006800F00700086070471C
:104E900008380240003C02400148006870470000AA
:104EA0002800002000B5FFF7F7FF04490968044A0D
:104EB000C1F38221515CC84000BD000008380240A7
:104EC000A820010800B5FFF7E7FF04490968044A74
:104ED000C1F34231515CC84000BD000008380240B7
:104EE000A820010810B51748006810F00C011648FA
:104EF00016D04310042912D0082911D1114C241FB7
:104F0000216801F03F02216849020AD52068C0F3F8
:104F10008810A0FB03010023FBF726FA09E01846DE
:104F200010BD21680023C1F38811A1FB0001FBF72C
:104F30001BFA2168C1F30141491C4900B0FBF1F0A3
:104F400010BD0000083802400024F4002DE9F84F9D
:104F50000446002C13D02078DFF8A083C007A8F106
:104F6000040556D008F104000168C1F3810101294C
:104F70000CD00068C0F38100022803D00DE00120AE
:104F8000BDE8F88FD8F80000400206D528688003F5
:104F90003FD5606870BB0120F2E76068B0F5803FE4
:104FA00010D0B0F5A02F12D0286820F480302860EF
:104FB000286820F4802028606068E0B1FFF7D8FD01
:104FC000064614E0286840F480302860F4E728683A
:104FD00040F480202860286840F480302860EBE7A7
:104FE000FFF7C6FD801B642801D90320C8E72868A5
:104FF0008003F5D50DE0FFF7BBFD064606E0FFF7A1
:10500000B7FD801B642801D90320B9E72868800315
:10501000F5D42078BA4F80074FF0000948D5B7483B
:10502000001D016811F00C0F08D00068C0F381006A
:10503000022813D1D8F8000040020FD42868800756
:1050400004D5E068012801D0012099E7286821698A
:1050500020F0F80040EAC100286029E0E068B8B11B
:1050600001203860FFF784FD064606E0FFF780FD6B
:10507000801B022801D9032082E728688007F5D524
:105080002868216920F0F80040EAC10028600FE09C
:10509000C7F80090FFF76CFD064606E0FFF768FDD5
:1050A000801B022801D903206AE728688007F5D40D
:1050B0002078000729D5DFF844A2924861690AF1F7
:1050C000700A89B101210160FFF752FD064606E032
:1050D000FFF74EFD801B022801D9032050E7DAF8C4
:1050E00000008007F4D510E0C0F80090FFF740FD05
:1050F000064606E0FFF73CFD801B022801D903208D
:105100003EE7DAF800008007F4D42078400778D52D
:105110004FF0000A79483C300068C0000BD4774853
:105120003C30016841F080510160006800F080501F
:1051300000904FF0010ADFF8D0B1DBF80000C005A5
:1051400014D4DBF8000040F48070CBF80000FFF7C7
:105150000FFD064606E0FFF70BFD801B022801D974
:1051600003200DE7DBF80000C005F4D5634EA0680E
:105170006C3601280FD0052812D0306820F00100CD
:105180003060306820F004003060A068F8B1FFF7AC
:10519000EFFC834617E0306840F001003060F4E730
:1051A000306840F004003060306840F0010030604A
:1051B000EBE7FFF7DDFCA0EB0B0141F28830814209
:1051C00001D90320DCE630688007F2D510E0FFF754
:1051D000CFFC834609E0FFF7CBFCA0EB0B0141F2CB
:1051E0008830814201D90320CAE630688007F2D4B2
:1051F000BAF1010F05D141483C30016821F08051DE
:105200000160A069C0B33D49091D09684FF0FF3630
:10521000C1F38101022946D0022805D0C7F8609069
:10522000FFF7A6FC04463AE0C7F86090FFF7A0FC41
:10523000814607E0FFF79CFCA0EB0900022801D99A
:1052400003209DE628688001F4D4D4E907010843CF
:10525000616AA26A890106EB520241EA02410843EF
:1052600094F82C1040EA0160C8F80000012038666C
:10527000FFF77EFC044607E03DE0FFF779FC001BEA
:10528000022801D903207BE628688001F5D532E0A9
:10529000FFF76EFC001B022801D9032070E6286886
:1052A0008001F5D427E0012823D0D8F80000E26976
:1052B00000F4800191421AD1226A00F03F0191422C
:1052C00015D147F6C071626A0140B1EB821F0ED161
:1052D000A26A00F4403106EB5202B1EB024F06D154
:1052E00094F82C1000F07060B0EB016F03D0012037
:1052F00046E6012044E6002042E600000438024071
:1053000000004742800E4742007000407047000096
:1053100038B50446206842688168C9434B060AD5FF
:10532000CB0708D1D3435B0605D4216C01B02046DE
:10533000BDE8304008478B0708D4D3431B0605D48B
:10534000616C01B02046BDE8304008478B0603D5AC
:105350004B0601D5CB0551D4D3439B064ED44B0607
:105360000AD494F85130032B49D0636D43F0040301
:105370006365C368836800938B0609D4636D43F04B
:105380000103636583680093036823F040030360AF
:10539000C80506D4606D40F008006065206880682C
:1053A0000090606D002829D02068416821F0E0015C
:1053B0004160012084F85100900701D4D00722D029
:1053C0002068416821F003014160114DE06C40B15B
:1053D0000565E06CFFF73FF918B1606D40F04000E3
:1053E0006065A06C002809D00565A06CFFF733F953
:1053F000002803D0606D40F04000606538BDC16892
:105400008068009038BD2046FFF780FF38BD00005F
:10541000899C000870B50446002C09D0606A0025FC
:1054200040B125616561A56294F8510040B10CE07E
:10543000012070BD6068B0F5827FF4D0E561F2E7CD
:1054400084F85050204600F045F8022084F85100BE
:105450002068016821F040010160A088218900F4E2
:10546000827001F404410843A18901F400610843FA
:10547000217C01F002010843217D01F00101084374
:10548000218B01F400710843217F01F038010843AA
:1054900094F8201001F080010843218D01F400519F
:1054A000084321680860A069042101EA104094F8CB
:1054B000241001F010010843216848602068C16988
:1054C00021F40061C1616565012084F8510000206C
:1054D00070BD000010B586B00446142101A8FBF78A
:1054E0005BF818492068884229D1002116480268D3
:1054F00042F480420260006800F48040009012484C
:105500001038026842F002020260006800F00200F7
:1055100000904FF46040019002200290039103201C
:1055200004900520059001A90848FFF731FA0022F0
:1055300005212420FFF7BAFB2420FFF7A9FB06B0C2
:1055400010BD000000380040403802400004024016
:105550007047704770B590F83C20012A31D0012681
:1055600080F83C60022280F83D200268546893680D
:1055700024F070050C682C435460134C0268A2425E
:1055800014D0B2F1804F11D0104CA2420ED0104C6A
:10559000A2420BD00F4CA24208D00F4CA24205D021
:1055A0000E4CA24202D00E4CA24204D123F0800342
:1055B0004968194391603C30467000210170002019
:1055C00070BD022070BD00000000014000040040DA
:1055D00000080040000C0040000401400040014071
:1055E0000018004010B50446002C03D094F83D008C
:1055F00010B107E0012010BD002084F83C002046D7
:1056000000F016F8022084F83D00211D206805F006
:1056100099F901203D3460726070A070E0702071D3
:105620006071A071E07120722070002010BD000038
:1056300008B50068B0F1804F12D10A48016841F006
:1056400001010160006800F00100009000220521C6
:105650001C20FFF72BFBBDE808401C20FFF718BB00
:1056600008BD00004038024090F83D10012901D0EB
:1056700001207047022180F83D100168CA6842F09D
:105680000102CA6000681449884214D0B0F1804F0A
:1056900011D0124988420ED0114988420BD01149CD
:1056A000884208D01049884205D01049884202D06B
:1056B0000F49884209D1816801F00701062908D005
:1056C000016841F00101016003E0016841F001015E
:1056D000016000207047000000000140000400400D
:1056E00000080040000C0040000401400040014060
:1056F0000018004070B50446002594F83C000128CD
:1057000017D0012684F83C60022084F83D00206810
:10571000826822F0770222F47F4282600868502873
:1057200038D00DDC202853D005DC90B3102811D1DF
:105730004EE0022070BD30284AD040280AD13DE01A
:10574000602831D070280CD0B0F5805F03D0B0F560
:10575000005F12D001253C3466700020207028467E
:1057600070BDCB68D1E90121206805F055F92068AA
:10577000816841F077018160EDE7CB68D1E90121D3
:10578000206805F049F92068816841F48041816012
:10579000E1E71DE0CA684968206805F04FF950212B
:1057A000206805F043F9D6E7CA684968206805F023
:1057B00056F96021206805F039F9CCE7CA684968D4
:1057C000206805F03BF94021206805F02FF9C2E779
:1057D00022680146104605F029F9BCE770472DE91B
:1057E000F04104462068C56806694FF00007B1071C
:1057F00014D5A90712D5F91E016101202077206870
:105800008069800703D02046FFF7E8FF05E02046C7
:1058100000F081F8204600F07FF82777700717D551
:10582000680715D521686FF0040008610220207711
:105830002068806910F4407F03D02046FFF7CEFF38
:1058400005E0204600F067F8204600F065F827776D
:10585000300716D5280714D521686FF008000861B5
:10586000042020772068C069800703D02046FFF716
:10587000B5FF05E0204600F04EF8204600F04CF859
:105880002777F00617D5E80615D521686FF01000C8
:105890000861082020772068C06910F4407F03D099
:1058A0002046FFF79BFF05E0204600F034F8204635
:1058B00000F032F82777F00708D0E80706D0216813
:1058C0006FF001000861204600F028F8300608D586
:1058D000280606D521686FF0800008612046FFF792
:1058E00037FE700608D5680606D521686FF04000BF
:1058F0000861204600F01CF8B0060AD5A80608D5B5
:1059000021686FF0200008612046BDE8F041FFF7F4
:1059100020BEBDE8F0817047704700000068034971
:10592000884201D1FFF72AB97047000000100040FB
:105930007047704708B590F84110212909D10168D6
:10594000143151E8002F42F0800241E80023002B7F
:10595000F5D190F84210222923D101680A684968DC
:105960000091016949B101680C3151E8002F42F4FE
:10597000807241E80023002BF5D10168143151E811
:10598000002F42F0010241E80023002BF5D101680D
:10599000143151E8002F42F0400241E80023002B6F
:1059A000F5D1002008BD10B5044620684069C0F359
:1059B000C01094F84110212911D180B12068143011
:1059C00050E8001F21F0800140E80012002AF5D1C4
:1059D000A06B08B1FEF7F8FD204605F071F92068CC
:1059E0004069C0F3801094F84210222911D180B18F
:1059F0002068143050E8001F21F0400140E80012F8
:105A0000002AF5D1E06B08B1FEF7DEFD204605F077
:105A100023F9002010BD000008B50B4A016891422F
:105A200011D10A684A6800920A684A6800920A68B6
:105A300049680091FFF7B7FFBDE80840102203490D
:105A4000034800F07DBB08BD004C00404C610020C5
:105A5000C4120020F8B5044622681068D168536962
:105A600000F00F06002E08D1850606D58D0604D558
:105A70002046BDE8F84005F031B90025002E66D07B
:105A800003F0010601F49077374360D0C20705D0D8
:105A9000CA0503D5626C42F001026264420705D573
:105AA000DA0703D0626C42F002026264820705D515
:105AB000DA0703D0626C42F004026264020707D581
:105AC00001F02002324303D0626C42F008026264AB
:105AD000626C002A31D0800604D5880602D52046A3
:105AE00005F0FCF820684069C0F38010616C09077C
:105AF00000D438B3204605F0AFF82068406940066E
:105B00001CD52068143050E8001F21F0400140E807
:105B10000012002AF5D1E06B60B15F490165E06BCE
:105B2000FEF799FD002808D0E06B016D01B0BDE8DB
:105B3000F04008472046FFF76FFFF8BD2046FFF70B
:105B40006BFFF8BD2046FFF767FF6564F8BD236B68
:105B5000012B7DD1C3067BD5CB0679D51068506863
:105B6000009050694FF0200340064FF002064FD5D9
:105B7000E26B1068406880B2DF00E8B3A18D81421B
:105B80003BD9E085D069B8422DD020680C3050E870
:105B9000001F21F4807140E80012002AF5D120682E
:105BA000143050E8001F21F0010140E80012002AE3
:105BB000F5D12068143050E8001F21F0400140E882
:105BC0000012002AF5D184F84230256320680C3099
:105BD00050E8001F21F0100140E80012002AF5D122
:105BE000E06BFEF7F1FC6663A08DE18D401A81B297
:105BF0002046FFF79EFEF8BDFFE7A18D8142FAD156
:105C0000D069B842F7D166632046FFF792FEF2E70B
:105C1000A08DE18D401A81B2E08D0028EBD00029E3
:105C2000E9D020680C3050E8002F22F4907240E850
:105C30000027002FF5D12068143050E8002F22F003
:105C4000010240E80027002FF5D184F8423000E03F
:105C50000FE0256320680C3050E8002F22F010027E
:105C600040E80023002BF5D166632046FFF761FE74
:105C7000C1E7020606D50A0604D52046BDE8F8406D
:105C800005F06CB94006B6D54806B4D52046BDE847
:105C9000F84005F008B8000011AB000870B50446E4
:105CA000002C04D094F84100002510B106E001203A
:105CB00070BD84F84050204600F024F8242084F879
:105CC00041002068C16821F40051C160204605F000
:105CD00069F82068016921F49041016120684169F7
:105CE00021F02A0141612068C16841F40051C1607E
:105CF0006564202084F8410084F842006563002038
:105D000070BD00002DE9F04F87B00446142102A8B1
:105D1000FAF742FCFE48DFF8F4E310380221D4F829
:105D200000C0FB4AFB4B00258E0607154FF001080B
:105D30004FF003094FF0080B4FF0400AF44570D1C3
:105D4000D2F800C04CF4002CC2F800C0126802F473
:105D500000220192026842F004020260006800F032
:105D6000040001904FF4406002900391CDF8108040
:105D7000CDF81490CDF818B002A91846FEF708FE29
:105D8000DFF89883E448C8F80000C8F80460C8F851
:105D90000850C8F80C50C8F81070C8F81450C8F86B
:105DA0001850C8F81C50C8F82050C8F82450404675
:105DB000FEF74CFD08B1FCF745FBC4F83C80C8F881
:105DC0003840DFF85883D44808F160083030C8F80C
:105DD0000000C8F80460C8F808A0C8F80C50C8F85B
:105DE0001070C8F81450C8F81850C8F81C50C8F8FB
:105DF0002050C8F824504046FEF728FD08B1FCF7B3
:105E000021FBC4F83880C8F838400022052134202E
:105E1000FEF74CFF3420FEF73BFF07B0BDE8F08FE4
:105E2000FFE7DFF8FCE2F4457ED1D2F800C04CF485
:105E3000801CC2F800C0126802F48012019202684D
:105E400042F004020260026802F004020192026859
:105E500042F008020260006800F0080001904FF470
:105E60008050029002200390CDF81080CDF814905D
:105E7000CDF818B002A91846FEF78AFD042002905A
:105E800002200390CDF81080CDF81490CDF818B012
:105E900002A9A448FEF77CFDDFF880829E4808F145
:105EA000C0083038C8F80000C8F80460C8F80850C6
:105EB000C8F80C50C8F81070C8F81450C8F818503A
:105EC000C8F81C50C8F82050C8F824504046FEF7C7
:105ED000BDFC08B1FCF7B6FAC4F83C80C8F83840FD
:105EE0008D48DFF844827830C8F80000C8F80460B4
:105EF000C8F808A0C8F80C50C8F81070C8F81450BA
:105F0000C8F81850C8F81C50C8F82050C8F82450D9
:105F10004046FEF79BFC08B1FCF794FAC4F83880C1
:105F2000C8F83840002200E007E005213520FEF7E0
:105F3000BDFE3520FEF7ACFE6FE7DFF8F0B10723BA
:105F4000DC4571D1724A121DD2F800C04CF0100C21
:105F5000C2F800C0126802F010020192026842F01A
:105F600001020260006800F0010001904FF4C0607F
:105F700002900391CDF81080CDF81490069302A9F9
:105F80006B48FEF705FDDFF8A0816A4808F160085C
:105F9000C8F80000C8F80460C8F80850C8F80C50E9
:105FA000C8F81070C8F81450C8F81850C8F81C5039
:105FB000C8F82050C8F824504046FEF747FC08B106
:105FC000FCF740FAC4F83C80C8F83840DFF8588144
:105FD000584808F1C0087830C8F80000C8F80460D4
:105FE000C8F808A0C8F80C50C8F81070C8F81450C9
:105FF000C8F81850C8F81C50C8F82050C8F82450E9
:106000004046FEF723FC08B1FCF71CFAC4F83880C0
:10601000C8F83840002205212520FEF747FE25203C
:10602000FEF736FEF9E6FFE7DFF80CB1DC45F9D103
:10603000D2F800C04CF4003CC2F800C0126802F470
:1060400000320192026842F008020260006800F02B
:1060500008000190602002900391CDF81080CDF8E7
:106060001490069302A92F48FEF792FC2A48DFF805
:10607000CC804830C8F80000C8F80460C8F8085060
:10608000C8F80C50C8F81070C8F81450C8F8185068
:10609000C8F81C50C8F82050C8F824504046FEF7F5
:1060A000D5FB08B1FCF7CEF9C4F83C80C8F83840FD
:1060B000DFF88880184808F160086030C8F80000F0
:1060C000C8F80460C8F808A0C8F80C50C8F81070E8
:1060D000C8F81450C8F81850C8F81C50C8F8205018
:1060E000C8F824504046FEF7B1FB08B1FCF7AAF906
:1060F000C4F83880C8F83840002205212620FEF771
:10610000D5FD2620FEF7C4FD87E60000004C0040C8
:10611000403802400008024040600240E413002082
:1061200000500040000C0240041500200010014007
:106130000000024040640240004400402416002059
:1061400090F84230202B01D00220704721B11AB1C3
:106150000023036304F0B0BE0120704710B500684F
:106160002449884244D1244824490124807800F0FD
:106170000F00012802D0022833D119E0888B401C7F
:10618000888310221C491E48FAF765F91C483038EC
:1061900008F0C0F91B48017819BB194930398A69E0
:1061A000FAB191ED050A184981ED000A047018E072
:1061B000488B401C488310220F491448FAF74BF9CA
:1061C0001248303808F0A6F91148017849B90F494A
:1061D00030398A692AB191ED050A0E4981ED000A2C
:1061E0000470BDE81040102203490B48FFF7A8BF18
:1061F00010BD0000004C00404C6100203C620020BB
:106200003C610020810C00207C0C0020FC60002000
:10621000800C0020780C0020C41200207047000081
:1062200037B5044694F84100202801D002203EBD35
:10623000019919B312B32162A284E2840020606440
:10624000212384F84130A56B154BEB63A56B154BEF
:106250002B64A56B144BEB64A36B18652068134685
:10626000001DA56B02462846FEF75AFB40B11020E0
:106270006064202084F8410001203EBD01203EBD25
:1062800021686FF0400008602068143050E8001F5B
:1062900041F0800140E80012002AF5D100203EBD07
:1062A0000DAC00084FAC00081FAB000870B50446E9
:1062B0000F4920680F4D884202D1688F401C6887C3
:1062C0000D492068884202D1688C401C68840B49C3
:1062D0002068884204D1002240210948FEF740FC92
:1062E00008492068884202D1A88E401CA88670BD4B
:1062F000001001403C62002000440040004C00407F
:1063000000080240005000407047FEE741EA40109C
:106310007047000070B505462DED048B0C46B0EEBD
:10632000608AF0EE418AB0EE619AF0EE429A1378FC
:10633000DFED232A04212348022B02D00378BBB1CE
:1063400024E06170C4ED0B2AC4ED0C2AC4ED0D2AC3
:10635000C4ED0E2AB0EE000A84ED0F0A0021017090
:106360002146BDEC048B2846BDE87040FAF704BB1B
:1063700092ED030A84ED0B0A92ED030A84ED010A03
:10638000C4ED022A92ED030A01220270617084EDCD
:10639000080A201DFBF7B2FA94ED010A84ED0B0AFE
:1063A00084ED0C8AC4ED0D8A84ED0E9AC4ED0F9A2B
:1063B0002146BDEC048B2846BDE87040FAF7DCBAF4
:1063C000000000000111002002224A70FAF7D4BA3E
:1063D00070B505462DED028B0C4602F00F002072C1
:1063E000C2F3451060729FED398ADFED398A286863
:1063F0001421C0F31300F0EE480AB0EE680A09F069
:10640000D1FD84ED030AD5F801001421000BF0EE54
:10641000480AB0EE680A09F0C5FD84ED040AB5F833
:1064200005001021F0EE480AB0EE680A09F0BAFD46
:1064300084ED050AE879C0F300002076DFED250A37
:106440009FED258B264E48B1E87907214008BBEE29
:10645000040A09F0A7FD84ED070A08E0E87907219E
:106460004008BBEE040A09F09DFD84ED070A60694F
:106470000BF034FC41EC100B05F0AEFE53EC182B86
:1064800051EC100B0BF032FA02D3E069B04207DD99
:106490002078022804D001202070BDEC028B70BD52
:1064A00060690BF01BFC41EC100B05F095FE53EC02
:1064B000182B51EC100B0BF0DFF8EED8E069B0426E
:1064C000EBDC002020706060E7E700000000204265
:1064D000000020C2000048430000000000004940C6
:1064E0000000164370B52DED0A8B9FED909BDFEDFC
:1064F00091AA914DB7EE00CAF1EE04BA8F4890ED23
:10650000010A20EE2B8A90ED020A60EE2B8A90EDB4
:10651000050A20EE2BBA8BEE2BAA95ED030AD5EDDA
:10652000070A30EE600A10EE100A0BF0D7FB41ECC0
:10653000100B05F051FE53EC192B51EC100B0BF026
:10654000D5F902D285ED01CA01E0C5ED01AA95EDAC
:10655000030A85ED070A95ED040AD5ED080A30EE29
:10656000600A10EE100A0BF0B9FB41EC100B05F0BD
:1065700033FE53EC192B51EC100B0BF0B7F902D290
:1065800085ED02CA01E0C5ED02AA95ED040A85ED8C
:10659000080A85ED01CA85ED02CA88EE2B0A684912
:1065A00010EE100A0844674988421BD288EEAB0AF5
:1065B000654910EE100A08446FF07F41884211D2FD
:1065C000B0EE4A0A10EE100A604988420ADAB0EECC
:1065D0004A0A10EE100A5E49884203D2C5ED01AAAC
:1065E000C5ED02AA1AEE100A5A4C06462061A068B0
:1065F0000BF074FB41EC190B30460BF06FFB41ECD8
:10660000100B05F0DDFCB0EE40AAF0EE60AA95EDAF
:10661000030AD4ED000A30EE200AB1EE400A10EE73
:10662000100A0BF05BFB53EC1A2B0BF061F853ECE8
:10663000192B0AF0ADFC0AF079FCE863E0680BF076
:106640004DFB41EC190B20690BF048FB41EC100BA2
:1066500005F0B6FCB0EE40AAF0EE60AA95ED040A93
:10666000D4ED010A30EE200AB1EE400A10EE100A15
:106670000BF034FB53EC1A2B0BF03AF853EC192BBC
:106680000AF086FC0AF052FC00EE100A85ED100AB2
:1066900018EE101A2A4A3048D24391420EDDD5ED49
:1066A000010A60EE881A7CEE600A81EEAB1AD5ED25
:1066B0000F1A00EEA11A80ED001A0BE0D5ED010AC9
:1066C00020EE881AC1EE2B0A9FED241A70EEC10A43
:1066D000C0ED000AD5ED020A60EEA81A7CEE600A51
:1066E00081EEAB1A00EE801A80ED011A95ED010AD9
:1066F00060EE0B0A3CEE400A80EEAB1ADFED180AA2
:1067000021EE202A9FED171AC2EE011A94ED042AF9
:1067100020EE020A20EE200AC0EE010A31EEA00AA5
:1067200080ED030ABDEC0A8B70BD00000000000084
:106730000000594000000000F8610020286300209C
:10674000FFFFE9BBFF9F9A00FFFFE93CCDCC4C3F28
:10675000CDCC4CBF681100205C6100200000C84215
:106760000000E144DB0F4940F7EE000A90ED030A18
:10677000D0ED041AB0EE601A00EE211A80EE810A04
:1067800090ED021A70EEC00A60EE810A90ED001AD8
:1067900040EE010AC0ED010AC0ED000A704700009A
:1067A00010B510480E49016004214160002181604C
:1067B000C1604FF4A02202614FF4001242610176E1
:1067C000012242768276C27601774277FDF760FB3E
:1067D000002803D0BDE81040FBF734BE10BD000018
:1067E00000640040D411002010B510480E4901602B
:1067F0000421416000218160C1604FF4A022026148
:106800004FF4001242610176012242768276C2760E
:1068100001774277FDF73CFB002803D0BDE810402C
:10682000FBF710BE10BD000000680040FC11002006
:1068300008B52948016841F480010160016801F44C
:1068400080010091016841F400110160006800F4CA
:1068500000100090002205210B20FEF727FA0B20E4
:10686000FEF716FA002205210D20FEF71FFA0D2073
:10687000FEF70EFA002205210F20FEF717FA0F206F
:10688000FEF706FA002205211020FEF70FFA10206D
:10689000FEF7FEF9002205211120FEF707FA11206C
:1068A000FEF7F6F9002205212F20FEF7FFF92F2031
:1068B000FEF7EEF9002205213A20FEF7F7F93A201B
:1068C000FEF7E6F9002205214620FEF7EFF9BDE8C4
:1068D00008404620FEF7DCB93038024010B5154AB2
:1068E0000021154808F0D4F8144C2060114A00210A
:1068F0002432134808F0CCF860600E4A0021483278
:10690000104808F0C5F8A0600A4A00216C320E4811
:1069100008F0BEF8E060074A002190320B4808F00A
:10692000B7F82061034A0021B432094808F0B0F8F2
:10693000606110BDB81F010875A4000800000020A8
:1069400079A50008F5A5000811A6000841A60008D1
:1069500059A600082DE9F04786B0142101A8F9F7DF
:106960001BFE00243248016841F004010160016807
:1069700001F004010091016841F0800101600168AB
:1069800001F080010091016841F00201016001689D
:1069900001F002010091016841F008010160016805
:1069A00001F008010091016841F0010101600068F7
:1069B00000F0010000900122DFF8788015032946DD
:1069C0004046FEF7CDF8DFF870902F1100223946CF
:1069D0004846FEF7C5F8DFF864A000224021504683
:1069E000FEF7BEF80195012502950394032604964F
:1069F00001A94046FDF7CCFF019702950394049648
:106A000001A94846FDF7C4FF68020190029403956E
:106A100001A94846FDF7BCFF402001900295039470
:106A2000049601A95046FDF7B3FF06B0BDE8F08714
:106A30003038024000040240000C024000080240CE
:106A400010B510480E4901604FF482714160002179
:106A50008160C160016141614FF40072826108226E
:106A6000C2610162416281620A21C162FEF7D2FC09
:106A7000002803D0BDE81040FBF7E4BC10BD0000C7
:106A8000003800402412002010B586B00024029483
:106A90000394049405940094019414484FF08041A9
:106AA00001604F214160846040F2E731C1600461C0
:106AB00080218161FEF796FD08B1FBF7C3FC4FF41E
:106AC0008050029002A90948FEF714FE08B1FBF7B6
:106AD000B9FC0094019469460448FEF73BFD002888
:106AE00001D0FBF7AFFC06B010BD00007C12002007
:106AF00010B50D480B4901600C49416000218160CF
:106B0000C16001610C22426181614FF40041C161A9
:106B1000FFF7C4F8002803D0BDE81040FBF792BC93
:106B200010BD0000004C0040C412002000093D00D0
:106B300010B50C480A4901604FF461214160002101
:106B40008160C16001610C2242618161C161FFF716
:106B5000A5F8002803D0BDE81040FBF773BC10BDBA
:106B6000005000400C13002010B50C480A49016089
:106B70004FF46121416000218160C16001610C22FC
:106B800042618161C161FFF789F8002803D0BDE847
:106B90001040FBF757BC10BD0010014054130020FB
:106BA00010B50D480B4901604FF46121416000218F
:106BB0008160C16001610C22426181614FF400413A
:106BC000C161FFF76BF8002803D0BDE81040FBF768
:106BD00039BC10BD004400409C130020FEE7FEE7D6
:106BE0002DE9F04105462DED088B0C4695ED7F0A09
:106BF000EF4EB8EE400AD6ED010A20EE200A86EDEF
:106C0000030A7078211891F8C0189FEDEA9A0029BC
:106C100031D104EB8000D0F8D4080BF05FF841ECE0
:106C2000100B05F0D9FA9FEDE41B51EC100B53EC5F
:106C3000112B0AF021FD1FD8707896ED030A00EBA6
:106C4000400004EBC000D0ED000A90EDF01A41EED8
:106C5000000AC5ED070AD0ED010A90EDF11A41EEE8
:106C6000000AC5ED1C0A90EDF00A85ED790A90ED59
:106C7000F10A85ED7A0AD2E0F0680BF02FF841ECCA
:106C8000100B9FEDCFABB0EE4A1AF0EE6A1A05F08A
:106C90003FFB7078B0EE408A00EB400004EBC00090
:106CA00000F58060F0EE608A90ED6C0A20EE090A33
:106CB00005F0EAF9777804EB870000F50060D0ED85
:106CC000350A20EE200A10EE100A0BF007F853ECFC
:106CD000182B0AF00DFD9FEDBCBB53EC1B2B0AF0EB
:106CE00007FD41EC180B07EB470004EBC000D6EDA5
:106CF000039A90ED000AD0EDF00A00EEA90A10EE1A
:106D0000100A0AF0EBFF53EC182B0AF041F90AF0D5
:106D10000DF9E86119EE900A0AF0E0FF41EC100B62
:106D2000B0EE4A1AF0EE6A1A05F0F2FA7078B0EE98
:106D3000408A00EB400004EBC00000F58060F0EEFC
:106D4000608A90ED6C0A20EE090A06F03BFC777829
:106D500004EB870000F50060D0ED350A20EE200A34
:106D600010EE100A0AF0BAFF53EC182B0AF0C0FC20
:106D700053EC1B2B0AF0BCFC41EC180B07EB470053
:106D800004EBC00796ED031A97ED010AD7EDF10A5F
:106D900000EE810A10EE100A0AF0A0FF53EC182B47
:106DA0000AF0F6F80AF0C2F8286707F5806797ED51
:106DB0006C0A20EE090A05F067F97078D6ED031A1F
:106DC00000EB400104EB800000F5006004EBC10122
:106DD00090ED351AD1EDF00A21EE211A41EE000AAC
:106DE000C5ED790A01F5806191ED6C0A20EE090A82
:106DF00006F0E8FB7078D6ED031A00EB400104EBD7
:106E0000800000F5006004EBC10190ED351AD1ED72
:106E1000F10A21EE211A41EE000AC5ED7A0A7078D6
:106E2000211891F8C01801297ED100EB400104EB34
:106E3000C10101F5806291EDF40AD2ED6C0A30EEE9
:106E4000C08A634A18EE101ADFED620A914201DD32
:106E500038EE608A604A18EE101A914201D938EE75
:106E6000208AD6ED030A04EB800000F5006028EECE
:106E7000201AD0ED711AC1EE210A30EE800A20EE00
:106E8000090A06F09FFB7078F0EE408A00EB4000A4
:106E900004EBC00090EDF40A20EE090A06F092FB24
:106EA000707878EEC00A00EB400104EB800004EB40
:106EB000C10100F5006091ED000A90ED5D1A01EE50
:106EC000200A85ED070A91EDF40A20EE090A05F083
:106ED000DBF8F0EE408A707896ED030A04EB80014F
:106EE00001F5006128EE000A91ED711A00EB4000F7
:106EF00004EBC000C0EE010A90EDF40A30EE800A07
:106F000020EE090A05F0C0F8707878EEC00A00EBB0
:106F1000400104EB800004EBC10100F5006091ED3D
:106F2000010A90ED5D1A00E03DE001EE200A85EDDA
:106F30001C0A96ED030A90ED711A68EE000A80EEC5
:106F4000810AD1EDF40A30EE200A20EE090A05F09C
:106F50009BF8707800EB400104EBC101D1EDF30A1E
:106F600020EE200A85ED790A96ED030A04EB8000F5
:106F700000F5006068EE000A90ED711A80EE810A5B
:106F8000D1EDF40A30EE200A20EE090A06F01AFBD1
:106F9000707800EB400004EBC000D0EDF30A20EE67
:106FA000200A85ED7A0ABDEC088BBDE8F08100006F
:106FB0004411002035FA8E3CF168E388B5F8E43ED0
:106FC0000000000000000040000000000000E03F62
:106FD000000034430000B443000034C32DE9F04105
:106FE00004462DED048B0D4694ED820A4F4FB8EE0A
:106FF000400AD7ED010A20EE200A87ED040AB8788E
:1070000005EB800000F50060D0ED850AF4EEC00AC3
:10701000F1EE10FA70DD397839B994ED080A84ED93
:10702000070A94ED1D0A84ED1C0AD0F824010AF029
:1070300055FE41EC100B05F0CFF89FED3D1B51ECD8
:10704000100B53EC112B0AF051FC40D238690AF0B6
:1070500045FE41EC100B9FED381B05F059F9B8784F
:10706000B0EE408A05EB8008F0EE608A08F5006615
:10707000D8F824090AF032FE53EC182B0AF038FB3A
:107080009FED2F1B53EC112B0AF032FB08F58068A3
:10709000D6ED080A98EDE00A97ED049A41EC180B3A
:1070A00000EE890A10EE100A0AF018FE53EC182BB5
:1070B00009F06EFF09F03AFFC4F8180196ED080ACE
:1070C000D6ED490A00EE890A84ED7B0A14E0B8780F
:1070D00097ED041A05EB800000F5806100F5006073
:1070E00091EDE00AD0ED080A00EE810A84ED460A2F
:1070F00090ED080A84ED7B0A95F8651AB87881420C
:1071000010D1401E05EB800000F5806090EDE00A94
:10711000D0EDF40A30EE200A84ED460A9FED0A0A0B
:1071200084ED7B0ABDEC048BBDE8F08144110020A6
:10713000F168E388B5F8E43E00000000000000407C
:10714000000000000000E03F000000002DE9F04FCB
:107150002DED028B87B0FE4CFE4BDFF8FCA394F8BC
:1071600000B0DFF8F88320464FF4FA7200F1080708
:107170009FEDFB8ADFEDFB8A00F11C010691543183
:1071800000F58C70CDE90401F748F84E0121DFF8D5
:10719000E0C3DFF8E0930025BBF10C0F7ED2DFE8FF
:1071A0000BF07D0695C4FEFDFCFBFAF9F8F783F8B9
:1071B00050519FEDF10A83ED150A83ED000A83ED2E
:1071C0002A0A83ED3F0A80F8205186F8205189F879
:1071D00020518CF82051E94AF3EE0E0A13780BB9CE
:1071E000C0ED470AE64B1F780FB9C6ED470AE54FD9
:1071F00097F80080B8F1000F01D1C9ED470ADFF818
:10720000888398F800B0BBF1000F01D1CCED470A9C
:10721000DFF878B39BF800E0BEF1000F02D11170E7
:1072200080ED470A9BF802E0BEF1000F02D1197011
:1072300086ED470A9BF803E0BEF1000F03D088F803
:1072400000108CED470A9BF804B0BBF1000F02D090
:10725000397089ED470A117881B3197871B339789B
:1072600061B398F8001049B3D0ED0A0ACAED000ADC
:10727000C749D6ED0A0AC1ED000AC649D9ED0A0A86
:10728000C1ED000AC449DCED0A0AC1ED000A022181
:10729000217089ED160A86ED160A00E01BE280EDEA
:1072A000160A8CED160A15701D703D7088F8005096
:1072B00084ED010A84ED020A84ED030A07B0002080
:1072C000BDEC028BBDE8F04FF9F740BC83F850519C
:1072D00080F8201186F8201189F820118CF82011EF
:1072E0009AED000A80ED460AA94890ED000A86ED65
:1072F000460AA84890ED000A89ED460AA64890ED96
:10730000000A8CED460A9FED9C0A83ED150A83ED79
:10731000000A83ED2A0A83ED3F0A07B00020BDEC86
:10732000028BBDE8F04FF9F711BC83F850519FED87
:10733000920A83ED200A83ED0B0A83ED350A83ED73
:107340004A0A80ED0C0A86ED0C0A89ED0C0A8CEDD8
:107350000C0A83ED090A83ED1E0A83ED330A83EDDF
:10736000480A80ED160A80ED2B0A86ED160A86ED96
:107370002B0A89ED160A89ED2B0A8CED160A8CED85
:107380002B0A07B00020BDEC028BBDE8F04F07E0F0
:1073900069E14CE1C7E079E019E16AE035E001E03C
:1073A000F9F7D4BB83F8501180F8201186F820112A
:1073B00089F820118CF820119620CDE9022040F6A2
:1073C000C413CDE9002362497448FAF75DFB94EDDC
:1073D0007C0AD8ED000A201D08F04AFD94ED7D0AD4
:1073E000D8ED000A384608F043FD94ED7E0AC0EE61
:1073F000080A20EEA80A84ED030A07B06848BDEC2D
:10740000028BBDE8F04FF9F7A1BB83F8501180F86B
:10741000201186F8201189F820118CF820114FF4E2
:107420009670CDE9022040F6B833CDE900234849F3
:107430005A48FAF729FB94ED7C0AD8ED000A201D82
:1074400008F016FD94ED7D0AD8ED000A384608F0E4
:107450000FFD94ED7E0AC0EE080A20EEA80A84ED26
:10746000030A07B04E48BDEC028BBDE8F04FF9F7B8
:107470006DBB83F85011364803F0A0FD07B04848B3
:10748000BDEC028BBDE8F04FF9F760BB83F85011FB
:10749000444E3078012807D12D4807F0CFFD3570D4
:1074A00094ED470A84ED460A3F492948FFF798FBC7
:1074B0003E4D2878012803D13B492548FFF78EFD32
:1074C00039492348FAF70CFC287840B9069800F0AF
:1074D00043FA059800F040FA049800F099F994ED09
:1074E000790AD4ED120A30EE200A84ED010A94EDF7
:1074F0007A0AD4ED270A30EE200A84ED020A94EDD0
:107500007B0AD4ED510A30EE200A20EE280AC0EEA4
:10751000080AC4ED030A07B02548BDEC028BBDE89C
:10752000F04FF9F713BB83F85011224C207818B1B3
:10753000074807F0DFFD25701F4C207818B104487C
:1075400007F026FB25701D4801F064FE184837E05F
:10755000840E0020880C00207C0B0020840C00206E
:1075600000003443DB0F4940CC060020F807002020
:1075700024090020500A0020000000008C0B00208D
:107580008D0B00208E0B00208F0B0020E1100020BF
:10759000800B0020840B0020880B00201C0E002094
:1075A000D0000020A510002074630020A910002046
:1075B000C4000020A6100020B0100020DC6D0020C8
:1075C00007B0BDEC028BBDE8F04FF9F7BFBA83F806
:1075D0005051434E307850B102F00CFB1FED1A0AA7
:1075E00084ED120A84ED270A84ED510A35701FEDEF
:1075F0001E0A84ED010A84ED020A84ED030A39486B
:107600000078032803D138480078012807D007B054
:107610003648BDEC028BBDE8F04FF9F797BA07B0DA
:107620003348BDEC028BBDE8F04FF9F78FBA83F811
:107630005011304890ED000A84ED010A2E4890ED7B
:10764000000A84ED020A94ED7E0AC0EE080A20EEDC
:10765000A80A84ED030A07B02448BDEC028BBDE8FC
:10766000F04FF9F773BA83F85011244890ED000AEF
:1076700084ED070A2248D0ED000AC4ED1C0A214817
:10768000D0ED000AC4ED460AD4ED080A069800F0D1
:107690003DF8D4ED1D0A94ED1C0A059800F036F86B
:1076A000049800F0B5F894ED120A84ED010A94ED07
:1076B000270A84ED020A94ED510AC0EE080A20EE72
:1076C000A80A84ED030A07B00F48BDEC028BBDE8A1
:1076D000F04FF9F73BBA07B0BDEC028BBDE8F08F75
:1076E000941000207C0E00207D0E0020C40000209D
:1076F000DC000020D8100020DC100020F410002056
:10770000F8100020FC100020D000002010B5044626
:107710002DED048B94ED051A84ED081A84ED000A12
:10772000C4ED010A30EE609A84ED059AA0690AF072
:10773000D5FA41EC180B19EE100A0AF0CFFA41EC19
:10774000100B04F049FD53EC182B51EC100B09F011
:1077500093FF03D29FED2D0A84ED050A94ED071ADD
:1077600094ED050AF1EE410AFAF766FB84ED050A8D
:10777000D4ED090A30EE800A84ED090A94ED0A1A64
:10778000F1EE410AFAF758FB84ED090A94ED050A77
:10779000D4ED020A20EE200A84ED100A94ED0D1AB1
:1077A000F1EE410AFAF748FB84ED100A94ED080A5D
:1077B000D4ED050A30EE600AD4ED040A20EE200A6A
:1077C00084ED120A94ED0E1AF1EE410AFAF734FB39
:1077D00084ED120AD4ED090A94ED031A60EE810AD1
:1077E000C4ED110A94ED101A31EE000A30EE200AB1
:1077F00084ED0B0A94ED0C1AF1EE410AFAF71CFB2A
:1078000084ED0B0ABDEC048B10BD000000000000ED
:1078100010B504462DED048B9FED4E9A94ED050AAC
:1078200084ED080AD4ED000A94ED010AFAF712F982
:1078300084ED050A94ED071AF1EE410AFAF7FCFA15
:1078400084ED050AD4ED020A94ED0D1A20EE800AAB
:10785000F1EE410AFAF7F0FA84ED100A94ED110AFC
:10786000D4ED030A94ED051A00EE810A84ED110AA5
:1078700094ED0F1AF1EE410AFAF7DEFA84ED110ADF
:10788000E06C0AF02BFA41EC180B60690AF026FA5A
:1078900041EC100B04F0A0FC53EC182B51EC100B36
:1078A0000AF024F801D284ED119A94ED050AD4ED82
:1078B000080A94ED0E1A30EE600AD4ED040A20EEA8
:1078C000200AF1EE410AFAF7B7FA84ED120AA0692C
:1078D0000AF004FA41EC180B60690AF0FFF941EC78
:1078E000100B04F079FC53EC182B51EC100B09F041
:1078F000C3FE01D884ED109A206D0AF0EFF941EC37
:10790000180B60690AF0EAF941EC100B04F064FC12
:1079100053EC182B51EC100B09F0AEFE03D284EDA2
:10792000119A84ED129A94ED100AD4ED110A30EEFA
:10793000200AD4ED120A30EE200A84ED0B0A94EDF1
:107940000C1AF1EE410AFAF777FA84ED0B0ABDEC56
:10795000048B10BD0000000010B504462DED048B13
:107960009FED4E9A94ED050A84ED080A94ED000A05
:10797000D4ED010A30EE600A84ED050A94ED071A91
:10798000F1EE410AFAF758FA84ED050AD4ED020A3D
:1079900094ED0D1A20EE800AF1EE410AFAF74CFA46
:1079A00084ED100A94ED110AD4ED030A94ED051A42
:1079B00000EE810A84ED110A94ED0F1AF1EE410AEE
:1079C000FAF73AFA84ED110AE06C0AF087F941EC13
:1079D000180B60690AF082F941EC100B04F0FCFB13
:1079E00053EC182B51EC100B09F080FF01D284ED01
:1079F000119A94ED050AD4ED080A94ED0E1A30EEB2
:107A0000600AD4ED040A20EE200AF1EE410AFAF7EA
:107A100013FA84ED120AA0690AF060F941EC180B20
:107A200060690AF05BF941EC100B04F0D5FB53ECF4
:107A3000182B51EC100B09F01FFE01D884ED109AA1
:107A4000206D0AF04BF941EC180B60690AF046F919
:107A500041EC100B04F0C0FB53EC182B51EC100B55
:107A600009F00AFE03D284ED119A84ED129A94ED86
:107A7000100AD4ED110A30EE200AD4ED120A30EECD
:107A8000200A84ED0B0A94ED0C1AF1EE410AFAF784
:107A9000D3F984ED0B0ABDEC048B10BD000000008F
:107AA00010B516480078002826D11549154A0B78DC
:107AB0004BB1154C012323701370144B18700870D0
:107AC000134B022119701178022915D1114991F82F
:107AD0002011012910D1104991F8201101290BD151
:107AE0000E4991F82011012906D10D4991F8201174
:107AF000012901D10B49087010BD00007D0E002046
:107B0000CC110020840E0020B8100020FC0D0020B5
:107B1000E9100020CC060020F8070020500A0020C1
:107B2000240900207C0E00202DE9F0472948007828
:107B3000012821D1284C2B4B002594F800900326D6
:107B4000DFF898800927DFF898C0187801222649C5
:107B5000B9F1050F10D2DFE809F003111C2C350034
:107B600028B188F8002081F80E520F701D70087837
:107B7000072801D11A702270BDE8F0871B491C4A02
:107B8000087810701B4A507048789070022020705E
:107B9000F2E728B188F8002081F80E220F701D70DE
:107BA00008780728E8D14FF47A7006F033FF267082
:107BB000E2E7114800780A28DED18CF80060042042
:107BC0002070D9E70D4800780A28D5D105208CF817
:107BD0000000D1E77D0E00207C0E0020A6100020C2
:107BE000E9100020A7100020840E0020516300201F
:107BF0007F0E0020ED1000207D1100207F1100205D
:107C00002DE9F04FDFF87CA19AF80000022827D177
:107C10005D4A5F4C604E92F800B000250227DFF805
:107C20006C91207801235B4976784FF005084FF07E
:107C3000040CBBF1080F13D2DFE80BF00414213061
:107C40003D495F8D30B15548037081F80E720920AF
:107C5000087025700878072802D1237082F800C0C8
:107C6000BDE8F08F20B181F80DC2082008702570A2
:107C700008780728F4D182F800C02370F0E730B10B
:107C80004648037081F80E72092008702570087844
:107C90000728E5D1237082F800C0E1E720B181F820
:107CA0000D8208200870257008780728D8D1237025
:107CB00082F800C0D4E710B189F800502570384828
:107CC00000780A28CCD1237082F80080C8E776B10A
:107CD0000028C5D033480370334890F8290081F854
:107CE0000F0209200870257006201070B8E72F4891
:107CF000077003208AF80000B2E708780728AFD1A0
:107D000084462C482C49DFF8A8A000780978022E78
:107D100016D0002EA4D0294C294B667816B108261F
:107D20001E7065708AF80080032489F800400A28D4
:107D300001D00A2994D182F800C0062018708FE77C
:107D40008AF8008089F800700A2801D00A2987D1B2
:107D500082F800C084E7062089F8000019480078FE
:107D60000A288BD11148077003208AF800000A48BE
:107D70000178491C01708178491C8170C178491CC7
:107D8000C1706DE77D0E00207F0E0020300E0020B8
:107D9000A7100020840E0020ED100020A610002067
:107DA00082110020B0100020286300207E0E0020E9
:107DB000E91000208411002085110020CC11002042
:107DC000FC0D0020881100202DE9F04F2DED028BD5
:107DD00087B0FE4801274FF0040890F84810FC488F
:107DE000436899425ADDFB480078032856D1FF4882
:107DF000F94CF64990F800C094F800B091F82800CA
:107E000006900878F64A00EB80000590F54E107851
:107E1000DFF8D4A3049030780390F54A9AF8000074
:107E20000290D0780025461C06F0FF0AF14EDFF8DC
:107E3000AC933678761CF6B201960E7E009691EDE4
:107E4000090AD1ED030A91780A2630EE600A127809
:107E5000BBF10D0F22D2DFE80BF007274063F5F4EA
:107E6000F321A9F2F121F0000098C0B1DF49BCF183
:107E7000000F0FD0E04807700698B0FBF6F206FB43
:107E80001202059802EB4002DC4880F80F2209221A
:107E900002700D70D9480078072803D03AE202201A
:107EA000207037E2277035E210EE100AD44988427C
:107EB00003DD022089F8000006E010EE100AD14927
:107EC000884201D989F8007004980A2802D00398E2
:107ED0000A28E3D1022020701CE2C449BCF1000F43
:107EE00011D0C94807709BB10698B0FBF6F206FBAB
:107EF0001202059802EB4000C04A82F80E02BF4A07
:107F0000092010700D70BD480078072805D001E2E7
:107F1000BA4A022082F80E02F1E703202070F9E14C
:107F2000AB4810EE109ADFF8D8A241784068DFF82D
:107F3000DCC2401CD1451ADD0AB1B54A1770A44A0B
:107F400019B102218CF8001055709CF8001001291D
:107F5000A4D157702BB10099012905D0267050602B
:107F6000D8E184F80080FAE708212170F7E710EEE5
:107F7000109AD14592DA012A01D9A64A1770944A7B
:107F800011B18CF8008055709CF80010012985D142
:107F900057702BB10099012905D026705060B9E1C6
:107FA00084F80080FAE708212170F7E7DFF840B293
:107FB000012908D0022906D05B4603295B780CD042
:107FC000042932D060E012B1012A04D05CE006201E
:107FD00089F8000058E0267056E023B1012811D03E
:107FE000022820D050E020B1012805D0022807D077
:107FF0004AE089F8008047E0062089F8000043E065
:10800000267041E0794BBCF1000F05D07B49082078
:1080100081F80D0208701D7078480078072833D168
:108020000920207030E026702EE063B1012819D0BD
:10803000022817D0032826D026E042E054E036E09C
:1080400044E125E153E0022802D289F800801BE0D8
:1080500004D14FF0060089F8000015E0032813D181
:10806000267011E0614BBCF1000F05D06349082078
:1080700081F80D0208701D7060480078072803D150
:108080000920207000E0267002980A2804D0624877
:1080900000780A2807D03DE18BF803A0521C8BF82A
:1080A0000020267036E18BF803A0267032E105200F
:1080B00089F800004FF4FA6006F0ACFC0C20207048
:1080C00028E14A4ABCF1000F05D04C49082081F84C
:1080D0000D020870157049480078072803D14448FC
:1080E00080F803A0267015E184F8008012E10229CF
:1080F0000CD003290AD0042908D0DFED480A9FEDEF
:10810000488B324890ED020A51B10AE0012B05DD9F
:10811000384801990170142006F07CFC2570F9E0C4
:108120001AB1012901D099B3F4E0DFF8A09099EDDC
:108130000C1A11EE200A10EE100A09F0CFFD41ECE6
:10814000100B04F049F853EC182B51EC100B09F00C
:1081500093FA1ED22549087898B12748077099F8F4
:108160002B00B0FBF6F206FB120299F8000000EBC0
:10817000800002EB4002214880F80F2209220270A1
:108180000D701E480078072801D105202070C1E03D
:108190000CE00F484068012806DD16480178491CAC
:1081A0000170142006F036FC2570B3E0012A61D17D
:1081B000DFF8189099ED101A11EE200A10EE100A4F
:1081C00009F08CFD41EC100B2EE00000286300202C
:1081D000CC1100207D0E00207E0E0020300E0020ED
:1081E000841100208311002088110020A710002096
:1081F000ED100020800E0020B0100020840E002022
:1082000000001643000016C3A6100020FC0D00203D
:10821000140E0020150E00208611002000007A4464
:10822000000000000030814003F0D6FF53EC182B13
:1082300051EC100B09F020FA1DD23F49087898B193
:108240003E48077099F83800B0FBF6F206FB1202C0
:1082500099F8000000EB800002EB4002384880F8FB
:108260000F22092202700D7035480078072851D17D
:10827000052020704EE033484068012806DD324872
:108280000178491C0170142006F0C4FB257041E000
:108290002E482F4990ED0D0A30EE600A10EE100ABC
:1082A000884203DD022089F8000006E010EE100A83
:1082B0002849884201D989F8007004980A2802D018
:1082C00003980A2826D10620207023E0224E012A96
:1082D00001D06AB11EE0012B05DD1B480199017038
:1082E000142006F097FB3078401C3070257011E0A8
:1082F000062089F8000002980A280BD1012B05DD21
:10830000114801990170142006F084FB3078401C5C
:10831000307025700B484068052808D14FF47A70FA
:1083200006F078FB0D4880F800800D48077007B014
:10833000BDEC028BBDE8F08FA7100020B01000202C
:10834000840E0020CC110020800E00202863002025
:1083500000001643000016C3ED1000207D0E002023
:10836000B11000201049087814281BD10F4800785C
:10837000012817D10E4A002010700E4A05201070F7
:108380000D4A0E4B107818700D4B5870507898703D
:108390000C4800780A2805D10B4800780A2801D13A
:1083A00002200870704700007D0E0020B2100020EF
:1083B000300E0020E9100020516300207F0E0020C5
:1083C000ED100020821100208011002030B51948E6
:1083D0000078042814D118490025012408780128C0
:1083E0000FD002280CD11548154A437813B1042345
:1083F000137045701278012A02D14470032008706E
:1084000030BD104B104A187868B1104804701048FD
:10841000007800EB8004640082F80E420D4C20705E
:10842000092010701D7010780728E9D1022008700B
:1084300030BD00007D0E0020B1100020CC110020C6
:10844000FC0D0020A7100020840E0020A6100020A4
:1084500028630020F11000202DE9F04F45480078F6
:10846000052829D1444A4749474B92F800B00C7877
:10847000002501260827DFF80491DFF804A1187809
:1084800042494FF009084FF0030CBBF10D0F13D216
:10849000DFE80BF012215D2D4A433C121212071245
:1084A000140018B181F80D820F701D70087807282C
:1084B00002D11E7082F800C0BDE8F08F20B10A2002
:1084C00081F80D020F701D7008780728F4D11E7016
:1084D00082F800C0F0E718B181F80DC20F701D706E
:1084E00008780728E8D11E7082F800C0E4E738B1A8
:1084F00089F80060052081F80F0281F800801D7066
:1085000008780728D8D106201070D5E78AF80070BF
:108510000A2CD1D107201070CEE71D4800780A2818
:10852000CAD104201070C7E738B189F8006006206E
:1085300081F80F0281F800801D7008780728BBD1F0
:108540008AF800700A2CB7D106201070B4E738B151
:1085500089F80060042081F80F0281F800801D7006
:1085600008780728A8D18AF800700A2CA4D1052021
:108570001070A1E77D0E0020F1100020B010002047
:10858000300E00208A110020A7100020840E002049
:10859000891100200C4908781E2814D10B48007856
:1085A000012810D10A48002202700A4A05201070E2
:1085B000094A12780A2A06D1084A12780A2A02D1F0
:1085C000074B1A70087070477D0E0020B410002011
:1085D000300E0020E91000208211002080110020C0
:1085E000F11000200D4908781F2815D10C4800789B
:1085F000012811D10B48002202700B4A052010708F
:108600000A4A12780A2A07D1094A12780A2A03D19B
:10861000084B0C221A700870704700007D0E002075
:10862000B5100020300E0020E9100020821100203B
:1086300080110020F11000202DE9F04F314D2878F5
:10864000072825D13048324C052790F800800326B2
:10865000DFF8B8B0217800232E4A4FF004094FF01C
:10866000020A4FF0010CB8F1060F11D2DFE808F052
:108670001203253B1B2D39B1274981F800C082F830
:108680000E620921117023701178072900D103703F
:10869000BDE8F08F8BF80030204909780A29F7D11E
:1086A00080F80090F4E71E4A062111701D490978F0
:1086B0000A29EDD180F800A0EAE78BF800A01A495A
:1086C00009780A29E4D10770E2E729B10A2182F882
:1086D0000D1208211170237011780729D8D184F860
:1086E00000C00670D4E7114811490078012805D070
:1086F0000228CDD181F800902F70C9E70E702F703D
:10870000C6E700007D0E0020B6100020300E0020CD
:10871000A7100020840E0020A61000208211002047
:10872000E91000208111002084110020B7100020E2
:10873000F11000200848007806280CD1074801787D
:10874000012908D1064A08211170064909780A2929
:1087500001D10221017070477D0E0020B31000206E
:10876000300E00208A1100202DE9FF5F80462DED9C
:10877000028B9246129E0025E84FC6E1FDB99AEDA4
:10878000030A87EDF30A9AED040A87EDF40A9AF8D2
:10879000140087F8D403E248F9F7CCFB98ED000AFF
:1087A00087ED000A98ED010A87ED010A98F8140098
:1087B0003875DA48F9F7BEFB149887F8640A1498FC
:1087C00085427CDA10987919405D81F8C00805EB84
:1087D000450907EBC9042046F9F7ACFB04F57070B6
:1087E000F9F7A8FB1098405D10B1012868D059E155
:1087F000119800EB850BDBF8000009F06FFA41ECF3
:10880000100B03F0E9FC9FEDC71B51EC100B53EC70
:10881000112B08F031FF2FD8039800EBC90090ED21
:10882000030A84ED7B0A90ED040A84ED7C0A007D46
:1088300084F8F40104F5F070F9F77CFB94EDF00A8C
:1088400004F5806080ED680A94EDF10A80ED690A14
:10885000002084F8B40504F5B460F9F76BFB94EDDF
:108860007B0AD4EDF30A07EB850000F5006080EE8B
:10887000201A80ED711A15E1059800EBC90004F586
:10888000806990ED030A89ED6B0A90ED040A89ED89
:108890006C0A007D84F8B40504F5B460F9F74AFB6E
:1088A0009BED008A07EB850B0BF5006B8BED358A92
:1088B00099ED6B0AD4EDF30A70EE600A01E010E165
:1088C0003EE080EE880A10EE100A09F007FA41EC4B
:1088D000100B03F081FC51EC100B08F027FBCBF8D8
:1088E000C40199ED6B0A60EE000A94EDF30A40EEC4
:1088F000400AB0EE000A28EE001A80EE810A84EDEC
:108900007B0AB5EEC00AF1EE10FA04DB94EDF40A2E
:1089100084ED7C0A0CE0B5EEC00AF1EE10FA07D245
:1089200094EDF40ADFED810A30EE200A84ED7C0A32
:10893000012084F8F40104F5F070F9F7FBFAB1E0D6
:10894000059800EBC90004F5806990ED030A89EDF4
:108950006B0A90ED040A89ED6C0A007D84F8B40579
:1089600004F5B460F9F7E6FA99ED6C0AD4EDF40A6F
:1089700030EE600AB5EEC00AF1EE10FA0FDD10EE2F
:10898000100A6B4988420ADC06EB850090ED000A6C
:1089900007EB850000F5006080ED5D0A37E010EE22
:1089A000100A634988420CDD06EB850090ED000A51
:1089B00007EB850000F50060B1EE400A80ED5D0A2E
:1089C00025E0B5EEC00AF1EE10FA11D210EE100A51
:1089D000584988420CD806EB850090ED000A07EB59
:1089E000850000F50060B1EE400A80ED5D0A0EE002
:1089F00010EE100A4F49884209D906EB850090ED28
:108A0000000A07EB850000F5006080ED5D0A99ED36
:108A10006C0AD4EDF40A30EE600A9FED478A07EB4A
:108A2000850B0BF5006B20EE080ADBED5D0A20EEEE
:108A3000200AD4EDF30A80EE201A8BED711A99ED1D
:108A40006C0A20EE080A04F0BDFDF0EE408A94EDB9
:108A5000F40A20EE080A04F0B5FD38EEC00ADBED9A
:108A60005D0A20EE200A84ED780A94EDF40A20EEE7
:108A7000080A03F009FBF0EE408A99ED6C0A20EE3B
:108A8000080A03F001FB38EEC00ADBED5D0A20EEB8
:108A9000200A84ED790A002084F8F40104F5F070CE
:108AA000F9F748FA94ED000AD4ED780A681C00EB57
:108AB000400030EE200A07EBC00080ED000A94ED84
:108AC000010AD4ED790A30EE200A80ED010A04F59E
:108AD000806494ED680A80EDF00A94ED690A80EDF7
:108AE000F10A164807EB850101F5006190ED810A56
:108AF000D1ED710A9FED121AB8EE400A00EE810A1C
:108B0000BCEEC00A80ED810A6D1C14988542FFF608
:108B100035AEBDEC028BBDE8FF9F00007463002002
:108B200034670020F168E388B5F8E43E0000344380
:108B300000003443000034C335FA8E3C840E00201C
:108B400000007A4400B5ADF25C4D032328480022B2
:108B50004078002809D191ED080A8DEDDB0A91EDEE
:108B60001D0A8DEDDC0A8DF880239FED221A8DED14
:108B7000661A9FED210A8DED670A01208DF8A0018C
:108B8000DFED1E0ACDED2A0A8DED2B0A8DF8B0001F
:108B90008DF89020CDED1A0ADFED190ACDEDA80A67
:108BA0008DEDA90A8DF8A8028DF89120DFED150A48
:108BB000CDED1B0A8DED361A8DED370A8DF8E000EC
:108BC0009FED110A8DED1C0A8DF8922006A8CDE9C3
:108BD000030310A91AAACDE9012124A8009027AB0C
:108BE00063AA9FA9DBA8FFF7BFFD0DF25C4D00BD96
:108BF000441100206F12833A000034C30080BB444C
:108C000000900D45000000000080BBC400B5ADF52C
:108C10000F7D0222214800234078002809D191EDE0
:108C2000080A8DED710A91ED1D0A8DED720A8DF81D
:108C3000D831DFED1B0ACDED380ABBEE0D0A8DED04
:108C4000390A01208DF8E8009FED161A8DED1A1AE9
:108C50008DED1B0A8DF870008DF854308DED101AD3
:108C6000CDED200A8DED210A8DF888008DF8553064
:108C70009FED0D0A8DED110A0BA910ABCDE9013165
:108C800006A8CDE9030215A8009017AB35AA53A991
:108C900071A8FFF769FD0DF50F7D00BD441100209F
:108CA0006F12833A00806D4400806DC400B5ADF250
:108CB0005C4D0323284800224078002809D191ED1B
:108CC000080A8DEDDB0A91ED1D0A8DEDDC0A8DF8A9
:108CD00080239FED221A8DED661A9FED210A8DEDFE
:108CE000670A01208DF8A001DFED1E0ACDED2A0AEA
:108CF0008DED2B0A8DF8B0008DF89020CDED1A0A7D
:108D0000DFED190ACDEDA80A8DEDA90A8DF8A802AC
:108D10008DF89120DFED150ACDED1B0A8DED361A89
:108D20008DED370A8DF8E0009FED110A8DED1C0ADC
:108D30008DF8922006A8CDE9030310A91AAACDE95F
:108D4000012124A8009027AB63AA9FA9DBA8FFF705
:108D50000BFD0DF25C4D00BD441100206F12833AF3
:108D6000000034C30080BB440020854400000000A4
:108D70000080BBC400B5ADF25C4D02222148002347
:108D80004078002809D191ED080A8DEDDB0A91EDBC
:108D90001D0A8DEDDC0A8DF880339FED1B1A8DEDD9
:108DA000661A9FED1A0A8DED670A01208DF8A00161
:108DB000DFED170ACDED2A0A8DED2B0A8DF8B000F4
:108DC0008DF89030CDED1A0A8DED301A8DED310A07
:108DD0008DF8C8009FED0F0A8DED1B0A8DF89130BC
:108DE00010A91AABCDE9013106A8CDE9030224A8E8
:108DF000009027AB63AA9FA9DBA8FFF7B5FC0DF293
:108E00005C4D00BD441100206F12833A000034C352
:108E10000080A2440080A2C400B5ADF50F7D0222FF
:108E2000214800234078002809D191ED080A8DEDF2
:108E3000710A91ED1D0A8DED720A8DF8D831DFEDC2
:108E40001B0ACDED380A9FED1A0A8DED390A012073
:108E50008DF8E8009FED171A8DED1A1A8DED1B0A9B
:108E60008DF870008DF854308DED101ACDED200A7C
:108E70008DED210A8DF888008DF855309FED0E0A92
:108E80008DED110A0BA910ABCDE9013106A8CDE992
:108E9000030215A8009017AB35AA53A971A8FFF7D4
:108EA00063FC0DF50F7D00BD441100206F12833A65
:108EB0000000000000009644000096C400B5ADF22A
:108EC0005C4D0723494800224078002809D191EDE4
:108ED000080A8DEDDB0A91ED1D0A8DEDDC0A8DF897
:108EE00080239FED431A8DED661A9FED420A8DEDAA
:108EF000670A01208DF8A001DFED3F0ACDED2A0AB7
:108F00008DED2B0A8DF8B0008DF89020CDED1A0A6A
:108F1000CDED300A9FED390A8DED310ADFED381ABB
:108F2000CDED111A8DF8C8008DF89100CDED720AC3
:108F30008DED730A8DF8D001DFED320ACDED360AE2
:108F40008DED370A8DF8E0008DF89220CDED1C0AEA
:108F5000DFED2D1ACDEDB41A8DEDB50A8DF8D802DE
:108F60008DF893209FED290A8DED1D0ACDED420A63
:108F7000B2EE040A8DED430ADFED251ACDED141A89
:108F80008DF810018DF89400CDED840A8DED850AE1
:108F90008DF81802DFED1F0ACDED480A8DED490A64
:108FA0008DF828018DF89520DFED1B0ACDED1F0A05
:108FB0008DED4E1A8DED4F0A8DF840018DF89620FB
:108FC0009FED160A8DED200A06A8CDE9030310A92E
:108FD0001AAACDE9012124A8009027AB63AA9FA972
:108FE000DBA8FFF7C1FB0DF25C4D00BD4411002072
:108FF0006F12833A000034C3000096440000B4C2EC
:10900000000011440080BB440040B5440000000053
:109010000000FA4300401C450000FA4400803BC5B4
:1090200000B5ADF25C4D072345480022407800288A
:1090300009D191ED080A8DEDDB0A91ED1D0A8DED48
:10904000DC0A8DF880239FED3F1A8DED661ADFED67
:109050003E0ACDED670A01208DF8A0019FED3B0A85
:109060008DED2A0ACDED2B0A8DF8B0008DF89020F9
:109070008DED1A0A8DEDA80ACDEDA90A8DF8A8028A
:109080008DF89120DFED320ACDED1B0ADFED311AAC
:10909000CDED361ADFED301ACDED371A9FED2F2AC0
:1090A0008DED122A8DF8E0008DF892009FED2C2AAC
:1090B0008DEDB42ACDEDB51A8DF8D8028DF8932038
:1090C000CDED1D0A8DED420AF2EE040ACDED430A04
:1090D000DFED241ACDED141A8DF810018DF89400EF
:1090E0008DED840ACDED850A8DF81802DFED1E1A8C
:1090F000CDED481ACDED490A8DF828018DF895205F
:109100008DED1F0A8DED4E1ACDED4F0A8DF8400101
:109110008DF896209FED150A8DED200A06A8CDE961
:10912000030310A91AAACDE9012124A8009027ABB6
:1091300063AA9FA9DBA8FFF717FB0DF25C4D00BDEA
:10914000441100206F12833A000034C30000FA4437
:10915000000000000080BB440000B4C200001144C5
:109160000080E3440000FA4300401C4500803BC5FA
:1091700000B5ADF50F7D022221480023407800287C
:1091800009D191ED080A8DED710A91ED1D0A8DED61
:10919000720A8DF8D831DFED1B0ACDED380A9FED4C
:1091A0001A0A8DED390A01208DF8E8009FED171A93
:1091B0008DED1A1A8DED1B0A8DF870008DF8543064
:1091C0008DED101ACDED200A8DED210A8DF8880065
:1091D0008DF855309FED0E0A8DED110A0BA910ABDD
:1091E000CDE9013106A8CDE9030215A8009017AB1F
:1091F00035AA53A971A8FFF7B7FA0DF50F7D00BD89
:10920000441100206F12833A000034C300009644DA
:10921000000096C42DE9F04104462DED088B9FED2A
:10922000D89AD84FD84D386895ED470A00EB4000E2
:1092300004EBC000D0ED020A30EE600A10EE100A16
:1092400008F04CFD41EC100B02F0C6FF9FEDCF1B68
:1092500051EC100B53EC112B08F048FB16D2386878
:10926000D5ED470A00EB400004EBC00090ED020A88
:10927000F4EEC00AF1EE10FA04DD30EE090A80EDDA
:10928000020A03E030EE490A80ED020A386821182C
:1092900091F8792082B100EB400004EBC00090ED22
:1092A000000A85ED620A90ED010A85ED6C0A95EDE4
:1092B000470A85ED760A23E091F87E1081B195ED9D
:1092C000080A85ED620A95ED1D0A85ED6C0A00EB32
:1092D000400004EBC00090ED020A85ED760A0FE035
:1092E00000EB400004EBC00090ED000A85ED620A3F
:1092F00090ED010A85ED6C0A90ED020A85ED760A83
:1093000095ED080AD5ED620A30EE600AF0EE000A2B
:1093100003F026FEB0EE408A95ED1D0AD5ED6C0AED
:1093200030EE600AF0EE000A03F01AFE38EE000A92
:1093300004F04DFA974E86ED050A95ED08AAD5ED95
:10934000629A3AEE690A10EE100A08F0C7FC41EC86
:10935000100B02F041FF51EC100B07F0E7FDF0613C
:1093600095ED1D0A95ED6CBA30EE4B0A10EE100A21
:1093700008F0B4FC41EC100B02F02EFF51EC100B86
:1093800007F0D4FD306295ED470AD5ED76BA30EEA0
:109390006B0A10EE100A08F0A1FC41EC100B02F071
:1093A0001BFF51EC100B07F0C1FD00EE100A10EE90
:1093B000100A86ED060A78499FED788BDFED79AAD1
:1093C000884204DD30EE490A86ED060A08E010EE18
:1093D000100A7549884203D930EE090A86ED060A5B
:1093E000C5ED079A85ED1CBAC5ED46BA6648F0EEA4
:1093F0004A0AB0EE690A1C30FEF788F96248D5EDDA
:109400001D0A95ED1C0A7030FEF780F96748FEF7DB
:10941000FFF9286B08F062FC41EC100B02F0DCFE57
:1094200053EC182B51EC100B08F060FA01D8C5ED85
:1094300010AAD5F8840008F051FC41EC100B02F0A2
:10944000CBFE53EC182B51EC100B08F04FFA01D85F
:10945000C5ED25AAD5F82C0108F040FC41EC100B15
:1094600002F0BAFE9FED521B51EC100B53EC112B86
:1094700008F03CFA01D8C5ED4FAA95ED120A85ED2A
:10948000010A95ED270A85ED020AD5ED510A9FEDF7
:109490004A1A80EE810ADFED490A20EE200A85EDA6
:1094A000030A95F80E02DFF818C10022012345498E
:1094B00001280BD0DFF810817069404546DAB069A9
:1094C000424EB04242DA087858B33FE0F0694FF0BC
:1094D000814840450BDA306A404508DAB069B0F19E
:1094E0007E5F04DA087810B9B068401CB060B068DC
:1094F000B0F5FA7F2AD9B26094F878403868641ED3
:10950000844209DD00F101003860C5ED10AAC5ED07
:1095100025AAC5ED4FAA19E018D10B70CCF8002090
:1095200014E094F878403868A4F10104844209DD1D
:1095300000F101003860C5ED10AAC5ED25AAC5ED02
:109540004FAA03E002D10B70CCF800200878002865
:1095500011D01F4803704FF007002870C5ED10AA06
:10956000C5ED25AAC5ED4FAAC5ED12AAC5ED27AADE
:10957000C5ED51AA0A70BDEC088BBDE8F081000072
:109580000000B443A0100020840E00200000000062
:1095900000806640441100200000B4430000000039
:1095A00000004940000000000000B4C39C0F0020F0
:1095B000000000000000144000003443DB0F49406D
:1095C000AC100020AA1000200000C841000020407C
:1095D000941000202DE9F05F80460C9D894692464C
:1095E0009B4600243E4E76E064B93E4898ED000A62
:1095F00080EDE00A99ED000A00F5806080ED080A30
:1096000086F8655AAC4265DA0A9800EB8407386838
:1096100008F064FB41EC100B02F0DEFD9FED321B05
:1096200051EC100B53EC112B08F026F814D80AEB70
:109630008400D0ED000A06EB840000F58061C1EDE6
:10964000F40A00F5006090ED080A80ED1C0A80EE37
:10965000801A80ED851A24E00BEB840090ED000A5F
:1096600006EB8400014600F5006080ED1C0AD7ED92
:10967000000AC0ED490A90ED081A70EE411A81EE19
:10968000A02A80ED852A20EE000A01F5806101EE16
:10969000410AB0EE001A60EE810A80EE201A81EDD8
:1096A000F41A06EB840000F5006191ED1C0A611CC0
:1096B00006EB810101F5006282ED080A00F5806089
:1096C00001F5806190EDE00AD0EDF40A30EE200A59
:1096D00081EDE00A641CAC4286DBBDE8F09F00002F
:1096E0007463002074670020F168E388B5F8E43EF5
:1096F00000B5BFB00320164A9278002A03D191ED3D
:10970000470A8DED350A9FED130A8DED2B0ADFED2B
:10971000120ACDED170ACDED0D0AF2EE040ACDEDD9
:10972000220ADFED0E0ACDED0E0A8DED190A9FED2E
:109730000C0A8DED0F0A03A90DAACDE900210290B4
:1097400017AB21AA2BA935A8FFF744FF3FB000BDF6
:10975000441100206F12833A0000A0420000000074
:109760000000A0C200B5BFB00320164A9278002ABC
:1097700003D191ED470A8DED350A9FED130A8DED6A
:109780002B0ADFED120ACDED170ACDED0D0AFAEE28
:10979000040ACDED220ADFED0E0ACDED0E0A8DEDA5
:1097A000190A9FED0C0A8DED0F0A03A90DAACDE948
:1097B0000021029017AB21AA2BA935A8FFF70AFFB9
:1097C0003FB000BD441100206F12833A0000A0C2D8
:1097D000000000000000A04200B5BFB00320164A00
:1097E0009278002A03D191ED470A8DED350A9FED5D
:1097F000130A8DED2B0ADFED120ACDED170ACDED20
:109800000D0ADFED100ACDED220ADFED0F0ACDEDD6
:109810000E0A8DED190A9FED0D0A8DED0F0A03A9B1
:109820000DAACDE90021029017AB21AA2BA935A8DA
:10983000FFF7D0FE3FB000BD441100206F12833A05
:109840000000C8420000A042000000000000C8C2A2
:109850002DE9FE4F734D73480926697A2B7B90F8EA
:109860000FE019440291E97A95F80E800C204144EA
:1098700001912C7C95F807A0A97A009107270A226C
:1098800069496D784FF0050C4FF008094FF00B0B4C
:10989000BEF1010F0BD0BEF1020F4AD0BEF1030F93
:1098A00016D1604E032D71D0022D70D096E081F854
:1098B00001C081F80390DFF86CC1032D02D0022DA6
:1098C00012D02CE09CF80630022B03D04E71C871E8
:1098D000BDE8FE8FDDE90143A34202D94E71C87194
:1098E000F6E74F71CA71F3E7CCB1A3B1B8F1010F3C
:1098F00003D081F805B0C871EAE7BAF1010F02D1CF
:10990000009A012A02D04E71C871E1E70622CA709E
:109910004E71C871DCE781F805B0CA71D8E7022B37
:1099200003D081F805B0CA71D2E781F805B0C871DB
:10993000CEE7DFF8F080BAF1020F4546AB782D781C
:109940000FD081F801C0DDF800C0BCF1020F1FD0BC
:1099500081F80390DDE90143A34232D94E71C87109
:10996000B6E7032B04D054B9022B08D1022D06D23E
:1099700003224A700622CA704E71C871A8E70120FE
:1099800048700420C8704F71CA71A1E71CE022E042
:109990005CB9022B09D198F808402C44022C04D25F
:1099A0000622CA704E71C87192E79D4204D9062200
:1099B000CA704E71C8718BE70420C8704F71CA71AC
:1099C00086E74F71CA7183E781F801C081F803907F
:1099D0004F71CA717CE70CB1012B07D081F801C02F
:1099E00081F8039081F805B0CA7171E7737B012B90
:1099F00009D0B8F1000F0DD081F801C00420C87063
:109A00004F71CA7164E781F801C081F803904F710A
:109A1000CA715DE781F801C081F8039081F805B053
:109A2000C87155E7846E0020956E00202DE9F04F37
:109A3000DFF80C810522404698F80F70017B08235F
:109A40000A240C253F484FF00B0C012F0AD0464644
:109A5000022FB67B15D0032F0BD198F80170012F80
:109A60005FD061E0022906D04270C37080F805C063
:109A7000C471BDE8F08F4270C37080F805C0C57135
:109A8000F7E72F4F98F807C04FF0060B3F784FF0DD
:109A900009094FF0040E4FF0070ABCF1020F0ED077
:109AA000427098F80A20022A1DD0C37098F8093035
:109AB0000B440CEB02015A18022A24D02DE098F82E
:109AC00002108F4207D90321417080F803B080F85B
:109AD0000590C571CDE70121417080F803E080F861
:109AE00005A0C471C5E707EB0C01022905D080F879
:109AF00003E080F805A0C471BBE780F803B080F8EC
:109B00000590C571B5E798F80B203244114402293D
:109B100003D280F80590C571ABE780F805A0C47149
:109B2000A7E7012900D12EB14270C37080F805C0AB
:109B3000C4719EE74270C37080F805C0C57198E794
:109B4000846E0020956E00200748007C002807D016
:109B5000012805D0022801D0032803D1FFF766BFF2
:109B6000FFF776BE70470000846E002030B51D4BB5
:109B70001D48197A80F82910597A80F82A101B4953
:109B80000978002918D105212B304177997A017085
:109B9000D97A41732B3816491A460C78D1799279C3
:109BA000052C09D2DFE804F003090F1519005978D4
:109BB00080F828101978017630BDD97880F82810FF
:109BC0009978017630BD597980F828101979017695
:109BD00030BD80F82810027630BD80F8281002765B
:109BE00030BD0000956E002028630020BA100020D0
:109BF000800E002070B5154D00242C60EC60AC6028
:109C00001349022008701348012606701248047098
:109C100012484470847040F668211148F6F7BCFC85
:109C200084211048F6F7B8FC0F4806700F4804600E
:109C30000F4806700F4806709FED0F0A05ED6F0A7A
:109C400005ED5A0A05ED300A70BD000080100020B5
:109C500000110020A5100020A910002044110020B0
:109C600074630020DC6D0020A4100020A0100020F0
:109C7000A7100020A8100020000000000148FBF7FA
:109C800047BB00002412002010B5806B0021C18763
:109C9000C186FBF73BFB10BD5248B0F87810002995
:109CA0004BD0B0F87A10E1B3B0F87410C9B3B0F883
:109CB0007610B1B3B0F8881099B3B0F8801081B3C2
:109CC000B0F8821069B3B0F8841051B3B0F88610C0
:109CD00039B3B0F88A1021B3B0F88C1009B3B0F8DA
:109CE0007C10F1B1B0F87E10D9B1B0F89010C1B1CC
:109CF000B0F89210A9B1B0F8941091B1B0F89610E4
:109D000079B1B0F8981061B1B0F89A1049B1B0F8D3
:109D10009C1031B1B0F89E1019B1B0F8A21001B189
:109D200000E00AE0B0F8A41039B1B0F8A81021B1F1
:109D3000B0F8AA0008B1012100E000212A48017012
:109D40002A4991ED000ABDEEC00A10EE102A121247
:109D5000427010EE102A827091ED010ABDEEC00A29
:109D600010EE102A1212C27010EE102A0271D1EDFC
:109D7000030AB2EE040A80EE801ABDEEC10A10EEAC
:109D8000101A0912417110EE101A817118490A78DF
:109D9000C27191F80D22027291F80E22427291F86E
:109DA0000F12817213490978C1721349097801733E
:109DB000124909784173124909788173114911F8E0
:109DC000192CC273CA7B02748A7C4274CA7F827463
:109DD0000A7CC274497C0175014617220A48FCF7C7
:109DE0001FBA00003C620020A16E00205C610020D0
:109DF000840E00207D0E0020FC0D0020E9100020C4
:109E0000300E0020416300209C130020B5EEC00AF4
:109E1000F1EE10FA01DD012000E00020B5EEC00AED
:109E2000F1EE10FA01D2012100E00021401A00EE0B
:109E3000100AB8EEC00A704770B52DED088B017896
:109E4000FE4C04290CD006290AD0FD4991ED030AE5
:109E5000DFEDFC0A20EE200ADFEDFB0AFB4A04E0FE
:109E60009FEDFB0A0DE030EE600A10EE101A9142F1
:109E7000F9DAF84A01E030EE200A10EE101A9142A9
:109E8000F9D8EE49001DF7F7E7FFA06807F026FFB5
:109E900041EC100B02F0A0F99FEDEF1B51EC100B01
:109EA00053EC112B07F0E8FB03D29FEDED0A84ED94
:109EB000020A9FEDECBAB0EE4B0A03F083FBF0EE22
:109EC000400A94ED000A94ED021A9FEDE78A21EE14
:109ED000081A01EE600AF0EE000A03F041F8F0EE15
:109EE000408AB0EE4B0A02F0CFF894ED021AF0EE81
:109EF000400A94ED010A21EE081A01EE600AF0EE24
:109F0000000A03F02DF838EE800AF6EE000A03F09E
:109F100027F89FEDD69AC0EE090ADFEDD59AD54E07
:109F200020EEA90A86ED020AB0EE4B0A03F04AFBC6
:109F300094ED021AF0EE400A94ED000A21EE081AA0
:109F400001EE600AF0EE000A03F00AF8F0EE408A33
:109F5000B0EE4B0A02F098F894ED021AF0EE400AC7
:109F600094ED010A21EE081A01EE200AF0EE000A33
:109F700002F0F6FF38EE800AF6EE000A02F0F0FF7B
:109F8000C0EE090A20EEA90A86ED000ADFEDBAAAA2
:109F9000B0EE6A0A03F016FBF0EE400A94ED000AF8
:109FA00094ED021ADFEDB58A21EE281A01EE200A9F
:109FB000F0EE000A02F0D4FFB0EE40AAB0EE6A0A5A
:109FC00002F062F894ED021AF0EE400A94ED010AF4
:109FD00021EE281A01EE200AF0EE000A02F0C0FF7E
:109FE0003AEE000AF6EE000A02F0BAFFC0EE090AE5
:109FF00020EEA90A86ED010AB0EE6A0A03F0E2FA41
:10A0000094ED021AF0EE400A94ED000A21EE281AAF
:10A0100001EE200AF0EE000A02F0A2FFF0EE409AF4
:10A02000B0EE6A0A02F030F894ED021AF0EE400A3F
:10A0300094ED010A21EE281A01EE600AF0EE000A02
:10A0400002F08EFF39EE800AF6EE000A02F088FF79
:10A05000C0EE090A9FED8A0A20EE800A86ED030A07
:10A06000B0EE4B0A02F010F8D4ED020A94ED019A1A
:10A0700060EE880A00EEC09AB0EE4B0A03F0A2FA36
:10A0800094ED021AF0EE400A94ED000A21EE081A4F
:10A0900001EE600AF0EE490A01F03AFE9FED799A6E
:10A0A000C0EE090ADFED789A784D20EEA90A85ED19
:10A0B000020AB0EE6A0A01F0E7FFD4ED020A94ED5D
:10A0C00001AA60EEA80A00EEC0AAB0EE6A0A03F088
:10A0D00079FA94ED021AF0EE400A94ED000A21EEAE
:10A0E000281A01EE200AF0EE4A0A01F011FEC0EE35
:10A0F000090A20EEA90A85ED030AB0EE4B0A01F029
:10A10000C3FFD4ED020A94ED01AA60EE880A00EEC6
:10A1100080AAB0EE4B0A03F055FA94ED021AF0EE65
:10A12000400A94ED000A21EE081A01EE600AF0EEF2
:10A130004A0A01F0EDFDC0EE090A20EEA90A85EDFC
:10A14000000AB0EE6A0A01F09FFFD4ED020A94ED16
:10A15000018A60EEA80A00EE808AB0EE6A0A03F077
:10A1600031FA94ED021AD4ED000A21EE281A41EEDC
:10A17000000AB0EE600AF0EE480A01F0C9FDC0EE38
:10A18000090A20EEA90A85ED010A96ED020A404867
:10A19000404CB0EEC00A10EE101A814203DA94ED82
:10A1A000020A85ED020A96ED030AB0EEC00A10EE2F
:10A1B000102A824203DA94ED030A85ED030A96ED34
:10A1C000000AB0EEC00A10EE102A824203DA94EDC3
:10A1D000000A85ED000A96ED010AB0EEC00A10EE05
:10A1E000101A814203DA94ED010A85ED010A94ED1B
:10A1F000010A311D281D05F0A5FE94ED000A1D4938
:10A20000224805F09FFE1B49204894ED030A0C31BB
:10A210000C3005F097FE17491C4894ED020A0831EE
:10A22000083005F08FFE95ED020A84ED020AD5EDA7
:10A23000030AC4ED030A95ED001A2DE084610020A5
:10A240005C61002088C3E43ADB0FC940DB0F494062
:10A25000DB0FC93FDB0F49C0000000A09999B93F4F
:10A2600000000000083D3B3F0000834300007E42A9
:10A270007368A9409C6100204C37293F00808E43C1
:10A280007368A9C0DB0F494000003443AC61002073
:10A290000000A040BC61002084ED001AD5ED011A39
:10A2A000C4ED011A1248B0EE082AD0ED002A114878
:10A2B00040EE022AC0ED462A0F4890ED000A0F48F2
:10A2C00000EE820A80ED460A0D4890ED000A0D4826
:10A2D00001EE820A80ED460A0B4890ED000A0B4819
:10A2E00001EE020A80ED460ABDEC088B70BD00004D
:10A2F0007C0B0020CC060020840B0020500A00209C
:10A30000880B002024090020800B0020F807002083
:10A31000F0B50021244D254C0026002000EB400222
:10A320000A441719AB5CFB70032B00D1AE54022B0F
:10A3300001D14A1CE273401C0428EFDB491C0329AD
:10A34000EBDB0020012101EB410202442244D278E0
:10A35000012A02D1225C521C2254491C0429F2DB3E
:10A36000401C0328EEDB6978114801290CD0AA783B
:10A370002946012A0BD0097801290BD0067200204A
:10A38000295C012909D00BE002210172F7E70321C2
:10A390000172F4E701210172F1E7217C491C21746B
:10A3A000401C0328ECDBF0BD9C600020846E002084
:10A3B000956E002010B54FF0E020006906F0E8FB34
:10A3C000012803D0BDE8104006F002B910BD00001E
:10A3D00030B593B0302107A8F6F7DEF8142102A8B3
:10A3E000F6F7DAF800251D48016841F08051016058
:10A3F000006800F0805001901948016841F48041E4
:10A400000160006800F48040019001200790000482
:10A41000089002240D9480010E9004200F90A0213A
:10A4200010911194129007A8FAF790FD08B1F8F76F
:10A4300009F80F200290039404954FF4A050059062
:10A440004FF480500690052102A8FAF761FC00281D
:10A4500001D0F7F7F7FF13B030BD000040380240DD
:10A46000007000400248016841F4700101607047CB
:10A4700088ED00E02DED028B82B0DFF8C480DFF8BC
:10A48000C490314C314D9FED328A324EDFF8C8A076
:10A49000DFF8C8B00027B8F82400401CA8F8240052
:10A4A000F7F7F0FF2E48D4ED020A99ED0F2A90ED50
:10A4B000000AD9ED0E1A2B4AB8EE400A21492A4863
:10A4C00030EE801A95ED030AF0EE480AFBF722FF02
:10A4D000012240213046FAF743FB9AED052ADAEDD6
:10A4E000041A94ED001A95ED010AF0EE480A1F498E
:10A4F0001948F9F7B1F9012004F08CFA0122402142
:10A500003046FAF72DFB9BED052ADBED041A94ED9E
:10A51000011A95ED020AF0EE480A14490F48F9F7BE
:10A520009BF9134800970197B0F90020002340F2EF
:10A53000FF111048F6F702FA012004F06BFAAAE7BF
:10A540003C620020900B002040600020FC0D0020A9
:10A550000000000000080240D00B0020240C002066
:10A56000C4100020A8600020FC110020C4120020AC
:10A57000EC000020D41100202DED028B164E174C5C
:10A58000174D184F9FED188ADFED188ADFF86080AD
:10A59000F08C401CF084FCF7D9FD94ED000A85EDA9
:10A5A000470A0F48F7F740FD95ED0C0AD4ED001A65
:10A5B00097ED002AB0EE481AF0EE680A01EE820A22
:10A5C000F7F73AFCBDEEC00A10EE100AA8F800003A
:10A5D000012004F01FFADBE73C620020C8100020D5
:10A5E000F0000020CC10002000304046003040C673
:10A5F000EC000020054C208D401C2085F6F7BCFAAD
:10A60000F7F706FE012004F005FAF4E73C620020AB
:10A61000094C608D401C608500F0B0FEFFF7A6FA83
:10A6200000F0F8FD00F00CFE1421044800F040FE9C
:10A63000012004F0EFF9ECE73C6200204C600020C0
:10A64000044CA08D401CA085FFF726FB012004F0E0
:10A65000E1F9F6E73C620020114FDFF84880124E26
:10A66000124D0024F88D401CF88598F8000038B190
:10A67000FFF74EFEFFF768FAF6F758F888F8004043
:10A68000307838B111210A48F5F764FF2C606C600E
:10A69000AC603470F6F71AF8012004F0BBF9E1E77A
:10A6A0003C620020B8100020B9100020956E0020F8
:10A6B000846E00202DE9F0472DED048B7D48006865
:10A6C0000169C943C9077DD1891E01617A490868BA
:10A6D000401C08604FF47A74B0FBF4F077490860CE
:10A6E0007748D0E90012491C42F1000206C07548C3
:10A6F0000168491C0160744F386C401C3864DFF8F5
:10A70000CC81734E0025B8F8002062B171483188C1
:10A7100008447149F5F79FFE3088B8F800100844E6
:10A720003080A8F80050308818B101B2694803F0B1
:10A7300081FD6A4E3268A24202D2521C32600AE0A7
:10A7400066483822311D3C30F5F7CAFE3821301DED
:10A75000F5F722FF3560624E307C9FED629A624CC5
:10A7600088B3624862490278DFED628A62489FEDF1
:10A77000638ADFF88C81DFF88C91EAB391ED050AEA
:10A78000D0ED000A30EE680A30EE600A60EE080A8A
:10A790009FED5D0A03F038FF84ED000A98ED050A8D
:10A7A000D9ED000A30EE280A30EE600A60EE080AA1
:10A7B0009FED560A03F028FF84ED010A707CE8B390
:10A7C000534801E06FE021E001785248DFED520A82
:10A7D0009FED520A99B390ED031A71EE600A60EE94
:10A7E000800A9FED4F0A03F00FFF84ED020A386CD8
:10A7F000192805DB3D6400E00DE0012087F84400E6
:10A800004849494A0878072839D03DE084ED009A44
:10A8100084ED019AD2E791ED050AD0ED000A30EE01
:10A82000680A30EE600A60EE080A9FED400A03F005
:10A83000EBFE84ED000A98ED050A01E00FE011E05F
:10A8400030EE280AD9ED000A30EE600A60EE080A00
:10A850009FED370A03F0D8FE84ED010AAEE784EDE0
:10A86000029AC4E790ED031A71EE600A60EE800A66
:10A870009FED300A03F0C8FE84ED020AB7E7C1F885
:10A88000FC51C1F808521560082807D101F5FE7186
:10A890000B685B1C0B60CB685B1CCB60092802D18A
:10A8A0001068401C10600348BDEC048BBDE8F04705
:10A8B000FAF795BF7C120020981000209C10002011
:10A8C000280E0020180E0020340E00200211002057
:10A8D000041100203F6F00203F7100203C620020E7
:10A8E000FC0D00200000000040600020140E00203D
:10A8F000CC600020D7A3AA41780C0020F2D21041EE
:10A900000C6100207C0C0020713DEA3F713DEABFE4
:10A91000150E0020A860002017D9EE3F0000344239
:10A9200000009441840E0020AC1000200AD7E33FC1
:10A930000AD7E3BF000084410148FAF750BF000086
:10A94000E41600202DE9F0410268284D284E294FD9
:10A95000DFF8A4C0294B4FF08048A84209D04045F9
:10A9600007D0B04205D0B84203D0604501D098422C
:10A9700003D122F070044A682243A8421BD040450C
:10A9800019D0B04217D0B84215D0604513D09842C4
:10A9900011D01B4CA0420ED01A4CA0420BD01A4C26
:10A9A000A04208D0194CA04205D0194CA04202D0B8
:10A9B000184CA04203D122F44074CA6822434C6967
:10A9C00022F0800222438C68C4620C688462A84230
:10A9D00001D0984201D109690163016841F0040185
:10A9E0000160012141610260BDE8F0810000014089
:10A9F0000004004000080040000C0040000401403A
:10AA0000004001400044014000480140001800405F
:10AA1000001C00400020004010B5846824F47F44EE
:10AA200042EA03220A432243826010BD826822F078
:10AA300070020A4342F007018160704710B5036A53
:10AA4000046A24F001040462846924F0F00444EAF6
:10AA5000021423F00A020A438461026210BD10B599
:10AA6000036A046A24F010040462846924F47044C4
:10AA700044EA023223F0A00343EA01118261016239
:10AA800010BD10B50446002224FA02F000F00103C4
:10AA90008B54521CD2B2082AF6D310BD0148FAF7E3
:10AAA000D9BF0000C412002008B515490868026823
:10AAB000D243D2061FD4026840680090C86B006879
:10AAC000016821F0010101600E48017866290AD170
:10AAD00090F83D00992806D10B48418E491C4186CB
:10AAE0000A4800F005FC3E2206490548FBF728FB12
:10AAF0000348FAF71FFFBDE808400148FAF7AABF6C
:10AB00000C130020E86200203C6200202863002033
:10AB100010B5806B0021C185FAF77EFF10BD70B5BE
:10AB2000846B20684069C0F3C01094F84110002580
:10AB3000212904D118B1E584204600F0C1F820682D
:10AB40004069C0F3801094F84210222904D118B152
:10AB5000E585204600F080F8606C40F010006064ED
:10AB60002046FAF759FF70BD10B50146886B096899
:10AB700009684FF00003C9052ED4C38501680C3164
:10AB800051E8002F22F4807241E80024002CF5D116
:10AB90000168143151E8002F22F0010241E800243D
:10ABA000002CF5D10168143151E8002F22F0400249
:10ABB00041E80024002CF5D1202180F84210016BDF
:10ABC000012909D101680C3151E8002F22F010024F
:10ABD00041E80024002CF5D14363016B012902D028
:10ABE000FBF7BCFA10BD818DFAF7A3FE10BD10B5BE
:10ABF000806B01214163016B012902D0FBF70EFB41
:10AC000010BD818D4908FAF794FE10BD10B50146BC
:10AC1000886B09680968C90516D40021C1840168D8
:10AC2000143151E8002F22F0800241E80023002B6C
:10AC3000F5D101680C3151E8002F42F0400241E8A3
:10AC40000023002BF5D110BDFBF730FB10BD10B574
:10AC5000806BFBF759FB10BD01680C3151E8002FE8
:10AC600022F4907241E80023002BF5D101681431E1
:10AC700051E8002F22F0010241E80023002BF5D11A
:10AC8000016B012909D101680C3151E8002F22F034
:10AC9000100241E80023002BF5D1202180F842105A
:10ACA00000210163704710B50168CA6822F04002B4
:10ACB000CA60202180F84110FBF7F8FA002010BD8F
:10ACC00001680C3151E8002F22F0C00241E8002356
:10ACD000002BF5D1202180F84110704708B590F87D
:10ACE0004210222901D0022008BD82684FF480530F
:10ACF0009A4201D1016921B1816A9A421DD052B1B3
:10AD00000BE0816A02685268C2F308020A80816A15
:10AD1000891C816209E002697AB10268526802F016
:10AD20007F020A70816A491C8162C18D491E090433
:10AD3000090CC18505D0002008BD026852680A7060
:10AD4000F0E70168CA6822F02002CA600168CA6898
:10AD500022F48072CA6001684A6922F001024A61E5
:10AD6000202180F8421000214163026B012A03D0A8
:10AD7000FBF7F4F9002008BD016301680C3151E8CC
:10AD8000002F22F0100241E80023002BF5D10168CA
:10AD90000A68D20602D50A6849680091818DFAF7DF
:10ADA000C8FDE7E72DE9F041044620680169E26843
:10ADB00021F4405111430161A1682069E269014316
:10ADC0006069104301432068C26849F20C639A43EA
:10ADD0000A43C26020684169A26921F440711143AD
:10ADE000416133492068884202D03249884202D109
:10ADF000FAF768F801E0FAF755F8E1690023192736
:10AE000064253226B1F5004F28D061688B0F8A0087
:10AE1000A0FB0701F5F7A8FA0146B0FBF5F07A426E
:10AE2000504301EB800006EB0010B0FBF5F000F0A2
:10AE3000F002B1FBF5F002EB0012B1FBF5F07B4242
:10AE4000584301EB800006EB0010B0FBF5F02168E1
:10AE500000F00F0010448860BDE8F08161684A1876
:10AE6000A0FB07015B41F5F77FFA0146B0FBF5F067
:10AE70000201B1FBF5F06FF01803584301EB8000BD
:10AE800006EBC000B0FBF5F000F0F80002EB40026A
:10AE9000B1FBF5F0584301EB800006EBC000B0FBBE
:10AEA000F5F0216800F0070010448860D4E7000046
:10AEB000001001400014014037B582B0044613462B
:10AEC000039AA262A38500206064222184F84210C4
:10AED000E56B1F49E963E56B1E492964E56B1E4973
:10AEE000E964E16B08652168E06B091DF9F718FD5D
:10AEF00038B110206064202084F84200012005B0A1
:10AF000030BD2068016840680190206948B1206820
:10AF10000C3050E8001F41F4807140E80012002A14
:10AF2000F5D12068143050E8001F41F0010140E8DD
:10AF30000012002AF5D12068143050E8001F41F0BB
:10AF4000400140E80012002AF5D10020D7E70000B8
:10AF500069AB0008EFAB00081FAB000890F8411088
:10AF6000212901D0022070478168B1F5805F01D1AD
:10AF7000016961B1016A4A1C026202680978516084
:10AF8000C18C491E0904090CC1840AD013E0016A6E
:10AF900002680988C1F308015160016A891C0162D5
:10AFA000EEE70168CA6822F08002CA600068C168E2
:10AFB00041F04001C16000207047000010B590F8DA
:10AFC0000132002101229FED3F0A052B2BD2DFE841
:10AFD00003F0032B4858680080ED010A80ED020A57
:10AFE00080ED030A384A82ED090A82ED1E0A82EDDD
:10AFF000330A82ED480A354A82ED160A82ED2B0AA1
:10B00000334A82ED160A82ED2B0A324A82ED160A85
:10B0100082ED2B0A304A82ED160A82ED2B0A80F867
:10B020000012C0F8FC1110BD90F800321BB9C0F836
:10B03000FC1180F800222949294ADFED2A0A097803
:10B040001278114306D080ED010AC0ED020A80EDAE
:10B05000030A10BD80ED010AC0ED020A80ED030A6B
:10B0600010BD90F800321BB9C0F8FC1180F8002226
:10B0700080ED010ADFED1C0AC0ED020A80ED030A33
:10B0800010BD90F800321BB9C0F8FC1180F8002206
:10B0900080ED010ADFED150AC0ED020A80ED030A1A
:10B0A00010BD90F800321BB9C0F8FC1180F80022E6
:10B0B00080ED010ADFED0E0AC0ED020A80ED030A01
:10B0C00010BD000000000000880C0020CC0600200D
:10B0D000F8070020500A002024090020150E002047
:10B0E000140E0020000096C400C08FC500401CC58F
:10B0F0000000614408B5144908680268D243D206CA
:10B100001DD4026840680090C86B0068016821F097
:10B11000010101600D480178332908D1407C552890
:10B1200005D10B48018F491C018700F041F812221C
:10B1300006490548FBF704F80348FAF7FBFBBDE8AE
:10B1400008400148FAF786BC54130020726E0020B4
:10B150003C62002008B5124908680268D243D20652
:10B1600018D4104A138C5B1C13840268406800904A
:10B17000C86B0068016821F0010101600A490B48B1
:10B1800003F0E4FC092209490548FAF7D9FF04480D
:10B19000FAF7D0FBBDE808400148FAF75BBC0000B5
:10B1A0009C1300203C6200201C0E00203F730020F6
:10B1B000164917480A78332A06D04A7C552A03D004
:10B1C0000169491C016170474A7802708A784270AF
:10B1D000CA7882700A79C2704A7902710A7C427117
:10B1E0008A798271CA79C2710A7A02724A7A427283
:10B1F0008A7A8272CA7AC2720A7B02734A7B42736B
:10B200008A7B8273C97BC17370470000726E002015
:10B210007C11002010B50748882101706621417417
:10B2200004F0D4FEBDE81040122202490248FAF7A9
:10B23000F7BF0000606E002054130020FEE70000FE
:10B2400019481A4990ED150A81ED000A90ED200A7F
:10B2500081ED010A90ED2A0A81ED020A90ED350A8E
:10B2600081ED030A90ED3F0A81ED040A90ED4A0A50
:10B2700081ED050A90ED000A81ED060A90ED0B0ABA
:10B2800081ED070A90ED160A81ED080A90ED2B0A70
:10B2900081ED090A90ED400A81ED0A0A90ED010A5C
:10B2A00081ED0B0A70470000880C00204C600020E4
:10B2B00010B50C460146A2000A48F5F7CCF809483B
:10B2C000002103E000EB84021160641C142CF9DB04
:10B2D000054909680165BDE8104054220149034849
:10B2E000FAF79EBFBB6E0020B02201089C1300201D
:10B2F0001E4911F8012C02700A6842604A68826097
:10B300008A68C260CA68891E4261194A1278002A96
:10B3100022D08A7C00F8182FD1F813204260D1F88F
:10B3200017208260CA7E02740A7F42744A7F827448
:10B330008A7FC274D1F81F204261D1F82320826134
:10B3400091F8272080F820208A6A4262CA6A8262C5
:10B3500091F83C2080F8302006480A6B02604A6B66
:10B360004260896B8160044800F01CB8EA620020EA
:10B37000BA1000209C600020840E00200648112195
:10B38000017006490978417022218170014603222B
:10B390000348FAF745BF0000EA100020800E0020A5
:10B3A0000C13002070B504462DED048BE54D95F887
:10B3B0004400002804D0FBF795F8002085F84400ED
:10B3C000E14890ED000A84ED080A90ED010A84ED51
:10B3D0001D0ADE4991ED030A84ED320A90ED030A5D
:10B3E000F2EE040A80EE201A84ED471A08789FEDE9
:10B3F000D81A9FEDD80ADFEDD80A0D282BD2DFE846
:10B4000000F02A070A0D101316191C1F2225280008
:10B4100081ED040A1FE0C1ED040A1CE081ED040A7D
:10B4200019E0C1ED040A16E081ED040A13E081ED94
:10B43000041A10E081ED040A0DE081ED041A0AE01F
:10B4400081ED040A07E0C1ED040A04E081ED040A7D
:10B4500001E0C1ED040A91F82800DFEDC01A9FED6C
:10B46000C03ADFEDC03A9FEDC04ADFEDC04A9FED24
:10B47000C05A9FEDC06ADFEDC06A9FEDC07ADFED74
:10B48000C05ADFEDC07A9FEDC08ADFEDC08A9FED24
:10B49000C02ADFEDC02A0D286DD2DFE800F06C076E
:10B4A00010171E252C333A414C5762009FEDBA9A73
:10B4B00081ED079AC1ED081A81ED090A5BE081ED83
:10B4C000073AC1ED083AC1ED090A54E081ED074A97
:10B4D000C1ED084A81ED090A4DE081ED075A81ED81
:10B4E000086AC1ED090A46E0C1ED076A81ED087AF4
:10B4F00081ED090A3FE0C1ED075AC1ED087A81EDFF
:10B50000091A38E081ED078AC1ED088A81ED090A40
:10B5100031E081ED072AC1ED082A81ED091A2AE000
:10B520009FED9E9A81ED079A9FED9D9A81ED089A75
:10B5300081ED090A1FE09FED9B9A81ED079A9FED2F
:10B540009A9A81ED089AC1ED090A14E09FED979A45
:10B5500081ED079A9FED969A81ED089A81ED090A8F
:10B5600009E09FED949A81ED079A9FED939A81ED02
:10B57000089AC1ED090A91F82B000D286DD2DFE879
:10B5800000F06C0710171E252C333A414C5762000F
:10B590009FED819A81ED0B9AC1ED0C1A81ED0D0A98
:10B5A0005BE081ED0B3AC1ED0C3AC1ED0D0A54E0C0
:10B5B00081ED0B4AC1ED0C4A81ED0D0A4DE081EDA4
:10B5C0000B5A81ED0C6AC1ED0D0A46E0C1ED0B6A24
:10B5D00081ED0C7A81ED0D0A3FE0C1ED0B5AC1ED12
:10B5E0000C7A81ED0D1A38E081ED0B8AC1ED0C8AE1
:10B5F00081ED0D0A31E081ED0B2AC1ED0C2A81EDC0
:10B600000D1A2AE09FED659A81ED0B9A9FED649AE1
:10B6100081ED0C9A81ED0D0A1FE09FED629A81ED9C
:10B620000B9A9FED619A81ED0C9AC1ED0D0A14E021
:10B630009FED5E9A81ED0B9A9FED5D9A81ED0C9ADC
:10B6400081ED0D0A09E09FED5B9A81ED0B9A9FED6C
:10B650005A9A81ED0C9AC1ED0D0A91F838000D2827
:10B6600010D2DFE800F00F07121920272E353C43D7
:10B670004E596400DFED480AC1ED0F0AC1ED101A02
:10B6800081ED110ABDEC048B70BD81ED0F3AC1ED67
:10B69000103AC1ED110AF5E781ED0F4AC1ED104AEC
:10B6A00081ED110AEEE781ED0F5A81ED106AC1EDCF
:10B6B000110AE7E7C1ED0F6A81ED107A81ED110AF9
:10B6C000E0E7C1ED0F5AC1ED107A81ED111AD9E70B
:10B6D00081ED0F8AC1ED108A81ED110AD2E781ED6B
:10B6E0000F2AC1ED102A81ED111ACBE7DFED2B0AED
:10B6F000C1ED0F0ADFED2A0AC1ED100A81ED110A32
:10B70000C0E79FED280A81ED0F0A9FED270A81ED22
:10B71000100AC1ED110AB5E7DFED240AC1ED0F0AE9
:10B72000DFED230AC1ED100A81ED110AAAE79FEDB2
:10B73000210A81ED0F0A9FED200A81ED100AC1ED6B
:10B74000110A9FE7340E00205C610020286300206E
:10B75000000016440000C84300004843588E02C051
:10B760005839A6BF290705C02F6D88BE028007C0C3
:10B7700033331AC0397B49C0C3F5AEBF12D84CC0B1
:10B780007B14A6BEE73450C0B43A1FC00D3488C045
:10B790002DB2B7BF7A548AC0B22B15C0C7BBC3BE87
:10B7A000E8748CC0394224C07EAAABC0986EC0BF7A
:10B7B000EF3CAEC0F162E1BE5BCFB0C003B4019814
:10B7C0004100009850EAC12018BF04204A0D18BF5C
:10B7D00040F0010040F2FF72B2EB515F08BF40F051
:10B7E0000200012808BF052002B07047410008028E
:10B7F00018BF04200A0E18BF40F001004FF07F422E
:10B8000032EA010108BF40F00200012808BF05200C
:10B8100070470907090E002804DB00F1E02080F8DA
:10B820000014704700F00F0000F1E02080F8141DB4
:10B83000704700000000000070B59B482DED020B22
:10B840002DED068B079D25F00044A04218DC97489B
:10B85000844202DC0AD1069840B19DED060BBDEC96
:10B86000068B02B0BDE8704002F0CEBB002DCCBF0D
:10B870009FED8F0B9FED900BBDEC068B02B070BD62
:10B880008F48A04215DD8F48A042D8BF4FF0FF344B
:10B8900058DD9DED060B51EC100BFFF78FFF0428D0
:10B8A00008BF02F0E5FB9DED060BBDEC068B02B078
:10B8B00070BD9DED060B51EC100B02F099FECDE929
:10B8C000060181489FED828BA0423CDD8248A04268
:10B8D0001FDD00249FED82AB9DED060B53EC1A2B70
:10B8E00051EC100B05F054FB9DED060B41EC190BD0
:10B8F00053EC1A2B51EC100B05F0FAFE53EC182BFD
:10B9000006F002F953EC192B05F09AFCCDE906017B
:10B9100049E09DED060B012453EC182B51EC100B64
:10B9200005F036FB9DED060B41EC190B53EC182B83
:10B9300051EC100B06F0E8F853EC192B05F080FCE5
:10B94000CDE906012FE06848A0421FDD02249FEDEB
:10B95000689B9DED060B53EC192B51EC100B05F079
:10B96000C7FE53EC182B05F013FB9DED060B41ECC5
:10B97000180B53EC192B51EC100B06F0C5F853ECD7
:10B98000182B05F05DFCCDE906010CE09DED060BE2
:10B99000032453EC102B9FED580B51EC100B05F0CA
:10B9A0004FFCCDE906019DED060B53EC102B51EC3D
:10B9B000100B05F09DFE41EC180B53EC182B05F015
:10B9C00097FE41EC190B4E480621B0EE490AF0EE05
:10B9D000690A784402F0ECF953EC182B51EC100B87
:10B9E00005F086FE41EC180B4648B0EE490AF0EE31
:10B9F000690A0521784402F0DBF953EC192B51EC6C
:10BA0000100B05F075FE41EC100B51EC180B53ECCC
:10BA1000102B002C0EDA05F0BBFA9DED061B53EC43
:10BA2000112B05F065FE9DED061B53EC112B05F067
:10BA300093FF35E005F0ACFA9DED061B53EC112B9E
:10BA400005F056FE41EC100B2F48784400EBC40083
:10BA500090ED001B51EC100B53EC112B06F054F839
:10BA60009DED061B53EC112B06F04EF841EC100B2C
:10BA70002648784400EBC40090ED001B51EC100BFD
:10BA800053EC112B05F068FF41EC100B002DA2BF09
:10BA9000BDEC068B02B070BD51EC100B05F03AFA0C
:10BAA00041EC100B01E70000000010440000F07FA3
:10BAB000182D4454FB21F93F182D4454FB21F9BFA4
:10BAC0000000DC3F0000203E0000F33F00000000CB
:10BAD000000000000000F03F0000E63F0000000012
:10BAE0000000000000000040008003400000000053
:10BAF000000000000000F83F000000000000F0BF60
:10BB0000126B0000C86A0000526A00000A6A000056
:10BB100070B56F4E2DED040B2DED048B82B0DDF86A
:10BB200024C0DDE907235C422CF000411C4341EABC
:10BB3000D474069D22F00040B44205D86C422C43D8
:10BB400040EAD474B4420BD99DED081B9DED060B61
:10BB500002B0BDEC048B04B0BDE8704002F05EBAE8
:10BB6000ACF14054A4F17F641C430BD0022404EADE
:10BB7000AC7444EAD27405439FED578B9FED582B6C
:10BB800007D015E09DED060B51EC100B02F0E4FB25
:10BB900042E0002C11BF012C9DED060B02B0BDEC64
:10BBA000048B04BF04B070BD022C38D0032C3BD0F2
:10BBB0000B439FED4D1B9FED4E0B0AD0B14218D1A8
:10BBC000B04209D121F0804120F0804009910790D6
:10BBD0000FE0002A15DA10E0474B7B44002C08BF29
:10BBE00093ED000B0DD0012C10D0022C17D0032C9C
:10BBF0001AD0B0421DD1002A03DAB0EE410AF0EEAD
:10BC0000610A02B0BDEC048B04B070BD93ED000B73
:10BC100051EC100B05F07EF941EC100BF1E7B0EEA2
:10BC2000480AF0EE680AECE7B0EE420AF0EE620A6B
:10BC3000E7E7401A00159FED329B3C28C8BF8DED09
:10BC4000000B17DCBCF1000FBCBF10F13C0F8DEDF9
:10BC5000009B0FDB9DED080B53EC102B9DED060BAD
:10BC600051EC100B05F0ECFA02F0C2FC02F074FB90
:10BC7000CDE90001B4B1012C10D0022C9FED220BB4
:10BC800053EC102B9DED000B51EC100B19D005F06F
:10BC90003BFF53EC182B05F037FFBDE7019880F010
:10BCA000004001909DED000B53EC192B51EC100B53
:10BCB00005F01EFC04BF0220F4F79DFC9DED000B77
:10BCC0009FE705F021FF53EC182B05F045FEA3E795
:10BCD0000000F07F00000000182D4454FB210940B3
:10BCE000182D4454FB2109C0182D4454FB21F9BFE1
:10BCF000182D4454FB21F93F6A6900000000000040
:10BD00000000000000000000075C143326A6A13CE0
:10BD100070B54FF068422DED048BF0EE408A18EEBE
:10BD2000900AB0EE608A18EE101A02EB4003B3F1ED
:10BD3000654F3CBF02EB4102B2F1654F7DD200BFBF
:10BD4000C0F3C753C1F3C7529A1A1B2A09DD10F07A
:10BD5000004F14BF9FED830A9FED830ABDEC048B57
:10BD600070BD12F11A0F36DA11F0004F09D010F041
:10BD7000004F0CBF9FED7D0A9FED7D0ABDEC048B4B
:10BD800070BD88EE889A19EE100AFFF72FFD04287F
:10BD900008BF02F09DF918EE900AFFF727FD05464F
:10BDA00018EE100AFFF722FD044619EE100AFFF7FD
:10BDB0001DFD042D18BF052D08D1042C18BF052C1E
:10BDC00004D1002804BF0220F4F715FCB0EE490AA4
:10BDD000BDEC048B70BD4200B2EB410F3AD910F0BC
:10BDE000004F19BFDFED630A9FED630ADFED630AC1
:10BDF0009FED630AB0EE481A0A46B1EE688A80F0F9
:10BE00000041F0EE418A10460A1A5200B2F1807FDA
:10BE100034D2484010F0004FDFED5A1A9FED5A2AF5
:10BE20001DBFBEEE001A70EEE10A30EE420AB6EE19
:10BE3000001A08BF70EEA10A00E040E008BF30EE33
:10BE4000020AB0EE682A01EE482A08EE818AC2EEA4
:10BE5000081A15E011F0004F04BF9FED4C0AF0EEF8
:10BE6000400AD1D010F0004F19BFDFED490A9FED15
:10BE7000490ADFED490A9FED490AC5E7C8EE881A6D
:10BE800021EEA11A9FED462ADFED462A41EE022A55
:10BE90009FED452A01EE222ADFED442A41EE022AD7
:10BEA0009FED432ABDEC048B01EE222A21EE811A7C
:10BEB00001EE020A30EE210A30EE200A70BD4FF08A
:10BEC0007F42B2EB400F28BFB2EB410F09D2F0EE38
:10BED000480AB0EE680ABDEC048BBDE8704002F081
:10BEE000E4B840EA01035B0008BF41F0FF410BD01A
:10BEF000B2EB400F08BFB2EB410F08D120F08040F9
:10BF000008EE900A21F0804108EE101A18E7B2EB13
:10BF1000400F12BF5FEA410340F0FF4001F00041D3
:10BF20003FF40EAFB2EB410F12BF5FEA400200F0E8
:10BF3000004041F0FF413FF403AF4A0092EA400362
:10BF40003FF5FEAE002AACBF9FED1A0A9FED1A0A1C
:10BF500068EE808A28EE008A18EE900A18EE101A11
:10BF6000EEE60000DB0FC9BFDB0FC93FDB0F494026
:10BF7000DB0F49C00000C9BF22AAFDB90000C93FBC
:10BF800022AAFD390060ED3EC30ACE370000000052
:10BF9000000049C022AA7DBA0000494022AA7D3A89
:10BFA0002DAD65BD8FB8D53D0FB511BE61C84C3EF6
:10BFB000A8AAAABE0000804F0000802F0000000049
:10BFC00010B52F499FED2C1B2DED020B84B0059869
:10BFD00020F000408842D8BF9DED040B2DDD29499B
:10BFE000884209D1049840B94FF00100F4F703FBEF
:10BFF00002F01EF806B010BD05DB9DED040B02F04B
:10C0000003F806B010BD68469DED040B01F0FCFB83
:10C0100010F0030004BF9DED021B9DED000B0CD042
:10C0200001280ED09DED021B9DED000B022817D0BC
:10C03000012001F039FF06B010BD01F001FE06B08D
:10C0400010BD9DED021B9DED000B012001F02CFFAA
:10C0500051EC100B04F05EFF06B041EC100B10BD6C
:10C0600001F0EEFD51EC100B04F054FF06B041EC72
:10C07000100B10BD000000000000000000000000D8
:10C08000FB21E93F0000F07F10EE101A08B5444A8A
:10C090006846B2EB410F28D94FF0E640B0EB410FB4
:10C0A00094BF00204FF0FF3000900098002861DB23
:10C0B00060EE000A10F0010F45D010F0020FDFED26
:10C0C000391A9FED391A00EEE11ADFED381A40EE09
:10C0D000811A21EEA01AF0EE400A40EE010A08BFD4
:10C0E000F1EE600AB0EE600A08BD314B21F000426B
:10C0F00093423CD911F0004FDFED2E0A20EE201ABA
:10C10000DFED2D0A19BF31EE601A71EE200A31EE13
:10C11000201A71EE600ABDEEE01A11EE100A9FEDD2
:10C12000271A00F0030000EEC10A9FED251A0090C7
:10C1300000EEC10A9FED231A00EEC10A9FED221AFC
:10C1400000EEC10AB1E79FED211A9FED210A10F020
:10C15000020F00EE810A9FED1F1A00EE801AB7EE63
:10C16000000A00EE810A18BFB1EE400A08BD01F0D6
:10C17000B7FF9AE710EE100A4000B0F17F4F3CBFC6
:10C18000B7EE000A08BD07D14FF00100F4F733FA0B
:10C19000BDE8084001F08CBFBDE8084001F082BF57
:10C1A000B61F927E336D4C39DA82083CA0AA2ABEB3
:10C1B000490E494683F9223F0000004B0000C93F69
:10C1C00000A0FD390020A2331A61342CB93AB2BA6A
:10C1D000CA9F2A3DDDFFFFBE2DED020B019820F026
:10C1E000004001909DED000B02B0704700B52DEDB1
:10C1F000048BB0EE418AF0EE618AB0EE409AF0EE28
:10C20000609A83B053EC182B51EC190B04F0A1FF8A
:10C2100000F07040B0F1005F1AD018EE101A18EE5E
:10C22000900A8DED008B002918BF0121084320F0F2
:10C230000040C0F17F6000F1E040C00F01BFB0EEF0
:10C24000480AF0EE680A03B0BDEC048B08BF00BDDD
:10C25000B0EE490A03B0F0EE690ABDEC048B00BDF4
:10C2600010B52DED028BF0EE408A18EE900AB0EE7C
:10C27000608A20F00040C0F1FF40C00F07D118EEE7
:10C28000100A20F00040C0F1FF40C00F2BD018EE84
:10C29000101A18EE900A05F097FD00EE100A10EE45
:10C2A000100A6FEAD05010F0FF0F04BFBDEC028BF4
:10C2B00010BD18EE900A00F0004110EE100A00F0D8
:10C2C0000040814204BFBDEC028B10BD18EE101A75
:10C2D00010EE100ABDEC028B61F31E0000EE900A16
:10C2E00030EE600A10BD18EE900A4FF07F41B1EBBE
:10C2F000400F1CBF18EE100A5FEA4000C7D10120B2
:10C30000F4F779F9BDEC028BBDE8104001F0D0BE26
:10C310002DE9F04D2DED040B2DED0E8B96B0DDE9E2
:10C320002550279CDDF890A025F0004624F0004819
:10C33000BAF1000F14BF0121002101EB4502FC49B5
:10C3400053184A1093422AD3002814BF0123002314
:10C3500003EB44030B44F7498B4220D358EA000116
:10C360009FEDF59B76D0DFF8D8B35D4503D1BAF1E8
:10C37000000F05D188E0BAF1000F08BF002100D0FE
:10C38000012101EB450111F5001F08D8002814BF59
:10C390000121002101EB440111F5001F0BD99DED96
:10C3A000261B9DED240B16B0BDEC0E8B04B0BDE832
:10C3B000F04D01F033BE0027002DBCBFE149884598
:10C3C00021DAE1498845A8BF02271CDAC3451ADCF7
:10C3D000DE4901EB2851142908DDC1F1340220FAAD
:10C3E00002F101FA02F282420DD108E058B9C1F11E
:10C3F000140228FA02F101FA02F2424503D101F0D7
:10C400000101C1F1020756EA0A0124D1002C22DA07
:10C41000002D18BF022F01D0012F0AD00220F4F7FF
:10C42000EAF816B0BDEC0E8B04B0BDE8F04D01F09B
:10C43000D3BD0220F4F7DFF801F0CEFD51EC100B74
:10C4400004F068FD41EC100B16B0BDEC0E8B04B08F
:10C45000BDE8F08D18E09FEDBEAB9FEDBF8B0028CF
:10C4600071D1B848804522D105F1804010F5801087
:10C4700008BFBAF1000F07D0B3450ADC002CA8BFF3
:10C480009DED260BE0DA0DE0B0EE490AF0EE690A08
:10C49000DAE7002C06DA9DED260B51EC100B04F0C8
:10C4A00039FD6FE0AE48784490ED000BCCE7D845FD
:10C4B0004DD1002C48DA2EB186423AD1BAF1000FA4
:10C4C00042D126E0BAF1000F13D00220F4F793F81E
:10C4D00001F0BEFD8DED020B9DED240B8DED000BEB
:10C4E00010EE900A039961F31E0003909DED020B7C
:10C4F000AAE78DED02AB9DED240B1AEE901A10EE1B
:10C50000900A8DED000B61F31E0003909DED020B70
:10C510009AE78DED028B9DED240B18EE901A10EE2C
:10C52000900A8DED000B61F31E0003909DED020B50
:10C530008AE709DA9DED240B51EC190B53EC102B13
:10C5400004F07EFE1EE020E09DED240B7CE7864299
:10C550001BDAB4F1804F0DD0A4F10050B0F1FF50C0
:10C5600013D1002D11DB9DED240B51EC100B03F0CA
:10C57000B2FC07E09DED240B53EC102B51EC100B9B
:10C5800000F0C2BC41EC100B5EE79DED240B51ECBA
:10C59000100B02F02DF8BAF1000FCDE90E0142D1D7
:10C5A0009FED710B46B3A6F1E040B0F17F600CD077
:10C5B0005E4538D1002D00DAA7B3022F0CBF012051
:10C5C0004FF0FF3005F02DF8DCE7002D01DD002CE9
:10C5D0000DDA002D01DD002C1FDB002D16DA002CFA
:10C5E00014DB012F08BF9FED620B3FF42DAFB0EEBF
:10C5F0004A0AF0EE6A0A27E7022F18BF002D0CD076
:10C60000012F0AD1002DFFF61FAF06E0002DB8BFA5
:10C61000002C08DA012F3FF417AFB0EE480AF0EE15
:10C62000680A11E71BE0012000EBE57050EA070102
:10C6300015D0791EB0EE498AF0EE698A084308BF2A
:10C640009FED4D8B4E480025804570DD4D494E488D
:10C65000884514DDB0420DDB002C19DB2FE00120F2
:10C66000F3F7C9FF16B0BDEC0E8B04B0BDE8F04D7A
:10C6700001F0DEBCB34502DC002C09DC1FE0864281
:10C6800002DA002C1BDA03E05E452BDD002C16DD00
:10C690000220F3F7B0FF01F0DBFC8DED020B53EC51
:10C6A0001A2B51EC180B05F023F8CDE90001039982
:10C6B000019861F31E0003909DED020BC4E6022079
:10C6C000F3F799FF01F0D4FC10EE901A18EE900ADF
:10C6D0008DED020B8DED008B61F31E0003909DED3F
:10C6E000020BB1E69DED0E0B53EC192B51EC100B28
:10C6F00005F00AFA9FED260BCDE9080153EC102B4B
:10C700009DED080B51EC100B04F0F2FF9FED221B86
:10C7100053EC112B05F020F99DED081B53EC112B68
:10C7200004F0E6FF9FED1E1B53EC112B3CE08CE068
:10C73000FFFF1F00FFFF0F00000000000000F03FA0
:10C740000000F03F0000F07F0000404301FCFFFFCD
:10C75000000000000000F07F00000000000000006A
:10C760009E6000000000000000000000000000804B
:10C77000000000000000F0FF000000000000F0BF1B
:10C780000000E0410000F043FFFFEF3F0000000029
:10C79000000000000000D03F555555555555D53F78
:10C7A000000000000000E03F05F0D6F89DED080B0A
:10C7B00041EC1A0B53EC102B51EC100B04F098FFCA
:10C7C00053EC1A2B04F094FF41EC1A0B9FEDFE0B77
:10C7D00053EC102B9DED080B51EC100B04F088FF6F
:10C7E00041EC1B0B9FEDFA0B51EC1A0B53EC102B89
:10C7F00004F07EFF41EC1A0B9FEDF70B53EC102B6E
:10C800009DED080B51EC100B04F072FF53EC1A2B4A
:10C8100005F07AF941EC1A0B51EC1B0B53EC1A2B77
:10C8200004F0B6FB0690CDE906519DED060B53ECE6
:10C830001B2B51EC100B05F067F953EC1A2B05F08C
:10C840008BF841EC100B00F0A1B90020B6F5801F69
:10C850000EDA9FEDE30B53EC102B9DED0E0B51EC1C
:10C86000100B04F045FFCDE90E016FF034000E46C9
:10C8700000EB2650A0F2FF37C6F31300DA4940F070
:10C880007F6646F040568842D8BF002408DDD7496D
:10C890008142C8BF012403DC0024A6F580167F1C5A
:10C8A000D348784400EBC4000F9690ED00CB9DED8B
:10C8B0000E0B53EC1C2B51EC100B05F025F99DEDE4
:10C8C0000E0B41EC1B0B53EC1C2B51EC100B04F02A
:10C8D0005FFB41EC100B51EC190B53EC102B04F0E7
:10C8E000AFFC41EC1D0B51EC1B0B53EC1D2B04F06A
:10C8F000FFFE41EC1A0BBF488DED10AB784410954C
:10C9000090ED000B4FF0005040EA660000EB8440D1
:10C910008DED080B00F5002009909DED080B53EC00
:10C920001C2B51EC100B05F0EFF89DED0E1B53EC9A
:10C93000112B05F011F841EC100B53EC102B9DED71
:10C94000100B51EC100B04F0D3FE9DED080B41ECE5
:10C950001C0B53EC102B9DED100B51EC100B04F045
:10C96000C7FE53EC1B2B04F0F7FF53EC1C2B05F018
:10C97000CBF853EC1D2B04F0BBFE41EC1C0B53EC2D
:10C980001A2B51EC1A0B04F0B3FE41EC1B0B9A4826
:10C990000621B0EE4B0AF0EE6B0A784401F008FA7B
:10C9A000B0EE401AF0EE601AB0EE41DAF0EE61DA65
:10C9B00053EC1B2B51EC1B0B04F09AFE53EC1D2B7C
:10C9C00004F096FE9DED100B41EC1B0B53EC1A2B63
:10C9D00051EC100B04F0DCFA53EC1C2B04F088FE35
:10C9E00053EC1B2B04F0D4FA9DED100B41EC1B0B08
:10C9F00053EC102B51EC100B04F07AFE41EC1D0BA4
:10CA00009FED7FEB53EC1E2B04F0C2FA53EC1B2B73
:10CA100004F0BEFA0890CDE908519DED080B53ECE7
:10CA20001E2B51EC100B05F06FF853EC1D2B05F08D
:10CA30006BF853EC1B2B04F08FFF9DED080B41ECC2
:10CA40001D0B53EC102B9DED100B51EC100B04F053
:10CA50004FFE41EC1B0B53EC1A2B51EC1D0B04F059
:10CA600047FE9DED080B41EC1A0B53EC102B51ECDB
:10CA70001C0B04F03DFE53EC1A2B04F089FA41EC38
:10CA80001A0B51EC1B0B53EC1A2B04F081FA0C908F
:10CA9000CDE90C519DED0C0B53EC1B2B51EC100B05
:10CAA00005F032F853EC1A2B04F056FF41EC1B0B47
:10CAB0009FED550B53EC102B9DED0C0B51EC100B17
:10CAC00004F016FE41EC1A0B9FED510B51EC1B0BC1
:10CAD00053EC102B04F00CFE41EC1B0B9FED4E0BA6
:10CAE00053EC102B9DED0C0B51EC100B04F000FEE1
:10CAF00053EC1B2B04F04CFA41EC100B48487844E3
:10CB000000EBC40090ED001B51EC100B53EC112B0B
:10CB100004F03EFA41EC1B0B384604F082FDCDE9EF
:10CB2000080153EC1B2B51EC1A0B04F031FA41ECC9
:10CB3000100B3C48784400EBC40090ED00CB51EC66
:10CB4000100B53EC1C2B04F023FA9DED081B53EC47
:10CB5000112B04F01DFA0690CDE906519DED080B4E
:10CB600053EC102B9DED060B51EC100B04F0CCFF99
:10CB700053EC1C2B04F0C8FF53EC1A2B04F0C4FF39
:10CB800053EC1B2B04F0E8FE41EC100B9DED261B33
:10CB900053EC102B8DED001B00959DED260B51ECF9
:10CBA000100B04F0A5FD9DED000B41EC1A0B53ECAE
:10CBB000102B9DED260B51EC100B04F0A5FF9DED05
:10CBC000061B53EC112B2FE0000000604715F73FC8
:10CBD000FE822B654715F73F44DF5DF80BAE543EF0
:10CBE00000000000000040438E9803007AB60B005E
:10CBF000125A0000485C00004A5900000000000082
:10CC00000000000000000840000000E009C7EE3FFF
:10CC1000FD033ADC09C7EE3FF5015B14E02F3EBE91
:10CC2000D65700009057000004F062FD53EC1A2B19
:10CC300004F0AEF99DED060B41EC1A0B53EC102BF2
:10CC40009DED000B51EC100B04F052FDCDE90C01F1
:10CC50009DED0C0B51EC1A0B53EC102B04F098F9D2
:10CC6000CDE902010C46AA498C422FDB611A084328
:10CC700018D19DED0C0B53EC102B9DED020B51ECDC
:10CC8000100B04F041FF41EC1B0B9FEDA30B51EC8B
:10CC90001A0B53EC102B04F07BF953EC1B2B04F014
:10CCA00025FE2DD20220F3F7A6FC01F0D1F910EEFB
:10CCB000901A18EE900A8DED020B8DED008B61F34A
:10CCC0001E0003909DED020BFFF7BEBB944A24F0BB
:10CCD0000041914214D39349214408437FF4EFACBF
:10CCE0009DED0C0B53EC102B9DED020B51EC100B3A
:10CCF00004F00AFF53EC1A2B04F0F8FD7FF6DFACCA
:10CD000024F000408849894A002601EB20518242E4
:10CD10002BDA481C4FF4801121FA00F02044844A99
:10CD2000C0F30A517A44A1F2FF3192ED000B814A1F
:10CD30008DED080BCA4020EA0202C0F3130040F454
:10CD40008010C1F1140120FA01F60992002CB8BF3D
:10CD500076429DED080B53EC102B9DED0C0B51EC26
:10CD6000100B04F0D1FECDE90C019DED0C0B51EC44
:10CD70001A0B53EC102B04F00BF99FED6F0B08907E
:10CD8000CDE9085153EC102B9DED080B51EC100B25
:10CD900004F0AEFC41EC1B0B9FED690B53EC102B28
:10CDA0009DED080B51EC100B04F0A2FC9DED0C0B5B
:10CDB00041EC1C0B53EC102B9DED080B51EC100BB0
:10CDC00004F0A2FE53EC1A2B04F0C6FD9FED5E1B8F
:10CDD00053EC112B04F08CFC53EC1C2B04F0D8F812
:10CDE00041EC1A0B51EC1B0B53EC1A2B04F0D0F84E
:10CDF000CDE902019DED020B53EC1B2B51EC100B06
:10CE000004F082FE53EC1A2B04F0A6FD9DED020BFC
:10CE100041EC1A0B53EC102B51EC100B04F068FC96
:10CE2000CDE908014A489DED080B0521784400F042
:10CE3000BFFF9DED081B51EC100B53EC112B04F0C0
:10CE400057FC9DED021B53EC112B04F085FDCDE941
:10CE500006019DED020B53EC1A2B51EC100B04F064
:10CE600047FC53EC1A2B04F093F89FED3B0B41EC7D
:10CE70001A0B53EC102B9DED060B51EC100B04F02C
:10CE800043FE9DED060B41EC1B0B53EC102B9DED6F
:10CE9000020B51EC100B04F02BFC53EC1B2B04F099
:10CEA000CFF953EC1A2B04F02FFE9DED021B53EC2F
:10CEB000112B04F029FE53EC192B04F04DFDCDE9A4
:10CEC000020101EB065001150029C8BF039015DCD3
:10CED0009DED020B324651EC100B05F026F8FEF7E3
:10CEE0006DFC042808BF01F0C3F832469DED020B2B
:10CEF00051EC100B05F019F8CDE902019DED020B84
:10CF000051EC180B53EC102B04F0F2FBFFF73ABB7B
:10CF10000000904000000000FE822B654715973C02
:10CF200000CC904000346F3F01FCFFFF0000E03F69
:10CF300020580000FFFF0F0000000000432EE63FD6
:10CF4000396CA80C615C20BEEF39FAFE422EE63F38
:10CF5000E854000000000000000000000000004055
:10CF600010B510EE100A2DED068BB7EE001A10EE7C
:10CF7000901AB0EE418A0022A0F5000CDFEDFE9A77
:10CF80004FF00073BCF1FE4F4FF07F4403EB410CB8
:10CF900080F0B481BCF1804FC0F02082F749014499
:10CFA0009FEDF73AB1F5005F40F2D48200F58021A1
:10CFB000CB0C03F00F0101EE901AC3F307137F3B74
:10CFC000A0EBC350B8EEE12A00EE100A1A44DFEDE0
:10CFD000ED2AF0EE411A42EE221AF0EE613A70EEBE
:10CFE000232A30EE632A12EE900A00F500606FF3F8
:10CFF0000B0001EE900A73EEE13A33EE804AC1EE87
:10D00000223A22EE230A10EE100A00F500606FF3B8
:10D010000B0000EE100A00EE612A00EE442A62EED8
:10D02000232A70EE221A21EEA12ADFEDD73A02EE72
:10D03000233A23EE023A20EE012A22EE811A03EE71
:10D04000211A32EE010A10EE100A00F500606FF3AB
:10D050000B0000EE100A72EE401A31EE812A9FEDAD
:10D06000CB1A60EE011A9FEDCA1A20EE011A9FED4D
:10D07000C90A02EE001A31EE810A10EE100A00F51C
:10D0800000606FF30B0000EE100AC34871EEC01A87
:10D0900031EE812A784400EBC10090ED003AD0EDEA
:10D0A000011A100101EE100AF8EEC12A32EE211A1F
:10D0B00031EE001A31EE031A31EE221A11EE100A87
:10D0C00000F500606FF30B0009EE100A39EE621AEA
:10D0D00031EE431A31EE400A30EE610A32EE40AAD8
:10D0E00010EE900A002100F500606FF30B0008EECF
:10D0F000900A084670EEE8AA4FF0000029EE280AD0
:10D1000000F00C01F0EEC00A10EE900AB0F18B4F67
:10D110000DDD10EE900AB4EB400F08D310EE100AAC
:10D120004FF08B4262F31E0008EE900A13E069EEA6
:10D130002A0A38EEAA1A4AEE010A30EE201A11EE37
:10D14000100A00F500606FF30B0008EE900A30EE55
:10D15000680A70EE209A0C204FF0000038EEA90A01
:10D16000B5EEC00AF1EE10FA34BFFEEE000AF6EE9C
:10D17000000A30EE800ABDEEC00A10EE100A01115E
:10D1800000EE101AF8EEC00A00EE100AB8EEC00A5F
:10D1900038EEC00A30EE290ADFED801A9FED801AC2
:10D1A00000EE211ADFED7F1A7F4900F00F0040EEFC
:10D1B000011A21EE800A794401EB800191ED001AF9
:10D1C0007A49794401EB8001D1ED001A784901EEEA
:10D1D000801A794401EB8000764990ED000A31EE27
:10D1E000001AB0EEE00A10EE100A884215DA10EECE
:10D1F000100AB4EB400F10D39FED6F0A30EE800A97
:10D20000DFED6E0A20EE200A68EE010ABDEC068B07
:10D21000BCEEC00A20EE200A10BD10EE100A6849CC
:10D22000884243DA10EE100AB4EB400F3ED3BDEE55
:10D23000E00A68EE010A10EE100A00EBD0725110FD
:10D24000C90501F17E5100EE101AA0EB6200C00585
:10D2500060EE200A00F17E5000EE100A60EE808A37
:10D2600018EE900AB4EB400F0FD10220F3F7C3F988
:10D2700000F026FF10EE101A18EE100ABDEC068B17
:10D2800061F31E0000EE100A10BD18EE900A400077
:10D2900011D018EE900AFEF7A9FA042808BF00F092
:10D2A00017FFB0EE680ABDEC068B10BDF5EEC00AA4
:10D2B000F1EE10FA0FD20220F3F79DF900F008FF0B
:10D2C00010EE101A18EE100ABDEC068B61F31E006A
:10D2D00000EE100A10BD0220F3F78DF900F0F0FE09
:10D2E00010EE101AB0EE480A10EE100ABDEC068BD4
:10D2F00061F31E0000EE100A10BD00BFBCF1804FAC
:10D300006CD300BF00F1FF43B3F1FE4F24D200BF46
:10D31000B0EEC00A10EE100AC1F3C7537F2B0DDB2D
:10D32000972BBFF63BAEC3F196034FF0010C0CFAFE
:10D3300003F3A3F1010C1CEA010F08D00120F3F75D
:10D340005AF9BDEC068BBDE8104000F0B1BE0B42AF
:10D3500018BFBFEE008A21E643001CBF4FF0807368
:10D36000B3EB400F34D96FF01A02DFED161A20EE3E
:10D37000210A10EE100A27E000000000001080C013
:10D38000ABAAAA3E0000803D7EE24C3E00B038428F
:10D39000D49AB8BB3BAA3842A8520000FC59633764
:10D3A000C9FF753A1872313D465200007A520000AA
:10D3B000EA5100000000FC420000FE420000004B69
:10D3C000000040430000004D10F0004FA0D1E5E503
:10D3D000A0F50003B3F1FE4F21D2DFE503EB4103DB
:10D3E000B3F1007F11D3F5EEC00AF1EE10FA05D1CA
:10D3F000430018BFB4EB400F76D883E701F000413B
:10D4000041F0FC5100EE901A7CE7B3F1807F06D228
:10D4100010EE903AA3F5000300EE903A72E720F088
:10D4200000426FF0FF4C604C02EB0C03A34210D3A0
:10D4300021F000439C44A4450BD3B0F17E5F18BF9C
:10D440005FEA410C50D0B2F1FF4F98BFB3F1FF4FEC
:10D4500005D9BDEC068BBDE8104000F026BEB0F14A
:10D46000FF4F0FD0C1F3C7527F2A09DB972A11DA89
:10D47000C2F19602012303FA02F2531E0B4205D0B9
:10D48000002208E011F0004F55D128E00A4218BFF1
:10D49000012200D1022210F5000F13D028B3B0F101
:10D4A000004F26D010F1814F4FD04FF0FE42B2EB2B
:10D4B000400F94BF01200020012202EBE17188425D
:10D4C00039D10CE011F0004F02D0012A38D032E0FF
:10D4D000012A02BF9FED350ABDEC068B10BD9FED02
:10D4E000340ABDEC068B10BD2FE011F0004F0CD1BB
:10D4F00021E0B1F1FF4F1ED011F5000F05D011F062
:10D50000004F15D00AB1012A08D00220F3F773F8B2
:10D51000BDEC068BBDE8104000F0BABD0220F3F769
:10D520006AF800F0B5FDBDEC068BB1EE400A10BD07
:10D530000AB1012A04D0B0EE690ABDEC068B10BD19
:10D54000BDEC068B9FED1B0A10BDBDEC068BB7EE44
:10D55000000A10BD30EE410AB5EE001A9FED172A01
:10D5600000EE413AB6EE001A60EE001A00EE431AE1
:10D5700061EEC11A9FED101A20EE011A20EE020A88
:10D580009FED0F2A01EE820A71EE001A11EE900A49
:10D5900000F500606FF30B0009EE100A31EE491A36
:10D5A00031EE00AA9CE50000FFFF3F00000080FF75
:10D5B0000000807F0000008000B0B841D49A38BBE2
:10D5C0003BAAB84100B510EE101A2DED028B81B0C8
:10D5D000524A6846B2EB410F2ED94FF0E640B0EB0D
:10D5E000410F94BF00204FF0FF3000900098B0EE44
:10D5F000408A00286ADB10F0010F4BD068EE080A61
:10D600009FED471A9FED470A00EE810A9FED461AEB
:10D6100010F0020F00EE801AB7EE000A00EE810A49
:10D6200002BF01B0BDEC028B00BD00BF01B0B1EE86
:10D63000400ABDEC028B00BD3C4B21F000429342FE
:10D6400041D911F0004FDFED3A0A20EE201ADFED4C
:10D65000390A19BF31EE601A71EE200A31EE201A34
:10D6600071EE600ABDEEE01A11EE100A9FED321A5B
:10D6700000F0030000EEC10A9FED301A009000EEAA
:10D68000C10A9FED2F1A00EEC10A9FED2E1A00EE7F
:10D69000C10AABE728EE080A9FED2B1ADFED2B0A33
:10D6A00010F0020F40EE410A9FED291A00EE201AF9
:10D6B00061EE000AB0EE480A08EE200AB6D101B0C9
:10D6C000BDEC028B00BD00F00BFD8FE718EE100AD9
:10D6D0004000B0F17F4F0DD218EE100AFEF786F829
:10D6E000042808BF00F0F4FCB0EE480A01B0BDEC1D
:10D6F000028B00BD09D10120F2F77DFF01B0BDEC26
:10D70000028B5DF804EB00F0D3BC01B0B0EE480A28
:10D71000BDEC028B5DF804EB00F0C4BCB61F927E3A
:10D72000B93AB2BACA9F2A3DDDFFFFBE490E49464B
:10D7300083F9223F0000004B0000C93F00A0FD39E3
:10D740000020A2331A61342C336D4C39DA82083C44
:10D75000A0AA2ABE00B52DED048BB0EE409AF0EEE3
:10D76000609A83B051EC190B04F002F941EC180BEC
:10D7700018EE100A18EE901A8DED008B002818BFD5
:10D780000120084320F00040C0F17F6000F1E0403C
:10D79000C00F14D019EE101A19EE900A8DED009BEF
:10D7A000002918BF0121084320F00040C0F17F602C
:10D7B00000F1E040C00F04BF0120F2F71CFFB0EE03
:10D7C000480A03B0F0EE680ABDEC048B00BD10B54A
:10D7D0002DED028BB1EEC08A18EE100A20F0004049
:10D7E000C0F1FF40C00F0AD010EE100A20F0004038
:10D7F000C0F1FF40C00F04BF0120F2F7FCFEB0EE05
:10D80000480ABDEC028B10BD2DE9F14F04462DED09
:10D81000020B2DED088B8AB09FEDE70B80ED020B1C
:10D82000139EE74826F0004585420ADC9DED120B69
:10D83000002084ED000B0AB0BDEC088B03B0BDE8FE
:10D84000F08FE0489FEDE0AB9FEDE1BBA84247DDE4
:10D85000E14F9FEDE39B9FEDE48B9DED120B53ECAD
:10D860001A2B51EC100B002E1CDD04F04DF941EC8D
:10D87000100BBD4208D053EC1B2B51EC100B04F0E5
:10D8800043F9C4E900010BE053EC192B51EC100BE8
:10D8900004F03AF953EC182B04F036F9C4E900010E
:10D8A0000120C8E703F074FB41EC100BBD4208D027
:10D8B00053EC1B2B51EC100B03F06AFBC4E9000185
:10D8C0000BE053EC192B51EC100B03F061FB53EC04
:10D8D000182B03F05DFBC4E900014FF0FF30AAE70D
:10D8E000C348A84279DB9DED120B51EC100B00F000
:10D8F0007FFE41EC180B9FEDC00B53EC102B03F097
:10D90000F7FE9FEDBF1B53EC112B03F041FB03F01F
:10D910002BFE074603F085FE41EC190B53EC1A2B46
:10D9200003F0E6FE53EC182B04F016F841EC180B4C
:10D9300053EC1B2B51EC190B03F0DAFEDFF8C8A2F5
:10D9400041EC100B4FEA15580125FA4453EC102B0B
:10D9500051EC180B04F0D8F8032DC4E900013DD0B8
:10D96000C1F30A5005EB4511A8EB000011398142C3
:10D9700034DA0AEB051BB0EE48AA9BED000BF0EE83
:10D9800068AA53EC102B51EC190B03F0B1FE41ECDB
:10D990001B0B51EC1A0B53EC1B2B04F0B5F841ECAC
:10D9A000180B51EC1A0B53EC182B04F0ADF853EC98
:10D9B0001B2B04F0A9F89BED020B41EC1A0B53EC66
:10D9C000102B51EC190B03F093FE53EC1A2B04F0BF
:10D9D0009BF841EC100B6D1CB8E70EE0002EA8BFC1
:10D9E0003846BFF628AF94ED000B51EC100B03F056
:10D9F00091FAC4E9000178421DE7C6F3130040F430
:10DA0000801EC6F30A50A0F2F530471100F01F0542
:10DA1000C5F12000DDF848B008900020069007907E
:10DA20000520EC467949002D07EB0002794408BF38
:10DA300051F8221009D051F8223001EB8201AB409D
:10DA40004A68089922FA01F11943A1FB0E26A1FBAD
:10DA50000B131A449A4234BF0123002303EB060838
:10DA60000CEB8003D3E901A60E448E4234BF0121A2
:10DA7000002192448A4411B1924502D903E09245B3
:10DA800001D2012100E00021C3E901A641444CF884
:10DA90002010011EA0F10100C4DC029800F100502A
:10DAA000850F0298DDE903678000DDF8148003F03C
:10DAB000B8FD41EC1A0B304603F0CAFD9FED541B34
:10DAC00053EC112B03F014FE41EC1B0B384603F012
:10DAD000BFFD9FED511B53EC112B03F009FE41ECF0
:10DAE000180B404603F0B4FD9FED4D1B53EC112B7A
:10DAF00003F0FEFD41EC190B51EC180B53EC192B04
:10DB000003F046FA53EC1B2B03F042FA53EC1A2BAA
:10DB100003F03EFACDE90801002008909DED080BC6
:10DB200053EC1A2B51EC100B03F0EEFF53EC1B2BB4
:10DB300003F0EAFF53EC182B03F0E6FF53EC192B2C
:10DB400003F00AFF9FED381B53EC112B03F0D0FDBF
:10DB50009FED370B41EC180B53EC102B9DED080B90
:10DB600051EC100B03F0C4FD53EC182B03F010FA2A
:10DB70009FED310B41EC180B53EC102B9DED080B76
:10DB800051EC100B03F0B4FD53EC182B03F000FA2A
:10DB900041EC100B139810F0004F06D06D4251EC81
:10DBA000100B03F0B7F941EC100B284684ED000B85
:10DBB00041E600000000000000000000000000003E
:10DBC000FB21E93F7CD9024000004054FB21F93F92
:10DBD0003163621A61B4D03DFB21F93F00000000BF
:10DBE0000000601A61B4D03D7370032E8A19A33B04
:10DBF000FB2139410000000083C8C96D305FE43F5C
:10DC0000000000000000E03F024C0000504B00000C
:10DC1000000000000000103E000000000000103C6A
:10DC2000000000000000103A182D4454FB21F93D7B
:10DC30003326A611460B113C00000054FB21F93D90
:10DC400010B52DED040B2DED088B82B0B0EE419A8E
:10DC5000F0EE619A0B9820F000449FED4BABB4F1CD
:10DC6000795F11DA9DED0A0B51EC100B03F07CFC8F
:10DC7000002801BFB0EE4A0AF0EE6A0A02B0BDEC1D
:10DC8000088B04BF04B010BD9DED0A0B53EC102BA4
:10DC900051EC100B03F02CFD41EC180B3C48062115
:10DCA000B0EE480AF0EE680A784400F081F853ECD0
:10DCB000182B51EC100B03F01BFD9DED0A0B41ECF2
:10DCC0001B0B53EC192B51EC100B03F011FD41EC25
:10DCD000190B53EC1B2B51EC180B03F009FD53EC03
:10DCE000192B03F011FF9FED2C0B41EC190B53EC9A
:10DCF000102B51EC180B03F0FBFC41EC100B2848E7
:10DD0000844210DA53EC192B51EC100B03F0FCFE9B
:10DD100053EC1A2B03F020FE41EC100B02B0BDECCB
:10DD2000088B04B010BD1F48A042BCBF9FED1E1B56
:10DD30008DED001B06DBA4F5001001900020009083
:10DD40009DED001B51EC100B53EC112B03F0DCFE8E
:10DD50009DED000B41EC180B53EC102B51EC1A0B02
:10DD600003F0D2FE41EC1A0B53EC192B51EC180BBB
:10DD700003F0CAFE53EC1A2B03F0EEFD41EC100B3E
:10DD8000CCE7000000000000000000000000F03FB1
:10DD90006C48000000000000000000000000E03FB0
:10DDA0003333D33F0000E93F000000000000D23FC2
:10DDB00070B504462DED028B4D1E00EBC500B0EE94
:10DDC000408AF0EE608A90ED000B35F0060017D027
:10DDD00053EC182B51EC100B03F08AFC41EC100BA8
:10DDE0006D1E04EBC50090ED001B51EC100B53ECC5
:10DDF000112B03F0CDF841EC100B35F00600E7D104
:10DE0000022D36D0042D1CD0062D1CBFBDEC028B7C
:10DE100070BD53EC182B51EC100B03F069FC94ED22
:10DE20000A1B53EC112B03F0B3F853EC182B03F03F
:10DE30005FFC94ED081B53EC112B03F0A9F841ECA7
:10DE4000100B53EC182B51EC100B03F051FC94ED1C
:10DE5000061B53EC112B03F09BF853EC182B03F02B
:10DE600047FC94ED040B53EC102B03F091F841ECBC
:10DE7000100B53EC182B51EC100B03F039FC94ED04
:10DE8000021B53EC112B03F083F853EC182B03F017
:10DE90002FFC94ED001B53EC112B03F079F8BDEC33
:10DEA000028B41EC100B70BD31B504462DED040B17
:10DEB0002DED0A8BB0EE41BAF0EE61BA0B989DEDF4
:10DEC0000A0B20F00040B0F1795F0DDA51EC100B35
:10DED000FDF774FC042808BF00F0CAF89DED0A0B9A
:10DEE000BDEC0A8B05B030BD53EC102B51EC100B80
:10DEF00003F0FEFB41EC180B9DED0A0B53EC182BC5
:10DF000051EC100B03F0F4FB41EC190B2C48B0EE74
:10DF1000480AF0EE680A05217844FFF749FF9FEDB3
:10DF20002ACBB0EE40AAF0EE60AA9CB353EC1C2BB7
:10DF300051EC190B03F0DCFB41EC1C0B53EC1A2BDE
:10DF400051EC190B03F0D4FB9FED210B41EC190BA5
:10DF500053EC102B51EC1B0B03F0CAFB53EC192BA9
:10DF600003F0D2FD53EC182B03F0C2FB53EC1B2B38
:10DF700003F0CAFD53EC1C2B03F0C6FD9DED0A1BFC
:10DF800053EC112B03F0E8FCBDEC0A8B05B041EC1F
:10DF9000100B30BDFFE753EC1A2B51EC180B03F0BC
:10DFA000A7FB53EC1C2B02F0F3FF53EC192B03F0EF
:10DFB0009FFB9DED0A1B53EC112B02F0E9FFE3E7F9
:10DFC0001C47000000000000495555555555C5BF78
:10DFD000000000000000E03F9FED070B10B553EC80
:10DFE000102B9FED070B51EC100B03F029F941ECBE
:10DFF000100B10BD00000000000000000000000039
:10E00000000000000000F03F10B553EC102B51EC65
:10E01000100B02F0BDFF41EC100B10BD10B553EC1E
:10E02000112B51EC100B02F0B3FF41EC100B10BDA3
:10E030009FED050B10B553EC102B51EC100B03F0BA
:10E04000FFF841EC100B10BD0000000000000000C4
:10E050009FED050B10B553EC102B51EC100B03F09A
:10E0600047FB41EC100B10BD0000000000000070E9
:10E070009FED050B10B553EC102B51EC100B03F07A
:10E0800037FB41EC100B10BD000000000000001039
:10E09000DFED030AB7EE001A81EE200A7047000098
:10E0A0000000000030EE000A704730EE200A704792
:10E0B000DFED020A80EEA00A7047000000000000B9
:10E0C0009FED020A20EE000A704700000000007079
:10E0D0009FED020A20EE000A7047000000000010C9
:10E0E0002DE9F0014FF07F42B2EB410F9FBF4FF09F
:10E0F000FF310160BDE8F00170474FF0004242EA95
:10E100000123C1F3C752783A551112F01F0C434C4A
:10E11000CCF120067C44C1F3C752A2F178024FEA49
:10E12000621204EB820254F8254008BFD2E901567E
:10E1300012D0556804FA0CF425FA06F73C439768A8
:10E1400005FA0CF527FA06F8D26807FA0CFCF2403B
:10E1500045EA08054CEA0206A4FB034CA5FB035262
:10E16000A6FB03631D449D4234BF012600261319FC
:10E17000334416B1934202D903E0934201D2012203
:10E1800000E00022624402F1200C9206DC0C42EA1C
:10E19000443200EE102A5B03DFED210AF8EEC01ACC
:10E1A00000EE103A4FEA9C1C11F0004FB8EE400A06
:10E1B000C0F800C020EE201A00EE105ADFED190A58
:10E1C000B8EE400A20EE200A71EE810A70EE800A55
:10E1D00010EE902A02F500626FF30B0200EE902A17
:10E1E00070EEE11A31EEC11ADFED101A30EE411A6D
:10E1F0009FED0D0A20EE800A01EE210A9FED0C1A18
:10E2000000EE810A04BFBDE8F0017047CCF18051F7
:10E210000160BDE8F001B1EE400A70470045000022
:10E22000000000360000802C22AAFD29DB0FC92F38
:10E230000000C92F2DE9F8438946002100914E4680
:10E24000002802D0B9F1000F03DC4FF0FF30BDE829
:10E25000F8836FF00107B9F1070F01DA3846F6E7E6
:10E26000044608E02078592802D16078532804D069
:10E27000641C761E36B2022EF4DA072E05DAA9EBFC
:10E28000060000F011F93846E1E72579E81DB042B3
:10E2900001DD3846DBE7E81C81B26A46A01C00F0CD
:10E2A00063F86019BDF80010B0F80500884209D085
:10E2B0002179A9EB0600C01D084400F0F5F86FF0C5
:10E2C0000200C4E705270FE004EB070808F102028B
:10E2D00098F8011098F8000000F080F801280CD0A0
:10E2E0007F1CBFB26D1EADB2002DEDD1A9EB0600B3
:10E2F000C01D00F0D9F80020A9E798F80100BF1C64
:10E30000C1198FB2281A801E85B2EDE710B52DED28
:10E31000028BB0EE608ADFED0D8A30EE480AF0EE37
:10E32000680AFDF79DFF10EE100A0949884201DDD9
:10E3300030EE680A074910EE100A884201D930EE23
:10E34000280A38EE000ABDEC028B10BD0000B44371
:10E3500000003443000034C310B541EC100BFDF74E
:10E360006BFA51EC100B10BD70B50024002500288D
:10E3700003D011B10AB1002309E04FF0FF3070BDA6
:10E38000C65C3444E4B22544EDB25B1C9BB28B42C4
:10E39000F6D344EA05201080002070BD10B5064871
:10E3A000F2F77EFA0448F6F7DCF8BDE810400221E7
:10E3B0000148F5F7D9BA0000D411002010B506487D
:10E3C000F2F794FA0448F6F7CCF8BDE810400221C1
:10E3D0000148F5F7C9BA0000FC11002070B51446D9
:10E3E000FF239FED2F0A2F4D04F10806102802D0BD
:10E3F00040282DD129E00C2901D0002328E0012359
:10E40000204600F0BBF900EE900AF8EEE00A60EE5C
:10E41000800A10EE900AE860201D00F0AFF900EECF
:10E42000900AF8EEE00A60EE800A10EE900A286189
:10E43000304600F0A3F900EE900AF8EEE00A20EE74
:10E44000800A10EE100A686102E00C2902D0002355
:10E45000184670BD0123204600F090F900EE900AA6
:10E46000F8EEE00A60EE800A10EE900A2860201DA7
:10E4700000F084F900EE900AF8EEE00A60EE800AFF
:10E4800010EE900A6860304600F078F900EE900ACD
:10E49000F8EEE00A20EE800A10EE100AA860D7E736
:10E4A000BD3786350F6F002070B5044621460C48F5
:10E4B000F2F750F80B4D2888A0420ED9001B82B20B
:10E4C0002A80074E31193046F1F7C5FF28882146CA
:10E4D0003044BDE87040F2F73DB80020288070BDA0
:10E4E0003F6F00200411002070B50C46154603E074
:10E4F00014F8011B00F004F86D1E691CF8D170BD02
:10E500004140034AC9B232F8111081EA1020704725
:10E51000B020010870B50446002594F83000FD28AD
:10E5200003D194F83100EE2801D0A56170BD0E2210
:10E5300004F130010020FFF7D7FFA084E18F814272
:10E5400008D025636563A563E563A561E06A401CA7
:10E55000E06270BD94F8320000F00F012170C0F34A
:10E560000210607094F93B00606094F83C0000F089
:10E570000700A060B4F9350000EE100AF8EEC00AFA
:10E580009FED170A20EE801ADFED160A21EE201A01
:10E5900084ED041AB4F9330001EE100AB8EEC11A82
:10E5A00021EE000A84ED030AD4F8370000EE100AC9
:10E5B000B8EEC00A20EE200ADFED0B0A20EE200A9A
:10E5C00084ED050ADFED090A80EE201A84ED081AB1
:10E5D000A08FC0F3CB00E0610120A06170BD0000FE
:10E5E0000000803BD00FC940000000385C8FCA405B
:10E5F00082B0CDE9000121F0004001909DED000BBB
:10E6000002B051EC100B704710B52DED028BB0EE3F
:10E61000408A9FED070A9FED071A60EE800A80EEA0
:10E62000810AFDF731FD20EE080ABDEC028B10BD1A
:10E63000DB0F49400000344331EE601A0121814074
:10E6400070EE600A491E00EE101AB8EEC00A20EE05
:10E65000800AC0EE010ABDEEE00A10EE100A704713
:10E660002DE9F0412DED068B3D4C3E4D94ED020A17
:10E67000D5ED020A70EE600A94ED031AD5ED031A87
:10E6800031EE619A94ED001AD5ED001A71EE618AAF
:10E6900094ED011AD5ED011A31EE618A324E334FF5
:10E6A000DFED339A96ED021A9FED32AA21EE000AB1
:10E6B00097ED021A01EE200AB0EE691AF0EE4A0A4E
:10E6C000F3F7BAFBDFF8B08088ED020A96ED030A93
:10E6D000D4ED030AB0EE691A20EE200AD7ED030A42
:10E6E00000EE890AF0EE4A0AF3F7A6FB88ED030A6A
:10E6F00096ED000AD4ED000AB0EE691A20EE200A69
:10E70000D7ED000A00EEA80AF0EE4A0AF3F794FBF0
:10E7100088ED000A96ED010AD4ED010AB0EE691AFF
:10E7200020EE200AD7ED010A00EE880AF0EE4A0A30
:10E73000F3F782FB88ED010A94ED020A85ED020AE7
:10E7400094ED030A85ED030A94ED000A85ED000AB5
:10E7500094ED010A85ED010ABDEC068BBDE8F08160
:10E760009C61002030600020DC0D0020EC0D0020BA
:10E770000080BB450080BBC5CC6100200178C27819
:10E7800041EA026182784078120442EA00200143A3
:10E7900008467047F6F7FAF9FBF71AFEF8F7DAF8C9
:10E7A000F8F746F8F8F74CF9F8F7DEF9F7F7F8FF5D
:10E7B000F8F71AF8F8F768F9F8F79AF9F8F7F0F9AE
:10E7C000F8F7B6F91C480068C16841F01001C16053
:10E7D00012221A491848F7F7B3FC092218491948B8
:10E7E000F7F7AEFC17480068C16841F01001C1603E
:10E7F00015480068C16841F01001C1603E2213490C
:10E800001148F7F79DFC102211491248F7F798FCC0
:10E810001148F6F729FFFFF7C1FDFFF7CFFD0F49BC
:10E820000F48F7F7D1FDFBF7E5F900F001F9F8F72C
:10E8300055F800F011F9FEE754130020726E002025
:10E840003F7300209C1300200C130020E86200207E
:10E850004C610020C41200207C120020900B00208C
:10E86000FC11002010B50446FE2084F84000EE2084
:10E8700084F8410094ED040ADFED530A53489FEDFC
:10E88000541AB5EEC00AF1EE10FA02D2C4ED040A31
:10E8900005E010EE101A814201DD84ED041A94EDBA
:10E8A000050AB5EEC00AF1EE10FA02D2C4ED050A6F
:10E8B00005E010EE101A814201DD84ED051A45498C
:10E8C0006068884204D99FED440A84ED010A06E09D
:10E8D0004249884203DD9FED420A84ED010A414925
:10E8E000A068884204D99FED400A84ED020A06E040
:10E8F0003E49884203DD9FED3E0A84ED020A3D4910
:10E90000E068884204D99FED3C0A84ED030A06E0E2
:10E910003A49884203DD9FED3A0A84ED030A2178E3
:10E9200094F8420061F30300A17861F3061084F8C3
:10E93000420094ED040A9FED331AC0EE010A9FEDE8
:10E94000320A60EE800AFDEEE00A10EE900AA4F8AA
:10E950004B00D4ED050AC0EE811A61EE800AFDEE8F
:10E96000E00A10EE900AA4F84D00D4ED031ADFED92
:10E97000270A81EEA01A21EE000ABDEEC00A10EEB1
:10E98000100AC4F8470094ED021A81EE200ADFED68
:10E99000200A20EE200ABDEEC00A10EE100AA4F8EC
:10E9A000450094ED010A20EE200ABDEEC00A10EEEB
:10E9B000100AA4F843000F2204F140010020FFF7E1
:10E9C00093FDA4F84F0010BD00000000C1CACC4167
:10E9D000C1CACC41E1FAFFC2E1FAFFC2E1FAFF424B
:10E9E000E1FAFF42000049C4000049C40000494464
:10E9F00000004944C00FC9C8C00FC9C8C00FC948EA
:10EA0000C00FC948CDCCCC4100000047D00FC94051
:10EA10000000804310B5EFF30581002902D06FF0AC
:10EA2000050403E0002408B101F066FC204610BD97
:10EA3000EFF30580002802D06FF00500704705480D
:10EA4000016811B14FF0FF307047012101600020D3
:10EA5000704700007C00002010B5EFF3058000280F
:10EA600002D06FF0050010BD07480168012902D0EF
:10EA70004FF0FF3010BD054A0021117002210160E6
:10EA800001F0A8FC002010BD7C0000201FED00E07C
:10EA90002DE9FF470B464FF00008CDF80C80EFF34F
:10EAA000058199BB90B3802618240025691E72B396
:10EAB000176807B13D46976907B13C46671E382F76
:10EAC00002D21779FF0703D0002004B0BDE8F08719
:10EAD000576907B1BE08D2F808C0BCF1000F0CD0CE
:10EAE000D2F80C90B9F15C0F07D3D2F81090B9F1BD
:10EAF000000F02D00FB101210BE0BCF1000F08D1D3
:10EB0000D76837B9176927B9002102E01BE0FFE792
:10EB10000021012901D059B115E0916812690291D3
:10EB2000CDE900423246294602F004F803900AE09B
:10EB300003A9CDE90041B2B2294601F0C9FF01287D
:10EB400001D0CDF80C800398BFE70000427803782D
:10EB500042EA03224A80C278837842EA03228A800A
:10EB60004279037942EA0322CA80C279837942EA70
:10EB700003220A81054A007A1388984202D10020B4
:10EB8000088070470880108070470000260E002023
:10EB900090F80F02EB499FEDEC0A0122DFEDEB0A42
:10EBA0009FEDEB1A38287DD052DC15287BD028DC6D
:10EBB000042879D012DC012877D0022876D00328E7
:10EBC0000BD1DFEDE40AC1ED000ADFEDE30AC1ED90
:10EBD000010A81ED020A81F878207047052866D085
:10EBE000062865D00E28F8D1DFEDDC0AC1ED000A59
:10EBF000DFEDDB0AC1ED010A81ED020A81F8782020
:10EC000070472D287DD012DC17287BD019287AD0A8
:10EC10002428F5D1DFEDD30AC1ED000ADFEDD20AD9
:10EC2000C1ED010A81ED020A81F8782070472F2892
:10EC30006AD03628FAD19FEDCD0A81ED000A9FED0A
:10EC4000CC0A81ED010A81ED021A81F87820704723
:10EC5000592875D030DC462873D012DC3A2871D0A0
:10EC6000412870D04528F2D1DFEDC20AC1ED000A7B
:10EC7000DFEDC10AC1ED010A81ED020A81F87820B9
:10EC800070474E287AD0512879D05728F8D19FED77
:10EC9000BB0A81ED000A9FEDBA0A81ED010A81ED00
:10ECA000021A06E0B1E096E04EE031E03BE058E0C9
:10ECB00066E081F8782070476E286ED012DC5C2800
:10ECC0006CD062286BD06528F5D19FEDAE0A81ED3E
:10ECD000000A9FEDAD0A81ED010AC1ED020A81F83B
:10ECE00078207047702875D07928FAD19FEDA70A4F
:10ECF00081ED000A9FEDA60A81ED010A81ED021A5D
:10ED000003E09CE059E04BE08CE081F8782070470C
:10ED1000DFEDA00AC1ED000ADFED9F0AC1ED010A97
:10ED200081ED020A7047DFED9D0AC1ED000ADFEDBB
:10ED30009C0AC1ED010A81ED020A81F87820704732
:10ED4000B1E096E054E087E09FED960A81ED000A7D
:10ED50009FED950A81ED010AC1ED020A81F8782044
:10ED6000EDE79FED920A81ED000A9FED910A81ED9A
:10ED7000010AC1ED020A81F87820E0E786E09FE011
:10ED80009FED8C0A81ED000A9FED8B0A81ED010A4F
:10ED9000C1ED020A81F87820D1E7C5E09DE0A9E045
:10EDA000DFED860AC1ED000ADFED850AC1ED010A3B
:10EDB00081ED020A81F87820C1E79FED820A81ED9A
:10EDC000000A9FED810A81ED010AC1ED020A81F876
:10EDD0007820B4E79BE09FED7D0A81ED000A9FED6E
:10EDE0007C0A81ED010A81ED021A81F87820A6E7FC
:10EDF000DFED780AC1ED000ADFED770AC1ED010A07
:10EE000081ED020A81F8782099E79FED740A81ED7F
:10EE1000000A9FED730A81ED010AC1ED020A81F833
:10EE200078208CE7DFED6F0AC1ED000ADFED6E0A96
:10EE3000C1ED010A81ED020A81F878207FE79FED9C
:10EE40006B0A81ED000A9FED6A0A81ED010AC1EDAE
:10EE5000020A81F8782072E79FED660A81ED000AC8
:10EE60009FED650A81ED010A81ED021A81F8782093
:10EE700065E7DFED620AC1ED000ADFED610AC1ED71
:10EE8000010A81ED020A81F8782058E79FED5D0ABA
:10EE900081ED000A9FED5C0A81ED010AC1ED020AD5
:10EEA00081F878204BE79FED590A81ED000A9FED2C
:10EEB000580A81ED010AC1ED020A81F878203EE787
:10EEC000DFED540AC1ED000ADFED530AC1ED010A7E
:10EED00081ED020A81F8782031E7DFED500AC1EDBB
:10EEE000000ADFED4F0AC1ED010A81ED020A81F847
:10EEF000782024E79FED4B0A81ED000A9FED4A0A36
:10EF000081ED010A81ED021A81F8782017E79FED63
:10EF1000470A81ED000A9FED460A81ED010AC1ED25
:10EF2000020A81F878200AE79FED420A81ED000A83
:10EF30009FED410A81ED010A81ED021A81F87820E6
:10EF4000FDE60000DC6D00200000B4420000344308
:10EF5000000000000000FE42002084C400201CC508
:10EF60000040EFC40000C0C20000EBC40000A5C414
:10EF7000002048C50000F2C200B047C500E0A9C4A7
:10EF8000008889C500402DC500D0ADC500000FC563
:10EF90000008B3C500B00DC5004079C40000A0C48E
:10EFA00000C020C400E0B4440028EBC50000534476
:10EFB00000CC0DC60000E64400C803C60040A6C44D
:10EFC0000000E6C400A0B9C40000F6C4008093C4E9
:10EFD0000080F9C40000ACC400B03DC50080BDC4D1
:10EFE000002046C500A01EC500003CC5006029C524
:10EFF000004044C50000EAC200F049C500B020C589
:10F00000000887C500902AC5004888C50040B5C4DF
:10F01000006089C50060AEC4007888C5000022C3C6
:10F02000004889C50000ACC200488AC50080B9C448
:10F030000030AFC50000AEC40038AFC570B590F861
:10F040000D32002201242849284D0B2B19D2DFE86C
:10F0500003F0060C121920262C32383E4400BDE87D
:10F06000704001462248F9F7D1BDBDE87040014625
:10F070001F48F9F71BBE0A7001461D48FAF738FB16
:10F080002C7070BD0A7001461948FAF76BFB2C70A2
:10F0900070BDBDE8704001461548F9F753BDBDE8A5
:10F0A000704001461248F9F765BEBDE87040014660
:10F0B0000F48F9F7B1BEBDE8704001460C48FAF7B9
:10F0C00057B801460A48FAF787FB2C7070BDBDE8B7
:10F0D000704001460648F9F7F1BEBDE870400146B0
:10F0E0000348F9F79DBF000044110020A91000203B
:10F0F0007463002090F80E02DF49DFEDE01A012270
:10F100009FEDDF1A9FEDDF0ADFEDDF0A9FEDDF2ABB
:10F11000452872D056DC192870D028DC03286ED020
:10F1200012DC00286CD001286BD002280BD19FED97
:10F13000D80A81ED000A9FEDD70A81ED010A81ED21
:10F14000021A81F8782070470E287AD0152879D0D5
:10F150001728F8D1DFEDD00AC1ED000ADFEDCF0AA4
:10F16000C1ED010A81ED020A81F878207047DFEDD8
:10F17000CC0A9FEDCC2A362865D012DC24287DD01D
:10F180002D287CD02F28F1D19FEDC70A81ED000AF0
:10F190009FEDC60A81ED010A81ED021A81F87820FF
:10F1A000704738286CD03A28FAD19FEDC10A81ED1A
:10F1B000000A9FEDC00A81ED010A81ED021A81F873
:10F1C00078207047572878D02DDC512876D019DC6C
:10F1D000462874D0DFEDB80A9FEDB81A4B286FD0DF
:10F1E0004C28EED1C1ED000A81ED011A9FEDB40A61
:10F1F00081ED020A81F878207047C7E06EE060E098
:10F200003FE04BE0DFEDAF0ADFEDAF1A552872D0DB
:10F210005628F1D1C1ED000AC1ED011A81ED020AB3
:10F2200081F87820E8E76E2873D016DC592871D071
:10F230005C2870D06428DFD19FEDA40A81ED000A1C
:10F2400002E069E058E082E09FEDA10A81ED010A49
:10F25000C1ED020A81F87820CEE7702876D07828B0
:10F26000CAD19FED9C0A81ED000A9FED9B0A81EDBA
:10F27000010AC1ED020A81F87820BDE759E078E083
:10F280006EE09FED960A81ED000A9FED950A81EDF3
:10F29000010AC1ED021A81F87820ADE79FED910ACD
:10F2A00081ED000A9FED900A81ED010A9FED8F0A22
:10F2B00081ED020A81F878209EE791E0AAE079E0EA
:10F2C0006FE0DFED8B0AC1ED000ADFED8A0AC1EDC8
:10F2D000010A81ED020A81F878208DE79FED860A08
:10F2E00081ED000A9FED850A81ED010A81ED021A88
:10F2F00081F8782080E76AE09FED810A81ED000ABD
:10F300009FED800A81ED010AC1ED021A81F8782093
:10F3100072E7A4E071E08AE09FED7B0A81ED000ACC
:10F320009FED7A0A81ED010AC1ED020A81F8782089
:10F3300062E79FED770A81ED000A9FED760A81ED85
:10F34000010A81ED021A81F8782055E77AE0C1EDD3
:10F35000000A81ED012A81ED020A81F878204BE74D
:10F36000C1ED000A81ED012A81ED020A81F87820C1
:10F3700042E79FED690A81ED000A9FED680A81ED81
:10F38000010AC1ED021A81F8782035E781ED002AE3
:10F390009FED630A81ED010AC1ED020A81F8782030
:10F3A0002AE7C1ED000A81ED011A81ED020A81F818
:10F3B000782021E79FED5B0A81ED000A9FED5A0A54
:10F3C00081ED010AC1ED020A81F8782014E7C1ED50
:10F3D000000AC1ED011A81ED021A81F878200BE7CD
:10F3E000DFED520AC1ED000ADFED510AC1ED010A5D
:10F3F00081ED020A81F87820FEE69FED4E0A81ED4C
:10F40000000A9FED4D0A81ED010AC1ED021A81F853
:10F410007820F1E69FED490A81ED000A9FED480A48
:10F4200081ED010AC1ED020A81F87820E4E681ED60
:10F43000002A9FED440A81ED010AC1ED020A81F81C
:10F440007820D9E69FED400A81ED000A9FED3F0A42
:10F4500081ED010AC1ED021A81F87820CCE6DFEDDA
:10F460003C0AC1ED000ADFED3B0AC1ED010A81ED66
:10F47000020A81F87820BFE6DC6D00200000000061
:10F480000000B4420000344300008743000049C339
:10F4900000C097C40080E9C30080CBC40080F8C4DA
:10F4A0000000CFC4001049C500601FC500E032C590
:10F4B0000000A7C400F033C5008022C500E088C565
:10F4C0000000B4C200808CC400C08AC500A024C55E
:10F4D0000068B8C5008084C30090BAC50000BE4370
:10F4E00000001743B45C9D441E09DEC3CDCCCCBFE5
:10F4F00000207EC500E016C60000AAC40020D7C4C4
:10F50000004082C40040FEC400E01CC500300EC5AF
:10F51000000094C20020D4C400000CC50040D8C430
:10F5200000105FC5001023C500B892C50020D5C4E7
:10F53000003889C5006088C400D089C50020AFC4E8
:10F54000003093C5003095C500E08CC40050AFC5B5
:10F5500000A0D9C400B8AEC52DE9F04104460F465D
:10F56000134EF5683068001D00F090FD601C07D157
:10F5700037B13168BDE8F041091D0E4800F0D6BD35
:10F580002C4430684460AC4206D23168B06B091D2F
:10F59000BDE8F04100F0B2BD3168706B091D00F0AC
:10F5A000ADFDB06A844200D2B462BDE8F0810000D3
:10F5B0002C0000201C1C002070B5044600F0C2FD89
:10F5C0001C4DA868401CA860286810B1686938B153
:10F5D0000CE02C60A868012808D100F099F905E03A
:10F5E0002868E16AC06A884200D82C60686A401CBA
:10F5F00068626064E06A2969884200D928610E491E
:10F6000000EB800001EB8000211D00F08FFD00F079
:10F61000B9FD686900280CD02868E16AC06A884290
:10F6200007D206494FF080500860BFF34F8FBFF3F9
:10F630006F8F70BD2C0000206C17002004ED00E0DF
:10F6400038B500F07FFD104C2068C8B90F4800F0B5
:10F6500047FD0E48143000F043FD0C48E0601430C4
:10F6600020610A4B0020F03B009003F15002102172
:10F670000A2000F0C3FF206010B105A100F006FED3
:10F68000BDE8384000F07EBD68000020201D00204D
:10F69000546D72510000000070B50C4D0C4E11E01D
:10F6A00000F050FDF068C468201D00F0EFFCA86871
:10F6B000401EA8606868401E686000F063FD204638
:10F6C00000F053F868680028EAD170BD2C000020D3
:10F6D000081C002030B40B46026C002A0CD0C16814
:10F6E0001144C1608468A14201D30168C160C1684E
:10F6F00030BC1846F0F7AFBE30BC70472DE9F04182
:10F70000044617460026A56B226C002A10D0C7B10C
:10F71000E068F0F7A0FEE168206C091AE160226859
:10F72000914202D2A168081AE060022F16D017E0B9
:10F730002068A8B9A06801F0A5FA06460020A060DC
:10F740000EE06068F0F787FE216C60680844606036
:10F75000A168884204D32068606001E005B16D1E95
:10F760006D1CA5633046BDE8F08110B5044694F8E1
:10F77000590000280BD0012811D0022814D05020A5
:10F7800080F31188BFF34F8FBFF36F8FFEE7206BBD
:10F7900000F00EFD2046BDE8104000F009BD2046F7
:10F7A000BDE8104000F004BD10BD00000749CA6864
:10F7B0001168002904D00021016019B100207047B0
:10F7C0000121F9E7D0680068704700006800002058
:10F7D0004FF470510F48420706D0C01D20F00700BB
:10F7E0000C49411AC1F570510B4A10600023536057
:10F7F0000144083921F00701183A11604B600B6091
:10F800000B1A436001604068906050604FF0004008
:10F81000506170470024002098000020074E4FF0F0
:10F820008054074DFFF738FF30680128FAD92C6063
:10F83000BFF34F8FBFF36F8FF4E700006C1700200A
:10F8400004ED00E070B51D46049C002909D022603B
:10F85000E06321640121204600F006FF84F84C504B
:10F8600070BD2460F4E72DE9F05F8246DDE90A59B6
:10F870000C9C0E4617469B46B900A522206BF0F75C
:10F8800061FE206B7F1E00EB870020F007077807E2
:10F8900007D0502080F31188BFF34F8FBFF36F8FD5
:10F8A000FEE74FF0000866B100202218315C82F8B4
:10F8B0003410315C11B1401C1028F6D384F8438019
:10F8C00001E084F83480382D00D33725E562E56403
:10F8D000C4F85080201D00F00EFC04F1180000F068
:10F8E0000AFC2461C5F13800A0616462C4F8548048
:10F8F00084F858805A465146384600F0A7FA2060EE
:10F90000B9F1000F01D0C9F80040BDE8F09F000038
:10F9100070B50024114D04EB840005EB800000F06D
:10F92000DFFB641C382CF6D30D4800F0D9FB0C48E3
:10F93000143000F0D5FB0A48283000F0D1FB08480D
:10F940003C3000F0CDFB0648503000F0C9FB0548C4
:10F95000034941631431816370BD00006C170020BE
:10F96000CC1B00202C00002030B5134900E01146CC
:10F970000A688242FBD34B685C18844203D140681A
:10F980001844486008460D6844682318AB420DD1FE
:10F99000094B183B1B689A4206D0526822444260C9
:10F9A0000A681268026002E0036000E002608142BF
:10F9B00000D0086030BD00009800002070B5002421
:10F9C000416000610C4D91420AD8D11A826991427E
:10F9D00001D301240EE0011D286900F08FFB09E02E
:10F9E0009A4203D2994201D3012403E0011DE86841
:10F9F00000F084FB204670BD6800002010B504466E
:10FA000000F0A0FBA06B20B1002400F0BBFB20465F
:10FA100010BD0124F9E710B5044600F093FBA06B7C
:10FA2000E16B884201D1012400E0002400F0AAFB30
:10FA3000204610BDF8B505460E461748C068C06898
:10FA4000C468201D00F022FB94F82800410718D557
:10FA5000A0692B46411932462046FFF7AFFFA0B1FF
:10FA600000200346014600902A46204601F01CFA79
:10FA700058B9502080F31188BFF34F8FBFF36F8FB9
:10FA8000FEE720F0010084F82800216A01B020463A
:10FA9000BDE8F040084700006800002030B587B09E
:10FAA0003C4D6EE00398002803DADDE90420069956
:10FAB00090470398002864DB059C606910B1201D05
:10FAC00000F0E4FA02A800F0AFF8024603980A2812
:10FAD00057D2DFE800F00505052D334A05052D3323
:10FAE00094F8280040F0010084F828000498A169E7
:10FAF000034601442046FFF761FF68B3216A2046B0
:10FB0000884794F8280040073BD5002000900498CF
:10FB1000A169002342181946204601F0C5F9D8B959
:10FB2000502080F31188BFF34F8FBFF36F8FFEE734
:10FB300014F8280F20F00100207022E094F828002B
:10FB400040F0010084F828000498A06128B18118D1
:10FB500013462046FFF732FF13E0502080F3118850
:10FB6000BFF34F8FBFF36F8FFEE794F82800810734
:10FB700003D4204600F01CFB03E020F0010084F8D1
:10FB80002800002203A9286800F0C6FE002889D1B9
:10FB900007B030BD68000020F8B506460D4600F0FD
:10FBA00061FC684600F040F80446009810B101F08E
:10FBB000E3F8F8BD45B9A64206D801F0DDF82146C4
:10FBC0003046FFF737FFF8BD0C481DB101690968E1
:10FBD00091B10025311B2A46006800F069FB01F055
:10FBE000CBF80028EFD106494FF080500860BFF3F2
:10FBF0004F8FBFF36F8FF8BD0125EBE76800002042
:10FC000004ED00E00748416B0968002905D0416B0D
:10FC1000C968C9684968816270474FF0FF318162E5
:10FC2000704700002C00002070B5054600F0BEFFB4
:10FC30000446074EB068844204D200F00BF801205D
:10FC4000286001E000202860B460204670BD0000FC
:10FC500068000020F8B51A4E20E0C0680568C46846
:10FC6000201D00F013FA216A2046884794F82800E6
:10FC7000400713D5A0692844A84206D960602461D2
:10FC8000211DF06800F03AFA08E000200346014622
:10FC900000902A46204601F007F940B1F06801685B
:10FCA0000029DAD1F0683169F1603061F8BD502087
:10FCB00080F31188BFF34F8FBFF36F8FFEE7000013
:10FCC0006800002009484068401C07D0502080F39D
:10FCD0001188BFF34F8FBFF36F8FFEE7502080F383
:10FCE0001188BFF34F8FBFF36F8FFEE7A000002096
:10FCF00008B56846FFF75AFD0099FFF74DFFFFF77B
:10FD0000CDFEF6E72DE9F041044600F01BFA94F928
:10FD1000455004F1240609E0606A48B1304600F01D
:10FD2000EFFF08B100F018FB6D1E6DB2002DF3DC83
:10FD30004FF0FF3684F8456000F024FA00F002FA34
:10FD400094F9445004F1100709E0206948B138469D
:10FD500000F0D6FF08B100F0FFFA6D1E6DB2002D65
:10FD6000F3DC84F84460BDE8F04100F00BBA000019
:10FD70002DE9F0410546002600F074FB324F38684B
:10FD800008B9FFF725FD786905424DD18DB10835D9
:10FD900068070ED005F00700C0F1080005446807A9
:10FDA00007D0502080F31188BFF34F8FBFF36F8FC0
:10FDB000FEE7CDB37868854236D823491831084626
:10FDC000046801E0214604466068A84202D2206827
:10FDD0000028F7D13868844226D00E68083620689B
:10FDE00008606068411B10290ED96019420707D0CE
:10FDF000502080F31188BFF34F8FBFF36F8FFEE762
:10FE000041606560FFF7B0FD61687868401A78600E
:10FE1000BA68904200D2B8607869014361600020FE
:10FE20002060F868401CF86000F0A6FF700707D05B
:10FE3000502080F31188BFF34F8FBFF36F8FFEE721
:10FE40003046BDE8F08100008000002024384FF0EB
:10FE50008073036221F00101C16104498161426044
:10FE60006FF0020140F8201970470000C5FC00083F
:10FE7000002190ED001AB4EEC01AF1EE10FA01D391
:10FE800000DD012139B1B4EEC01AF1EE10FA16D836
:10FE900080ED000A7047B4EEC01AF1EE10FA02DBF2
:10FEA00080ED000A704771EE200AC0ED000AF4EE02
:10FEB000C00AF1EE10FAF5DB80ED000A704771EE32
:10FEC000600AC0ED000AF4EEC00AF1EE10FAF5D8AF
:10FED00080ED000A704700B52DED048B83B041EC36
:10FEE000190B01F045FD41EC180B18EE100A18EE45
:10FEF000901A8DED008B002818BF0120084320F0D8
:10FF00000040C0F17F6000F1E040C00F14D019EE56
:10FF1000101A19EE900A8DED009B002918BF0121DF
:10FF2000084320F00040C0F17F6000F1E040C00FC6
:10FF300004BF0120F0F75FFB51EC180B03B0BDECE0
:10FF4000048B00BD70B504462DED028BB0EE408AE7
:10FF50000D4694ED000AF0EE480AFEF7D7F930EEB0
:10FF6000481A0E49B0EEC11A11EE100A88420FDD90
:10FF700094ED000A9FED0A1AF0EE480A30EE010AED
:10FF8000FEF7C4F9D5ED000AF1EE600AC5ED000AEE
:10FF900084ED000ABDEC028B70BD00000000B4428D
:10FFA0000000344370EEC00A01EE100A01208840C0
:10FFB000B8EEC11A401E21EE201A00EE900AF8EEAB
:10FFC000E01AC1EE210A30EE800A704710B52C48C5
:10FFD000002141708170C170017141718171C171E5
:10FFE000017241728172C172017341738173C17375
:10FFF0000174244A13780122072B11D2DFE803F0A1
:020000040801F1
:10000000100406080A0C0E0042700FE082700DE02A
:10001000C2700BE0027109E0427107E0027405E072
:1000200041708170C170017141710174164B1B7870
:100030000A2B1AD2DFE803F00507090B0D0F111385
:100040001517827110BDC27110BD027210BD4272CF
:1000500010BD827210BDC27210BD027310BD42731A
:1000600010BD827310BDC27310BDC17101724172A7
:100070008172C172017341738173C17310BD00003D
:10008000606E0020E9100020300E00200169D0E9E8
:1000900001329A60D0E901235A604A68824201D154
:1000A00082684A60002202610868401E0860086891
:1000B00070470000034B036003F15C000860802080
:1000C00010607047481D0020044B036003F15C0082
:1000D00008604FF48070106070470000A41F00207B
:1000E00000F1080141604FF0FF328260C1600161A0
:1000F00000210160704700210161704730B50C6834
:10010000621C02D000F1080202E0026904E01A4613
:1001100053681D68A542FAD953684B6099608A609C
:10012000516008610168491C016030BD42684A6045
:1001300093688B6093685960916008610168491CFD
:1001400001607047502080F31188BFF34F8FBFF3D9
:100150006F8F0A494868401C486001280CD1084844
:10016000006810F0FF0F07D0502080F31188BFF314
:100170004F8FBFF36F8FFEE770470000A000002095
:1001800004ED00E009494868002806D0401E486098
:10019000002801D180F311887047502080F3118826
:1001A000BFF34F8FBFF36F8FFEE70000A00000206A
:1001B00070B500282AD008380446154D6068696972
:1001C000084207D1502080F31188BFF34F8FBFF34F
:1001D0006F8FFEE722683AB1502080F31188BFF399
:1001E0004F8FBFF36F8FFEE78843606000F03AF9EE
:1001F00060686968084468602046FFF7B5FB2869B5
:10020000401C2861BDE8704000F0B6BD70BD000024
:10021000800000204FF0E02000210161816105494C
:100220004FF47A720968B1FBF2F1491E416107216E
:10023000016170472800002010B5F0F771F81149EE
:1002400010280ED300F1E02090F8F0030A789042D5
:1002500007D2502080F31188BFF34F8FBFF36F8F09
:10026000FEE709480068896800F4E060884207D921
:10027000502080F31188BFF34F8FBFF36F8FFEE7DD
:1002800010BD0000A00000200CED00E010B5002221
:10029000064B53F832401CB1521C082AF9D310BD4A
:1002A00043F8321003EBC201486010BD2C17002048
:1002B00070B504460D461646FFF744FF94F94430E6
:1002C0004FF000005B1C01D184F8440094F9451004
:1002D000491C01D184F84500FFF754FFA06B28B9F1
:1002E0003246294604F1240000F056F82046BDE8C5
:1002F0007040FFF707BD000010B502460020002A3D
:1003000012D00F48006B38B1502080F31188BFF332
:100310004F8FBFF36F8FFEE700F0A4F80021104667
:10032000FFF71AF900F028FD002807D105494FF022
:1003300080500860BFF34F8FBFF36F8F10BD000078
:100340002C00002004ED00E002490A6A0260C9683E
:10035000416070472C00002001490120C8617047AE
:100360002C00002010B50C4600280AD00949096865
:100370001831FFF7C3FE2046BDE810400121FFF70A
:10038000EBB8502080F31188BFF34F8FBFF36F8F0E
:10039000FEE700002C00002070B50D461446002832
:1003A0000DD00B4909681831FFF7C0FE0CB14FF0B2
:1003B000FF3521462846BDE87040FFF7CDB85020F4
:1003C00080F31188BFF34F8FBFF36F8FFEE70000FC
:1003D0002C00002030B587B000250695059504AAAD
:1003E00005A906A8FFF766FEDDE90510CDE9005175
:1003F0000290002317A11948049A00F09BFB184CA7
:10040000E06208B1012000E00020012801D100F0E5
:1004100017FD012809D0401C19D1502080F3118804
:10042000BFF34F8FBFF36F8FFEE7502080F311882B
:10043000BFF34F8FBFF36F8F4FF0FF30A0620120EB
:100440006061E56007B0BDE8304000F047B807B034
:1004500030BD000049444C45000000001DF8000874
:100460002C0000200248016B491C0163704700000A
:100470002C00002010B5174B186B002802D001206B
:10048000D86110BD0020D8611869134901E0C0B1DE
:10049000401E00EB800251F82220002AF7D000EB2A
:1004A000800201EB82014A6852684A6001F1080447
:1004B000A24201D152684A604968C968196018614E
:1004C00010BD502080F31188BFF34F8FBFF36F8FA3
:1004D000FEE700002C0000206C1700201CB53748F8
:1004E0000168374A914207D1502080F31188BFF349
:1004F0004F8FBFF36F8FFEE700683149491E884276
:1005000007D1502080F31188BFF34F8FBFF36F8F57
:10051000FEE72C4908780190FF20087008780090C9
:100520009DF800009DF8002000F0F000904207D0F8
:10053000502080F31188BFF34F8FBFF36F8FFEE71A
:100540009DF80000204C00F0500020700720A060B3
:1005500006E0A068401EA0609DF8000040000090EA
:100560009DF800000006F4D4A068032807D05020AE
:1005700080F31188BFF34F8FBFF36F8FFEE74FF407
:100580004070A060019808700C482030016841F468
:1005900070010160016841F070410160FFF73AFEAF
:1005A00000206060EFF784FE0848016841F0404198
:1005B0000160EFF769FE00201CBD000000ED00E0C7
:1005C00071C20F4100E400E0A000002034EF00E021
:1005D00010B5502080F31188BFF34F8FBFF36F8F9A
:1005E00000F0EAFA18B104494FF08050086000208A
:1005F00080F3118810BD000004ED00E038B5049DC3
:10060000002804D05BB102B189B1C2B120E0502012
:1006100080F31188BFF34F8FBFF36F8FFEE7502039
:1006200080F31188BFF34F8FBFF36F8FFEE7502029
:1006300080F31188BFF34F8FBFF36F8FFEE739B19F
:10064000502080F31188BFF34F8FBFF36F8FFEE709
:10065000502400941C46012384F846302B46009415
:10066000FFF7F0F8204638BD70B504460D46002C63
:1006700025D0FFF767FDD4E90F20216802FB0011A8
:10068000A1600021A16321686160E06B2268216C98
:10069000401E00FB0121E1604FF0FF3084F8440070
:1006A00084F8450004F110008DB1FFF719FD04F145
:1006B0002400FFF715FDFFF765FD012070BD5020F8
:1006C00080F31188BFF34F8FBFF36F8FFEE721696F
:1006D0000029F0D000F014FB0028ECD004494FF0C2
:1006E00080500860BFF34F8FBFF36F8FE3E70000C8
:1006F00004ED00E02DE9FF4782B004468A461E461D
:100700000025002C03D0BAF1000F08D011E05020D2
:1007100080F31188BFF34F8FBFF36F8FFEE7206C1C
:1007200038B1502080F31188BFF34F8FBFF36F8F24
:10073000FEE7022E0AD1E06B012807D0502080F39B
:100740001188BFF34F8FBFF36F8FFEE700F020FAE1
:1007500048B9049838B1502080F31188BFF34F8F07
:10076000BFF36F8FFEE74FF000094FF08057DFF8BF
:10077000E480FFF7E7FCA06BE16B884205D3022E13
:1007800003D0049808B325B327E0324651462046EB
:10079000FEF7B4FF616A59B104F1240000F0B0FA29
:1007A00068B1C8F80070BFF34F8FBFF36F8F06E0DA
:1007B00028B1C8F80070BFF34F8FBFF36F8FFFF7FA
:1007C000E1FC012006B0BDE8F087FFF7DBFC00206C
:1007D000F8E76846FFF7B8FD0125FFF7D3FCFFF700
:1007E00041FEFFF7AFFC94F94400401C01D184F8AE
:1007F000449094F94500401C01D184F84590FFF7DE
:10080000C1FC04A9684600F025F930B12046FFF785
:1008100079FA00F0B1FA0020D4E72046FFF7FBF8A0
:1008200090B104F110000499FFF79CFD2046FFF7FA
:1008300069FA00F0A1FA00289BD1C8F80070BFF354
:100840004F8FBFF36F8F94E72046FFF75BFA00F0FE
:1008500093FA8EE704ED00E02DE9F047044689465F
:1008600090461F46002C03D0B9F1000F08D011E0CC
:10087000502080F31188BFF34F8FBFF36F8FFEE7D7
:10088000206C38B1502080F31188BFF34F8FBFF335
:100890006F8FFEE7022F0AD1E06B012807D05020AE
:1008A00080F31188BFF34F8FBFF36F8FFEE7FFF721
:1008B000C3FC5020EFF3118680F31188BFF34F8FF4
:1008C000BFF36F8FA06BE16B884206D3022F04D079
:1008D000002086F31188BDE8F08794F94550A06B9D
:1008E0003A4649462046FEF709FF681C04D06D1CB5
:1008F00084F845500120ECE7606A0028FAD004F142
:10090000240000F0FDF90028F4D0B8F1000FF1D078
:100910000120C8F80000EDE72DE9F74783B0044651
:100920008A460026002C03D0BAF1000F08D011E04F
:10093000502080F31188BFF34F8FBFF36F8FFEE716
:10094000206C38B1502080F31188BFF34F8FBFF374
:100950006F8FFEE700F01CF948B9059838B15020B8
:1009600080F31188BFF34F8FBFF36F8FFEE700272F
:100970004FF08058DFF8D890FFF7E4FBA56BC5B1C6
:1009800051462046FEF7A6FE6D1EA563206950B1B4
:1009900004F1100000F0B4F928B1C9F80080BFF3E9
:1009A0004F8FBFF36F8FFFF7EDFB012006B0BDE85F
:1009B000F087059808B126B107E0FFF7E3FB0020B8
:1009C000F4E701A8FFF7C0FC0126FFF7DBFBFFF708
:1009D00049FDFFF7B7FB94F94400401C01D184F8AE
:1009E000447094F94500401C01D184F84570FFF72C
:1009F000C9FB05A901A800F02DF858B12046FFF762
:100A000081F900F0B9F92046FEF7F8FF0028B3D0CD
:100A10000020CBE72046FEF7F1FF90B104F124005F
:100A20000599FFF79FFC2046FFF76CF900F0A4F949
:100A30000028A1D1C9F80080BFF34F8FBFF36F8F9B
:100A40009AE72046FFF75EF900F096F994E7000078
:100A500004ED00E02DE9F04105460C46002D11D0D3
:100A6000C4B1FFF76FFB194EF0686B68C11A2268BA
:100A7000571C17D02F68366AB74215D0834213D857
:100A800001241DE0502080F31188BFF34F8FBFF386
:100A90006F8FFEE7502080F31188BFF34F8FBFF3B5
:100AA0006F8FFEE700240BE08A4206D9501A2060BF
:100AB0002846FFF749FC002402E0002020600124C2
:100AC000FFF760FB2046BDE8F08100002C0000200D
:100AD0002DE9FF5F8146DDE90E788A4616469B4682
:100AE000B000FFF745F9054628000AD05C20FFF763
:100AF0003FF904460CB1256304E02846FFF758FB94
:100B000000E000249CB1002084F85900CDE90240A7
:100B1000CDE900785B46324651464846FEF7A3FED3
:100B20002046FEF749FD012004B0BDE8F09F4FF0DC
:100B3000FF30F9E7F0B585B00746DDE90A600C9CA7
:100B4000002815D0E4B15C2503952063022084F8C9
:100B50005900002004ADCDE90240CDE900653846DA
:100B6000FEF781FE2046FEF727FD049805B0F0BD94
:100B7000502080F31188BFF34F8FBFF36F8FFEE7D4
:100B8000502080F31188BFF34F8FBFF36F8FFEE7C4
:100B900005484169002903D0006B18B10020704757
:100BA00001207047022070472C0000200148C068D7
:100BB000704700002C0000202DE9F04100262F4F47
:100BC000386B002805D0B869401CB8613046BDE8D4
:100BD000F081FD686D1CFD609DB9786B006838B1CF
:100BE000502080F31188BFF34F8FBFF36F8FFEE764
:100BF000786BB96B7963B863386A401C3862FFF769
:100C000001F8B86ADFF8788085420DD3786B006808
:100C100038B1786BC068C4686068854212D2B86227
:100C200002E04FF0FF30B8623868C06A00EB800025
:100C300058F82000012800D90126F8690028C5D0FD
:100C40000126C3E7201DFFF721FAA06A18B104F1BD
:100C50001800FFF71BFAE06A3969884200D9386149
:100C600000EB800008EB8000211DFFF75FFAE06ACF
:100C70003968C96A8842C9D30126C7E72C00002019
:100C80006C17002070B504460020002C2BD01A4DA4
:100C900029688C4207D0502080F31188BFF34F8F12
:100CA000BFF36F8FFEE7216DF1B1491E2165E36C43
:100CB000E26A9A4217D0002915D1201DFFF7E6F904
:100CC000E06CE062C0F13800A061E06A2969884206
:100CD00000D92861094900EB800001EB8000211D4B
:100CE000FFF724FA012070BD502080F31188BFF374
:100CF0004F8FBFF36F8FFEE72C0000206C17002092
:100D000070B5C068C468002C14D004F11800064601
:100D1000FFF7BCF9154D2A6BA2B131461448FFF715
:100D200005FAE06A2968C96A88421CD901200121B4
:100D3000E96170BD502080F31188BFF34F8FBFF37E
:100D40006F8FFEE7201DFFF7A1F9E06A296988424D
:100D500000D92861074900EB800001EB8000211DCC
:100D6000FFF7E4F9DDE7002070BD00002C00002053
:100D7000F41B00206C1700202DE9F041002400270F
:100D80002B4D286B002807D0FFF7DCF9286B401E9D
:100D90002863286B40B146E0502080F31188BFF3F0
:100DA0004F8FBFF36F8FFEE7A868E0B3DFF8848052
:100DB00001261CE0D8F80C00C46804F11800FFF705
:100DC00065F9201DFFF762F9E06A2969884200D9B8
:100DD0002861194900EB800001EB8000211DFFF71D
:100DE000A5F9E06A2968C96A884200D3EE61D8F89B
:100DF00000000028DED10CB1FEF704FFAC6944B15D
:100E0000FFF7DAFE00B1EE61641E002CF8D100207D
:100E1000A861E86938B10127084938070860BFF3BD
:100E20004F8FBFF36F8FFFF7ADF93846BDE8F08104
:100E30002C000020F41B00206C17002004ED00E0C3
:100E400030B587B00024FEF7FBFB134D2868B0B126
:100E500000200690059004AA05A906A8FFF734F91A
:100E6000DDE905100222CDE90021029000230BA14B
:100E70000C48049AFFF75EFE686000B1012414B1CB
:100E800007B0204630BD502080F31188BFF34F8F4C
:100E9000BFF36F8FFEE7000068000020546D7220E2
:100EA00053766300F1FC00082DE9FF4106460A9FD6
:100EB0009C460020002E15D0154D2C68002C0ED01D
:100EC00000910192029606291BDAFFF761FE0228C3
:100ED00010D000231A4669462868FFF70BFC04B0BF
:100EE000BDE8F081502080F31188BFF34F8FBFF32E
:100EF0006F8FFEE700233A4669462868FFF7FAFB42
:100F0000EDE70023624669462046FFF7A5FCE6E7C9
:100F10006800002081F00041704780F00040704779
:100F200021F00041704720F00040704721F000425E
:100F3000A2F16052B2F5801F01F0004328BFD2F148
:100F40007F6C0BD95FEA001C43EAC20242EB50708F
:100F500018BF704728BF20F001007047B2F5801F0E
:100F6000BCBF184670474FEA410C1CF5001F02D267
:100F7000084600F0A3BF70B500F064FC00000089D3
:100F8000FFF7F6BF4FF00040A0F58000704700006B
:100F900010B591EA030F48BF83F0004300F1BC8510
:100FA000841A71EB030C05D2121943EB0C03001BDE
:100FB00061EB0C01DFF824E14FEA1154A4EB135C60
:100FC0001EEA430F18BF9EEA445F73D023EA0E0364
:100FD000DCF1200E21EA045143F4801332D322FACB
:100FE0000CFE10EB0E0023FA0CFE41EB0E01CCF1CF
:100FF000200E03FA0EFE10EB0E0051F10001B1F5C8
:10100000801FCCF1200E32D201EB045112FA0EF205
:10101000BDE8104058BF7047401C38BF5FEA42022D
:1010200018BF7047002814BF20F0010041F10001F3
:101030004FEA410313F5001F38BF7047A1F1C041CB
:1010400000F04EBC012A43EB0302ACF1200CDCF1B2
:101050001F0E32BF4FF0000E23FA0CF310EB03000B
:1010600041EB0451B4EB115FD0D0A1EB045101F579
:10107000801149085FEA300001EB04510ED350F1B2
:10108000000038BF12FA0EFE08D1BDE81040C9E7D3
:10109000401C38BF5FEA4202CAD1C3E7BDE8104036
:1010A0004FEA410313F5001F38BF7047A1F1C0415B
:1010B00000F016BC9EEA445F08D011EA5E0FBDE85E
:1010C000104004BF01F0004100207047BDE810400F
:1010D00070B500F0B7FB00BF64FBBE3E0000E0FF50
:1010E00002494FF0000000F0EEBE00BF0000F87FA4
:1010F00051EA030C17D41CF5801F58BFBCF5801FA4
:1011000000F10680994218BF704708BF90427047AF
:1011100007D711F5801F58BF13F5801F26D49942B9
:101120007047894270471CF5801F08D5BCF5801FA9
:10113000F7D58B4218BF704708BF824270474FF403
:10114000001C1CEB410F38BF1CEB430F0ED28B422F
:10115000704770B5FFF7CCFFEFF3008020F0104030
:1011600038BF40F0004080F3008870BDBDE870409B
:1011700070B500F067FB00BF0000000900F053B835
:101180004FF0404010F1004FEFF30080704751EAFC
:10119000030C17D41CF5801F58BFBCF5801F00F14D
:1011A0000680994218BF704708BF9042704707D722
:1011B00011F5801F58BF13F5801F26D49942704740
:1011C000894270471CF5801F08D5BCF5801FF7D5F4
:1011D0008B4218BF704708BF824270474FF4001C13
:1011E0001CEB410F38BF1CEB430F0ED28B427047F4
:1011F00070B5FFF7CCFFEFF3008020F0104038BF50
:1012000040F0004080F3008870BD00F01BFB00BF81
:101210000000000900F007B84FF0404010F1004F07
:10122000EFF300807047491058BFC1F140415B1097
:1012300058BFC3F140438B42EFF30080704700007A
:101240002DE9C04130B4DFF8A0C23CEA111418BF48
:101250003CEA131400F0EC8081EA03051CEA111447
:1012600044EAD57418BF1CEA131500F0C780A4EB3C
:1012700005044FF0004545EAC12145EAC32341EA90
:10128000505143EA525304F17F74994204F50034FB
:101290004FEAC0204FEAC22208BF904200F09C8073
:1012A0004FEA13650FF24016765D4FEA134506FBD1
:1012B00005F7C7F1807706FB07F74FEAD737A7FB9B
:1012C00003687642C8F58038A7FB06CE38BFA8F180
:1012D000010807FB08E64FF0000EA6FB028CE6FBB8
:1012E00003CEDCF1000CCEF1004E38BFAEF1010EA2
:1012F000A6FB0C584FF000074FF00005E6FB0E87E9
:10130000A1FB08C6A0FB07CE16EB0E0645F10005B3
:10131000E1FB076515F1E04E7EBFA4F580345FEA7E
:1013200046066D4116F1800745F100054FEA172783
:101330004FEA066647EA0567A6F1DE46B6F1805F2A
:101340004FEA15251FD9384624F0010C05EBC4716E
:10135000BCF1FE6F01EB0C1102D8F0BCBDE80081BE
:1013600024425CBF01F5801E9EEAC47F02D4F0BC1B
:10137000BDE80081244238D4F0BCA1F1C041BDE8F1
:10138000004100F0ADBA4FEAD22242EA43524FEA9E
:10139000D323A7FB02864FEAD02040EA415007FB47
:1013A00003661EEA0E0F4FEAD12105FB026658BF05
:1013B000A6EB0056B6EB00564FEA520E4EEAC37E3D
:1013C00018EB0E0E56EB530EBDD518EB02085E411E
:1013D0007F1C55F10005B6E74FF480154FF000076C
:1013E0004FF000064FF00008ADE7F0BC4FF00000F2
:1013F00001F1C04101F00041BDE8008111EA0C1F7C
:101400000CEA131500D00CE013EA0C1F00F0258045
:101410004FF00000F0BC81EA030101F00041BDE89B
:101420000081F0BCBDE8004181EA030100F058BA38
:10143000F0BCBDE8004170B500F004FA097EFC3E46
:1014400000F007B881EA03014FF0000001F000410D
:10145000704781EA030100F043BAF0BCBDE80041E7
:101460004FF0000021497047FFFDFBF9F7F5F4F25A
:10147000F0EEEDEBE9E8E6E4E3E1E0DEDDDBDAD82F
:10148000D7D5D4D3D1D0CFCDCCCBCAC8C7C6C5C48D
:10149000C2C1C0BFBEBDBCBBBAB9B8B7B6B5B4B3A4
:1014A000B2B1B0AFAEADACABAAA9A8A8A7A6A5A48F
:1014B000A3A3A2A1A09F9F9E9D9C9C9B9A99999853
:1014C0009797969595949393929191908F8F8E8EF6
:1014D0008D8C8C8B8B8A8989888887878685858483
:1014E00084838382828181800000FF070000F87F6F
:1014F00051EA030C17D41CF5801F58BFBCF5801FA0
:1015000000F10680994218BF704708BF90427047AB
:1015100007D711F5801F58BF13F5801F19D49942C2
:101520007047894270471CF5801F08D5BCF5801FA5
:10153000F7D58B4218BF704708BF824270474FF4FF
:10154000001C1CEB410F38BF1CEB430F01D28B4238
:10155000704770B500F076F9922449004FF00051C1
:101560004FF08053FFF75FBE4FEA41034FEA5353FA
:10157000A3F58063D3F11E03C8BFD3F1210C0CDDAA
:101580004FF0004242EAC12242EA505232FA03FCD2
:101590008CEAE17CACEBE1707047102BC4BF0020FB
:1015A000704703F5787CBCF1FF3F04D06FF0004238
:1015B00082EA2100704770B500F044F94992248016
:1015C00000207047F2E700004FEA1153A3F5806353
:1015D000D3F11E03A8BFD3F1200C08DB4FF000426B
:1015E00042EAC12252EA505232FA03F070470942ED
:1015F0000BD4102BC4BF0020704703F5787CBCF1DE
:10160000FF3F05D04FF0FF3070474FF000007047AC
:1016100070B500F017F900BF499224800020704790
:10162000F0E710F0004248BF4042B0FA80F310FAF1
:1016300003F10AD0C3F11D0303F580634FEA415063
:1016400002EB035202EBD12170474FF000007047CC
:10165000B0FA80F310FA03F10AD0C3F11D0303F5C9
:1016600080634FEA41504FEA035202EBD1217047A9
:101670004FF000007047000051EA030C17D41CF52E
:10168000801F58BFBCF5801F00F10680994218BF2B
:10169000704708BF9042704707D711F5801F58BFA9
:1016A00013F5801F19D499427047894270471CF581
:1016B000801F08D5BCF5801FF7D58B4218BF704737
:1016C00008BF824270474FF4001C1CEB410F38BF2B
:1016D0001CEB430F01D28B42704770B500F0B2F89B
:1016E000922449004FF000514FF08053FFF79BBD0B
:1016F000DFF848C170B51CEA111E1EBF1CEA1315A5
:101700009EEA0C0F95EA0C0F00F06F8081EA03044B
:1017100023EA4C134EEAD47E21EA4C1141F48011A5
:1017200043F48013AE44A1FB024CA0FB0365AEF171
:101730007F7E361955EB0C05A1FB034C4CF10003E1
:10174000A0FB021C16EB0C06654153F10003094295
:1017500018BF46F0010613F4007F0BD14FEA0331A6
:101760004FEA0530340341EA155140EA16506FF054
:1017700003020AE04FEAC3214FEAC520F40241EA1E
:10178000555140EA56506FF0020202EB2E4201EB37
:10179000025585EACE710AD05FEA440C18BF24F0E6
:1017A000004450F1000041F1000120EAD47040F201
:1017B000FE7C624500D270BDA84214BF4FF0804449
:1017C0004FF04044002E08BF0024BEF1806FA8BF38
:1017D000A1F1C041BDE8704080F282804FF000006E
:1017E00001F1C04101F0004170479EEA0C0F0CEA84
:1017F000131518BF95EA0C0F06D04FF0000081EAD0
:10180000030E0EF0004170BD00F01CF88900013E8F
:1018100000F007B800F009B84FEA430C5FEA5C5CDF
:1018200008D081EA030100F05BB84FEA410C5FEA9F
:101830005C5CF6D14FF00000014970470000FF07E3
:101840000000F87F0EF1020E2EF0030E5EF8046B1E
:10185000364205D4012A43EB030515F5001F12D8C3
:10186000012841EB010C1CF5001F0CD80ED14FEAEA
:10187000D17C15F5001F0CEB4C0C0CF1020C08BFD1
:101880004CEBD37C04E04FF0080C01E04FEAD37C32
:101890000CEB4C0526FA05F606F00706B6F1040C2B
:1018A00006D20EEB860CBDE870404CF0010C604790
:1018B000DFE80CF0090B02024FF000414FF000008E
:1018C000A1F5002170BD19461046012851EB010415
:1018D00018BFD4F5001484BF002001F0004170BD92
:1018E0000808A0F500114FEA3101704753EA010CD6
:1018F00017D41CF5801F58BFBCF5801F00F106806F
:101900008B4218BF704708BF8242704707D713F554
:10191000801F58BF11F5801F19D48B4270479B421E
:1019200070471CF5801F08D5BCF5801FF7D599427C
:1019300018BF704708BF904270474FF4001C1CEB63
:10194000430F38BF1CEB410F01D2994270470FB4CF
:101950000CBC03BCFFF7C1BE91EA030F10B581F0C8
:1019600000413FF51DAB83F0004300F0D5B8000007
:101970002DE9F04101F5801CBCF5001FC0F2A980E3
:101980004FEA115C21EA0C510CF1FD0C41F480117D
:101990005FEA5C0C0CF5C07C01D34000494130A4E7
:1019A000890241EA905187028E0E0A0CA45D04FB65
:1019B00004F602FB06F6C6F14046A4FB0662F60DED
:1019C00046EA422606FB06F4A4FB01235242C3F179
:1019D000404338BF5B1EA6FB02420024E6FB032403
:1019E000D20B42EA4446A6FB0623A1FB02E2A3FB7C
:1019F00007E4E3FB61426442C2F1404E38BFAEF1FE
:101A0000010EA6FB04234FF00002E6FB0E32A2FB00
:101A100003463400E2FB6264A1FB06E6A4FB07E890
:101A2000E4FB61687642C8F1405838BFA8F101086C
:101A3000A2FB06E4A3FB08E5E2FB6854A1FB05E674
:101A4000A7FB04E8E1FB648618F1200556F10006C7
:101A5000A809A8F11B08B10908F03F08B8F10A0F5E
:101A600040EA86601CD901EB0C51BDE8F08100BF53
:101A7000FCF5EEE8E2DDD8D3CFCBC7C3C0BDB9B625
:101A8000B4B1AEACA9A7A5A3A19F9D9B9A9896952A
:101A90009392908F8D8C8B898887868584838281B1
:101AA000A0FB006800FB01F208EB4208B8EB8728B6
:101AB00007D5341858EB0104D5D5401C51F100016D
:101AC000D1E7341A78EB0104CDD4401E71F1000146
:101AD000C9E75FEA4C0C5FEA9C5C0DD105D34FF07F
:101AE000000001F00041BDE8F081BDE8F04170B5B3
:101AF000FFF7A8FE6DDBFFBEBDE8F0414FF0000030
:101B0000004970470000F87F10B591EA030F48BF05
:101B100083F000433FF544AA841A71EB030C07D20B
:101B200012198CF0004C43EB0C03001B61EB0C0111
:101B3000DFF8A4E14FEA1154A4EB135C1EEA430F53
:101B400018BF9EEA445F00F0B08023EA6E03524261
:101B500021EA0451C3EB6E0338BF5B1EDCF1200E9B
:101B600025D322FA0CFE10EB0E0043FA0CFE41EBDB
:101B70000E01CCF1200E03FA0EFE10EB0E0051F117
:101B80000001CCF1200E29D412FA0EF201EB04511F
:101B9000BDE8104058BF7047401C1CBFB2F1004F59
:101BA000704700280CBF491C20F00100704712EB61
:101BB000020E43EB030218BF4FF0010E4EEA420241
:101BC000ACF1200CDCF11E0E54D943FA0CFE10EBE4
:101BD0000E0051F1FF31CCF11E0ED5D50EF1010EE4
:101BE00012FA0EFE404141EB010101EB445C5FEA59
:101BF0005C5C10D910EBDE7001EB045138BFBEF114
:101C0000004FBDE8104018BF704700280CBF491CAA
:101C100020F00100704730D24FEAD42C11F50011AA
:101C200024F400641BD0B1FA81F20B3AA41AA41E6A
:101C3000D2F12003914030FA03F31943904001EBB5
:101C4000CC71002C01EB0451BDE81040A8BF7047D7
:101C500001F1C0414FF0000001F000417047B0FABF
:101C600080F310FA03F100D110BDE41A173C4805C7
:101C7000C90AE4E701EB045110BD491001EB04511E
:101C8000BDE810404FEA300002E04FF0000170471D
:101C90004A0008BF0042F8D0B2F5001F28BF7047C5
:101CA00001F000414FF0000070479EEA445F07D00A
:101CB00011EA5E0FBDE8104004BF0021002070470C
:101CC000BDE8104070B5FFF7BDFD00BF40DFF63E38
:101CD00083F00041104670470000E0FF43004FEAE8
:101CE000D30C4FEA3C0C43401FBF40070CF160513E
:101CF00013F0FE4F70471CF0006F03D100200CF072
:101D0000004170470CF0004343EA507010B540EAC0
:101D1000CC0000F00EF800BF000000924FEA000176
:101D2000FFF7DEBD4FF000414FF00000A1F50021AC
:101D300070470EF1020E2EF0030E5EF8044B2442A3
:101D400004D44FEA4102B2F17F4F11D84FEA400369
:101D5000B3F17F4F0CD80ED14FEAD07CB2F17F4F58
:101D60000CEB4C0C0CF1020C08BF4CEBD17C04E0EA
:101D70004FF0080C01E04FEAD17C0CEB4C0324FA45
:101D800003F404F00704B4F1040C06D20EEB840C47
:101D9000BDE810404CF0010C6047DFE80CF007088C
:101DA00002024FF00040A0F5800010BD084642003E
:101DB00018BFD2F1807288BF00F0004010BD4FF014
:101DC0004070E1EE100A70474FF07F4C3CEA41034F
:101DD00018BF3CEA400200F062804FF47F0C10F024
:101DE000004F0CEAD11318BF43F005031CEAD012D0
:101DF00018BF13EA0C0F00F057804FF0004C4CEA6C
:101E000000204CEA0121A3F580339A4210DDB0F1A5
:101E1000004F23F0020306D3401A43F00203BCBF75
:101E2000404283F001034FEA4000A2F58032ECE724
:101E30004FEA224CBCEB234F08DB884206D31CD070
:101E4000A0EB4100C0F1000083F0010340001DD26F
:101E500017D40DD0B0FA80FC0CF1010C00FA0CF094
:101E6000A2EB0C42D2F1000C12DB4FEAC3707047B8
:101E70004FEA437000F00040704713F0020FE5D0C6
:101E8000DEE7B2F580324FEA4000EBDD002AE9DD03
:101E90004FEAC21242EA502040EAC370704710B5C0
:101EA000FFF747FFEDFFFF3E1CEAD11F02D000F015
:101EB00000407047004870470000C07FFF2141EAA2
:101EC000D050C00570470CF00F03092B08BF082045
:101ED00000F059800A2B0BD0082B18BF704708BFA1
:101EE0001CF0400F0AD04FF000004FF00001704787
:101EF0001CF0400F18BF4FF0004070471CF0100F4F
:101F000008D020F0704300F07F4242EAD3014FEA4C
:101F10004370704700F0604021F07F4242EA0002C7
:101F200001F07F4040EA727070474FF0FF0C4CF4B4
:101F3000E06C1CEA11531CBF9CEA030C9445C2BF21
:101F4000DA4201EB02517047002B0DD0BCF1000FBB
:101F50000FD0002A01F00041A4BF41F0E04141F060
:101F60007F614FF00000704701F000414FF000002A
:101F7000704750EA01334FF09B0C18BF4CF0806C57
:101F80007FF4AEA870471CF4801F11D01CF4E02F22
:101F900003D06FEACC31490070474FF04050EFF367
:101FA000008222F0704242EA000282F30088704709
:101FB0004FF000007047000060260108000000009C
:101FC0000000000000000000000000000010000001
:101FD0001800000000000000000000006826010852
:101FE00000000000000000000000000000000000F1
:101FF00000100000180000000000000000000000B9
:102000007026010800000000000000000000000031
:1020100000000000000400001800000000000000A4
:102020000000000078260108000000000000000009
:102030000000000000000000000400001800000084
:1020400000000000000000008026010800000000E1
:10205000000000000000000000000000000400007C
:1020600018000000000000000000000088260108A1
:102070000000000000000000000000000000000060
:102080000004000018000000000000000000000034
:1020900000061016000610160000000000000000E8
:1020A00001020304060708090000000001020304FE
:1020B0000000891112239B322446AD573665BF7448
:1020C000488CC19D5AAFD3BE6CCAE5DB7EE9F7F8F8
:1020D0008110080193331A22A5562C47B7753E6428
:1020E000C99C408DDBBF52AEEDDA64CBFFF976E8D8
:1020F00002218B30100299132667AF763444BD5508
:102100004AADC3BC588ED19F6EEBE7FA7CC8F5D9B7
:1021100083310A2091121803A7772E66B5543C45E7
:10212000CBBD42ACD99E508FEFFB66EAFDD874C997
:1021300004428D5316619F702004A9153227BB36C7
:102140004CCEC5DF5EEDD7FC6888E1997AABF3BA77
:1021500085520C4397711E60A1142805B3373A26A7
:10216000CDDE44CFDFFD56ECE9986089FBBB72AA57
:1021700006638F7214409D512225AB343006B91787
:102180004EEFC7FE5CCCD5DD6AA9E3B8788AF19B37
:1021900087730E6295501C41A3352A24B116380767
:1021A000CFFF46EEDDDC54CDEBB962A8F99A708B17
:1021B000088481951AA793B62CC2A5D33EE1B7F047
:1021C0004008C919522BDB3A644EED5F766DFF7CF7
:1021D000899400859BB712A6ADD224C3BFF136E027
:1021E000C1184809D33B5A2AE55E6C4FF77D7E6CD7
:1021F0000AA583B4188691972EE3A7F23CC0B5D107
:102200004229CB38500AD91B666FEF7E744CFD5DB6
:102210008BB502A499961087AFF326E2BDD034C1E6
:10222000C3394A28D11A580BE77F6E6EF55C7C4D96
:102230000CC685D71EE597F42880A1913AA3B3B2C6
:10224000444ACD5B5669DF78600CE91D722FFB3E76
:102250008DD604C79FF516E4A9902081BBB332A2A6
:10226000C55A4C4BD7795E68E11C680DF33F7A2E56
:102270000EE787F61CC495D52AA1A3B03882B19386
:10228000466BCF7A5448DD59622DEB3C700EF91F36
:102290008FF706E69DD414C5ABB122A0B992308366
:1022A000C77B4E6AD5585C49E33D6A2CF11E780F16
:1022B0000000807F00000000000000000000F03FF0
:1022C000000000000000F83F0000000000000000D7
:1022D0000000004003B8E23F0000000000000000E2
:1022E00006D0CF43EBFD4C3E033333333333E33F70
:1022F000FFAB6FDBB66DDB3F4D268F515555D53F9C
:1023000001411DA96074D13F65DBC9934A86CD3F69
:10231000EF4E454A287ECA3F3E5555555555C53F57
:1023200093BDBE166CC166BF2CDE25AF6A56113F49
:10233000F16BD2C541BDBBBED0A4BE726937663E4B
:1023400000000000000000000000B33FB2BE7D3A74
:1023500000002E40DFCF513800007E40BF51FABA56
:1023600000E0A44019DAC3BA00E0C840C2ED8AB95F
:102370000040EB40CD1F2CBA001006412AFFFABAEC
:1023800000C01541DFCFD13700D024419A97703A71
:102390000050334189478E3600404141E75B9D380C
:1023A00000B04E41C00A98B900A05B41558F943AE5
:1023B00000306841DA92C0BA0040744162B3C63A54
:1023C0000000803F00A0853F00908B3F00C0913F00
:1023D0000030983F00F09E3F00F0A53F0050AD3F19
:1023E0000000B53F0000BD3F0060C53F0020CE3F6C
:1023F0000040D73F00C0E03F00C0EA3F0020F53F6B
:10240000000000007D36AC397D3C3839EBDCF43817
:10241000320A7E39124C26399B6AED39A4EE833993
:102420007F661E39F6398A392B426539A482113903
:102430005B991F39C3EECD39DDE7C637A5A22F3929
:102440000000803FC3AA853FC2958B3FD3C3913F15
:10245000F037983F32F59E3FD7FEA53F3F58AD3F3E
:10246000F304B53FA408BD3F2A67C53F8C24CE3F87
:10247000FD44D73FDFCCE03FC7C0EA3F7D25F53FB5
:102480004FBB610567ACDD3F182D4454FB21E93F8C
:102490009BF681D20B73EF3F182D4454FB21F93F7B
:1024A000E2652F227F2B7A3C075C143326A6813C01
:1024B000BDCBF07A8807703C075C143326A6913CAC
:1024C000C4EB98999999C9BF711623FEC671BCBF18
:1024D0006D9A74AFF2B0B3BF9AFDDE522DDEADBF80
:1024E0002F6C6A2C44B4A2BF0D5555555555D53F98
:1024F000FF8300922449C23F6E204CC5CD45B73FB3
:10250000513DD0A0660DB13FEB0D76244B7BA93F2A
:1025100011DA22E33AAD903F4C5555555555A53F3C
:102520007751C1166CC156BF9015CB19A001FA3E68
:10253000AD529C804F7E92BEC4B1B4BD9EEE213E92
:10254000D43888BEE9FAA8BD0000000000000000F1
:1025500000004054FB21F93F3163621A61B4D03D61
:102560000000601A61B4D03D7370032E8A19A33B3A
:102570000000002E8A19A33BC14920259A837B398C
:1025800000000000000000006E83F9A22915444EEF
:10259000D15727FCC0DD34F5999562DB4190433C6F
:1025A000AB6351FE61C5BBDE3A6E24B7E0D24D424B
:1025B000EA2E49061C92D1091CEB1DFE3EA729B14B
:1025C000F53582E88444BB2E26709CE9417E5FB4D9
:1025D00039D69139F43953838B5F849C3B28F9BDFC
:1025E000FF97F81F0F9805DE8B112FEF1F6D0A5A0A
:1025F000CF7E366DB709CB27663F464F2DEA5F9EEB
:10260000C7BA27757BF1E5EBF739073DEA92528AA5
:10261000B15FFB6B085D8D1F000000006E83F9A2A7
:102620002915444ED15727FCC0DD34F5999562DB5E
:102630004190433CAB6351FEA6F810111111813F4C
:10264000D561C119A0012ABF7DFEB157E31DC73E68
:10265000EB9C2B8AE6E55ABE7CD5CF5A3AD9E53DAC
:102660005461736B310000005461736B32000000E1
:102670005461736B330000005461736B34000000CD
:102680005461736B350000005461736B36000000B9
:10269000B026010800000020D4110000C401000889
:1026A000A8290108D4110020D467000020020008E6
:1026B000011C32018210037924F41AAA01011916AF
:1026C000401C45D11114089112420813910B4C087B
:1026D000510C0C1305181B08C504413905011802DB
:1026E0002820A00B34430AD7A33B6F12033B8BFA7D
:1026F000438C539C45143CF0477C803B4610011DA5
:102700001BA04054223C0B13C03F54790C1AC8083C
:1027100029040329A0422808401C466F12833A046A
:1027200001184205022B130228201A48AC1A80D443
:1027300063A041290CB9D8524514C05A462C803B9D
:1027400046AC01A03202022C010228202348432378
:10275000803F63A041290C1AFA148153FA4514C032
:102760005A4614803B4604A0401C463202022C010B
:1027700002282023484323803F63A041290C1AFAF2
:10278000148153FA4514C05A4614803B4604A040B5
:102790001C463204022C0102282023484323803F98
:1027A00063A041290C1AFA148153FA4514C05A4601
:1027B00014803B4604A0401C463204022C0102282F
:1027C00020E734430AD7A33B93FA4354409C453C4B
:1027D000A00C46046910011D63A0400B13C03F54B8
:1027E000790C1AC80829040329A0422808401C466D
:1027F0006F12833A0401184201022B24022820E7B9
:1028000034430AD7A33B99D854409C453CA00C467E
:10281000046910011D63A0400B13C03F54790C1ACA
:10282000C80829040329A0422808401C466F1283C7
:102830003A0401184203022B24022820E734430AF9
:10284000D7A33B99D854409C453CA00C4604691042
:10285000011D63A0400B13C03F54790C1AC808290E
:10286000040329A0422808401C466F12833A040141
:10287000184203022B24022820E734430AD7A33B43
:1028800099D854409C453CA00C46046910011D6336
:10289000A0400B13C03F54790C1AC808290403291F
:1028A000A0422808401C466F12833A0401184201D6
:1028B000022A243930F10D1E8096184B68810A13C4
:1028C00002420912BC0A1F9CBC8994095054E1A31E
:1028D000A041DBDC42FE223FA3964353FA443C6016
:1028E0006A46040422409C4509F654CB7041041A00
:1028F0000C6089040221FFC7FC08CA07840609206E
:1029000034011E45CDCCCC3D2A01042AFF06012806
:10291000580B80408FC2F53CCDCC4C3E10223F8BF3
:10292000FA441F533B453C50434704111A48E4996D
:1029300020511AC8140B5CE0405401548780400AAF
:10294000D7233C1DCDCCCC3D8CA24369941A7A147C
:102950001A960423A0419AAF20414B204138F12818
:102960000850C3476F12833A04011D092628110B32
:10297000247A4428012A2A0101B90D890F01560B36
:10298000102042C0091C14091EF010090A778A435E
:102990000AF79A432440D3440326FA430F26A04162
:0829A0006F12033B14630101F7
:040000050800018965
:00000001FF
