:020000040800F2
:1000000028BF00246D040008F9770008A5710008D6
:10001000F5770008F5070008D78F000800000000FA
:10002000000000000000000000000000AD03000818
:10003000450E000800000000090400086B7C000861
:100040008B0400088B0400088B0400088B04000854
:100050008B0400088B0400088B0400088B04000844
:100060008B0400088B0400088B0400087908000842
:10007000890800088B0400088B0400089908000810
:10008000A90800088B0400088B040008710E000802
:10009000810E00088B0400088B0400088B04000804
:1000A0008B0400088B0400088B0400088B040008F4
:1000B0008B0400081D8000088B0400088B040008D6
:1000C0008B0400088B0400088B0400088B040008D4
:1000D0008B040008598E00088B040008818E0008EC
:1000E0008B0400088B040008000000008B0400084B
:1000F0008B0400088B0400088B0400088B040008A4
:100100008B0400088B0400088B0400088B04000893
:10011000ED8100088B040008758000088B0400083E
:10012000B9080008C90800088B0400088B040008FF
:100130008B0400088B0400088B0400088B04000863
:1001400000000000000000000000000000000000AF
:100150008B0400088B0400088B0400088B04000843
:100160008B0400088B0400088B0400088B04000833
:100170008B0400088B0400088B04000800000000BA
:100180008B0400088B0400088B0400088B04000813
:100190008B0400088B0400088B0400088B04000803
:1001A0008B0400088B0400088B040008000000008A
:1001B0008B0400088B0400088B0400088B040008E3
:1001C0008B0400088B040008000000000000000001
:1001D00000000000000000008B0400080000000088
:1001E000000000000000000000000000000000000F
:1001F00000000000000000008B0400088B040008D1
:100200008B0400088B040008000000008B04000829
:100210008B0400088B0400088B0400088B04000882
:100220008B040008000000008B04000800000000A0
:100230008B0400088B040008000000008B040008F9
:100240008B0400088B0400088B0400088B04000852
:100250008B0400088B0400088B0400088B04000842
:100260008B0400088B0400088B0400088B04000832
:100270008B0400088B0400088B04000800000000B9
:100280008B0400088B0400088B0400088B04000812
:10029000000000008B0400088B0400080000000030
:1002A000000000008B0400088B0400088B04000889
:1002B0008B0400088B0400088B040008910E0008D2
:1002C0008B0400088B0400088B04000800F002F87F
:1002D00000F05CF80AA090E8000C82448344AAF184
:1002E0000107DA4501D100F051F8AFF2090EBAE882
:1002F0000F0013F0010F18BFFB1A43F0010318475A
:10030000F4B5000014B600000A444FF0000C10F8D9
:10031000013B13F0070408BF10F8014B1D1108BF83
:1003200010F8015B641E05D010F8016B641E01F823
:10033000016BF9D113F0080F1EBF10F8014BAD1C73
:100340000C1B09D16D1E58BF01F801CBFAD505E091
:1003500014F8016B01F8016B6D1EF9D59142D6D3EB
:10036000704700000023002400250026103A28BF13
:1003700078C1FBD8520728BF30C148BF0B60704717
:100380001FB50BF0DFF91FBD10B510BD00F0D8F997
:100390001146FFF7F5FF09F063F800F0F6F903B432
:1003A000FFF7F2FF03BC00F0F9F900002C4B1968CD
:1003B0000868B0E8F04F80F30988BFF36F8F4FF003
:1003C000000080F3118870470000000008480068B2
:1003D000006880F308884FF0000080F3148862B64C
:1003E00061B6BFF34F8FBFF36F8F00DF00BF00BF59
:1003F00008ED00E0DFF80C00016841F470010160D5
:10040000704700BF88ED00E0EFF30980BFF36F8F06
:10041000134B1A681EF0100F08BF20ED108A20E958
:10042000F04F106009B44FF0500080F31188BFF313
:100430004F8FBFF36F8F0AF081FA4FF0000080F307
:10044000118809BC19680868B0E8F04F1EF0100F59
:1004500008BFB0EC108A80F30988BFF36F8F704734
:1004600034000024EFF30580704700000A488047FD
:100470000A4880470A480047FEE7FEE7FEE7FEE736
:10048000FEE7FEE7FEE7FEE7FEE7FEE70548064972
:10049000064A074B704700004D0E0008397D0008E2
:1004A000CD02000828B9002428BF002428BB00245E
:1004B00028BB002453EA020C00F069802DE9F04BC0
:1004C0004FF00006002B1FBFB3FA83F503FA05F4C3
:1004D00024FA05F65E4012BF1643B2FA82F502FA1C
:1004E00005F4C5F120051EBF22FA05FC44EA0C0400
:1004F000203556EA044C4FEA144418BF641C4FF0F0
:1005000000084FF00009904271EB030C39D3002929
:1005100019BFB1FA81F701FA07F6B0FA80F700FACD
:1005200007F6C7F120071EBF20FA07FC46EA0C06B3
:100530002037B6FBF4FCA7EB0507103F07F01F0BB5
:10054000CBF120060CFA0BFB2CFA06F644BFB3469F
:100550000026202FA4BF5E464FF0000B5BEA060C7E
:1005600008BF4FF0010B19EB0B09ABFB027C48EB0A
:100570000608C01B06FB02CC0BFB03CC71EB0C0185
:10058000C1E70B46024641464846BDE8F08B13B52D
:100590004FF000004FF00001AFF30080BDE81C40B9
:1005A0007047032A40F2308010F0030C00F01580F1
:1005B00011F8013BBCF1020F624498BF11F801CB66
:1005C00000F8013B38BF11F8013BA2F1040298BFCB
:1005D00000F801CB38BF00F8013B11F0030300F035
:1005E0002580083AC0F0088051F8043B083A51F8D9
:1005F00004CBA0E80810F5E7121D5CBF51F8043BDE
:1006000040F8043BAFF30080D20724BF11F8013B50
:1006100011F801CB48BF11F8012B24BF00F8013BB2
:1006200000F801CB48BF00F8012B704710B5203A05
:10063000C0F00B80B1E81850203AA0E81850B1E89B
:100640001850A0E81850BFF4F5AF5FEA027C24BF51
:10065000B1E81850A0E8185044BF18C918C0BDE848
:1006600010405FEA827C24BF51F8043B40F8043B11
:1006700008BF7047D20728BF31F8023B48BF11F8C6
:10068000012B28BF20F8023B48BF00F8012B704720
:1006900002F0FF0343EA032242EA024200F02CB8D0
:1006A0004FF0000200B5134694469646203922BF0B
:1006B000A0E80C50A0E80C50B1F12001BFF4F7AF56
:1006C000090728BFA0E80C5048BF0CC05DF804EB38
:1006D000890028BF40F8042B08BF704748BF20F8A6
:1006E000022B11F0804F18BF00F8012B70477047A4
:1006F000704770474FF000020429C0F0128010F0DC
:10070000030C3FF4CFAFCCF1040CBCF1020F18BFC7
:1007100000F8012BA8BF20F8022BA1EB0C01FFF77A
:10072000C1BF5FEAC17C24BF00F8012B00F8012B98
:1007300048BF00F8012B704700487047C8B8002434
:100740007546FFF7F9FFAE4605006946534620F0AF
:100750000700854618B020B5FFF798FEBDE8204099
:100760004FF000064FF000074FF000084FF0000B6D
:1007700021F00701AC46ACE8C009ACE8C009ACE820
:10078000C009ACE8C0098D46704710B50446AFF308
:1007900000802046BDE81040FFF701BE0149182047
:1007A000ABBEFEE726000200704710B5026842604B
:1007B0000160D0E90023D21A8260426902EBD27450
:1007C0008368B3EB640F04DD43698268D21A8260E8
:1007D0000BE043695A4202EBD2748368B3EB640FB7
:1007E00003DA436982681A448260D0E902321A440B
:1007F000C26010BD00BFFEE710B508F01FFC08F096
:1008000051FC08F083FC10BDF0EE401AF4EEE01A43
:10081000F1EE10FA02D2B0EE600A7047F4EEC11A9F
:10082000F1EE10FA02DDB0EE410AF6E7B0EE610A31
:10083000F3E710B5044694ED391AF0EE410A94ED51
:100840003C1AB0EE410A04F16C0006F0D7FF94EDBB
:10085000230A84ED3E0A94ED3A1AF0EE410A94ED33
:100860003E1AB0EE410A04F1200006F0C7FF94EDF5
:10087000100A84ED3B0A10BD10B5024801F084F85F
:1008800010BD0000D809002410B5024801F07CF822
:1008900010BD0000500A002410B5024801F074F8A1
:1008A00010BD0000E808002410B5024801F06CF803
:1008B00010BD00006009002410B5024801F064F882
:1008C00010BD0000F807002410B5024801F05CF8E4
:1008D00010BD0000700800240146374A08689042A5
:1008E00049D0354A18320868904244D0324A3032F2
:1008F000086890423FD0304A4832086890423AD067
:100900002D4A60320868904235D02B4A7832086808
:10091000904230D0284A9032086890422BD0264A24
:10092000A8320868904226D0244A0868904222D013
:10093000224A1832086890421DD0204A3032086896
:10094000904218D01D4A48320868904213D01B4A82
:100950006032086890420ED0184A78320868904297
:1009600009D0164A90320868904204D0134AA8323F
:100970000868904201D1012000E00020B0B10A785F
:10098000103A1823B2FBF3F000F007020C4B9A5C0C
:10099000CA65032805D90A686FF30902121D8A6522
:1009A00003E00A686FF309028A6503E0086820F033
:1009B000FF008865886D70471000024010040240F7
:1009C00028B8000810B502682B4C0368A34222D057
:1009D000294C14340368A3421DD0274C28340368E3
:1009E000A34218D0244C3C340368A34213D0224CB9
:1009F00050340368A3420ED01F4C64340368A342F2
:100A000009D01D4C78340368A34204D01A4C8C34AE
:100A10000368A34201D1012300E000238BB10378D6
:100A2000083B1424B3FBF4F1144B03EB810303667E
:100A3000124B8033436601F01F040123A3408366F9
:100A400018E00378103B1824B3FBF4F10C4B9A42E6
:100A500004D80B4BA83B9A4200D30831094B03EB57
:100A600081030366074B8033436601F01F040123B3
:100A7000A340836610BD0000085402580058025875
:100A8000B8040240000802400179A9B3082940D8FF
:100A9000204B02689A4222D01E4B143302689A42BD
:100AA0001DD01C4B283302689A4218D0194B3C3396
:100AB00002689A4213D0174B503302689A420ED004
:100AC000144B643302689A4209D0124B783302689F
:100AD0009A4204D00F4B8C3302689A4201D1012212
:100AE00000E000224AB14A1E0B4B03EB8202C266B1
:100AF000094A4032026708E00BE04A1E074B03EB4D
:100B00008202C266054A403202674A1E01239340B0
:100B100043677047085402580059025800090240C0
:100B2000014600208A69D2B98A6A32B1012A0DD001
:100B3000022A03D0032A10D10EE000BFCA6A02F0D5
:100B40008072B2F1807F00D1012007E0CA6AB2F161
:100B5000C07F00D1012001E000E000BF36E08A69DB
:100B6000B2F5005F1BD18A6A32B1012A07D0022A8E
:100B700003D0032A11D10AE000BF01200EE0CA6AA7
:100B800002F08072B2F1807F00D1012006E0CA6AD3
:100B9000B2F1C07F00D1012000E000BF16E08A6AF8
:100BA00032B1012A05D0022A04D0032A0CD103E075
:100BB00000BF00BF012008E0CA6A02F08072B2F1F3
:100BC000807F00D1012000E000BF00BF704700001F
:100BD000F0B5856D846D984F0668BE4270D0964F13
:100BE00018370668BE426BD0934F30370668BE4256
:100BF00066D0914F48370668BE4261D08E4F60374D
:100C00000668BE425CD08C4F78370668BE4257D02B
:100C1000894F90370668BE4252D0874FA837066882
:100C2000BE424DD0854F0668BE4249D0834F18372B
:100C30000668BE4244D0814F30370668BE423FD07E
:100C40007E4F48370668BE423AD07C4F6037066810
:100C5000BE4235D0794F78370668BE4230D0774FE4
:100C600090370668BE422BD0744FA8370668BE4244
:100C700026D0734F0668BE4222D0714F14370668E3
:100C8000BE421DD06E4F28370668BE4218D06C4F4A
:100C90003C370668BE4213D0694F50370668BE42E3
:100CA0000ED0674F64370668BE4209D0644F78376C
:100CB0000668BE4204D0624F8C370668BE4201D13E
:100CC000012600E000263EB1D0E919767E60C66EAE
:100CD00016B1D0E91C767E60574F0668BE4249D0F7
:100CE000554F18370668BE4244D0534F3037066818
:100CF000BE423FD0504F48370668BE423AD04E4FB2
:100D000060370668BE4235D04B4F78370668BE4222
:100D100030D0494F90370668BE422BD0464FA83797
:100D20000668BE4226D0454F0668BE4222D0434FD9
:100D300018370668BE421DD0404F30370668BE42A5
:100D400018D03E4F48370668BE4213D03B4F60373D
:100D50000668BE420ED0394F78370668BE4209D0C9
:100D6000364F90370668BE4204D0344FA837066825
:100D7000BE4201D1012600E00026DEB190F85C60A1
:100D800006F01F073F26BE40AE600668366826F4B0
:100D9000802607683E60066873608668402E04D12E
:100DA0000668B2600668F16044E00668B1600668F3
:100DB000F2603FE0224F0668BE4222D0204F143737
:100DC0000668BE421DD01E4F28370668BE4218D0A6
:100DD0001B4F3C370668BE4213D0194F5037066888
:100DE000BE420ED0164F64370668BE4209D0144F7B
:100DF00078370668BE4204D0114F8C370668BE4271
:100E000001D1012600E00026A6B190F85C6006F052
:100E10001F070126BE406660066873608668402E24
:100E200004D10668B2600668F16003E00668B1604C
:100E30000668F260F0BD000010000240100402409D
:100E400008540258704772B600BFFEE707480068B2
:100E500040F002000549086000BF044808380068F7
:100E600000F400500028F8D0704700000C480258E9
:100E700010B5024802F080F910BD000010040024F3
:100E800010B5024802F078F910BD0000B00400244B
:100E900010B5024802F070F910BD000050050024A2
:100EA00010B501464A6B0868D0F884004FF6FC7410
:100EB000A04340EA82000C68C4F884000868D0F8B7
:100EC000840020F47F04088F44EA00400C68C4F8D2
:100ED0008400886B02440868D0F888004FF6FC74E0
:100EE000A04340EA82000C68C4F888000868D0F883
:100EF000880020F4FE04888F44EA00400C68C4F89F
:100F00008800C86B02EB40020868D0F8A0004FF6DA
:100F1000FC74A04340EA82000C68C4F8A000086892
:100F2000D0F8A00020F4FE044020405A44EA0040DB
:100F30000C68C4F8A000D1E9104004FB0022086846
:100F4000D0F8B0004FF6FC74A04340EA82000C6871
:100F5000C4F8B0000868D0F8B00020F4FE04B1F87E
:100F6000480044EA00400C68C4F8B000D1E91240DF
:100F700004FB00220868D0F8AC004FF6FC74A043D4
:100F800040EA82000C68C4F8AC00D1E9144004FBCC
:100F900000220868D0F8F0004FF6FC74A04340EA45
:100FA00082000C68C4F8F0000868D0F8F00020F463
:100FB0007C14B1F8580044EA00400C68C4F8F00012
:100FC000886D02EB40020868D0F8C0004FF6FC7450
:100FD000A04340EA82000C68C4F8C0000868D0F85A
:100FE000C00020F47C14B1F85C0044EA00400C68B6
:100FF000C4F8C0000868D0F8C00020F07C5491F814
:10100000600044EA00600C68C4F8C0002A4C486BD9
:1010100004EB8000C866CC6E886B04EB80040C6720
:101020000C6FC86B04EBC0044C67D1E9100460433B
:101030004C6F04EB80048C67D1E9120460438C6F21
:1010400004EB8004CC67D1E914046043CC6F04EB5B
:101050008004802044504458886D04EBC0048420F0
:1010600044508C6EC86D60438424645804EB800443
:10107000882044508C6E086E60438824645804EBCA
:1010800080049020445040580C4CA04209D998311B
:10109000486840F020004860032001F898090120CA
:1010A00010BDCB6E02E0002018601B1D9020405840
:1010B0009842F8D80020F3E700AC0040FCD3004091
:1010C0004A780B7842EA032200EE102AB8EEC00AF2
:1010D00080ED370A90ED370A704730B503464FF67A
:1010E000FF728C7804F080043CB114048D7844EADB
:1010F0000524CD7844EA050003E0CC788D7844EAF5
:10110000052000EE100AB8EEC00A30BD2DE9F0410E
:10111000044602F0C3FE804614B90120BDE8F08108
:1011200094F83500022808D08020606500BF0020B8
:1011300084F8340000BF0120F0E7FE4920688842AF
:1011400049D0FC4918312068884244D0F9493031EF
:10115000206888423FD0F7494831206888423AD019
:10116000F44960312068884235D0F24978312068EE
:10117000884230D0EF499031206888422BD0ED4929
:10118000A8312068884226D0EB492068884222D0C6
:10119000E9491831206888421DD0E749303120687C
:1011A000884218D0E44948312068884213D0E24987
:1011B0006031206888420ED0DF497831206888424B
:1011C00009D0DD4990312068884204D0DA49A8313D
:1011D0002068884201D1012000E0002068B1206829
:1011E000006820F01E00216808602068406920F037
:1011F000800021684861256806E02068006820F0CA
:101200000E00216808602568CA492068884270D0AD
:10121000C8491831206888426BD0C64930312068EF
:10122000884266D0C34948312068884261D0C149AC
:101230006031206888425CD0BE497831206888429D
:1012400057D0BC4990312068884252D0B949A83162
:10125000206888424DD0B8492068884249D0B649B4
:1012600018312068884244D0B34930312068884220
:101270003FD0B1494831206888423AD0AE49603108
:101280002068884235D0AC4978312068884230D017
:10129000A9499031206888422BD0A749A8312068FD
:1012A000884226D0A5492068884222D0A34914311B
:1012B000206888421DD0A14928312068884218D072
:1012C0009E493C312068884213D09C4950312068A7
:1012D00088420ED0994964312068884209D09749E4
:1012E00078312068884204D094498C312068884243
:1012F00001D1012000E0002028B1206E006820F418
:101300008070216E08608B492068884249D08949E5
:1013100018312068884244D086493031206888429C
:101320003FD084494831206888423AD081496031B1
:101330002068884235D07F4978312068884230D093
:101340007C499031206888422BD07A49A8312068A6
:10135000884226D078492068884222D076491831C0
:10136000206888421DD0744930312068884218D0E6
:10137000714948312068884213D06F496031206834
:1013800088420ED06C4978312068884209D06A4979
:1013900090312068884204D06749A831206888428B
:1013A00006D12068006820F001002168086005E08F
:1013B0002068006820F001002168086011E002F058
:1013C0006DFDA0EB080005280BD9202060650320E7
:1013D00084F8350000BF002084F8340000BF0120ED
:1013E0009CE6286800F001000028E8D151492068F7
:1013F000884249D04F4918312068884244D04D492D
:101400003031206888423FD04A49483120688842BC
:101410003AD0484960312068884235D04549783112
:101420002068884230D043499031206888422BD0D0
:101430004049A8312068884226D03F492068884228
:1014400022D03D491831206888421DD03A493031B8
:101450002068884218D0384948312068884213D023
:1014600035496031206888420ED033497831206890
:10147000884209D0304990312068884204D02E49F2
:10148000A8312068884201D1012000E0002040B14D
:10149000A66D94F85C0000F01F013F208840B0600A
:1014A00007E0A76D94F85C0000F01F010120884060
:1014B000786020492068884276D01E49183120681B
:1014C000884271D01B493031206888426CD019495C
:1014D00048312068884267D01649603120688842C8
:1014E00062D014497831206888425DD0114990312A
:1014F0002068884258D00F49A8312068884253D0CC
:101500000D49206888424FD00B4918312068884225
:101510004AD0094930312068884245D006494831CF
:101520002068884240D004496031206888423BD01E
:10153000014905E01000024010040240085402581E
:101540007831206888422FD02549206888422BD0E6
:10155000234918312068884226D0224920688842D1
:1015600022D020491431206888421DD01D492831DD
:101570002068884218D01B493C312068884213D02B
:1015800018495031206888420ED0164964312068CD
:10159000884209D0134978312068884204D0114923
:1015A0008C312068884201D1012000E0002068B120
:1015B000D4E919104860E06E40B1E06E006820F494
:1015C0008070E16E0860D4E91C104860012084F846
:1015D000350000BF002084F8340000BF00BF9DE547
:1015E000A00402400854025870B504460CB901200A
:1015F00070BD94F83500022803D08020606501207A
:10160000F6E7DC492068884249D0DA491831206879
:10161000884244D0D7493031206888423FD0D549EC
:101620004831206888423AD0D249603120688842E7
:1016300035D0D04978312068884230D0CD499031BA
:10164000206888422BD0CB49A8312068884226D018
:10165000C9492068884222D0C74918312068884289
:101660001DD0C54930312068884218D0C249483160
:101670002068884213D0C0496031206888420ED06B
:10168000BD4978312068884209D0BB499031206833
:10169000884204D0B849A8312068884201D101208D
:1016A00000E00020F0B3042084F83500B149206840
:1016B00088424BD0AF4918312068884246D0AD49A6
:1016C00030312068884241D0AA4948312068884298
:1016D0003CD0A84960312068884237D0A54978318C
:1016E0002068884232D0A3499031206888422DD0AA
:1016F000A049A8312068884228D09F4920688842A4
:1017000024D09D491831206888421FD09A49303131
:10171000206888421AD0984948312068884215D0FC
:10172000954900E020E06031206888420ED092495F
:1017300078312068884209D08F49903120688842EA
:1017400004D08D49A8312068884206D120680068FD
:1017500020F001002168086009E12068006820F09D
:1017600001002168086002E12068006820F00E0096
:10177000216808607F492068884249D07D49183136
:101780002068884244D07B493031206888423FD06D
:1017900078494831206888423AD0764960312068DB
:1017A000884235D0734978312068884230D07149F9
:1017B0009031206888422BD06E49A8312068884239
:1017C00026D06D492068884222D06B4918312068A4
:1017D00088421DD0684930312068884218D0664957
:1017E00048312068884213D06349603120688842BC
:1017F0000ED0614978312068884209D05E49903125
:101800002068884204D05C49A8312068884206D10B
:101810002068006820F001002168086005E0206869
:10182000006820F001002168086052492068884261
:1018300070D050491831206888426BD04D49303102
:101840002068884266D04B4948312068884261D080
:1018500048496031206888425CD046497831206828
:10186000884257D0434990312068884252D041493C
:10187000A831206888424DD03F492068884249D02D
:101880003D4918312068884244D03B4930312068B6
:1018900088423FD038494831206888423AD036499A
:1018A00060312068884235D03349783120688842D9
:1018B00030D031499031206888422BD02E49A83150
:1018C0002068884226D02D492068884222D02B49A2
:1018D0001431206888421DD0284928312068884268
:1018E00018D026493C312068884213D02349503112
:1018F000206888420ED0214964312068884209D08E
:101900001E4978312068884204D01C498C312068F7
:10191000884201D1012000E00020D8B1206E00688B
:1019200020F48070216E0860A56D94F85C0000F0D2
:101930001F01012088406860D4E919104860E06EFA
:1019400040B1E06E006820F48070E16E0860D4E978
:101950001C104860012084F8350000BF002084F886
:10196000340000BF206D10B12046216D8847002053
:101970003EE60000100002401004024008540258E5
:101980000146486D704700002DE9F84F04460020DD
:101990000090FE4800684FF41651B0FBF1FAA66DB6
:1019A000D4F858803768D8F80090F9492068884200
:1019B00049D0F74918312068884244D0F449303181
:1019C000206888423FD0F2494831206888423AD0A6
:1019D000EF4960312068884235D0ED497831206880
:1019E000884230D0EA499031206888422BD0E849BB
:1019F000A8312068884226D0E6492068884222D053
:101A0000E4491831206888421DD0E249303120680D
:101A1000884218D0DF4948312068884213D0DD4918
:101A20006031206888420ED0DA49783120688842D7
:101A300009D0D84990312068884204D0D549A831CE
:101A40002068884201D1012000E0002000287DD0DC
:101A500094F85C0000F01F010820884038400028FE
:101A600068D0CB492068884249D0C94918312068DC
:101A7000884244D0C6493031206888423FD0C449AA
:101A80004831206888423AD0C14960312068884294
:101A900035D0BF4978312068884230D0BC49903178
:101AA000206888422BD0BA49A8312068884226D0C5
:101AB000B8492068884222D0B64918312068884247
:101AC0001DD0B44930312068884218D0B14948311E
:101AD0002068884213D0AF496031206888420ED018
:101AE000AC4978312068884209D0AA4990312068F1
:101AF000884204D0A749A8312068884204D12068D0
:101B0000006800F0040003E02068006800F00800AE
:101B100080B12068006820F004002168086094F813
:101B20005C0000F01F0108208840B060606D40F04C
:101B30000100606594F85C0000F01F0101208840FE
:101B40003840E8B392492068884200E0B7E24BD0C1
:101B50008F4918312068884246D08D49303120683D
:101B6000884241D08A494831206888423CD088491F
:101B700060312068884237D08549783120688842B2
:101B800032D083499031206888422DD08049A831D5
:101B90002068884228D07F492068884224D07D4927
:101BA0001831206888421FD07A4930312068884235
:101BB0001AD0784948312068884215D0754900E02C
:101BC00026E06031206888420ED072497831206862
:101BD000884209D06F4990312068884204D06D490D
:101BE000A8312068884204D12068406900F0800054
:101BF00002E020680068002050B194F85C0000F01A
:101C00001F0101208840B060606D40F002006065F7
:101C100094F85C0000F01F01042088403840E8B3CD
:101C20005B49206888424BD0594918312068884266
:101C300046D0574930312068884241D05449483114
:101C4000206888423CD0524960312068884237D0B1
:101C50004F4978312068884232D04D499031206810
:101C600088422DD04A49A8312068884228D0494965
:101C70002068884224D047491831206888421FD004
:101C800044493031206888421AD04249483120689E
:101C9000884215D03F496031206800E024E0884246
:101CA0000ED03C4978312068884209D039499031BA
:101CB0002068884204D03749A8312068884204D17E
:101CC0002068006800F0020002E020680068002040
:101CD00050B194F85C0000F01F0104208840B0600F
:101CE000606D40F00400606594F85C0000F01F0136
:101CF000102088403840E8B325492068884251D0F8
:101D000023491831206888424CD02149303120685D
:101D1000884247D01E4948312068884242D01C4939
:101D20006031206888423DD0194978312068884266
:101D300038D0174990312068884233D01449A831EF
:101D4000206888422ED01349206888422AD0114941
:101D500018312068884225D00E49303120688842E9
:101D600020D00C494831206888421BD00949603195
:101D7000206800E04DE0884214D0064978312068A0
:101D800088420FD003499031206805E02C000024E0
:101D90001000024010040240884203D0FE4920682F
:101DA000884204D12068006800F0080003E0206841
:101DB000006800F0040060B394F85C0000F01F01BC
:101DC00010208840B0602068006800F4802080B156
:101DD0002068006800F4002028B9206CC8B12046B3
:101DE000216C884715E0A06C98B12046A16C88470B
:101DF0000FE02068006800F4807028B9206800684F
:101E000020F0080021680860206C10B12046216C89
:101E1000884794F85C0000F01F012020884038407B
:101E200000287DD0DD492068884249D0DB4918313F
:101E30002068884244D0D9493031206888423FD058
:101E4000D6494831206888423AD0D4496031206868
:101E5000884235D0D14978312068884230D0CF4986
:101E60009031206888422BD0CC49A8312068884224
:101E700026D0C949A8392068884221D0C64990395E
:101E8000206888421CD0C44978392068884217D01D
:101E9000C14960392068884212D0BF49483920685A
:101EA00088420DD0BC4930392068884208D0BA49F0
:101EB00018392068884203D0B7492068884204D185
:101EC0002068006800F0100003E02068006800F05F
:101ED000020028B394F85C0000F01F012020884025
:101EE000B06094F8350004282DD12068006820F0F7
:101EF0001600216808602068406920F08000216891
:101F00004861206C08B9A06C28B12068006820F0F6
:101F100008002168086094F85C0000F01F0100E0F0
:101F20003FE03F208840B060012084F8350000BFCA
:101F3000002084F8340000BF206D10B12046216DD0
:101F40008847BDE8F88F2068006800F4802080B1E1
:101F50002068006800F4002028B9606C08B32046AF
:101F6000616C88471DE0E06BD8B12046E16B884783
:101F700017E02068006800F4807068B92068006885
:101F800020F0100021680860012084F8350000BFAF
:101F9000002084F8340000BFE06B10B12046E16BF4
:101FA0008847606D00287AD0606D00F00100E8B3CA
:101FB000042084F835007949206888424BD077495D
:101FC00018312068884246D07449303120688842F0
:101FD00041D072494831206888423CD06F49603115
:101FE0002068884237D06D4978312068884232D0E5
:101FF0006A499031206888422DD06849A83120680C
:10200000884228D06449A8392068884223D0624990
:102010009039206888421ED05F497839206888420C
:1020200019D05D4960392068884200E040E012D054
:1020300059494839206888420DD0574930392068BD
:10204000884208D0544918392068884203D0524940
:102050002068884206D12068006820F001002168CD
:10206000086005E02068006820F001002168086031
:1020700000BF0098401C0090504500D905E0206842
:10208000006800F001000028F3D100BF206800685C
:1020900000F0010020B1032084F8350003E00DE0DA
:1020A000012084F8350000BF002084F8340000BF10
:1020B000E06C002802D02046E16C8847D9E138491D
:1020C0002068884222D036491431206888421DD0C9
:1020D000334928312068884218D031493C31206882
:1020E000884213D02E495031206888420ED02C49A6
:1020F00064312068884209D02949783120688842B3
:1021000004D027498C312068884201D1012000E0A9
:1021100000200028D2D02068056894F85C0000F008
:102120001F010420884000EA0900D8B305F004002C
:10213000C0B394F85C0000F01F0104208840C8F888
:10214000040005F4004080B105F4803030B9A06C83
:102150000028B3D02046A16C88478AE1206C002873
:10216000ACD02046216C884783E105F02000E8BB15
:102170000A492068884253D00849183120688842AB
:102180004ED0064930312068884249D00349483151
:102190002068884244D006E0B804024010000240A3
:1021A000085402584FE0B44960312068884237D063
:1021B000B14978312068884232D0AF4990312068E7
:1021C00088422DD0AC49A8312068884228D0AB493C
:1021D0002068884224D0A9491831206888421FD03D
:1021E000A6493031206888421AD000E025E0A34992
:1021F00048312068884213D0A04960312068884265
:102200000ED09E4978312068884209D09B49903190
:102210002068884204D09949A8312068884206D1B4
:102220002068006820F008002168086005E0206848
:10223000006820F0040021680860206C10B320467C
:10224000216C884715E194F85C0000F01F01022022
:10225000884000EA0900E8B305F00200D0B394F822
:102260005C0000F01F0102208840C8F8040005F45B
:10227000004070B105F4803028B9606C10B1204680
:10228000616C8847F5E0E06BF0B32046E16B88476E
:10229000EFE005F02000C0BB7749206888424ED0AF
:1022A000754918312068884249D073493031206817
:1022B000884244D070494831206888423FD06E49F6
:1022C0006031206888423AD06B4978312068884272
:1022D00035D000E04EE068499031206888422ED029
:1022E0006549A8312068884229D06449206888421D
:1022F00025D0624918312068884220D05F493031AA
:10230000206888421BD001E06EE02DE05B49483137
:102310002068884213D059496031206888420ED025
:10232000564978312068884209D054499031206854
:10233000884204D05149A8312068884206D12068DB
:10234000006820F014002168086005E0206800683B
:1023500020F00A0021680860012084F8350000BFE1
:10236000002084F8340000BFE06BE8B32046E16B46
:1023700088477EE094F85C0000F01F010820884048
:1023800000EA090080B305F0080068B33A49206804
:1023900088424BD0384918312068884246D03649A7
:1023A00030312068884241D0334948312068884222
:1023B0003CD0314960312068884237D02E4978318D
:1023C0002068884232D02C499031206888422DD034
:1023D0002949A8312068884228D0284920688842A5
:1023E00024D02649183100E043E0206888421DD0FF
:1023F000224930312068884218D02049483120686D
:10240000884213D01D496031206888420ED01B4994
:1024100078312068884209D0184990312068884274
:1024200004D01649A8312068884206D12068006887
:1024300020F01C002168086005E02068006820F09A
:102440000E002168086094F85C0000F01F01012074
:102450008840C8F804000120606584F8350000BF9A
:10246000002084F8340000BFE06C10B12046E16C1D
:10247000884700BF65E500001000024010040240DC
:102480002DE9F041044601F009FD804614B9012010
:10249000BDE8F081FE492068884249D0FC491831E6
:1024A0002068884244D0FA493031206888423FD0C1
:1024B000F7494831206888423AD0F54960312068B0
:1024C000884235D0F24978312068884230D0F049CE
:1024D0009031206888422BD0ED49A831206888428D
:1024E00026D0EC492068884222D0EA491831206879
:1024F00088421DD0E74930312068884218D0E5492C
:1025000048312068884213D0E2496031206888420F
:102510000ED0E04978312068884209D0DD499031F9
:102520002068884204D0DB49A8312068884201D164
:10253000012000E00020002873D0606A00B100BFD5
:10254000022084F8350000BF002084F8340000BF6A
:10255000CF492068884249D0CD4918312068884247
:1025600044D0CB493031206888423FD0C8494831F7
:10257000206888423AD0C64960312068884235D008
:10258000C34978312068884230D0C14990312068F1
:1025900088422BD0BE49A8312068884226D0BD4948
:1025A0002068884222D0BB491831206888421DD05B
:1025B000B84930312068884218D0B649483120687F
:1025C000884213D0B3496031206888420ED0B149A7
:1025D00078312068884209D0AE499031206888421D
:1025E00004D0AC49A8312068884206D12068006830
:1025F00020F001002168086005E02068006820F0F4
:102600000100216808600DE001F048FCA0EB080023
:10261000052807D920206065032084F835000120B3
:1026200036E769E02068006800F001000028EBD17F
:102630002068056898480540D4E9020108432169EB
:10264000084361690843A1690843E1690843216AB5
:1026500008430543606A042803D1D4E90B01084309
:1026600005436068292802D360682E2817D960685E
:102670003F2802D36068422811D96068472802D3F6
:10268000606848280BD960684F2802D360685228D8
:1026900005D96068742804D36068772801D80120C0
:1026A00000E0002008B145F480152068056020682E
:1026B000456925F00705606A0543606A04280DD165
:1026C000A06A0543E06A48B12046FEF729FA28B11E
:1026D00040206065012084F83500D9E62068456116
:1026E0002046FEF7F9F8064694F85C0000F01F015A
:1026F0003F208840B0609EE068492068884222D030
:1027000066491431206888421DD064492831206808
:10271000884218D061493C312068884213D05F4913
:102720005031206888420ED05C496431206888426C
:1027300009D05A4978312068884204D057498C31F1
:102740002068884201D1012000E00020E0B3534915
:102750002068884222D051491431206888421DD017
:102760004E4928312068884218D04C493C312068B5
:10277000884213D049495031206888420ED04749D9
:1027800064312068884209D0444978312068884201
:1027900004D042498C312068884201D1012000E0F8
:1027A000002000B100BF022084F8350000BF0020E7
:1027B00084F8340000BF2068056839480540A068E7
:1027C000402802D1102106E02EE0A068802801D127
:1027D000C10100E00021E06841EAD001206941EA3E
:1027E000D001606941EAD001A06941EAD001E06905
:1027F00041EAD001206A41EA1010054320680560D3
:1028000026492068401A1421B0FBF1F08000E065F1
:102810002046FEF761F8074694F85C0000F01F01BF
:1028200001208840786006E040206065032084F83D
:10283000350001202CE61649206888427AD01449D8
:1028400018312068884275D011493031206888429B
:1028500070D00F494831206888426BD00C496031F4
:102860002068884266D00A4978312068884261D061
:1028700007499031206888425CD00549A83120681A
:10288000884257D003492068884253D0014909E063
:1028900010000240100402403F8010FE085402580D
:1028A0000F00FEFF18312068884243D03749206866
:1028B00088423FD035491831206888423AD03349A0
:1028C00030312068884235D030494831206888420C
:1028D00030D02E496031206888422BD02B49783186
:1028E0002068884226D02A492068884222D0284978
:1028F0001431206888421DD025492831206888423B
:1029000018D023493C312068884213D020495031E7
:10291000206888420ED01E4964312068884209D060
:102920001B4978312068884204D019498C312068CD
:10293000884201D1012000E0002000B32046FEF7CC
:1029400041F8A068802801D1002060602079216EC4
:102950000860D4E919104860606860B160680828B0
:1029600009D82046FEF790F80020E16E0860D4E90F
:102970001C10486003E00020E066206760670020CC
:102980006065012084F83500002081E540040240A4
:10299000085402582DE9F04104460D4616461F46DC
:1029A0004FF0000814B90120BDE8F08100BF94F891
:1029B0003400012801D10220F6E7012084F8340018
:1029C00000BF94F8350001287ED1022084F835003C
:1029D00000206065E4492068884249D0E249183106
:1029E0002068884244D0E0493031206888423FD096
:1029F000DD494831206888423AD0DB49603120689F
:102A0000884235D0D84978312068884230D0D649BC
:102A10009031206888422BD0D349A8312068884261
:102A200026D0D2492068884222D0D0491831206867
:102A300088421DD0CD4930312068884218D0CB491A
:102A400048312068884213D0C849603120688842E4
:102A50000ED0C64978312068884209D0C3499031E8
:102A60002068884204D0C149A8312068884206D134
:102A70002068006820F001002168086005E02068F7
:102A8000006820F00100216808603B463246294674
:102A90002046FEF79DF8B449206888424BD0B249E1
:102AA00018312068884246D0AF49303120688842CA
:102AB00041D0AD494831206888423CD0AA496031B4
:102AC0002068884237D000E042E1A7497831206889
:102AD000884230D0A4499031206888422BD0A24946
:102AE000A8312068884226D0A0492068884222D098
:102AF0009E491831206888421DD09C493031206899
:102B0000884218D0994948312068884213D09749A3
:102B10006031206888420ED094497831206888421C
:102B200009D0924990312068884204D08F49A83159
:102B30002068884201D1012000E0002080B1206897
:102B4000006820F01E0040F0160021680860206C2C
:102B5000B0B12068006840F00800216808600FE00C
:102B60002068006820F00E0040F00A00216808602C
:102B7000206C28B12068006840F0040021680860DB
:102B800079492068884270D0774918312068884296
:102B90006BD0754930312068884266D0724948311F
:102BA0002068884261D070496031206888425CD0DA
:102BB0006D4978312068884257D06B499031206840
:102BC000884252D06849A831206888424DD0674970
:102BD0002068884249D0654918312068884244D02D
:102BE00062493031206888423FD0604948312068CE
:102BF00088423AD05D4960312068884235D05B49CF
:102C000078312068884230D0584990312068884215
:102C10002BD05649A8312068884226D054492068D4
:102C2000884222D052491431206888421DD0504930
:102C300028312068884218D04D493C3120688842AC
:102C400013D04B495031206888420ED04849643136
:102C50002068884209D0464978312068884204D0EB
:102C600043498C312068884201D1012000E00020D6
:102C700090B1206E006800F4803028B1206E0068AA
:102C800040F48070216E0860E06E28B1E06E00684C
:102C900040F48070E16E086033492068884249D072
:102CA000314918312068884244D02F49303120689A
:102CB00088423FD02C494831206888423AD02A497E
:102CC00060312068884235D02749783120688842B1
:102CD00030D025499031206888422BD02249A83134
:102CE0002068884226D021492068884222D01F4986
:102CF0001831206888421DD01C4930312068884234
:102D000018D01A4948312068884213D017496031D9
:102D1000206888420ED0154978312068884209D051
:102D2000124990312068884204D01049A8312068A7
:102D3000884206D12068006840F0010021680860E0
:102D400010E02068006840F001002168086009E098
:102D50004FF40060606500BF002084F8340000BFBD
:102D60004FF0010840461FE61000024010040240E8
:102D70000854025830B5034693F89840012C01D00E
:102D8000022C3ED11868806D084030B91868C06DBB
:102D900040F001001D68E8650EE01868806D08408D
:102DA000884206D11868C06D40F002001D68E865D1
:102DB00002E003201D68E86501F4007030B1186876
:102DC000D0F8E00010431D68C5F8E00001F4806011
:102DD00030B11868D0F8E40010431D68C5F8E4006D
:102DE00000BF1868406D0B4D0D4028431D68686595
:102DF0000948006840EA9170074D286000BF002034
:102E000030BDD3F89C0040F00200C3F89C000120C4
:102E1000F6E70000FFFFCF3F14A800407047F0B571
:102E2000024692F89860012E01D0022E43D1C86864
:102E3000072800D100BF086818BBC868072800D061
:102E400000BFC86807280BD1088A4FF0605747EACF
:102E50000040CF6940EA07208F6940EA07040AE092
:102E6000087A80070F7B40EAC7600F8A40EA074074
:102E70004F6940EA0704D76E486807EB80031C607F
:102E800017E0C868072800D000BF0F7B086940EA38
:102E90004774C868072801D18D6903E00F7A486933
:102EA00040EA8775176F486807EBC0031C601B1D5D
:102EB0001D600020F0BDD2F89C0040F00200C2F876
:102EC0009C000120F6E770B50446049D94F8980034
:102ED00001280AD1080140EA820040EA4300284361
:102EE0002668C6F88000002070BDD4F89C0040F031
:102EF0000400C4F89C000120F6E7704730B58BB0A1
:102F000004460D4605F0007088B12C216846FDF797
:102F1000C7FB6946204600F00CF80598012805D14A
:102F20002068806920F001002168886100BF0BB033
:102F300030BD03461868426C02F007000860C2F317
:102F40000220486002F018008860C2F34010C86098
:102F5000C2F380100861C2F3C0104861C2F3C02000
:102F60008861C2F30030C861C2F340300862C2F326
:102F700080304862C2F3064088620020704700003B
:102F80002DE9F04304460D469C46002394F89880B2
:102F9000B8F1020F74D1402D38D12068D0F8A000CC
:102FA00000F4FE0040B9D4F89C0040F02000C4F8C2
:102FB0009C000120BDE8F0832068D0F8A40000F058
:102FC0007F0038B9D4F89C0040F48070C4F89C00AD
:102FD0000120EFE72068D0F8A400C0F3006040B102
:102FE0002068D0F8A0004FF00109B9EBD07F00D1E4
:102FF00001232068D0F8A400C0F305200344606CCE
:103000005843D4F8749009EB80014BE0412D38D13E
:103010002068D0F8B00000F4FE0038B9D4F89C0065
:1030200040F02000C4F89C000120C3E72068D0F8DD
:10303000B40000F07F0038B9D4F89C0040F48070F0
:10304000C4F89C000120B5E72068D0F8B400C0F3B4
:10305000006040B12068D0F8B0004FF00109B9EB32
:10306000D07F00D101232068D0F8B400C0F3052040
:103070000344E06C5843D4F8789009EB800111E0E8
:103080006DE0206DA84207D8D4F89C0040F02000E5
:10309000C4F89C0001208DE7606D6843D4F87C90F3
:1030A00009EB8001086800F080405060506820B94A
:1030B0000868C0F38A40106003E0086820F06040B0
:1030C0001060086800F000509060086800F0004050
:1030D0001061091D088880B2D0610868C0F3034000
:1030E000D060086800F480105061086800F4001097
:1030F00090610868C0F3066010620868C00F5062F3
:10310000091D0F46002603E0B85D0CF80600761C8A
:10311000DFF85C90D06819F80000B042F4D8402D78
:1031200003D12068C0F8A83017E0412D03D12068F2
:10313000C0F8B83011E0202D06D20120A840D4F804
:103140000090C9F8980008E005F01F09012000FA76
:1031500009F0D4F80090C9F89C0000202AE7D4F8C0
:103160009C0040F00800C4F89C00012022E7000009
:1031700030B80008704700002DE9F04F8DB00446CC
:10318000EF4800688707EE48001D006807EA80776F
:103190002068006D00F470482068406D00EA08085F
:1031A0002068006D00F00F092068406D00EA0909F1
:1031B0002068006D00F0F00A2068406D00EA0A0AFD
:1031C0002068006D00F0715B2068406D00EA0B0B19
:1031D0002068006D00F060700C902068406D0C99C4
:1031E00008400C902068456D2068066DC5F30020EE
:1031F00070B1C6F3002058B100BF4FF48070216851
:1032000008650020CE49086000BF2046FFF7B2FFE6
:10321000C5F38020C8B1C6F38020B0B12068D0F8D3
:10322000DC000A902068D0F8E4000A9908400A906F
:1032300000BF4FF48060216808650020C049086025
:1032400000BF20460A9900F026FD67B100BFBD48C7
:10325000384021680865B80FB949086000BF394691
:103260002046FFF7DBFDB8F1000F0ED000BFB548D8
:1032700008EA0000216808654FEA9870B0490860C4
:1032800000BF4146204600F008FDB9F1000F0ED006
:1032900000BFAC4809EA0000216808654FEA997050
:1032A000A749086000BF4946204600F0C9FBBAF1B3
:1032B000000F0ED000BFA3480AEA0000216808658D
:1032C0004FEA9A709E49086000BF5146204600F0C0
:1032D000C1FCC5F3C02070B1C6F3C02058B100BF17
:1032E0004FF400602168086500209549086000BF20
:1032F000204600F0D3FCC5F34020C8B1C6F34020FF
:10330000B0B12068D0F8D8000B902068D0F8E00069
:103310000B9908400B9000BF4FF4007021680865BE
:1033200000208749086000BF20460B9900F0B4FCDC
:10333000C5F3C04070B1C6F3C04058B100BF4FF4F0
:1033400000202168086500207D49086000BF2046F4
:1033500000F074FBC5F3004070B1C6F3004058B1F3
:1033600000BF4FF480302168086500207449086070
:1033700000BF204600F08EFCC5F3804070B1C6F35C
:10338000804058B100BF4FF48020216808650020BC
:103390006B49086000BF204600F07BFCC5F340404D
:1033A00088B1C6F3404070B100BF4FF400302168CF
:1033B000086500206249086000BFD4F89C0040F016
:1033C0008000C4F89C000C9870B100BF5D490C9857
:1033D0000840216808650C98800F5949086000BFB3
:1033E00020460C99FFF78AFDBBF1000F10D000BFFB
:1033F00054480BEA0000216808654FEA9B70504969
:10340000086000BFD4F89C0040EA0B00C4F89C00A0
:103410004D49206888427DD16068806800F00300D3
:10342000002877D06068006A00F00F00099060689B
:10343000406A0999084009906068006A00F030000D
:1034400008906068406A0899084008906068006ABF
:1034500000F4C07007906068406A079908400790C0
:103460006068006A00F4FC4006906068406A069953
:10347000084006906068006A00F4F02005906068DB
:10348000406A0599084005906068406A029060684B
:10349000006A0190099830B1099861680862204675
:1034A000099900F0F3FB089830B108986168086248
:1034B0002046089900F0ECFB0298C0F38010A0B100
:1034C0000198C0F3801080B16068C06B000C04905C
:1034D0006068C06B00F03F000390402061680862A4
:1034E0002046DDE9032100F0D2FB079830B10798B0
:1034F000616808622046079900F0C7FB069840B152
:10350000069861680862D4F89C0006990843C4F8DC
:103510009C0000E00AE0059840B1059861680862E7
:10352000D4F89C0005990843C4F89C00D4F89C008A
:1035300010B12046FFF7E1FC0DB0BDE8F08F0000B0
:1035400010A80040FFFFCF3F00A0004070B594B02E
:1035500004464C22B34901A8FDF768F814B90120CC
:1035600014B070BDB0492068884203D1206800F5CE
:1035700080706060A068B0F5407F00D100BF206C13
:1035800000B100BFA06C00B100BF206D00B100BF52
:10359000206E00B100BFD4E91710084400B100BF8D
:1035A00094F8980028B9002084F89900204600F08B
:1035B0003DF92068806920F010002168886100F0E2
:1035C0006DFC05460EE000F069FC401B0A2809D995
:1035D0009834606840F001006060032004F89809A6
:1035E0000120BDE72068806900F008000828EAD0C3
:1035F0002068806940F001002168886100F04EFC7D
:1036000005460EE000F04AFC401B0A2809D9983410
:10361000606840F001006060032004F89809012010
:103620009EE72068806900F001000028EAD0206849
:10363000806940F0020021688861207C012806D161
:103640002068806920F040002168886105E02068DA
:10365000806940F0400021688861607C012806D1C3
:103660002068806940F480402168886105E0206816
:10367000806920F4804021688861A07C012806D1FF
:103680002068806920F480502168886105E0206806
:10369000806940F48050216888612068806920F446
:1036A0004070A1680843216888612068806920F023
:1036B000A400216888612068006920F0100021685A
:1036C0000861E068012806D12068806940F00400A4
:1036D0002168886120E0E068F0B1E068022815D038
:1036E0002068806940F08000216888612068006956
:1036F00040F0100021680861E06803280CD12068C0
:10370000806940F020002168886105E020688069B8
:1037100040F0200021688861207E401E4106E0695B
:10372000401E41EA0020216A491E0843A18A491E21
:1037300040EA01402168C861A068B0F5407F0FD120
:10374000A06A401EE16A491E40EA0121206B401E2A
:1037500041EA0011A08C401E41EA00402168C86087
:10376000206E38B12068D0F8C000616E084321682F
:10377000C1F8C000D4E91710084460B12068D0F83F
:10378000C80020F0070001AAA16E52F821100843DA
:103790002168C1F8C800206C60B12068D0F8BC0076
:1037A00020F0070001AA616C52F82110084321683B
:1037B000C1F8BC00A06C68B12068D0F8BC0020F053
:1037C000700101AAE06C52F8200041EA0010216863
:1037D000C1F8BC00206D68B12068D0F8BC0020F4AE
:1037E000E06101AA606D52F8200041EA00202168E2
:1037F000C1F8BC000C492068884205D16068806827
:1038000020F0030061688860002044F8940FA060F5
:1038100001202071943C2046FDF742FB06463046CD
:103820009EE6000040B8000800A0004010B5B6B009
:103830000446142130A8FCF733FFB82102A8FCF796
:103840002FFF7649206888424AD14FF4004100207A
:10385000CDE902101D9002A800F0A2FE08B1FDF70C
:10386000F2FA6F480068401C6D490860084600681D
:1038700001280DD100BF6B48006840F48070694991
:1038800008600846006800F48070019000BF00BF27
:1038900000BF64480C38006840F0010061490C39F1
:1038A00008600846006800F00100019000BF00BFFA
:1038B0004FF4C0503090022031900120329003200C
:1038C00033900920349030A9574800F0E9F90022DC
:1038D0000521132000F0A0FB132000F089FB9BE0E2
:1038E00052492068884249D14FF400410020CDE977
:1038F00002101D9002A800F053FE08B1FDF7A3FAD4
:1039000047480068401C464908600846006801288E
:103910000DD100BF4348006840F480704149086001
:103920000846006800F48070019000BF00BF00BF2F
:103930003C480C38006840F002003A490C390860F5
:103940000846006800F00200019000BF00BF602040
:1039500030900220319000203290032033900920D3
:10396000349030A9324800F09BF900220521142040
:1039700000F052FB142000F03BFB4DE02D49206885
:10398000884249D14FF400410020CDE902101D903A
:1039900002A800F005FE08B1FDF755FA20480068BE
:1039A000401C1F4908600846006801280DD100BF6F
:1039B0001C48006840F480701A4908600846006896
:1039C00000F48070019000BF00BF00BF15480C38A4
:1039D000006840F0080013490C3908600846006888
:1039E00000F00800019000BF00BF4FF4405030903D
:1039F0000220319001203290032033900520349032
:103A000030A90D4800F04CF9002205219F2000F05C
:103A100003FB9F2000F0ECFA36B010BD00A0004080
:103A20001C000024EC4402580000025800A400408E
:103A30000004025800D40040000C025870470000F7
:103A400030B58DB004460D4605F00100002874D055
:103A500001AB03AA40212046FFF792FA00286DD15E
:103A60006F49206888426DD10398012811D09128B0
:103A700004D0A0F20220002862D115E001AA694911
:103A8000694803F091FB69488088401C6749888039
:103A900057E001A9664805F09BFB64480089401C7B
:103AA00081B2624801814CE001A96248FDF708FB40
:103AB000604880ED370A01A903A8FDF70EFB5D48B9
:103AC00080ED380A90ED370ABCEEC00A10EE101AED
:103AD000FCF76BFE574890ED030AB8EEC00ADFED25
:103AE000560A80EE201A9FED550A21EE000ADFEDFE
:103AF000540A80EE201A90ED410A31EE400A80ED22
:103B0000390A90F8000140B94A4890ED390A80ED31
:103B1000410A0120474981F80001464890ED380AE2
:103B2000DFED470A80EE201A80ED3A1A3F4880897F
:103B3000401C81B23D48818103E06FE06DE001E00F
:103B400000BF6AE03F49206888425FD10398A0F235
:103B5000012010B11F2857D148E001A93A48FDF7CC
:103B6000AFFA394880ED370A01A903A8FDF7B5FA85
:103B7000354880ED380A90ED370ABCEEC00A10EEE9
:103B8000101AFCF712FE304890ED030AB8EEC00A96
:103B90009FED291AC0EE010A9FED280A60EE800A07
:103BA000B3EE031A80EE810AD0ED410A30EE600ACE
:103BB00080ED390A90F8000140B9234890ED390AA8
:103BC00080ED410A0120204981F800011E4890ED56
:103BD000380AF3EE030A80EE201A80ED3A1A1348F1
:103BE0004089401C81B2114841810EE0019800904B
:103BF00016499DF8000003F0F0FA0C48C089401CFB
:103C000081B20A48C18100E000BF06E01049206887
:103C1000884202D100BF00BF00BF00BF0DB030BD61
:103C200000A00040ACB80024EC030024E8B7002456
:103C300090030024F4000024000000460000B44378
:103C40000000104200A400400C02002434B80024FC
:103C500000D400407047014691F8980001280CD12B
:103C6000022081F898000868806920F001000A6845
:103C700090610020C1F89C007047D1F89C0040F092
:103C80000400C1F89C000120F6E7704770477047B8
:103C90007047704770477047704770477047000023
:103CA000F8B502460B4600216D4DD2E001278F404A
:103CB0001E6806EA0704002C72D01E7906F003067F
:103CC000012E04D01E7906F00306022E13D190684F
:103CD0004F000326BE40B0434F00DE68BE40304375
:103CE0009060506801268E40B0431E79C6F30016DE
:103CF0008E40304350601E7906F00306032E09D033
:103D0000D0684F000326BE40B0434F009E68BE40BF
:103D10003043D0601E7906F00306022E13D1CF087F
:103D200002F1200656F827004E07F70E0F26BE4078
:103D3000B0434F07FF0E1E69BE403043CF0802F16B
:103D4000200646F8270010684F000326BE40B04307
:103D50001E7906F003064F00BE40304310605E68D7
:103D600006F44036002E73D000BF3E4E366846F053
:103D700002063C4F3E603E46366806F0020600965C
:103D800000BF00BF384E8F0856F827008E07370F48
:103D90000F26BE40B043354EB24202D1002629E084
:103DA00056E0334EB24201D1012623E0314EB242F9
:103DB00001D102261EE0304EB24201D1032619E0A5
:103DC0002E4EB24201D1042614E02D4EB24201D152
:103DD00005260FE02B4EB24201D106260AE02A4EFC
:103DE000B24201D1072605E0284EB24201D1092690
:103DF00000E00A268F073F0FBE4030431A4E8F085F
:103E000046F827004FF0B0463068A0435E6806F4DD
:103E1000801606B120434FF0B04630607068A04372
:103E20005E6806F4001606B120434FF0B04670609D
:103E30006868A0435E6806F4003606B120436860F7
:103E40002868A0435E6806F4803606B120432860E7
:103E5000491C1E68CE40002E7FF428AFF8BD00003C
:103E600080000058F444025808040058000002582A
:103E70000004025800080258000C025800100258B2
:103E80000014025800180258001C0258002402585E
:103E90000AB1816101E00B04836170470148006849
:103EA0007047000020000024034800680349097897
:103EB00008440149086070472000002428000024BD
:103EC00010B5032000F0E6F801F0DEFB10490968A8
:103ED000C1F303210F4A515C01F01F0120FA01F4E4
:103EE0000B48006800F00F001146085C00F01F004E
:103EF00024FA00F008490860084804600F2000F028
:103F00000FF808B1012010BD00F05AF80020FAE7C0
:103F100018440258B4B80008300000242C000024D3
:103F2000F0B58BB00446102C0AD200222146362070
:103F300000F072F8362000F05BF81C48046002E0E4
:103F400001200BB0F0BD00BF1948006840F0100020
:103F5000174908600846006800F01000019000BF93
:103F600000BF02A903A801F00FFB089E1EB901F0D3
:103F700067FB054602E001F063FB45000D48B5FB19
:103F8000F0F0471E0C480D49086040F2E7310B483D
:103F9000C160476000210161816002F0AFF818B98B
:103FA000064802F005F9CCE70120CAE72400002406
:103FB000E844025840420F0000100040C80A0024A4
:103FC00008B500BF0948006840F0020007490860D2
:103FD0000846006800F00200009000BF00BF002209
:103FE0000F21901E00F018F808BD0000F44402589C
:103FF0000146084600280DDB00BF00BF00F01F038C
:1040000001229A4043099B0003F1E023C3F80021F9
:1040100000BF00BF00BF70472DE9F05F80460D462E
:10402000164604F0DBFF074639462A46334601F0C0
:104030000700C0F1070ABAF1040F02D94FF0040AD1
:1040400001E0C0F1070AD14600F1040ABAF1070FF6
:1040500002D24FF0000A01E0A0F1030AD4464FF06B
:10406000010A0AFA09FAAAF1010A0AEA020A0AFA94
:104070000CFA4FF0010B0BFA0CFBABF1010B0BEA46
:10408000030B4AEA0B042146404604F0AFFFBDE8AB
:10409000F09F000000BF00F00702064B19684FF6C2
:1040A000FF031940044B0B4343EA0221014B196003
:1040B00000BF70470CED00E00000FA0570B5044643
:1040C00015480068C0F3800048B91348006800F044
:1040D0000700A04201D0012070BD0020FCE70E487F
:1040E000006820F0070020430B490860FFF7D6FE68
:1040F000054607E0FFF7D2FE401BB0F57A7F01D9F5
:104100000120E9E7044808380068C0F3403000287F
:10411000F0D00020E0E700000C48025810B501F094
:1041200069FA05490968C1F30211044A515C01F0BA
:104130001F01C84010BD000020440258B4B8000858
:1041400070B50146844D2D6805F00303824D2D683E
:10415000C5F30530804D2D1D2D68C5F300147E4D2F
:1041600014352D68C5F3CC0515FB04F501EE105A86
:10417000B8EE411AF0EE410A00286FD023B1012BAE
:104180004ED0022B6BD16BE0734D283D2D68C5F3EB
:1041900040153DB3704D283D2D68C5F3C1066F4DE8
:1041A00025FA06F201EE102AF8EE411A01EE100A85
:1041B000B8EE411A81EE812A9FED691AC0EE811A8C
:1041C000654D10352D68C5F3080501EE105AB8EE9F
:1041D000411A31EE811AF7EE001A31EE211A22EE61
:1041E000010A1CE001EE100AB8EE411ADFED5D1A7B
:1041F00081EE812A9FED5A1AC0EE811A564D103574
:104200002D68C5F3080501EE105AB8EE411A31EEDB
:10421000811AF7EE001A31EE211A22EE010A5BE054
:1042200001EE100AB8EE411ADFED4F1A81EE812A35
:104230009FED4B1AC0EE811A474D10352D68C5F31E
:10424000080501EE105AB8EE411A31EE811AF7EE68
:10425000001A31EE211A22EE010A3DE077E01DE05E
:1042600001EE100AB8EE411A9FED402AC2EE011A83
:104270009FED3B1A80EE812A374D10352D68C5F32E
:10428000080501EE105AB8EE411A32EE011AB7EEE7
:10429000002A31EE021A21EE810A1DE001EE100A19
:1042A000B8EE411ADFED301A81EE812A9FED2C1A0B
:1042B000C0EE811A284D10352D68C5F3080501EEB2
:1042C000105AB8EE411A31EE811AF7EE001A31EEAB
:1042D000211A22EE010A00BF00BF1F4D10352D68C4
:1042E000C5F3462501EE105AB8EE411AF7EE001A52
:1042F00031EE211AC0EE011ABCEEE11A81ED001A6E
:10430000154D10352D68C5F3064501EE105AB8EE6F
:10431000411AF7EE001A31EE211AC0EE011ABCEE76
:10432000E11A81ED011A0C4D10352D68C5F30665B3
:1043300001EE105AB8EE411AF7EE001A31EE211ACA
:10434000C0EE011ABCEEE11A81ED021A03E000256D
:104350000D604D608D6070BD284402580090D00300
:10436000000000460024744C0024744A20BCBE4B5C
:1043700070B50146844D2D6805F00303824D2D680C
:10438000C5F30550804D2D1D2D68C5F300247E4DCD
:104390001C352D68C5F3CC0515FB04F501EE105A4C
:1043A000B8EE411AF0EE410A00286FD023B1012B7C
:1043B0004ED0022B6BD16BE0734D283D2D68C5F3B9
:1043C00040153DB3704D283D2D68C5F3C1066F4DB6
:1043D00025FA06F201EE102AF8EE411A01EE100A53
:1043E000B8EE411A81EE812A9FED691AC0EE811A5A
:1043F000654D18352D68C5F3080501EE105AB8EE65
:10440000411A31EE811AF7EE001A31EE211A22EE2E
:10441000010A1CE001EE100AB8EE411ADFED5D1A48
:1044200081EE812A9FED5A1AC0EE811A564D183539
:104430002D68C5F3080501EE105AB8EE411A31EEA9
:10444000811AF7EE001A31EE211A22EE010A5BE022
:1044500001EE100AB8EE411ADFED4F1A81EE812A03
:104460009FED4B1AC0EE811A474D18352D68C5F3E4
:10447000080501EE105AB8EE411A31EE811AF7EE36
:10448000001A31EE211A22EE010A3DE077E01DE02C
:1044900001EE100AB8EE411A9FED402AC2EE011A51
:1044A0009FED3B1A80EE812A374D18352D68C5F3F4
:1044B000080501EE105AB8EE411A32EE011AB7EEB5
:1044C000002A31EE021A21EE810A1DE001EE100AE7
:1044D000B8EE411ADFED301A81EE812A9FED2C1AD9
:1044E000C0EE811A284D18352D68C5F3080501EE78
:1044F000105AB8EE411A31EE811AF7EE001A31EE79
:10450000211A22EE010A00BF00BF1F4D18352D6889
:10451000C5F3462501EE105AB8EE411AF7EE001A1F
:1045200031EE211AC0EE011ABCEEE11A81ED001A3B
:10453000154D18352D68C5F3064501EE105AB8EE35
:10454000411AF7EE001A31EE211AC0EE011ABCEE44
:10455000E11A81ED011A0C4D18352D68C5F3066579
:1045600001EE105AB8EE411AF7EE001A31EE211A98
:10457000C0EE011ABCEEE11A81ED021A03E000253B
:104580000D604D608D6070BD284402580090D003CE
:10459000000000460024744C0024744A20BCBE4B2A
:1045A0002DE9F04104460025A8464FF00062D4E909
:1045B000001011400020134659404040014331D1C2
:1045C000606E48B1B0F5801F0DD0B0F5001F11D05E
:1045D000B0F5401F16D114E0FE48006840F40030EA
:1045E000FC49086010E0022104F1080003F0CCF956
:1045F000054609E0022104F1280003F077FA054698
:1046000002E001E0012500BF00BF55B9F1482430A8
:10461000006820F44010616E0843EE4924310860C0
:1046200000E0A8464FF48072D4E900101140002049
:1046300013465940404001432ED1A06D05281BD29E
:10464000DFE800F0030A11181900E248006840F49E
:104650000030E049086011E0002104F1080003F097
:1046600093F905460AE0002104F1280003F03EFA20
:10467000054603E002E001E0012500BF00BF55B997
:10468000D4482430006820F00700A16D0843D149C8
:104690002431086000E0A8464FF48062D4E900109D
:1046A0001140002013465940404001433DD1D4F809
:1046B000A400B0F5C00F24D007DC68B1B0F5001F2E
:1046C00011D0B0F5800F1FD114E0B0F5000F19D054
:1046D000B0F5200F18D116E0BE48006840F4003055
:1046E000BC49086012E0002104F1080003F04CF915
:1046F00005460BE0002104F1280003F0F7F9054618
:1047000004E003E002E001E0012500BF00BF5DB965
:10471000B0482C30006820F46000D4F8A41008439E
:10472000AC492C31086000E0A8464FF40062D4E99F
:1047300000011040002113465840494008433DD134
:10474000D4F8A800B0F1407F24D007DC68B1B0F104
:10475000807F11D0B0F1007F1FD114E0B0F1806FE5
:1047600019D0B0F1A06F18D116E09A48006840F453
:1047700000309849086012E0002104F1080003F0BD
:1047800003F905460BE0002104F1280003F0AEF91F
:10479000054604E003E002E001E0012500BF00BFA0
:1047A0005DB98C482C30006820F0E060D4F8A81087
:1047B000084388492C31086000E0A8464FF0007398
:1047C000D4E900101940002059404040014328D14D
:1047D000E06CA8B1102804D0202809D0302810D1CE
:1047E0000DE07C48006840F400307A4908600AE037
:1047F000022104F1080003F0C7F8054603E002E0D7
:1048000001E0012500BF00BF55B9724820300068A3
:1048100020F03000E16C08436E492031086000E070
:10482000A8464FF48053D4E90010194000205940A5
:104830004040014337D1E06DB0F5005F1AD004DC91
:1048400050B1B0F5805F1ED10DE0B0F5405F18D0DB
:10485000B0F5804F17D115E05E48006840F4003095
:104860005C49086011E0002104F1080003F08CF8B5
:1048700005460AE0002104F1280003F037F9054657
:1048800003E002E001E0012500BF00BF55B9514837
:104890002430006820F4E040E16D08434D492431A4
:1048A000086000E0A8464FF40053D4E90010194016
:1048B000002059404040014335D1206EB0F5403FC3
:1048C0001ED007DC68B1B0F5803F0BD0B0F5003FDB
:1048D00019D10EE0B0F5802F13D0B0F5A02F12D172
:1048E00010E012E0012104F1080003F04DF8054644
:1048F0000BE0012104F1280003F0F8F8054604E07C
:1049000003E002E001E0012500BF00BF55B93148D6
:104910002430006820F4E020216E08432D49243122
:10492000086000E0A8464FF48042D4E9000110403E
:104930000021134658404940084337D1D4F8AC0011
:10494000B0F1405F1ED007DC68B1B0F1805F0BD0E2
:10495000B0F1005F19D10EE0B0F1804F13D0B0F18B
:10496000A04F12D110E012E0012104F1080003F081
:104970000BF805460BE0012104F1280003F0B6F81E
:10498000054604E003E002E001E0012500BF00BFAE
:104990005DB910482C30006820F0E040D4F8AC102D
:1049A00008430C492C31086000E0A8464FF400434E
:1049B000D4E90001184000215840494008432AD159
:1049C000E06EB8B1B0F1805F06D0B0F1005F12D1F7
:1049D00009E000002C440258F948006840F4003017
:1049E000F749086009E0012104F1080002F0CCFF5A
:1049F000054602E001E0012500BF00BF55B9F048BF
:104A00002430006820F04050E16E0843EC49243126
:104A1000086000E0A8464FF08073D4E90010194008
:104A2000002059404040014328D1A06CA8B1012882
:104A300004D0022809D0032810D10DE0E048006816
:104A400040F40030DE4908600AE0022104F1080069
:104A500002F09AFF054603E002E001E0012500BFF5
:104A600000BF55B9D6482030006820F00300A16C83
:104A70000843D3492031086000E0A8464FF4800382
:104A8000D4E90010194000205940404001437DD135
:104A9000CC48006840F48070CA490860FFF7FEF90E
:104AA000064606E0FFF7FAF9801B642801D90325C2
:104AB00005E0C448006800F480700028F2D000BF10
:104AC00085BBBF484430006800F44070B4F8B010B3
:104AD00001F44071884213D0B9484430006820F492
:104AE0004077B7484430006840F48030B4494431DE
:104AF00008600846006820F48030086008460760B7
:104B0000D4F8B000B0F5807F15D1FFF7C7F906469D
:104B100009E0FFF7C3F9801B41F28831884202D9CE
:104B2000032507E038E0A64844300068C0F34000A1
:104B30000028EED000BF55BB00BFB4F8B00000F4B1
:104B40004070B0F5407F0ED19D481C38006820F4BD
:104B50007C519D4AD4F8B000104041EA10109849A9
:104B60001C39086007E096481C38006820F47C5027
:104B700093491C390860924844300068B4F8B0107A
:104B8000C1F30B0108438E49443101E005E001E027
:104B9000086002E0A84600E0A8460122D4E900012E
:104BA00010400021134658404940084330D1A06FBF
:104BB00018281AD005DC48B1082808D0102817D1C9
:104BC0000CE0202812D0282812D110E012E0012198
:104BD00004F1080002F0D8FE05460BE0012104F1C3
:104BE000280002F083FF054604E003E002E001E054
:104BF000012500BF00BF55B971482830006820F07A
:104C00003800A16F08436E492831086000E0A846CB
:104C10000223D4E9001019400020594040400143CC
:104C200029D1606F062816D2DFE800F003040B12CA
:104C3000131412E0012104F1080002F0A5FE05465C
:104C40000BE0012104F1280002F050FF054604E0CA
:104C500003E002E001E0012500BF00BF55B958485C
:104C60002830006820F00700616F0843544928315C
:104C7000086000E0A8460422D4E90010114000209A
:104C800013465940404001432BD1D4F890000628E8
:104C900016D2DFE800F003040B12131412E0012116
:104CA00004F1080002F070FE05460BE0012104F15A
:104CB000280002F01BFF054604E003E002E001E0EB
:104CC000012500BF00BF5DB93D482C30006820F0D1
:104CD0000700D4F89010084339492C31086000E0EF
:104CE000A8462023D4E9000118400021584049403B
:104CF000084337D1D4F88C00B0F1405F1ED007DCF8
:104D000068B1B0F1805F0BD0B0F1005F19D10EE057
:104D1000B0F1804F13D0B0F1A04F12D110E012E0EB
:104D2000002104F1080002F02FFE05460BE00221ED
:104D300004F1280002F0DAFE054604E003E002E098
:104D400001E0012500BF00BF5DB91D4828300068A3
:104D500020F0E040D4F88C1008431949283108604D
:104D600000E0A8464023D4E9001019400020594033
:104D7000404001433CD1D4F89800B0F5406F25D0B5
:104D800007DC68B1B0F5806F0BD0B0F5006F20D1B3
:104D90000EE0B0F5805F1AD0B0F5A05F19D117E032
:104DA00019E0002104F1080002F0EEFD054612E0D2
:104DB000022104F1280002F099FE05460BE00000F4
:104DC0002C44025800480258FFFCFF0F03E002E0A9
:104DD00001E0012500BF00BF4DB9FE48006820F486
:104DE000E050D4F898100843FA49086000E0A8465B
:104DF0008023D4E90010194000205940404001436D
:104E000035D1D4F89C00B0F5C04F1ED007DC68B196
:104E1000B0F5005F0BD0B0F5804F19D10EE0B0F5C2
:104E2000004F13D0B0F5204F12D110E012E0002156
:104E300004F1080002F0A8FD05460BE0022104F190
:104E4000280002F053FE054604E003E002E001E022
:104E5000012500BF00BF4DB9DE48006820F4604066
:104E6000D4F89C100843DB49086000E0A8460823FA
:104E7000D4E900011840002158404940084317D1A7
:104E8000D4F88000B0F5805F07D1022104F128003A
:104E900002F02CFE08B14FF00108CE48001F006858
:104EA00020F44050D4F880100843CA49091F086014
:104EB0001023D4E90001184000215840494008431C
:104EC00015D1D4F89400B0F5807F07D1022104F108
:104ED000280002F00BFE08B14FF00108BD48006841
:104EE00020F44070D4F894100843BA4908604FF495
:104EF0000023D4E9000118400021584049400843EC
:104F000027D1D4F8A00030B1B0F5803F0AD0B0F579
:104F1000003F0FD10DE0002104F1080002F034FD44
:104F2000054609E0022104F1280002F0DFFD0546F4
:104F300002E001E0012500BF00BF4DB9A5480068AF
:104F400020F44030D4F8A0100843A249086000E0E3
:104F5000A8464FF48023D4E90001184000215840AE
:104F6000494008432DD1D4F88400B0F5801F06D005
:104F7000B0F5001F0CD0B0F5401F11D10FE09548DF
:104F80002C38006840F4003092492C39086009E060
:104F9000012104F1280002F0A9FD054602E001E02C
:104FA000012500BF00BF5DB98A48001F006820F4DA
:104FB0004010D4F8841008438649091F086000E0B7
:104FC000A8464FF48032D4E9000110400021134676
:104FD00058404940084325D1206D18B1B0F5803FB5
:104FE00010D108E07B482C38006840F40030794943
:104FF0002C39086008E0022104F1080002F0C4FC2A
:10500000054601E0012500BF00BF55B971480C38C5
:10501000006820F48030216D08436E490C39086027
:1050200000E0A8464FF00053D4E9001019400020DA
:1050300059404040014307D1022104F1280002F009
:1050400055FD08B14FF001084FF40032D4E90001DA
:1050500010400021134658404940084327D1E06FD3
:10506000A0B1B0F5807F06D0B0F5007F0CD0B0F5D0
:10507000407F0CD109E057482C38006840F40030DC
:1050800054492C39086004E003E002E001E0012506
:1050900000BF00BF55B94F48001F006820F44070A2
:1050A000E16F08434B49091F086000E0A8464FF430
:1050B0008012D4E9001011400020134659404040AE
:1050C000014309D143480838006820F00040216FAF
:1050D00008434049083908604FF40013D4E900013F
:1050E0001840002158404940084309D13948083840
:1050F000006820F08070A16E0843364908390860C6
:105100004FF08043D4E9001019400020594040403E
:10511000014311D100BF2F484838006820F40040F7
:105120002C494839086008460068D4F8B410084390
:1051300028494839086000BF4FF00042D4E9000117
:1051400010400021134658404940084309D12148E6
:105150000C38006820F04050616D08431D490C393F
:1051600008604FF40002D4E90010114000201346FB
:105170005940404001430AD11648001F006820F4FE
:105180004000D4F8881008431249091F0860012222
:1051900000216068104049405040014306D104F1AD
:1051A000080002F0F1FB054605B1A84602220021E5
:1051B0006068104049405040014307D1012104F18B
:1051C000080002F0E1FB054605B1A84604230020D3
:1051D000616801E05844025819400422404051409F
:1051E000084307D1022104F1080002F0CDFB054677
:1051F00005B1A846082300206168194008224040F4
:105200005140084307D1002104F1280002F06EFC50
:10521000054605B1A84610230020616819401022F8
:1052200040405140084307D1012104F1280002F019
:105230005DFC054605B1A8462022002160681040AB
:1052400049405040014307D1022104F1280002F0F7
:105250004DFC054605B1A846B8F1000F02D100206B
:10526000BDE8F0810120FBE72DE9F04104460D4641
:1052700014B90120BDE8F081BD48006800F00F00BE
:10528000A8420ED2BA48006820F00F002843B8495F
:1052900008600846006800F00F00A84201D0012015
:1052A000E8E7207800F0040004280ED1B149206915
:1052B000096801F07001884207D9AE48006820F003
:1052C000700021690843AB490860207800F00800AD
:1052D000082811D1A749091D6069096801F070010A
:1052E000884209D9A348001D006820F07000616958
:1052F0000843A049091D0860207800F0100010281C
:1053000011D19C49091DA069096801F4E061884236
:1053100009D99848001D006820F4E060A16908439D
:105320009449091D0860207800F02000202811D140
:1053300090490831E069096801F07001884209D993
:105340008C480830006820F07000E1690843894902
:1053500008310860207800F0020002280ED185494B
:10536000E068096801F00F01884207D981480068A8
:1053700020F00F00E16808437E490860207800F0C3
:105380000100002850D07B48006820F47060A168BC
:105390000843784908606068022807D175481838C2
:1053A0000068C0F34040F8B9012063E76068032853
:1053B00007D1704818380068C0F34060A0B90120D8
:1053C00058E76068012807D16A4818380068C0F3B8
:1053D000002048B901204DE7664818380068C0F33E
:1053E000800008B9012045E762480838006820F0CD
:1053F0000700616808435F4908390860FEF74EFD01
:10540000064608E0FEF74AFD801B41F288318842DB
:1054100001D903202EE757480838006800F038000B
:105420006168B0EBC10FEDD1207800F002000228D6
:105430000ED15049E068096801F00F01884207D297
:105440004C48006820F00F00E168084349490860B3
:105450004748006800F00F00A8420ED94448006891
:1054600020F00F002843424908600846006800F019
:105470000F00A84201D00120FCE6207800F00400D3
:1054800004280ED13B492069096801F07001884267
:1054900007D23848006820F0700021690843354978
:1054A0000860207800F00800082811D13149091D52
:1054B0006069096801F07001884209D22D48001D19
:1054C000006820F07000616908432A49091D0860DE
:1054D000207800F01000102811D12649091DA0697C
:1054E000096801F4E061884209D22248001D006881
:1054F00020F4E060A16908431E49091D0860207876
:1055000000F02000202811D11A490831E06909680B
:1055100001F07001884209D216480830006820F076
:105520007000E169084313490831086000F0ACF8E5
:1055300010490968C1F303210F4A515C01F01F01B2
:1055400020FA01F70B48006800F00F001146085CD4
:1055500000F01F0027FA00F00849086008480760BB
:1055600008480068FEF7DCFC8046404682E6000002
:105570000020005218440258B4B80008300000243B
:105580002C000024240000243F220260174A1268E5
:1055900002F007024260154A0832126802F4706293
:1055A0008260124A0832126802F00F02C2600F4A8B
:1055B0000832126802F0700202610C4A0C32126862
:1055C00002F070024261094A0C32126802F4E06291
:1055D0008261064A1032126802F07002C261044A07
:1055E000126802F00F020A6070470000104402586F
:1055F0000020005210B500F047F80D490968C1F3CA
:1056000003210C4A515C01F01F0120FA01F4084803
:10561000006800F00F001146085C00F01F0024FA3B
:1056200000F005490860054804600846006810BDA0
:1056300018440258B4B80008300000242C0000249C
:1056400000B5FFF7D7FF05490968C1F30211044A05
:10565000515C01F01F01C84000BD00001C4402580D
:10566000B4B8000800B5FFF7C5FF05490968C1F3E4
:105670000221044A515C01F01F01C84000BD000036
:105680001C440258B4B80008F0B5824E366806F0E3
:10569000380636B1082E15D0102E15D0182E7DD113
:1056A00014E07C4E103E3668C6F3401646B1794E83
:1056B000103E3668C6F3C107774E26FA07F000E0C1
:1056C0007548E5E07548E3E07548E1E0714E18364D
:1056D000366806F003046F4E18363668C6F30511B7
:1056E0006C4E1C36366806F001056A4E2436366864
:1056F000C6F3CC0616FB05F601EE106AB8EE410AB9
:10570000002971D024B1012C50D0022C6DD16DE054
:10571000604E103E3668C6F340163EB35D4E103EF6
:105720003668C6F3C1075C4E26FA07F301EE103A5D
:10573000F8EE411A01EE101AB8EE411A81EE812AF4
:105740009FED581AC0EE011A524E20363668C6F345
:10575000080601EE106AB8EE411A31EE811AF7EE32
:10576000001A31EE211A62EE010A1EE001EE101A53
:10577000B8EE411ADFED4C1A81EE812A9FED491AED
:10578000C0EE011A434E20363668C6F3080601EE15
:10579000106AB8EE411A31EE811A00E076E0F7EEB9
:1057A000001A31EE211A62EE010A5BE001EE101AD6
:1057B000B8EE411A9FED3D2AC2EE011A9FED391A4B
:1057C00080EE012A334E20363668C6F3080601EE15
:1057D000106AB8EE411A32EE011AB7EE002A31EE25
:1057E000021A61EE810A3DE04EE01DE001EE101A62
:1057F000B8EE411ADFED2E1A81EE812A9FED291AAB
:10580000C0EE011A234E20363668C6F3080601EEB4
:10581000106AB8EE411A31EE811AF7EE001A31EE35
:10582000211A62EE010A1DE001EE101AB8EE411ACB
:105830009FED1E2AC2EE011A9FED1A1A80EE012A70
:10584000144E20363668C6F3080601EE106AB8EE2C
:10585000411A32EE011AB7EE002A31EE021A61EE59
:10586000810A00BF00BF0B4E20363668C6F34626BD
:10587000721C01EE102AB8EE411AC0EE811ABCEE7D
:10588000E11A11EE100A00E0002001E0034800BF19
:1058900000BFF0BD104402580090D00300093D0045
:1058A00040787D01000000460024744C0024744AB6
:1058B00020BCBE4B2DE9F047044614B90120BDE8D9
:1058C000F087207800F00100002870D0F9480068C7
:1058D00000F03808F7481830D0F80090B8F1100FF1
:1058E00006D0B8F1180F0FD109F0030002280BD130
:1058F000F04810380068C0F3404000286AD0606863
:10590000002867D10120DAE700BF6068B0F5803F6A
:1059100008D1E8481038006840F48030E549103973
:1059200008602EE0606868B9E2481038006820F42A
:105930008030E049103908600846006820F4802073
:1059400008601EE06068B0F5A02F0DD1D94810386E
:10595000006840F48020D749103908600846006884
:1059600040F4803008600CE0D2481038006820F421
:105970008030D049103908600846006820F4802043
:10598000086000BF606898B1FEF788FA054606E037
:10599000FEF784FA401B642801D903208FE7C5482D
:1059A00010380068C0F340400028F1D012E012E047
:1059B000FEF774FA054606E0FEF770FA401B64280D
:1059C00001D903207BE7BB4810380068C0F3404092
:1059D0000028F1D100BF207800F00200022879D120
:1059E000B448006800F03808B2481830D0F8009089
:1059F000B8F1000F05D0B8F1180F35D109F0030048
:105A000088BBAC4810380068C0F3800018B1E0686B
:105A100008B9012053E7A7481038006820F01900A2
:105A2000E1680843A34910390860FEF737FA0546D4
:105A300006E0FEF733FA401B022801D903203EE7B7
:105A40009C4810380068C0F380000028F1D09948C5
:105A50000C38006820F0FE40217C40EA0160954946
:105A60000C39086045E0FFE7E06838B3914810382A
:105A7000006820F01900E16808438E491039086079
:105A8000FEF70CFA054606E0FEF708FA401B02286E
:105A900001D9032013E7874810380068C0F380005D
:105AA0000028F1D083480C38006820F0FE40217CAB
:105AB00040EA01607F490C3908601AE07D481038DF
:105AC000006820F001007B4910390860FEF7E6F914
:105AD000054607E00EE0FEF7E1F9401B022801D978
:105AE0000320ECE6734810380068C0F380000028FB
:105AF000F1D100BF207800F0100010286FD16D4860
:105B0000006800F038086B481830D0F80090B8F101
:105B1000080F06D0B8F1180F1CD109F003000128B6
:105B200018D1644810380068C0F3002020B1E06943
:105B3000802801D00120C2E600BF5E48001F006837
:105B400020F07C5094F8201040EA01605949091F68
:105B5000086043E0E06938B356481038006840F008
:105B60008000544910390860FEF798F9054606E0B0
:105B7000FEF794F9401B022801D903209FE64D4807
:105B800010380068C0F300200028F1D000BF494859
:105B9000001F006820F07C5094F8201040EA01605B
:105BA0004449091F086019E042481038006820F095
:105BB0008000404910390860FEF770F9054606E09C
:105BC000FEF76CF9401B022801D9032077E639481B
:105BD00010380068C0F300200028F1D100BF207801
:105BE00000F00800082836D16069D0B1314864302F
:105BF000006840F001002F4964310860FEF74EF95B
:105C0000054606E0FEF74AF9401B022801D90320A9
:105C100055E6284864300068C0F340000028F1D001
:105C200019E024486430006820F001002149643103
:105C30000860FEF733F9054606E0FEF72FF9401B32
:105C4000022801D903203AE61A4864300068C0F3FC
:105C500040000028F1D1207800F02000202838D121
:105C6000A069D0B113481038006840F48050114941
:105C700010390860FEF712F9054606E0FEF70EF946
:105C8000401B022801D9032019E60A481038006891
:105C9000C0F340300028F1D01BE0064810380068FF
:105CA00020F48050034910390860FEF7F7F80546E4
:105CB00009E0000010440258FEF7F0F8401B0228EB
:105CC00001D90320FBE5D0480068C0F3403000282C
:105CD000F2D1207800F0040004287DD1CB48006880
:105CE00040F48070C9490860FEF7D8F8054606E020
:105CF000FEF7D4F8401B642801D90320DFE5C34830
:105D0000006800F480700028F2D000BFA06801286D
:105D100008D1BD487030006840F00100BA497031C8
:105D200008602DE0A06868B9B7487030006820F0BE
:105D30000100B549703108600846006820F0040091
:105D400008601DE0A06805280DD1AF4870300068DC
:105D500040F00400AC49703108600846006840F02B
:105D6000010008600CE0A8487030006820F00100D5
:105D7000A549703108600846006820F004000860FA
:105D800000BFA068A0B1FEF789F8054608E0FEF75D
:105D900085F8401B41F28831884201D903208EE505
:105DA000994870300068C0F340000028EFD013E03D
:105DB000FEF774F8054608E0FEF770F8401B41F264
:105DC0008831884201D9032079E58F487030006816
:105DD000C0F340000028EFD1606A00287DD08A48D7
:105DE0001030006800F03800182877D0606A022868
:105DF00075D18548006820F0807083490860FEF7FF
:105E00004DF8054606E0FEF749F8401B022801D987
:105E1000032054E57C480068C0F340600028F2D1BC
:105E200000BFD4E90A1041EA001077492831096817
:105E300040F2F33291430843734928310860208EC1
:105E4000401EC0F30800616B491E4FF47E4202EA17
:105E500041210843218F491ED20102EA0141084332
:105E60003C21095D491E120202EA016108436649AC
:105E70003031086000BF081F006820F00100091FD2
:105E800008606148343000684FF6F8718843A16CAF
:105E900040EAC1005C49343108605B482C3000683E
:105EA00020F00C00216C084357492C31086008464B
:105EB000006820F00200616C084353492C310860EF
:105EC0000846006840F4803008600846006840F4E6
:105ED000003008600846006802E092E038E01FE009
:105EE00040F4802008600846006840F00100086027
:105EF0004548006840F0807043490860FDF7CEFFD8
:105F0000054606E0FDF7CAFF401B022801D9032021
:105F1000D5E43D480068C0F340600028F2D070E04E
:105F20003948006820F0807037490860FDF7B6FFF7
:105F3000054606E0FDF7B2FF401B022801D9032009
:105F4000BDE431480068C0F340600028F2D158E059
:105F50002D48283007682C4830300668606A0128D0
:105F600021D007F00301A06A81421CD1C7F30511BB
:105F7000E06A884217D1C6F30801206B401E8142B7
:105F800011D1606B401EC6F3462188420BD1A06B35
:105F9000401EC6F30641884205D1E06B401EC6F3A1
:105FA0000661884201D0012089E417483430006836
:105FB000C0F3CC07A06CB84223D013482C30006843
:105FC00020F0010010492C310860FDF767FF0546FD
:105FD00000BFFDF763FF401BFBD00B483430006867
:105FE0004FF6F8718843A16C40EAC100064934318C
:105FF000086005482C30006840F0010002492C314F
:10600000086000205BE40000004402580048025889
:10601000704770477047000030B502460B4600BF1E
:1060200092F83C00012801D1022030BD012082F805
:106030003C0000BF022082F83D00106841681068F3
:106040008468254D1068A84203D0244D1068A842EA
:1060500003D121F470015868014321F070011868E0
:106060000143106841601C4D1068A84223D010689D
:10607000B0F1804F1FD01A4D1068A8421BD0194DA7
:106080001068A84217D0184D1068A84213D0134DBD
:106090001068A8420FD0154D1068A8420BD0144DBF
:1060A0001068A84207D0134D1068A84203D0124DC3
:1060B0001068A84205D124F0800498680443106851
:1060C0008460012082F83D0000BF002082F83C007F
:1060D00000BF00BFA9E7000000000140000401402C
:1060E0000004004000080040000C00400018004080
:1060F0000040014000E0004000E4004010B50446CC
:106100000CB9012010BD94F83D0028B9002084F896
:106110003C00204600F02AF8022084F83D00211DB2
:10612000206801F0AFFF012084F8480000BF84F828
:106130003E0001213F2001554020015541200155DD
:10614000422001554320015500BF00BF012084F8C3
:10615000440045200155462001554720015500BF08
:10616000012084F83D000020CCE7000038B504464B
:106170000D492068884215D100BF0C48006840F0E6
:1061800002000A4908600846006800F0020000901A
:1061900000BF00BF002205211D20FDF73DFF1D208F
:1061A000FDF726FF38BD000000040040E844025817
:1061B000014691F83D00012801D0012070470220DE
:1061C00081F83D000868C06840F001000B68D860A5
:1061D000204B0868984223D00868B0F1804F1FD048
:1061E0001D4B086898421BD01C4B0868984217D07A
:1061F0001B4B0868984213D01A4B086898420FD07E
:10620000194B086898420BD0184B0868984207D081
:10621000174B0868984203D0164B0868984210D173
:1062200008688068144B00EA0302062A0FD0B2F512
:10623000803F0CD00868006840F001000B681860CF
:1062400005E00868006840F001000B681860002055
:10625000B4E70000000001400004004000080040D6
:10626000000C0040000401400018004000400140C4
:1062700000E0004000E40040070001002DE9F0418B
:1062800004460D46002700BF94F83C00012802D1C7
:106290000220BDE8F081012084F83C0000BF02200C
:1062A00084F83D00206886684048064026F47F4612
:1062B000206886602868702826D00CDC00F00F016A
:1062C000002966D10011072863D2DFE800F0555697
:1062D00057584B374100B0F1101F52D009DCB0F5D0
:1062E000805F10D0B0F5005F1BD0B0F5801F50D19B
:1062F00046E0A0F580102038002843D0102842D076
:10630000202846D140E046E0D5E902136A682068BB
:1063100001F02CFF2068866846F0770620688660CA
:1063200039E0D5E902136A68206801F01FFF206890
:10633000806840F48040216888602CE0EA686968E1
:10634000206801F02BFF5021206801F01BFF22E0A4
:10635000EA686968206801F034FF6021206801F074
:1063600011FF18E0EA686968206801F017FF402112
:10637000206801F007FF0EE000BF00BF00BF00BFB4
:1063800000BF00BF00BF00BF2968206801F0FAFE0F
:1063900001E0012700BF00BF012084F83D0000BFDD
:1063A000002084F83C0000BF384672E788FFCEFF2B
:1063B000704770B504462068C6682068056905F016
:1063C0000200022819D106F00200022815D1401F50
:1063D00021680861012020772068806900F00300AF
:1063E00018B12046FFF7E4FF05E0204600F0ADF8C5
:1063F000204600F0ABF80020207705F004000428C8
:1064000019D106F00400042815D1C04321680861A1
:10641000022020772068806900F4407018B120467F
:10642000FFF7C6FF05E0204600F08FF8204600F099
:106430008DF80020207705F00800082819D106F013
:106440000800082815D1C04321680861042020777E
:106450002068C06900F0030018B12046FFF7A8FFCC
:1064600005E0204600F071F8204600F06FF80020AB
:10647000207705F01000102819D106F01000102820
:1064800015D1C04321680861082020772068C069C1
:1064900000F4407018B12046FFF78AFF05E020465F
:1064A00000F053F8204600F051F80020207705F066
:1064B000010048B106F0010030B16FF00100216821
:1064C0000861204600F044F805F08000802804D0E0
:1064D00005F40050B0F5005F0AD106F08000802876
:1064E00006D16FF40250216808612046FFF791FD44
:1064F00005F48070B0F5807F0AD106F08000802816
:1065000006D16FF48070216808612046FFF780FD96
:1065100005F04000402809D106F04000402805D190
:10652000C04321680861204600F01EF805F02000F5
:10653000202809D106F02000202805D1C043216879
:1065400008612046FFF766FD70BD70477047000088
:1065500010B5044603492068884201D1FDF7A4FC28
:1065600010BD0000001000407047014600BF91F8C8
:106570008400012801D102207047012081F88400A5
:1065800000BF2420C1F88800086802680868006815
:1065900020F001000B68186022F0005200204866CD
:1065A000086802602020C1F8880000BF002081F840
:1065B000840000BF00BFDFE77047704770B5044636
:1065C0000D4600BF94F88400012801D1022070BD5F
:1065D000012084F8840000BF2420C4F888002068CB
:1065E00006682068006820F00100216808602068C3
:1065F000806820F06060284321688860204601F0B0
:10660000FDFD206806602020C4F8880000BF00203F
:1066100084F8840000BF00BFD9E770B504460D467A
:1066200000BF94F88400012801D1022070BD012030
:1066300084F8840000BF2420C4F88800206806681D
:106640002068006820F001002168086020688068E8
:1066500020F06040284321688860204601F0CEFD8C
:10666000206806602020C4F8880000BF002084F85D
:10667000840000BF00BFD9E77047704770B504467B
:10668000D4F88850D4F88C602068806800F08000CE
:10669000802823D1212D21D100BF00BF21680831DE
:1066A00051E8001F21F080002168083141E8000214
:1066B000002AF3D100BFE06F68B1E06FFAF726FD62
:1066C00048B1E06FFBF75CF9202804D11020C4F832
:1066D0009000032070BD204601F0D0FF2068806844
:1066E00000F04000402826D1222E24D100BF00BF58
:1066F0002168083151E8001F21F04000216808316D
:1067000041E80002002AF3D100BFD4F8800078B13C
:10671000D4F88000FAF7FAFC50B1D4F88000FBF707
:106720002FF9202804D11020C4F890000320D1E7CD
:10673000204601F055FF0020CCE7000010B50446CC
:106740002046FFF79BFF082021680862042021688B
:106750000862022021680862012021680862094954
:106760002068884204D14E220749084800F064FCA2
:1067700007492068884204D106220649064800F0ED
:106780005BFC10BD0010014043B80024D00600247B
:10679000004C0040E60000243C0600242DE9F047B0
:1067A00004462068C569206806682068876840F646
:1067B0000F0005EA0009B9F1000F0FD105F0200024
:1067C00060B106F0200010B907F0805030B1606F62
:1067D00010B12046616F8847BDE8F087B9F1000F1E
:1067E0007ED0F848384018B9F74830400028F7D034
:1067F00005F0010058B106F4807040B10120216815
:106800000862D4F8900040F00100C4F8900005F050
:10681000020058B107F0010040B10220216808626F
:10682000D4F8900040F00400C4F8900005F0040093
:1068300058B107F0010040B1042021680862D4F883
:10684000900040F00200C4F8900005F0080070B11C
:1068500006F0200010B9DB48384040B1082021681C
:106860000862D4F8900040F00800C4F8900005F4E5
:10687000006060B106F0806048B14FF400602168AC
:106880000862D4F8900040F02000C4F89000D4F8DA
:106890009000002852D005F0200050B106F02000F2
:1068A00010B907F0805020B1606F10B12046616FC1
:1068B0008847D4F890A02068806800F04000402805
:1068C00002D00AF0280070B3204601F089FE20684B
:1068D000806800F04000402826D100BF00BF00E0E3
:1068E0002DE02168083151E8001F21F040002168A7
:1068F000083141E80002002AF1D100BFD4F880003D
:1069000068B1B248D4F880100865D4F88000FAF76E
:106910006BFE98B1D4F88000016D88470EE02046E8
:10692000FFF70CFF0AE003E02046FFF707FF05E052
:106930002046FFF703FF0020C4F890004CE7E06E0C
:1069400001287DD105F01000002879D006F0100054
:106950000028FAD01020216808622068806800F0C2
:10696000400040286DD1D4F88000006898498842E2
:106970006BD0D4F88000006895491831884264D003
:10698000D4F8800000689249303188425DD0D4F854
:10699000800000688E494831884256D0D4F8800083
:1069A00000688B49603188424FD0D4F8800000687D
:1069B00087497831884248D0D4F8800000688449FB
:1069C0009031884241D0D4F8800000688049A831D5
:1069D00088423AD0D4F8800000687E49884234D09A
:1069E000D4F8800000687B49183188422DD0D4F853
:1069F0008000006877493031884226D0D4F8800082
:106A000000687449483188421FD0D4F8800000687B
:106A100070496031884218D0D4F8800000686D4910
:106A20007831884211D0D4F88000006869499031EB
:106A300088420AD0D4F8800000686649A83102E094
:106A4000CAE07BE001E0884204D1D4F8800000680D
:106A5000406803E0D4F88000006840681FFA80F8BE
:106A6000B8F1000F58D0B4F85C00404554DDA4F8EC
:106A70005E80D4F88000C069B0F5807F40D000BF50
:106A800000BF216851E8001F21F48070226842E8AD
:106A900000010029F5D100BF00BF00BF2168083107
:106AA00051E8001F21F001002168083141E800028F
:106AB000002AF3D100BF00BF00BF2168083151E8B0
:106AC000001F21F040002168083141E80002002A3F
:106AD000F3D100BF2020C4F88C000020E06600BF86
:106AE00000BF216851E8001F21F01000226842E831
:106AF00000010029F5D100BFD4F88000FAF706FBA9
:106B000002202067B4F85C00B4F85E20801A81B2DD
:106B10002046FFF751FD10E0B4F85C0040450CD171
:106B2000D4F88000C069B0F5807F06D102202067CC
:106B3000B4F85C102046FFF73FFD4DE634F85C0FDB
:106B40006188401A1FFA80F860885C3CC8B3B8F1CD
:106B5000000F36D000BF00BF216851E8001F21F4AC
:106B60009070226842E800010029F5D100BF00BF03
:106B700000BF2168083151E8001F124AD24301EAE0
:106B800002002168083141E80002002AF1D100BF6B
:106B90002020C4F88C000020E066606700BF00BFC2
:106BA000216851E8001F21F01000226842E800012E
:106BB0000029F5D100BF0220206741462046FFF79B
:106BC000FBFC09E6010000102001000437840008E6
:106BD000100002401004024005F4801050B107F488
:106BE000800038B14FF48010216808622046FFF71A
:106BF00044FDF1E505F0800058B106F0800010B9C1
:106C000007F4000028B1A06F10B12046A16F88479B
:106C1000E2E505F0400030B106F0400018B1204632
:106C200001F014FDD8E505F4000030B106F0804015
:106C300018B12046FFF720FDCEE505F0807030B199
:106C400006F0004018B12046FFF7B7FCC4E500BFCE
:106C5000C2E510B504460CB9012010BDA06900B111
:106C600000E000BFD4F8880028B9002084F8840030
:106C7000204600F02BF82420C4F888002068006823
:106C800020F0010021680860A06A10B1204601F0E0
:106C9000E1FA204601F012FD012800D1DDE720686D
:106CA000406820F49040216848602068806820F0A7
:106CB0002A00216888602068006840F0010021688F
:106CC0000860204601F042FBC7E7000010B5B6B0EF
:106CD0000446142130A8F9F7E3FCB82102A8F9F71B
:106CE000DFFCC649206888427CD102210020CDE922
:106CF00002101F9002A8FDF753FC08B1FAF7A3F8A1
:106D000000BFBF48006840F40020BD490860084645
:106D1000006800F40020019000BF00BF00BFB84829
:106D20000838006840F00400B54908390860084692
:106D3000006800F00400019000BF00BF4FF4406005
:106D400030900220319001203290032033900820AF
:106D5000349030A9AB48FCF7A3FFAB48AB490860BF
:106D60003F2048600021A9488160C1604FF48061E4
:106D70000161002141618161C16101624162FBF7F2
:106D80007FFB08B1FAF75FF800BFA048C4F88000A5
:106D9000846300BF9C4818309D49086040204860CB
:106DA00040219B4881600021C1604FF480610161F6
:106DB000002141618161C16101624162FBF760FBB9
:106DC00008B1FAF740F800BF9148E067846300BF5C
:106DD000002205213420FDF71FF93420FDF708F9C2
:106DE0000AE1FFE78B49206888427DD1012100201C
:106DF000CDE90210209002A8FDF7D2FB08B1FAF706
:106E000022F800BF7E480830006840F010007C493E
:106E1000083108600846006800F01000019000BFCB
:106E200000BF00BF76480838006840F00100744990
:106E3000083908600846006800F00100019000BFB2
:106E400000BF4FF4C060309002203190012032909A
:106E5000032033900720349030A96F48FCF720FFBF
:106E60006E486F4908602920486000216C488160A5
:106E7000C1604FF480610161002141618161C161A4
:106E80004FF44031016200214162FBF7F9FA08B189
:106E9000F9F7D9FF00BF6248C4F88000846300BFDF
:106EA0005E4818305F4908602A20486040215D48EC
:106EB00081600021C1604FF4806101610021416166
:106EC0008161C1614FF44031016200214162FBF7F1
:106ED000D7FA08B1F9F7B7FF00BF5248E0678463FB
:106EE00000BF0022052100E006E02520FDF794F810
:106EF0002520FDF77DF87FE04B49206888427BD153
:106F000002210020CDE902101F9002A8FDF748FBE6
:106F100008B1F9F798FF00BF3948006840F48020B5
:106F2000374908600846006800F48020019000BFDF
:106F300000BF00BF32480838006840F00800304900
:106F4000083908600846006800F00800019000BF9A
:106F500000BF4FF4407030900220319001203290F9
:106F6000032033900720349030A93048FCF798FE76
:106F70002A4860382E4908602D20486000212C489E
:106F80008160C1604FF480610161002141618161D4
:106F9000C16101624162FBF773FA08B1F9F753FF6F
:106FA00000BF2348C4F88000846300BF1B484838F2
:106FB000204908602E20486040211E488160002141
:106FC000C1604FF480610161002141618161C16153
:106FD00001624162FBF754FA08B1F9F734FF00BFD0
:106FE0001448E067846300BF002205212720FDF7D5
:106FF00013F82720FCF7FCFF36B010BD004C004012
:10700000E84402580008025810040240F80700241F
:107010007008002400100140000002587000024077
:10702000E80800246009002400480040000C0258D1
:10703000D8090024500A002470B504460D461646AF
:10704000D4F88C00202821D105B10EB9012070BDE3
:107050000020E0660E492068884211D02068406810
:1070600000F4000060B100BF00BF216851E8001FBC
:1070700041F08060226842E800010029F5D100BF9C
:1070800032462946204601F02DFEE0E70220DEE7E9
:10709000000C005810B504461149206888420DD1F3
:1070A000104803F09BF94E220E490F48FFF7C4FF2A
:1070B0000E48C088401C81B20C48C1800C49206831
:1070C00088420CD101F086FF06220A490A48FFF7E0
:1070D000B3FF0648008A401C81B20448018210BDFB
:1070E0000010014043B80024D0060024E8B7002473
:1070F000004C0040E60000243C06002470470000DD
:1071000070B504460E461546D4F8880020283FD1B5
:1071100006B10DB9012070BD44F8506FA580E5801F
:10712000002020642120A063E06A503CE0B11948AF
:10713000E16FC8631848E16F08641848E16FC864DC
:107140000020E16F0865236803F128022B46216DBA
:10715000E06FFBF71FFC38B11020C4F8900020202E
:10716000C4F888000120D6E740202168086200BFEB
:1071700000BF2168083151E8001F41F080002168FC
:10718000083141E80002002AF3D100BF0020C2E725
:107190000220C0E77D850008D18500084B840008E7
:1071A0007047704700BFFEE770B505460C461646AF
:1071B0003146204601F086FE94ED010A85ED010A74
:1071C00094ED020A85ED020A94ED030A85ED030AA7
:1071D00094ED050A85ED080A70BD0246002006E020
:1071E00042FA00F303F001030B54431CD8B2082801
:1071F000F6DB704708B500BF2548006840F0010085
:10720000234908600846006800F00100009000BFB4
:1072100000BF00BF0846006840F002000860084652
:10722000006800F00200009000BF00BF00220521AE
:107230000B20FCF7F1FE0B20FCF7DAFE0022052103
:107240000C20FCF7E9FE0C20FCF7D2FE0022052101
:107250000F20FCF7E1FE0F20FCF7CAFE00220521FB
:107260001020FCF7D9FE1020FCF7C2FE00220521F9
:107270003820FCF7D1FE3820FCF7BAFE00220521A9
:107280003920FCF7C9FE3920FCF7B2FE08BD00002A
:10729000D844025810B51E481E4908600020886076
:1072A00000211C48C16001210174002141748174D6
:1072B00001214161062181611221C1610621016222
:1072C00001214162062181621221C162062101630E
:1072D00000214163012181630021C1630421016414
:1072E0004164002181640421C164002101650421FD
:1072F0004165002181651021C1650166002141665B
:1073000004218166FCF722F908B1F9F79CFD10BD54
:1073100000A000401004002410B51F481F49086059
:107320000020886000211D48C160012101740021F6
:107330004174817401214161062181611221C16181
:107340000621016201214162062181621221C1628E
:10735000062101634FF448714163012181630021DB
:10736000C163042101644164002181640421C1647A
:107370000021016504214165002181651021C1655D
:1073800001660021416604218166FCF7DFF808B13F
:10739000F9F759FD10BD000000A40040B00400241E
:1073A00010B51E481E4908600020886000211C4856
:1073B000C1600174417481740121416106218161C0
:1073C0001221C1610621016201214162062181620F
:1073D0001221C162062101634FF4C861416301219A
:1073E00081630021C163042101644164002181643F
:1073F0000421C164002101650421416500218165EA
:107400001021C16501660021416604218166FCF7F7
:107410009DF808B1F9F717FD10BD000000D4004039
:107420005005002410B5154A0021154802F0ACF9AA
:1074300014490860144A0021144802F0A5F91449BF
:107440000860144A0021144802F09EF913490860AC
:10745000134A0021134802F097F913490860134AB0
:107460000021134802F090F912490860124A0021E5
:10747000124802F089F91249086010BD50B700089F
:10748000457E00080400002474B70008617E0008EF
:107490000800002498B70008A17E00080C00002412
:1074A000BCB70008BD7E000810000024E0B700084B
:1074B000857F00081400002404B80008118000082B
:1074C0001800002400B587B0142102A8F9F7E8F8E5
:1074D00000BF5348006840F08000514908600846EA
:1074E000006800F08000019000BF00BF00BF0846A8
:1074F000006840F0010008600846006800F00100E4
:10750000019000BF00BF00BF0846006840F01000B7
:1075100008600846006800F01000019000BF00BF3E
:1075200000BF0846006840F0080008600846006890
:1075300000F00800019000BF00BF00BF08460068CF
:1075400040F0040008600846006800F00400019064
:1075500000BF00BF00BF0846006840F0020008609E
:107560000846006800F00200019000BF00BF012241
:1075700020212C48FCF78CFC28200290022003904C
:107580000020049005900120069002A92648FCF7EF
:1075900087FB4FF4C07002900220039001200490FA
:1075A000032005900720069002A92048FCF778FBED
:1075B0004FF4205002900220039000200490059088
:1075C0000120069002A91948FCF76AFBC02002902E
:1075D00002200390012004900320059007200690CC
:1075E00002A91348FCF75CFB2020029001200390C5
:1075F00004900320059002A90A48FCF751FB4020A3
:10760000029002200390012004900320059007209F
:10761000069002A90348FCF743FB07B000BD000039
:10762000E0440258000C02580000025800100258B2
:107630000008025800B587B0002003900490059020
:1076400006900090019002901548164908604FF48A
:107650008970486000211348816040F2E731C160C1
:107660000021016180218161FEF748FD08B1F9F731
:10767000EAFB4FF48050039003A90A48FEF7FEFD91
:1076800008B1F9F7E0FB0020009002906946054838
:10769000FEF7C2FC08B1F9F7D6FB07B000BD000049
:1076A00000040040F005002410B51848184908608F
:1076B0004FF461204860002115488160C16001617C
:1076C0000C21416100218161C161016241620020A0
:1076D0000F4988620846FFF7BCFA08B1F9F7B3FB17
:1076E00000210B48FEF799FF08B1F9F7ACFB002128
:1076F0000748FEF763FF08B1F9F7A5FB0448FEF75A
:1077000034FF08B1F9F79FFB10BD0000004C0040AA
:107710003C06002410B5194819490860194848600A
:10772000002117488160C16001610C214161002185
:1077300081614FF40041C16100210162416200207A
:107740000F4988620846FFF784FA08B1F9F77BFB16
:1077500000210B48FEF761FF08B1F9F774FB002127
:107760000748FEF72BFF08B1F9F76DFB0448FEF759
:10777000FCFE08B1F9F767FB10BD000000100140E6
:10778000D0060024003E490010B51848184908608A
:107790004FF461204860002115488160C16001619B
:1077A0000C21416100218161C161016241620020BF
:1077B0000F4988620846FFF74CFA08B1F9F743FB16
:1077C00000210B48FEF729FF08B1F9F73CFB002127
:1077D0000748FEF7F3FE08B1F9F735FB0448FEF75A
:1077E000C4FE08B1F9F72FFB10BD000000480040AF
:1077F0006407002400BFFEE700BFFEE700B50146B6
:10780000B0EE403AF0EE602A81ED003AC1ED012A77
:10781000084600F001F800BD00B590ED020A80EDC9
:10782000030A90ED000AD0ED010A30EE600A80ED07
:10783000020A90ED020AB7EEC00AB0EEC00B90ED5E
:10784000121AB7EEC11AB4EEC10BF1EE10FA03D85A
:107850009FED430A80ED020AD0ED111AB0EE611AD5
:10786000D0ED111AF1EE611AF0EE610AD0ED021AB4
:10787000B0EE610AF8F7C8FF80ED020A90ED040A45
:10788000D0ED020A30EE200A80ED040AD0ED0F1A86
:10789000B0EE611AD0ED0F1AF1EE611AF0EE610A46
:1078A000D0ED041AB0EE610AF8F7AEFF80ED040ADD
:1078B000D0ED051A90ED022A61EE821AB0EE610A4F
:1078C000D0ED0E1AB0EE611AD0ED0E1AF1EE611A7B
:1078D000F0EE610AF8F798FF80ED090A90ED060ACC
:1078E000D0ED040A20EE200A80ED0A0AD0ED021A3B
:1078F00090ED032A71EEC21A90ED072A61EE821A0A
:10790000B0EE610AD0ED101AB0EE611AD0ED101A87
:10791000F1EE611AF0EE610AF8F776FF80ED0B0ADE
:1079200090ED090AD0ED0A0A30EE200AD0ED0B0ADC
:1079300030EE200A80ED080AD0ED0D1AB0EE611A83
:10794000D0ED0D1AF1EE611AF0EE610AD0ED081AD1
:10795000B0EE610AF8F758FF80ED080A00BD00009C
:1079600000000000002004E00021064A1154411CE0
:10797000C8B20C28F8DBBB2002490870AA20487165
:1079800070470000EC0000242DE9F04104460E464B
:1079900000275548006800F00300032802D10120A9
:1079A000BDE8F08150482838006820F080604E49DA
:1079B00028390860FCF772FA054606E0FCF76EFA13
:1079C000401B022801D90320EAE74748283800680D
:1079D000C0F3C0600028F1D100BF4348006820F424
:1079E0007C30216840EA01303F490860A088401E91
:1079F000C0F30800A168491E4FF47E4202EA41210B
:107A00000843A189491ED20102EA01410843217CB1
:107A1000491E120202EA016108433349103108602D
:107A200000BF3148001D006820F0C00061690843B4
:107A30002D49091D08600846006820F02000A16952
:107A400008432949091D08600846006820F0100015
:107A500008602548143000684FF6F8718843E169E2
:107A600040EAC1002049143108601F48001D006829
:107A700040F010001C49091D08602EB90846006836
:107A800040F40020086012E0012E08D11648001DC5
:107A9000006840F480101449091D086007E012488E
:107AA000001D006840F400100F49091D08600E48D1
:107AB0002838006840F080600B4928390860FCF7DE
:107AC000EDF9054606E0FCF7E9F9401B022801D96B
:107AD000032065E7044828380068C0F3C060002828
:107AE000F1D038465CE70000284402582DE9F04107
:107AF00004460E4600275548006800F0030003289E
:107B000002D10120BDE8F08150482838006820F0FB
:107B100080504E4928390860FCF7C0F9054606E058
:107B2000FCF7BCF9401B022801D90320EAE74748CB
:107B300028380068C0F340700028F1D100BF4348E6
:107B4000006820F07C70218840EA01503F490860BD
:107B5000A088401EC0F30800A168491E4FF47E4271
:107B600002EA41210843A189491ED20102EA0141EA
:107B70000843217C491E120202EA0161084333498D
:107B80001831086000BF3148001D006820F44060D3
:107B9000616908432D49091D08600846006820F402
:107BA0000070A16908432949091D0860084600685A
:107BB00020F48070086025481C3000684FF6F8718A
:107BC0008843E16940EAC10020491C3108601F4830
:107BD000001D006840F480701C49091D08602EB922
:107BE0000846006840F48000086012E0012E08D1C9
:107BF0001648001D006840F400001449091D086083
:107C000007E01248001D006840F080700F49091D10
:107C100008600E482838006840F080500B49283929
:107C20000860FCF73BF9054606E0FCF737F9401B16
:107C3000022801D9032065E7044828380068C0F30A
:107C400040700028F1D038465CE700002844025814
:107C50000170427080ED010AC0ED020A80ED031A46
:107C6000C0ED041A80ED052A704710B54FF0E020F2
:107C7000006903F011FB012801D002F05BFF10BD89
:107C800000B59DB04C210AA8F8F70AFD202102A8F2
:107C9000F8F706FD0220FCF711FA00BF0020019062
:107CA0002448006820F440402249086008460068E3
:107CB00000F44040019000BF00BF00BF1D480068B5
:107CC00000F40050B0F5005FF8D101200A900004E4
:107CD0000B90022013900221149115912C211691E2
:107CE0000121179104211891022119910C211A9157
:107CF00000211B911C910AA8FDF7DCFD08B1F9F7E2
:107D0000A2F83F2002900320039000200490082056
:107D100005904020069007900001089040200990AF
:107D2000032102A8FDF7A0FA08B1F9F78CF81DB0FD
:107D300000BD0000184802583A48006840F470003E
:107D4000384908603848006800F00F00072806D25C
:107D50003548006820F00F00C01D334908603348E3
:107D6000006840F001003149086000202F491031BF
:107D700008602E4800682E4908402C4908602A48AF
:107D8000006800F00F00072806D92748006820F097
:107D90000F00C01D244908600020244918310860E4
:107DA000091D0860091D0860224820492831086023
:107DB0002148091D08602148091D08600020091D8F
:107DC00008601E48091D08600020091D08601B4846
:107DD000091D08600020091D08601448006820F48F
:107DE00080201249086000201049603108600F4867
:107DF000D430006800F4805098B90C48D430006842
:107E000040F480500949D431086043F2D2000C4953
:107E100008600648D430006820F480500349D4310B
:107E20000860704788ED00E00020005200440258CE
:107E30007FEDF6EA000202020000FF01800201016C
:107E40000040005200BF0548408A401C81B20348F0
:107E50004182012001F042FCF5E70000E8B7002470
:107E600000BF0B48F8F7E5FC0A48F8F7E2FC0A48BF
:107E700001F0D3F80849083988730848808A401C03
:107E800081B206488182012001F028FCE9E7000068
:107E9000F40000240C0200243CB80024E8B70024BD
:107EA00000BF0548C08A401C81B20348C18201203E
:107EB00001F014FCF5E70000E8B700249FED290A63
:107EC000294880ED040A9FED270A80ED050A9FED01
:107ED000250A80ED030A9FED250A80ED010A0120A5
:107EE000214908709FED1F0A214880ED140A9FED7B
:107EF0001D0A80ED150A9FED1F0A80ED100A002073
:107F00001D49087200211C4841728172C1720173BF
:107F100000BF1548D0ED052AB0EE622AD0ED042A44
:107F2000F0EE621AD0ED032AB0EE621AD0ED022A0A
:107F3000F0EE620AD0ED012AB0EE620A0F48017835
:107F400004220948FFF784FE0420074948700C48C2
:107F5000008B401C81B20A480183012001F0BEFB66
:107F6000D7E700000000000094B80024AE4761BECF
:107F700090030024D7A3104034B80024EC0300245D
:107F8000E8B7002401201B4908700A2048709FEDC3
:107F90001A0A084680ED040A9FED170A80ED050ACB
:107FA0009FED150A80ED010A012008769FED130A66
:107FB000084680ED170A00BFFFF7D4FC06221049DF
:107FC0001048FFF79DF89FED0C0A0A4880ED010A62
:107FD000012220210C48FBF75BFF064801F05CFB07
:107FE0000A48408B401C81B208484183022001F0BE
:107FF00075FBE1E72403002400000000CDCC4C3DDC
:10800000EC0000243C060024000C0258E8B70024D1
:1080100000BF012001F062FBFBE7000010B5134830
:108020000068006900F00100E0B16FF001000F4945
:10803000096808610E480068401C0D490860084640
:108040000068B0F57A7F0DD31822091D01F11800E0
:10805000F8F7ECFA18210648001DF8F721FB00207C
:10806000034908600148FEF7A4F910BDF00500249B
:10807000E8B7002410B50248FEF79BF910BD0000D8
:10808000C80A002410B502682E4B98420ED0B0F1F9
:10809000804F0BD02C4B984208D02C4B984205D0E7
:1080A0002B4B984202D02B4B984203D122F0700206
:1080B0004B681A43234B98421DD0B0F1804F1AD021
:1080C000214B984217D0214B984214D0204B984214
:1080D00011D0204B98420ED01F4B98420BD01F4B13
:1080E000984208D01E4B984205D01E4B984202D0B1
:1080F0001D4B984203D122F44072CB681A4322F000
:1081000080034C6943EA04028B68C3620B68836294
:108110000C4B98420BD00F4B984208D00E4B984214
:1081200005D00E4B984202D00D4B984201D10B69FD
:108130000363036843F004030360012343610260A7
:1081400010BD000000000140000400400008004095
:10815000000C004000040140004001400044014088
:108160000048014000E0004000E4004030B50C460B
:10817000816821F47F4142EA032525432943816038
:1081800030BD00000A468168034B194042F00703E6
:1081900019438160704700008FFFCFFF30B50B4659
:1081A0001446026A056A25F001050562816921F01D
:1081B000F00141EA041122F00A021A4381610262CD
:1081C00030BD30B50B461446026A056A25F010052D
:1081D0000562816921F4704141EA043122F0A00274
:1081E00042EA03128161026230BD000010B502480C
:1081F000FEF7D4FA10BD00003C06002470B5456EB1
:108200002DB90125A0F86A50A0F868501CE0102391
:1082100010240568AD68C5F342610568AD686A0F52
:108220000A4DAD5C15FB04F5094EB65C95FBF6F501
:10823000A0F86A50054D6D5C15FB03F5044E765CA5
:1082400095FBF6F5A0F8685070BD0000A4B80008D2
:10825000ACB8000890F8281001F00801082907D1EF
:108260000168496821F40041826B11430268516042
:1082700090F8281001F0010139B10168496821F432
:108280000031C26A11430268516090F8281001F071
:108290000201022907D10168496821F48031026B8B
:1082A00011430268516090F8281001F0040104297C
:1082B00007D10168496821F48021426B11430268AB
:1082C000516090F8281001F01001102907D10168C1
:1082D000896821F48051C26B11430268916090F863
:1082E000281001F02001202907D10168896821F4B4
:1082F0000051026C11430268916090F8281001F05F
:108300004001402913D10168496821F48011426C71
:10831000114302685160416CB1F5801F07D10168BB
:10832000496821F4C001826C11430268516090F8E1
:10833000281001F08001802907D10168496821F4E3
:108340000021C26C114302685160704738B5044681
:108350000020C4F89000FBF7A1FD054620680068E6
:1083600000F00800082821D16FF07E402B46002243
:108370004FF400110090204600F018FDB0B100BF8E
:1083800000BF216851E8001F21F08000226842E808
:1083900000010029F5D100BF2020C4F8880000BFEB
:1083A000002084F8840000BF032038BD20680068E6
:1083B00000F00400042830D16FF07E402B460022EC
:1083C0004FF480010090204600F0F0FC28B300BF7D
:1083D00000BF216851E8001F21F49070226842E834
:1083E00000010029F5D100BF00BF00BF216808319E
:1083F00051E8001F21F001002168083141E8000226
:10840000002AF3D100BF2020C4F88C0000BF002058
:1084100084F8840000BF0320C7E72020C4F8880048
:10842000C4F88C000020E066206700BF84F8840058
:1084300000BF00BFB9E770B50446A56B0020A5F8E2
:108440005E002846FEF77AF970BD2DE9F041054639
:10845000AC6BD4F88860D4F88C702068806800F029
:108460008000802807D1212E05D10020A4F85600D5
:10847000204600F003F92068806800F040004028A2
:1084800007D1222F05D10020A4F85E00204600F07D
:10849000A7F8D4F8900040F01000C4F890002046EF
:1084A000FEF74CF9BDE8F08170B50546AC6BE869A4
:1084B000B0F5807F40D00020A4F85E0000BF00BF70
:1084C000216851E8001F21F48070226842E8000111
:1084D0000029F5D100BF00BF00BF2168083151E875
:1084E000001F21F001002168083141E80002002A44
:1084F000F3D100BF00BF00BF2168083151E8001F61
:1085000021F040002168083141E80002002AF3D13F
:1085100000BF2020C4F88C00E06E01280CD100BF01
:1085200000BF216851E8001F21F01000226842E8D6
:1085300000010029F5D100BF00202067E06E01286E
:1085400005D1B4F85C102046FEF736F802E020466C
:10855000FEF7A0FD70BD70B50546AC6B012020672D
:10856000E06E012806D1B4F85C0041082046FEF711
:1085700023F802E02046FEF7C1FD70BD70B5054648
:10858000AC6BE869B0F5807F1ED00020A4F85600DF
:1085900000BF00BF2168083151E8001F21F08000B2
:1085A0002168083141E80002002AF3D100BF00BF72
:1085B00000BF216851E8001F41F04000226842E8F6
:1085C00000010029F5D102E02046FEF7E9FD70BD6B
:1085D00070B50446A56B2846FEF7E3FD70BD0000AC
:1085E00000BF00BF026852E8002F22F490710368B8
:1085F00043E80012002AF5D100BF00BF00BF0268A7
:10860000083252E8002F104B02EA030102680832D8
:1086100042E80013002BF2D100BFC16E01290CD13A
:1086200000BF00BF026852E8002F22F0100103686B
:1086300043E80012002AF5D100BF2021C0F88C10B9
:108640000021C16641677047FEFFFFEF10B5044689
:1086500000BF00BF216851E8001F21F040002268E0
:1086600042E800010029F5D100BF2020C4F88800AD
:108670000020A0672046FEF793FD10BD00BF00BF9D
:10868000026852E8002F22F0C001036843E800129C
:10869000002AF5D100BF00BF00BF0268083252E8CF
:1086A000002F22F400010268083242E80013002B78
:1086B000F3D100BF2021C0F8881070472DE9F04F9A
:1086C00089B0054600200890F8492868884200D102
:1086D00000E000BF2969A868084369690843E9699F
:1086E00040EA010828680068F149084040EA0800AB
:1086F000296808602868406820F44050E968084309
:1087000029684860D5F81880E8492868884202D06E
:10871000286A40EA080828688068E649084040EA74
:108720000800296888602868C06A20F00F00696A1C
:1087300008432968C86200BFDF492868884220D101
:10874000DE48006800F03800182811D005DC48B178
:10875000082809D0102811D108E020280AD028289C
:108760000CD109E001240BE0042409E0082407E00F
:10877000102405E0202403E0402401E0802400BF11
:1087800042E1CF492868884219D1CC48006800F0FE
:108790000700062810D2DFE800F0030507090B0DDB
:1087A00000240BE0042409E0082407E0102405E07D
:1087B000202403E0402401E0802400BF24E1C149DB
:1087C0002868884219D1BD48006800F007000628D3
:1087D00010D2DFE800F0030507090B0D00240BE0C1
:1087E000042409E0082407E0102405E0202403E025
:1087F000402401E0802400BF06E1B3492868884294
:1088000019D1AE48006800F00700062810D2DFE852
:1088100000F0030507090B0D00240BE0042409E018
:10882000082407E0102405E0202403E0402401E0B0
:10883000802400BFE8E0A5492868884219D19F48F4
:10884000006800F00700062810D2DFE800F00305FA
:1088500007090B0D00240BE0042409E0082407E0BD
:10886000102405E0202403E0402401E0802400BF20
:10887000CAE097492868884220D19048006800F0F3
:108880003800182811D005DC48B1082809D0102874
:1088900011D108E020280AD028280CD109E00124B1
:1088A0000BE0042409E0082407E0102405E020245C
:1088B00003E0402401E0802400BFA5E0854928684A
:1088C000884219D17D48006800F00700062810D2C0
:1088D000DFE800F0030507090B0D00240BE004247A
:1088E00009E0082407E0102405E0202403E04024E8
:1088F00001E0802400BF87E077492868884219D1C9
:108900006E48006800F00700062810D2DFE800F08B
:10891000030507090B0D00240BE0042409E00824DB
:1089200007E0102405E0202403E0402401E0802437
:1089300000BF69E069492868884220D15F48006823
:1089400000F03800182811D005DC48B1082809D0FB
:10895000102811D108E020280AD028280CD109E0DD
:1089600001240BE0042409E0082407E0102405E0BA
:10897000202403E0402401E0802400BF44E0584963
:108980002868884220D14D48006800F03800182837
:1089900011D005DC48B1082809D0102811D108E011
:1089A00020280AD028280CD109E001240BE0042457
:1089B00009E0082407E0102405E0202403E0402417
:1089C00001E0802400BF1FE03849286888421AD19E
:1089D0003A48001D006800F00700062810D2DFE8C2
:1089E00000F0030507090B0D02240BE0042409E045
:1089F000082407E0102405E0202403E0402401E0DF
:108A0000802400BF00E0802400BF284928688842F5
:108A10004BD1102C1AD006DC022C09D0042C0BD020
:108A2000082C29D10DE0202C21D0402C24D120E08D
:108A3000FBF774FB064623E005A8FBF781FB069EC7
:108A40001EE002A8FBF794FC039E19E01B48543873
:108A50000068C0F3401040B1184854380068C0F3B3
:108A6000C101204820FA01F600E01E4E08E01E4E2B
:108A700006E04FF4004603E000260120089000BF06
:108A800000BF002E10D01949686A31F81000B6FBFB
:108A9000F0F9686800EB4000484503D868680003B7
:108AA000484525D20120089007E153E0000C00580A
:108AB000F369FFCFFFF4FF11001001405444025846
:108AC0000044004000480040004C0040005000407E
:108AD0000014014000780040007C00400018014074
:108AE000001C01400090D00300093D008CB8000834
:108AF0007849686A31F810C062460023304619464A
:108B0000F7F7D8FC4FF4807C00220346A3FB0C0B44
:108B100001FB0CB103FB02136968490884461CEB96
:108B2000010143EB0200CDE90010D5F804C0624614
:108B3000002308460199F7F7BDFC0746B7F5407FCB
:108B400005D3B7F5801F02D22868C760B5E00120C1
:108B50000890B2E0E869B0F5004F5BD1082C1AD05C
:108B600005DC5CB1012C0DD0042C2DD10EE0102CB5
:108B700016D0202C23D0402C26D122E0FCF760FD1B
:108B8000064625E0FCF76EFD064621E005A8FBF74A
:108B9000D7FA069E1CE002A8FBF7EAFB039E17E04B
:108BA0004D480068C0F3401038B14B480068C0F32E
:108BB000C1014A4820FA01F600E0484E08E0484E5C
:108BC00006E04FF4004603E000260120089000BFB5
:108BD00000BF7EB33F49686A31F81000B6FBF0F081
:108BE0004000696800EB5100B0FBF1F7102F0ED385
:108BF000B7F5803F0BD24FF6F07007EA000AC7F3D3
:108C000042004AEA000A2868C0F80CA055E001209A
:108C1000089052E0082C1BD005DC64B1012C0ED06A
:108C2000042C2ED10FE0102C17D0202C24D0402C57
:108C300027D123E041E0FCF703FD064625E0FCF7E1
:108C400011FD064621E005A8FBF77AFA069E1CE016
:108C500002A8FBF78DFB039E17E01F480068C0F3D6
:108C6000401038B11C480068C0F3C1011B4820FA0D
:108C700001F600E0194E08E0194E06E04FF40046F8
:108C800003E000260120089000BF00BFAEB11149EB
:108C9000686A31F81000B6FBF0F0696800EB51002B
:108CA000B0FBF1F7102F06D3B7F5803F03D2B8B26F
:108CB0002968C86001E0012008900120A5F86A0039
:108CC000A5F8680000206867A867089809B0BDE8A3
:108CD000F08F00008CB80008004402580090D003C8
:108CE00000093D0070B504460E46154644F8586F1D
:108CF000A5800020A06322206063A06A583CF8B1E0
:108D00002748241DE16FC8632648E16F08642648A0
:108D1000E16FC8640020E16F086554F8043C03F17A
:108D20002401626DE06F241F2B46F9F733FE38B142
:108D30001020C4F890002020C4F88C00012070BDE1
:108D4000206960B100BF00BF216851E8001F41F4F5
:108D50008070226842E800010029F5D100BF00BF01
:108D600000BF2168083151E8001F41F0010021686F
:108D7000083141E80002002AF3D100BF00BF00BF64
:108D80002168083151E8001F41F040002168083196
:108D900041E80002002AF3D100BF0020CFE7000025
:108DA000A9840008578500084B8400082DE9F0418C
:108DB00004460D4617469846069E41E0701C002862
:108DC0003ED0FBF76BF8A0EB0800B04200D816B914
:108DD0000320BDE8F0812068006800F0040070B353
:108DE000802D2DD0402D2BD02068C069C0F3C0004D
:108DF00078B10820216808622046FFF7F1FB0820BF
:108E0000C4F8900000BF002084F8840000BF012057
:108E1000DFE72068C069C0F3C02080B14FF4006074
:108E2000216808622046FFF7DBFB2020C4F8900091
:108E300000BF002084F8840000BF0320C9E7FFE7DB
:108E40002068C0692840A84201D1012000E000202C
:108E5000B842B3D00020BCE710B507480068C0692D
:108E6000C0F3801020B1002220210448FBF710F845
:108E70000148FDF793FC10BDD0060024000C0258F9
:108E800010B50248FDF78AFC10BD000064070024FD
:108E9000B0EE401A30EEC10AF0EE401AB0EE412AB0
:108EA00000EE100AB8EEC00A60EE212A01228A40C4
:108EB000521E00EE102AB8EEC03A82EE830A30EE5F
:108EC000020A7047F0B585B004460B46D879020611
:108ED00000219879070441EA01003A4359790F02C9
:108EE00011460246394318790143DF780020000615
:108EF00040EA172042EA076201439F7800200004FD
:108F000040EA174042EA074201435F78002000022E
:108F100040EA176C42EA072041EA0C06197840EA59
:108F20000105284828400090280D40EA06302549D0
:108F300008400190C6F30F200290012101EA16605B
:108F40000390D879400804901421DFED1F0A9FEDAB
:108F50001F0A0098FFF79CFF84ED010A1421DFED42
:108F60001A0A9FED1A0A0198FFF792FF84ED020A90
:108F70001021DFED150A9FED150A0298FFF788FF13
:108F800084ED030A039808B1012000E0002020745A
:108F9000207C01280AD10721DFED0D0ABBEE040A6F
:108FA0000498FFF775FF84ED050A09E00721DFED5E
:108FB000080ABBEE040A0498FFF76AFF84ED050A6D
:108FC00005B0F0BDFFFF0F0000002042000020C2EE
:108FD00000004843704700BFFEE7000002480068F9
:108FE000C0F30220704700000CED00E010B500282F
:108FF00004DB0A07130E054A135406E00A07140E91
:10900000034A00F00F031B1FD45410BD00E400E01E
:1090100018ED00E0EFF30580704710B5014600221F
:10902000002007E00C5C0123834004FB0323DAB239
:10903000431CD8B20628F5DB104610BD00B589B038
:10904000202101A8F7F72CFB0020019002900220BC
:1090500003900120049000200590069001A910487B
:10906000F9F7DDFE08B1F7F7EEFE00200346022215
:10907000114600900A48F9F726FF08B1F7F7E3FE1A
:109080000748FAF7E8FD08B1F7F7DDFE00220121F5
:109090000348F9F76FFE08B1F7F7D5FE09B000BD38
:1090A0001004002400B589B0202101A8F7F7F8FAD0
:1090B00000200190029002200390012004900020E3
:1090C0000590069001A91048F9F7A9FE08B1F7F735
:1090D000BAFE002003460222114600900A48F9F722
:1090E000F2FE08B1F7F7AFFE0748FAF7B4FD08B192
:1090F000F7F7A9FE002201210348F9F73BFE08B16A
:10910000F7F7A1FE09B000BDB004002400B589B096
:10911000202101A8F7F7C4FA002001900290022054
:1091200003900120049000200590069001A91048AA
:10913000F9F775FE08B1F7F786FE00200346022214
:10914000114600900A48F9F7BEFE08B1F7F77BFE1A
:109150000748FAF780FD08B1F7F775FE00220121F4
:109160000348F9F707FE08B1F7F76DFE09B000BD37
:1091700050050024F0B502460B4600240026601E70
:10918000124F00211FE04FF0004452F821600025EB
:1091900016E000F0004CBCF1000F05D04000DFF8F5
:1091A0002CC080EA0C0000E0400006EA040CBCF190
:1091B000000F03D0DFF814C080EA0C0064086D1CB7
:1091C000202DE6D3491C9942DDD3F0BDB71DC10463
:1091D00010B503460C46207800F00F005860207848
:1091E00001119960A078617840EA0121D960E078A6
:1091F0000001217940EA211119616079217901F09A
:109200000F0140EA012159611021F2EE090ABAEE7C
:10921000090AD86801F010F983ED080A0C21DFED86
:10922000110A9FED110A186901F006F983ED090A88
:109230000C21F2EE080ABAEE080A586901F0FCF8AF
:1092400083ED0A0AA07900EE100AB8EE400A83ED19
:109250000D0AE07900EE100AB8EE400A83ED0E0A1E
:1092600010BD000000003442000034C270B5054655
:109270000C4614F84A0F617800EB0120A17800EB4E
:109280000140E1784A3C00EB016612212046FFF7DD
:1092900071FFB0427DD1A078287020796870A079E4
:1092A00000EE100AB8EE400A85ED020AE07900EE01
:1092B000100AB8EE400A85ED030AB4F90C0000EE7E
:1092C000100AB8EEC00B9FED5A1B80EE012BB7EED3
:1092D000C20B85ED010AB4F90E0000EE100AB8EEDB
:1092E000C00B9FED551B80EE012BB7EEC20B85ED39
:1092F000040AB4F91A0000EE100AB8EEC00A85EDAF
:10930000060AD4F81E00400000EE100AB8EEC00AAB
:10931000DFED4B0A20EE200ADFED4A0A80EE201A2C
:1093200085ED051AE08C4FF4FA6110FB01F0400066
:1093300000EE100AB8EEC00ADFED410A60EE200A26
:109340009FED411A80EE810ADFED400A80EE201A7F
:1093500085ED091A208D10FB01F0400000EE100A87
:10936000B8EEC00ADFED360A60EE200A9FED361A2D
:1093700080EE810ADFED350A80EE201A85ED0A1AAB
:10938000608D10FB01F0400000EE100AB8EEC00A3C
:1093900000E04BE0DFED2A0A60EE200A9FED2A1A7A
:1093A00080EE810ADFED290A80EE201A85ED0B1A86
:1093B000B4F92C00C00000EE100AB8EEC00B9FED0F
:1093C000241B20EE010B9FED241B80EE012BB7EE3A
:1093D000C20B85ED0C0AB4F92E00C00000EE100A95
:1093E000B8EEC00B9FED1A1B20EE010B9FED1A1B70
:1093F00080EE012BB7EEC20B85ED0D0AB4F93000FB
:1094000000EE100AB8EEC00BB2EE001B20EE010B0E
:109410009FED0F1B20EE010B9FED0F1B80EE012B2C
:10942000B7EEC20B85ED0E0A012070BD0020FCE7EF
:1094300000000000000070400000000000006040DC
:10944000DB0F494000008046000000470000B443A5
:1094500005A3923A019D2340000000000000E04077
:10946000FAF72EFDFEF70CFCFEF72CF8FDF7C2FE16
:10947000FDF710FFFDF794FFFEF716F9FEF784F9EC
:10948000FEF7D8F8FEF746F9FDF746FFF7F7B4F90F
:109490000A48FCF78DFE4E2209490A48FDF7CCFD2B
:1094A000062209490948FDF7C7FD00F027F9FDF735
:1094B000B9FF00F039F900BFFEE70000F005002415
:1094C00043B80024D0060024E60000243C06002413
:1094D00070B505460C46FE202070EE20607028789E
:1094E000A0700020E07068782071FF20607100207B
:1094F000A071E07120726072A072E07295ED010AB5
:10950000DFED5F0A20EE200ABDEEC00A10EE100A61
:10951000207395ED010ADFED5A0A20EE200ABDEE18
:10952000C00A10EE100A000A607395ED020ADFED22
:10953000550A20EE200ABDEEC00A10EE100AA073F4
:1095400095ED020ADFED4F0A20EE200ABDEEC00ABB
:1095500010EE100A000AE07395ED030ADFED4A0AE7
:1095600060EE200AB0EE001A80EE810ADFED470AB5
:1095700080EE201ABDEEC10A10EE100A207495ED9F
:10958000030ADFED410A60EE200AB0EE001A80EE19
:10959000810ADFED3E0A80EE201ABDEEC10A10EE10
:1095A000100A000A607495ED030ADFED370A60EED9
:1095B000200AB0EE001A80EE810ADFED340A80EE58
:1095C000201ABDEEC10A10EE100A000CA07495ED31
:1095D000030ADFED2D0A60EE200AB0EE001A80EEDD
:1095E000810ADFED2A0A80EE201ABDEEC10A10EED4
:1095F000100A000EE07495ED040ADFED250A20EE56
:10960000200ABDEEC00A10EE100A207595ED040A7E
:10961000DFED1F0A20EE200ABDEEC00A10EE100A90
:10962000000A607595ED050ADFED1A0A20EE200AA2
:10963000BDEEC00A10EE100AA07595ED050ADFED2B
:10964000150A20EE200ABDEEC00A10EE100A000A2C
:10965000E075002020766076A076E076207760774F
:1096600007212046FFF786FD0646A677300AE077F9
:10967000300C84F82000300E84F8210070BD00000A
:10968000000080430000004300008046DB0F49409B
:10969000000000450000804410B58AB0044694EDF7
:1096A000170ADFED0C0A20EE200A84ED030A01A957
:1096B0002046FFF70DFF222201A90748FDF720FDF4
:1096C00000BF05480068C069C0F380100028F8D0CA
:1096D0000AB010BD9A991141D006002470B5054614
:1096E000FFF798FC10B16FF0050404E0002415B1F9
:1096F000284601F043F8204670BD000010B5FFF782
:1097000089FC10B16FF0050409E00648006820B933
:10971000012004490860002401E04FF0FF34204696
:1097200010BD00008400002470B5FFF773FC10B179
:109730006FF005041FE011480068012819D100BF2F
:10974000801F0021002804DB0A07130E0C4A135463
:1097500006E00A07150E0B4A00F00F031B1FD55435
:1097600000BF00BF02200549086001F083F8002413
:1097700001E04FF0FF34204670BD0000840000245B
:1097800000E400E018ED00E02DE9FF47804689463F
:10979000144600200390FFF73DFC00284ED1B8F19D
:1097A000000F4BD0802618258246471E44B3206800
:1097B00008B1D4F800A0A06900B1A5692DB1382D79
:1097C00003D8207900F0010018B1002004B0BDE8F2
:1097D000F087606908B160698608A06840B1E068F8
:1097E0005C2805D3206918B1606908B1012708E039
:1097F000A06830B9E06820B9206910B9002700E0FE
:109800000027012F0CD12169A0684B463246CDE9D3
:10981000005102905146404601F0E0FC03900DE0FB
:1098200067B903A8B2B24B465146CDE90050404655
:1098300001F0A2FC012801D0002003900398C5E7A5
:109840002DE9F04105460E4616480768164800689F
:10985000001D00F00BFE681C38B936B112480168D3
:10986000091D124800F058FE1AE07C190E480068E5
:109870004460BC4207D20C480168091D0C480068CE
:1098800000F030FE0CE008480168091D0948006836
:1098900000F028FE08480068844201D206480460AF
:1098A000BDE8F081480000243400002404100024A6
:1098B0003C000024380000246400002410B5044655
:1098C00000F036FE24480068401C23490860234805
:1098D000006840B9214804600846006801280DD19D
:1098E00000F0FCF90AE01E48006838B91B4800681F
:1098F000C06AE16A884201D81848046019480068C3
:10990000401C184908600846006860641649E06A0F
:109910000968884202D91449E06A0860E16A01EBEB
:109920008101124A02EB8100211D00F0F5FD00F0DB
:1099300029FE0B48006868B108480068C06AE16AFF
:10994000884207D24FF0805009490860BFF34F8F1B
:10995000BFF36F8F10BD00004400002434000024CA
:1099600050000024600000244C000024540B00240C
:1099700004ED00E008B500F0DBFD12480068E8B92E
:10998000114800F09FFD114800F09CFD0E48104961
:1099900008600E480F49086000200F4B0F4A102145
:1099A00000900A2001F0E0F80649086008460068C7
:1099B00020B10BA10348006800F0A4FE00F0E2FD16
:1099C00008BD000078000024181000242C1000248A
:1099D0007000002474000024401000249010002423
:1099E000546D72510000000010B516E000F0A0FDAB
:1099F0000C48C068C468201D00F038FD0A480068A3
:109A0000401E0949086009480068401E074908606F
:109A100000F0B8FD204600F05FF804480068002818
:109A2000E4D110BDF00F00244400002440000024C5
:109A300070B504460D46206C70B1216CE06801449D
:109A4000E160D4E90210884201D32168E160284630
:109A5000226CE168F6F7A5FD70BD2DE9F0410446E2
:109A60000F4615464FF00008A66B206C48B92068D9
:109A700000282CD1A06801F0C7FC80460020A0601F
:109A800025E07DB93946226C6068F6F78AFD216CC5
:109A9000606808446060D4E90101884217D32068F7
:109AA000606014E03946226CE068F6F77AFD216CBC
:109AB000E068411AE1602168E068884203D2216CC5
:109AC000A068411AE160022D01D106B1761E701C1A
:109AD000A0634046BDE8F08110B5044694F85900F3
:109AE00030B9206B00F06CFD204600F069FD1AE0F3
:109AF00094F85900012803D1204600F061FD12E0DE
:109B000094F85900022801D1012000E0002050B94A
:109B100000BF502080F31188BFF34F8FBFF36F8FCA
:109B200000BF00BFFEE710BD0146084A1268126878
:109B30000AB9012200E000220A600A6822B9034A39
:109B40001268D268106800E000207047700000249E
:109B500030B54FF42043174800F007042CB1C01D66
:109B600020F00700134C041B1B1B0246124C226002
:109B70000024114D6C60D018083820F007000F4CFD
:109B8000206000240D4D2D686C600C4D2D682C60FC
:109B90001146441A4C60094C24680C60084D4C680E
:109BA0002C60084D4C682C604FF00044064D2C6032
:109BB00030BD0000E8170024880000249000002435
:109BC0009800002494000024A400002400BFFFF7A4
:109BD0000BFF064800680128F9D94FF0805004496E
:109BE0000860BFF34F8FBFF36F8FF0E7540B002473
:109BF00004ED00E02DE9F04106460D461746984673
:109C0000069C0DB9246000E02760E663256401210D
:109C1000204601F019F884F84C80BDE8F0812DE968
:109C2000F05F82460E4690469B460A9F0C9C4FEA88
:109C30008801A522206BF6F72BFDA8F10100216B0E
:109C400001EB800929F0070909F0070008B9012094
:109C500000E0002050B900BF502080F31188BFF30E
:109C60004F8FBFF36F8F00BF00BFFEE786B10025A7
:109C700007E0715D04F134004155705D00B902E008
:109C80006D1C102DF5D300BF00214320015502E0CB
:109C9000002084F83400382F00D33727E762E764C8
:109CA00000202065201D00F01AFC04F1180000F0CF
:109CB00016FC2461C7F13800A06164620020606571
:109CC00084F858005A465146484600F071FB20601F
:109CD0000B9808B10B980460BDE8F09F10B5002404
:109CE00007E004EB84010F4A02EB810000F0EAFB7D
:109CF000641C382CF5D30C4800F0E4FB0B4800F052
:109D0000E1FB0B4800F0DEFB0A4800F0DBFB0A48F1
:109D100000F0D8FB04480949086004480849086075
:109D200010BD0000540B0024B40F0024C80F002401
:109D3000DC0F0024F00F002404100024380000245D
:109D40003C00002410B50146164800E00068036896
:109D50008B42FBD30246436813448B4204D14368D1
:109D60004C682344436001460A464B681344046828
:109D7000A34211D10C4C03682468A34208D04B685D
:109D80000468646823444B6003681B680B6005E04B
:109D9000054B1B680B6001E003680B60884200D034
:109DA000016010BD88000024900000242DE9F041DE
:109DB00004460D4616461F464FF0000865602461B4
:109DC000B5420CD8F01BA169884202D34FF00108BC
:109DD00011E0211D0948006800F084FB0BE0BE4241
:109DE00004D2BD4202D34FF0010804E0211D044813
:109DF000006800F077FB4046BDE8F0817400002465
:109E00007000002470B5054600F092FBA86B08B9FD
:109E1000012400E0002400F0B5FB204670BD70B5C1
:109E2000054600F085FBA86BE96B884201D101244F
:109E300000E0002400F0A6FB204670BDF8B5054602
:109E40000F461A480068C068C468201D00F00EFB69
:109E500094F8280000F00400E8B1A06941192B46ED
:109E60003A462046FFF7A2FFD8B1002003462A4613
:109E700001460090204601F023FC064656B900BF7B
:109E8000502080F31188BFF34F8FBFF36F8F00BF57
:109E900000BFFEE705E094F8280020F0010084F8F8
:109EA00028002046216A8847F8BD00007000002481
:109EB000F0B587B0A0E00398002811DA04AE56B9D7
:109EC00000BF502080F31188BFF34F8FBFF36F8F17
:109ED00000BF00BFFEE7D6E90020B168904700BF91
:109EE00003980028E6DB059C606908B9012000E0C2
:109EF000002010B9201D00F0B9FA02A800F0DEF829
:109F0000054603980A2875D2DFE800F009050739ED
:109F1000416306083A4200BF00BF00BF00BF94F88B
:109F2000280040F0010084F828000498A2698118F4
:109F300003462A462046FFF739FFF8B12046216A3A
:109F4000884794F8280000F00400B8B10020009081
:109F50000498A169421800231946204601F0B0FB7D
:109F6000074657B900BF502080F31188BFF34F8FC9
:109F7000BFF36F8F00BF00BFFEE700BF3BE000BF35
:109F800094F8280020F0010084F8280033E000BF96
:109F900094F8280040F0010084F828000498A0619B
:109FA000A06908B1012000E0002050B900BF502096
:109FB00080F31188BFF34F8FBFF36F8F00BF00BFD7
:109FC000FEE7A06941192B462A462046FFF7EEFE20
:109FD00011E094F8280000F0020018B9204600F0C3
:109FE000EFFA05E094F8280020F0010084F828003A
:109FF00001E0FFE700BF00BF002203A9044800689A
:10A0000000F0C0FF00287FF456AF07B0F0BD00009D
:10A0100078000024F8B505460C4600F087FC684639
:10A0200000F04CF80646009820BB44B9B54206D86B
:10A0300001F088FA31462846FFF700FF1CE03CB1EA
:10A040000E480068006808B9012000E000200446BE
:10A05000A91B22460A48006800F06AFB01F072FA68
:10A0600050B94FF0805007490860BFF34F8FBFF3DE
:10A070006F8F01E001F066FAF8BD00007400002463
:10A080007800002404ED00E00A490968096809B96C
:10A09000012100E0002121B14FF0FF31064A11609B
:10A0A00006E004490968C968C868034A4168116044
:10A0B00070470000380000246400002470B5044696
:10A0C00001F0FAF8054607480068854204D200F01E
:10A0D0000BF80120206001E00020206001480560AD
:10A0E000284670BD800000242DE9F84334E025485F
:10A0F0000068C068056823480068C068C468201DFF
:10A1000000F0B4F92046216A884794F8280000F04E
:10A11000040008B3A0694619AE4207D966602461FD
:10A12000211D1848006800F0DDF915E00020034605
:10A130002A4601460090204601F0C2FA074657B968
:10A1400000BF502080F31188BFF34F8FBFF36F8F94
:10A1500000BF00BFFEE700BF0A480068006808B9FA
:10A16000012000E000200028C1D00648D0F800807F
:10A1700005480068034908600348C0F80080BDE84E
:10A18000F883000070000024740000240E4800686A
:10A19000401C08B9012000E0002050B900BF502049
:10A1A00080F31188BFF34F8FBFF36F8F00BF00BFE5
:10A1B000FEE700BF502080F31188BFF34F8FBFF33D
:10A1C0006F8F00BF00BFFEE7A800002408B500BFE6
:10A1D0006846FFF7A9FC044620460099FFF71AFFDE
:10A1E000FFF766FEF4E770B5044600F0A1F994F9B4
:10A1F000455010E0606A08B9012000E0002038B93D
:10A2000004F1240001F052F918B100F0F1FA00E075
:10A2100003E0681E45B2002DECDC00BFFF2084F88F
:10A22000450000F0AFF900F083F994F9445010E0D4
:10A23000206908B9012000E0002048B904F11000AD
:10A2400001F034F908B100F0D3FA681E45B200E01D
:10A2500001E0002DECDC00BFFF2084F8440000F09A
:10A2600091F970BD2DE9F04104464FF0000800F06F
:10A270005DFB4948006808B9FFF76AFC4748006879
:10A280002040002870D1D4B1083404F00700B0B1E8
:10A2900004F00700C0F10800044404F0070008B906
:10A2A000012000E0002050B900BF502080F3118849
:10A2B000BFF34F8FBFF36F8F00BF00BFFEE7002CCF
:10A2C00052D03748006884424ED8364E3046056832
:10A2D00001E02E462D686868A04202D22868002856
:10A2E000F7D12D48006885423ED0306800F108085B
:10A2F000286830606868001B102819D92F1907F0EA
:10A30000070008B9012000E0002050B900BF50202C
:10A3100080F31188BFF34F8FBFF36F8F00BF00BF73
:10A32000FEE76868001B78606C603846FFF70AFD3E
:10A330001B4968680968081A1949086008460068D6
:10A3400019490968884203D215480068164908600F
:10A35000124968680968084368600020286013484B
:10A360000068401C1149086001F0ECF808F0070093
:10A3700008B9012000E0002050B900BF502080F350
:10A380001188BFF34F8FBFF36F8F00BF00BFFEE791
:10A390004046BDE8F081000090000024A4000024A5
:10A3A0009400002488000024980000249C000024CD
:10A3B000001F4FF080730360001F21F00103036052
:10A3C000001F054B036014380260001F6FF002038A
:10A3D00003602038704700008DA1000810B590B0D0
:10A3E0000446214601A8FEF741FFE0B100BF9DF8F9
:10A3F0000400012815D13C2201A90C48F6F716F9F2
:10A400000A48183890ED0B0ADFED090A80EE201A91
:10A4100080ED181A0748C088401C81B20548C180E9
:10A4200000E000BF00BF10B010BD00003C030024DE
:10A430009A991141E8B70024B0EE401A30EEC10AF3
:10A44000F0EE401AB0EE412A00EE100AB8EEC00A53
:10A4500060EE212A01228A40521E00EE102AB8EE38
:10A46000C03A82EE830A30EE020A704701460A695A
:10A47000D1E901309860D1E9010358605068884201
:10A4800001D188685060002008611068401E10608B
:10A4900010687047034B0360034B0B60802313600D
:10A4A00070470000301100248C110024034B03601E
:10A4B000034B0B604FF48073136070478C130024C0
:10A4C000E813002400F1080141604FF0FF31816082
:10A4D00000F10801C16001610021016070470021A5
:10A4E0000161704710B502460B685C1C0CB910691D
:10A4F00007E002F1080000E04068446824689C42DC
:10A50000FAD944684C604C68A160886041600A6177
:10A510001468641C146010BD42684A6093688B60C4
:10A52000936859609160086103685B1C0360704721
:10A5300000BF502080F31188BFF34F8FBFF36F8FA0
:10A5400000BF0E480068401C0C49086008460068BF
:10A55000012812D10A480068C0B208B9012000E001
:10A56000002050B900BF502080F31188BFF34F8FF7
:10A57000BFF36F8F00BF00BFFEE77047A800002445
:10A5800004ED00E00D48006850B900BF502080F392
:10A590001188BFF34F8FBFF36F8F00BF00BFFEE77F
:10A5A00006480068401E054908600846006820B952
:10A5B000002080F3118800BF00BF7047A80000246E
:10A5C00070B506463546002E44D0083D2C4622493B
:10A5D00060680968084008B1012000E0002050B917
:10A5E00000BF502080F31188BFF34F8FBFF36F8FF0
:10A5F00000BF00BFFEE7206808B9012000E000208E
:10A6000050B900BF502080F31188BFF34F8FBFF3C4
:10A610006F8F00BF00BFFEE70F4960680968084000
:10A62000C0B12068B0B90C496068096888436060AF
:10A6300000F07CF909496068096808440749086026
:10A640002046FFF77FFB06480068401C044908606D
:10A6500000F078FF70BD0000A400002494000024E6
:10A66000A000002400204FF0E02108618861064826
:10A6700000684FF47A71B0FBF1F0401E4FF0E0211A
:10A6800048610720086170472C00002470B5F5F779
:10A69000E9FE0446102C16D304F1E02090F8F053A4
:10A6A00015480078854201DB012000E0002050B908
:10A6B00000BF502080F31188BFF34F8FBFF36F8F1F
:10A6C00000BF00BFFEE70D48006800F4E0600C49E1
:10A6D0000968884201D8012000E0002050B900BF7D
:10A6E000502080F31188BFF34F8FBFF36F8F00BFEF
:10A6F00000BFFEE770BD0000AC0000240CED00E0E0
:10A70000B0000024024600200BE0084B53F8303024
:10A7100033B9064B43F8301003EBC0035A6002E034
:10A72000401C0828F1D300BF70470000140B002420
:10A730002DE9F04105460E4617462C46FFF7F8FE78
:10A7400094F94400401C10B9002084F8440094F9A6
:10A750004500401C10B9002084F84500FFF712FFA7
:10A76000A06B28B93A46314604F1240000F062F8A3
:10A770002046FFF738FDBDE8F081000070B50446C3
:10A780000025D4B11248006808B9012000E000207B
:10A7900050B900BF502080F31188BFF34F8FBFF333
:10A7A0006F8F00BF00BFFEE700F0C0F80021204619
:10A7B000FFF746F800F0C6FE05463DB94FF0805061
:10A7C00004490860BFF34F8FBFF36F8F70BD000067
:10A7D0006C00002404ED00E00349096801600349AE
:10A7E00009684160704700005C00002448000024B4
:10A7F00001200149086070475800002470B50446E4
:10A800000D4654B900BF502080F31188BFF34F8F1D
:10A81000BFF36F8F00BF00BFFEE705480168183126
:10A820002046FFF75FFE01212846FFF709F870BDBB
:10A830003400002470B505460E46144655B900BFD5
:10A84000502080F31188BFF34F8FBFF36F8F00BF8D
:10A8500000BFFEE70648016818312846FFF75CFE96
:10A860000CB14FF0FF3621463046FEF7E9FF70BDD0
:10A870003400002410B586B000200590049003AA8F
:10A8800004A905A8FFF706FE0022DDE9041013461F
:10A89000CDE9002102901EA11F48039A00F09EFC02
:10A8A0001E4908600846006808B1012400E0002441
:10A8B000012C02D100F0C8FE0446012C15D100BFC6
:10A8C000502080F31188BFF34F8FBFF36F8F00BF0D
:10A8D0004FF0FF3012490860012012490860002043
:10A8E0001149086000F072F810E0601C08B1012006
:10A8F00000E0002050B900BF502080F31188BFF362
:10A900004F8FBFF36F8F00BF00BFFEE706B010BDD3
:10A9100049444C4500000000CD9B0008680000241D
:10A92000640000245000002448000024024800680D
:10A93000401C0149086070476C0000241E480068F4
:10A9400018B101201D49086034E000201B4908604F
:10A950001B4801680CE051B900BF502080F31188FA
:10A96000BFF34F8FBFF36F8F00BF00BFFEE7491EDD
:10A9700001EB8100134A52F8200008B9012000E0E1
:10A9800000200028E7D101EB81020E4B03EB82008F
:10A9900042685268426000F108024368934202D163
:10A9A0004268526842604268D268074B1A600448A5
:10A9B000016000BF704700006C00002458000024B4
:10A9C0004C000024540B0024340000241CB55248D1
:10A9D00000685249884201D0012000E0002050B9AF
:10A9E00000BF502080F31188BFF34F8FBFF36F8FEC
:10A9F00000BF00BFFEE7484800684849491E88423A
:10AA000001D0012000E0002050B900BF502080F3A9
:10AA10001188BFF34F8FBFF36F8F00BF00BFFEE7FA
:10AA20003F49084600780190FF200A46107008460A
:10AA3000007800909DF8000000F0F0009DF80020E4
:10AA4000904201D1012000E0002050B900BF502009
:10AA500080F31188BFF34F8FBFF36F8F00BF00BF2C
:10AA6000FEE79DF8000000F050002E4A107007200D
:10AA70002D4A106009E02C480068401E2A4A1060E8
:10AA80009DF800004006000E00909DF8000000F0C8
:10AA900080008028EFD024480068C0F10700042817
:10AAA00001D1012000E0002050B900BF502080F308
:10AAB0001188BFF34F8FBFF36F8F00BF00BFFEE75A
:10AAC000194800680002184A10601046008800F417
:10AAD000E0601060124A019810700F482030006842
:10AAE00040F470000C49203108600846006840F0CE
:10AAF00070400860FFF7B6FD00200C490860F5F7CC
:10AB000079FC0B48006840F0404009490860F5F7BF
:10AB10005DFC00201CBD000000ED00E071C20F4193
:10AB200000E400E0AC000024B0000024A8000024F1
:10AB300034EF00E010B500BF502080F31188BFF360
:10AB40004F8FBFF36F8F00BF00F0BCFB18B14FF009
:10AB500080500449086000BF002080F3118800BFC6
:10AB600010BD000004ED00E02DE9F84380460E46DC
:10AB700017461D46DDF82090B8F1000F01D00120E6
:10AB800000E0002050B900BF502080F31188BFF3CF
:10AB90004F8FBFF36F8F00BF00BFFEE70DB10120E5
:10ABA00000E0002050B900BF502080F31188BFF3AF
:10ABB0004F8FBFF36F8F00BF00BFFEE707B10EB12D
:10ABC000012000E0002050B900BF502080F3118820
:10ABD000BFF34F8FBFF36F8F00BF00BFFEE707B912
:10ABE0000EB9012000E0002050B900BF502080F3D2
:10ABF0001188BFF34F8FBFF36F8F00BF00BFFEE719
:10AC0000502000900098502801D1012000E0002041
:10AC100050B900BF502080F31188BFF34F8FBFF3AE
:10AC20006F8F00BF00BFFEE700BF2C464CB1012074
:10AC300084F846004B463A46314640460094FEF7BB
:10AC4000D9FF2046BDE8F88370B505460E462C4670
:10AC500054B900BF502080F31188BFF34F8FBFF36A
:10AC60006F8F00BF00BFFEE7FFF762FCD4E90F1251
:10AC7000206801FB0200A0600020A06320686060E3
:10AC8000E06B401E226C216800FB0211E160FF2096
:10AC900084F8440084F845009EB9206908B9012071
:10ACA00000E00020A8B904F1100000F0FFFB80B123
:10ACB0004FF0805009490860BFF34F8FBFF36F8F8B
:10ACC00007E004F11000FFF7FDFB04F12400FFF79B
:10ACD000F9FBFFF757FC012070BD000004ED00E018
:10ACE0002DE9FF4383B0064688461D464FF0000914
:10ACF000344654B900BF502080F31188BFF34F8F02
:10AD0000BFF36F8F00BF00BFFEE7B8F1000F01D1A6
:10AD1000206C08B9012000E0002050B900BF50208D
:10AD200080F31188BFF34F8FBFF36F8F00BF00BF59
:10AD3000FEE7022D02D1E06B012801D1012000E0E5
:10AD4000002050B900BF502080F31188BFF34F8F0F
:10AD5000BFF36F8F00BF00BFFEE700F09DFA08B998
:10AD6000059808B9012000E0002050B900BF50202C
:10AD700080F31188BFF34F8FBFF36F8F00BF00BF09
:10AD8000FEE700BFFFF7D4FBA06BE16B884201D365
:10AD9000022D28D12A4641462046FEF75EFE074690
:10ADA000606A08B9012000E0002068B904F12400BD
:10ADB00000F07CFB88B14FF0805032490860BFF34F
:10ADC0004F8FBFF36F8F08E03FB14FF080502D4998
:10ADD0000860BFF34F8FBFF36F8FFFF7D3FB0120E6
:10ADE00007B0BDE8F083059818B9FFF7CBFB00204A
:10ADF000F6E7B9F1000F04D101A8FFF7EDFC4FF021
:10AE00000109FFF7BFFBFFF791FDFFF791FB94F9F5
:10AE10004400401C10B9002084F8440094F9450017
:10AE2000401C10B9002084F84500FFF7ABFB05A9D2
:10AE300001A800F05BF9F0B92046FEF7F0FFA0B1E1
:10AE400004F110000599FFF7D9FC2046FFF7CBF974
:10AE500000F078FB002895D14FF080500949086038
:10AE6000BFF34F8FBFF36F8F8CE72046FFF7BBF91F
:10AE700000F068FB86E72046FFF7B5F900F062FBBB
:10AE80000020ADE704ED00E02DE9F84F07468A46C3
:10AE900090461E463C4654B900BF502080F31188AE
:10AEA000BFF34F8FBFF36F8F00BF00BFFEE7BAF154
:10AEB000000F01D1206C08B9012000E0002050B93A
:10AEC00000BF502080F31188BFF34F8FBFF36F8F07
:10AED00000BF00BFFEE7022E02D1E06B012801D1C6
:10AEE000012000E0002050B900BF502080F31188FD
:10AEF000BFF34F8FBFF36F8F00BF00BFFEE7FFF7B9
:10AF0000C5FB00BF5021EFF3118081F31188BFF31F
:10AF10004F8FBFF36F8F00BF0546A06BE16B884278
:10AF200001D3022E25D194F945B0A06B0090324692
:10AF300051462046FEF791FD0BF1010088B9606A89
:10AF400008B9012000E0002050B904F1240000F00D
:10AF5000ADFA28B1B8F1000F02D00120C8F8000006
:10AF600004E00BF1010040B284F845004FF0010904
:10AF700001E04FF0000900BF85F3118800BF48468B
:10AF8000BDE8F88F2DE9F74183B005460E464FF036
:10AF900000082C4654B900BF502080F31188BFF33D
:10AFA0004F8FBFF36F8F00BF00BFFEE70EB9206C5D
:10AFB00008B9012000E0002050B900BF502080F304
:10AFC0001188BFF34F8FBFF36F8F00BF00BFFEE745
:10AFD00000F062F908B9059808B9012000E00020E6
:10AFE00050B900BF502080F31188BFF34F8FBFF3DB
:10AFF0006F8F00BF00BFFEE700BFFFF799FAA76B96
:10B00000F7B131462046FEF713FD781EA063206994
:10B0100008B9012000E0002060B904F1100000F040
:10B0200045FA38B14FF080502F490860BFF34F8F79
:10B03000BFF36F8FFFF7A6FA012006B0BDE8F081DD
:10B04000059818B9FFF79EFA0020F6E7B8F1000F4F
:10B0500004D101A8FFF7C0FB4FF00108FFF792FAF7
:10B06000FFF764FCFFF764FA94F94400401C10B940
:10B07000002084F8440094F94500401C10B90020D9
:10B0800084F84500FFF77EFA05A901A800F02EF824
:10B09000F0B92046FEF7B6FEA0B104F124000599F0
:10B0A000FFF7ACFB2046FFF79EF800F04BFA0028B4
:10B0B000A3D14FF080500C490860BFF34F8FBFF30E
:10B0C0006F8F9AE72046FFF78EF800F03BFA94E77F
:10B0D0002046FFF788F800F035FA2046FEF792FE8A
:10B0E00000288AD00020A8E704ED00E070B50546EE
:10B0F0000C4655B900BF502080F31188BFF34F8F25
:10B10000BFF36F8F00BF00BFFEE754B900BF5020F0
:10B1100080F31188BFF34F8FBFF36F8F00BF00BF65
:10B12000FEE7FFF705FA124802686868131A2068FC
:10B13000401C08B9002617E00E49286809688842B3
:10B1400004D06868904201D801260DE0206898423A
:10B1500007D92068C01A20602846FFF73DFB00266B
:10B1600002E0002020600126FFF70CFA304670BD97
:10B17000480000245C0000242DE9FF4F85B0804684
:10B1800089461746DDE912ABB800FFF76BF80646B3
:10B1900056B15C20FFF766F804460CB1266304E064
:10B1A0003046FFF70DFA00E000248CB1002084F84F
:10B1B0005900CDE900ABCDE902403A464946404648
:10B1C000089BFEF72CFD2046FEF778FB012501E0E9
:10B1D0004FF0FF35284609B0BDE8F08F2DE9F04F5C
:10B1E00085B00746884691469A46DDE90EB6109C22
:10B1F0000EB1012000E0002050B900BF502080F3C4
:10B200001188BFF34F8FBFF36F8F00BF00BFFEE702
:10B210000CB1012000E0002050B900BF502080F3A5
:10B220001188BFF34F8FBFF36F8F00BF00BFFEE7E2
:10B230005C20039003985C2801D1012000E00020ED
:10B2400050B900BF502080F31188BFF34F8FBFF378
:10B250006F8F00BF00BFFEE700BFB4B1AEB125469F
:10B260002C462E63022085F85900002004A953467D
:10B270004A46CDE900B1CDE9025041463846FEF7D5
:10B28000CEFC2846FEF71AFB01E00020049004984B
:10B2900005B0BDE8F08F00000549096809B9012033
:10B2A00005E00449096809B9022000E00020704760
:10B2B000500000246C000024014908687047000019
:10B2C000480000242DE9F0414FF000084348006891
:10B2D00000287BD142480068451C4148056015BBE9
:10B2E00040480068006808B9012000E0002050B91B
:10B2F00000BF502080F31188BFF34F8FBFF36F8FD3
:10B3000000BF00BFFEE73748076837480068354987
:10B3100008603548076035480068401C33490860BC
:10B32000FEF7B2FE00BF3248006885423BD300BF43
:10B330002C480068006808B9012000E0002020B116
:10B340004FF0FF302A4908602CE026480068C068AA
:10B35000C4686668B54202D22548066022E0201D16
:10B36000FFF784F8A06A18B104F11800FFF77EF81F
:10B370002049E06A0968884202D91E49E06A0860EB
:10B38000E16A01EB81011C4A02EB8100211DFFF7FC
:10B39000C3F81A49E06A0968C96A8842C8D34FF0FD
:10B3A0000108C5E700BF15480068C06A00EB8000CF
:10B3B000114951F82000012801D94FF00108104827
:10B3C000006808B14FF0010805E0FFE70D4800688C
:10B3D000401C0C4908604046BDE8F0816C00002428
:10B3E00048000024380000243C0000245C000024B5
:10B3F000640000244C000024540B0024340000247A
:10B40000580000245400002470B505462C46002640
:10B41000002D43D022480068844201D1012000E081
:10B42000002050B900BF502080F31188BFF34F8F28
:10B43000BFF36F8F00BF00BFFEE7206D50B900BFA4
:10B44000502080F31188BFF34F8FBFF36F8F00BF81
:10B4500000BFFEE7206D401E2065E16CE06A884277
:10B460001CD0206DD0B9201DFFF700F8E06CE06221
:10B47000E06AC0F13800A0610A49E06A09688842C0
:10B4800002D90849E06A0860E16A01EB8101064AD5
:10B4900002EB8100211DFFF73FF80126304670BD09
:10B4A000340000244C000024540B002470B50646E0
:10B4B000F068C46854B900BF502080F31188BFF30E
:10B4C0004F8FBFF36F8F00BF00BFFEE704F118007E
:10B4D000FEF7CCFF15480068A0B9201DFEF7C6FF97
:10B4E0001349E06A0968884202D91149E06A086094
:10B4F000E16A01EB81010F4A02EB8100211DFFF798
:10B500000BF804E004F118010B48FFF705F80B49AC
:10B51000E06A0968C96A884204D9012501200849FE
:10B52000086000E00025284670BD00006C00002483
:10B530004C000024540B0024DC0F002434000024B1
:10B540005800002470B5002400263648006850B921
:10B5500000BF502080F31188BFF34F8FBFF36F8F70
:10B5600000BF00BFFEE7FEF7E3FF2E480068401E65
:10B570002C4908600846006800284ED12A48006817
:10B5800000284AD023E02948C068C46804F11800A4
:10B59000FEF76CFF201DFEF769FF2549E06A096888
:10B5A000884202D92249E06A0860E16A01EB810120
:10B5B000204A02EB8100211DFEF7AEFF1E49E06A22
:10B5C0000968C96A884202D301201C4908601748EB
:10B5D000006808B9012000E000200028D3D00CB199
:10B5E000FEF752FD1648056865B100BFFFF76AFE19
:10B5F00010B10120114908606D1E002DF6D1002008
:10B600000F4908600D48006838B1012630070D4920
:10B610000860BFF34F8FBFF36F8FFEF7B3FF304665
:10B6200070BD00006C00002444000024DC0F0024E6
:10B630004C000024540B0024340000245800002443
:10B640005400002404ED00E010B586B00024FEF79D
:10B6500091F916480068D0B100200590049003AA23
:10B6600004A905A8FEF722FF0222DDE90410002349
:10B67000CDE9002102900EA10F48039AFFF7AEFD1D
:10B680000E4908600846006800B1012400BF54B9A3
:10B6900000BF502080F31188BFF34F8FBFF36F8F2F
:10B6A00000BF00BFFEE7204606B010BD78000024B2
:10B6B000546D722053766300CDA100087C000024F5
:10B6C0002DE9FF4704460D4616461F46DDF830803B
:10B6D0004FF0000954B900BF502080F31188BFF328
:10B6E0004F8FBFF36F8F00BF00BFFEE714480068A5
:10B6F00010B3009501960294062D15DAFFF7CCFDE4
:10B70000022808D10023424669460D480068FFF729
:10B71000E7FA814610E000231A46694608480068A7
:10B72000FFF7DEFA814607E000233A4669460448FF
:10B730000068FFF7A9FB8146484604B0BDE8F087E2
:10B74000780000244FF04070E1EE100A70470000CE
:10B75000C4B8000800000000000000000000000065
:10B7600000000000000800001800000000000000B9
:10B7700000000000CCB8000800000000000000003D
:10B780000000000000000000000800001800000099
:10B790000000000000000000D4B800080000000015
:10B7A0000000000000000000000000000008000091
:10B7B000180000000000000000000000DCB80008D5
:10B7C0000000000000000000000000000000000079
:10B7D0000008000018000000000000000000000049
:10B7E000E4B80008000000000000000000000000B5
:10B7F0000000000000080000180000000000000029
:10B8000000000000ECB8000800000000000000008C
:10B810000000000000000000000800001800000008
:10B8200000000000000000000006101600061016C0
:10B830000001020304050607080C1014182030400C
:10B8400000000000000000000000000000000000F8
:10B8500000000000010000000200000003000000E2
:10B8600004000000000000000500000000000000CF
:10B8700000000000000000000600000000000000C2
:10B8800000000000000000000700000001000200AE
:10B890000400060008000A000C0010002000400010
:10B8A00080000001010101030701000008040204F7
:10B8B0000801010100000000010203040102030469
:10B8C000060708095461736B310000005461736B03
:10B8D000320000005461736B330000005461736BDD
:10B8E000340000005461736B350000005461736BC9
:10B8F0003600000014B90008000000241004000005
:10B900000803000870B900081004002418BB0000E8
:10B91000640300080124321042013C90D00304016A
:10B92000731AAA01811A0A8E3990013509123A1345
:10B93000104202B420400BFA45CDCCCC3D6F1283AF
:10B940003A0350020213984102B420400BFA45CD4D
:10B95000CCCC3D6F12833A033E01020362010A7AA6
:10B9600001080A3F11440930201B20420442C20052
:04000005080002CD20
:00000001FF
