:020000040800F2
:10000000F0CD00246D040008C1A30008CD900008C5
:1000100005A200085D0900082DEE000800000000A0
:10002000000000000000000000000000AD03000818
:100030000917000800000000090400085DC8000856
:100040008B0400088B0400088B0400088B04000854
:100050008B0400088B0400088B0400088B04000844
:100060008B0400088B0400088B040008FD100008B6
:100070000D1100081D1100082D1100083D11000888
:100080004D1100085D1100088B04000835170008A9
:10009000451700088B0400088B0400088B04000837
:1000A0008B0400088B0400088B0400088B040008F4
:1000B0008B04000839CA00088B0400088B04000870
:1000C0008B0400088B0400088B0400088B040008D4
:1000D0008B040008FDE400080DE500081DE500089C
:1000E0008B0400088B040008000000008B0400084B
:1000F0008B0400088B0400088B0400086D110008B5
:100100008B0400088B0400088B0400088B04000893
:1001100081D800088B04000891CA00088B040008ED
:100120007D1100088D1100088B0400088B04000865
:100130008B0400088B0400088B0400088B04000863
:1001400000000000000000000000000000000000AF
:100150008B0400088B0400088B0400088B04000843
:100160008B0400088B0400088B0400088B04000833
:100170008B0400088B0400088B04000800000000BA
:100180008B0400088B04000891D800088B04000839
:100190008B0400088B0400088B0400088B04000803
:1001A0008B0400088B0400088B040008000000008A
:1001B0008B0400088B0400088B0400088B040008E3
:1001C0008B0400088B040008000000000000000001
:1001D00000000000000000008B0400080000000088
:1001E000000000000000000000000000000000000F
:1001F00000000000000000008B0400088B040008D1
:100200008B0400088B040008000000008B04000829
:100210008B0400088B0400088B0400088B04000882
:100220008B040008000000008B04000800000000A0
:100230008B0400088B040008000000008B040008F9
:100240008B0400088B0400088B0400088B04000852
:100250008B0400088B0400088B0400088B04000842
:100260008B0400088B0400088B0400088B04000832
:100270008B0400088B0400088B04000800000000B9
:100280008B0400088B0400088B0400088B04000812
:10029000000000008B0400088B0400080000000030
:1002A000000000008B0400088B0400088B04000889
:1002B0008B0400088B0400088B0400085517000805
:1002C0008B0400088B0400088B04000800F002F87F
:1002D00000F05CF80AA090E8000C82448344AAF184
:1002E0000107DA4501D100F051F8AFF2090EBAE882
:1002F0000F0013F0010F18BFFB1A43F0010318475A
:100300008C220100AC2201000A444FF0000C10F8CE
:10031000013B13F0070408BF10F8014B1D1108BF83
:1003200010F8015B641E05D010F8016B641E01F823
:10033000016BF9D113F0080F1EBF10F8014BAD1C73
:100340000C1B09D16D1E58BF01F801CBFAD505E091
:1003500014F8016B01F8016B6D1EF9D59142D6D3EB
:10036000704700000023002400250026103A28BF13
:1003700078C1FBD8520728BF30C148BF0B60704717
:100380001FB512F009F81FBD10B510BD00F0E8F957
:100390001146FFF7F5FF0FF0D7FD00F006FA03B4A2
:1003A000FFF7F2FF03BC00F009FA00002C4B1968BC
:1003B0000868B0E8F04F80F30988BFF36F8F4FF003
:1003C000000080F3118870470000000008480068B2
:1003D000006880F308884FF0000080F3148862B64C
:1003E00061B6BFF34F8FBFF36F8F00DF00BF00BF59
:1003F00008ED00E0DFF80C00016841F470010160D5
:10040000704700BF88ED00E0EFF30980BFF36F8F06
:10041000134B1A681EF0100F08BF20ED108A20E958
:10042000F04F106009B44FF0500080F31188BFF313
:100430004F8FBFF36F8F11F0ABF84FF0000080F3D8
:10044000118809BC19680868B0E8F04F1EF0100F59
:1004500008BFB0EC108A80F30988BFF36F8F704734
:1004600034000024EFF30580704700000A488047FD
:100470000A4880470A480047FEE7FEE7FEE7FEE736
:10048000FEE7FEE7FEE7FEE7FEE7FEE70548064972
:10049000064A074B70470000111700082DC90008D5
:1004A000CD020008F0C70024F0CD0024F0C90024DC
:1004B000F0C9002453EA020C00F069802DE9F04BEA
:1004C0004FF00006002B1FBFB3FA83F503FA05F4C3
:1004D00024FA05F65E4012BF1643B2FA82F502FA1C
:1004E00005F4C5F120051EBF22FA05FC44EA0C0400
:1004F000203556EA044C4FEA144418BF641C4FF0F0
:1005000000084FF00009904271EB030C39D3002929
:1005100019BFB1FA81F701FA07F6B0FA80F700FACD
:1005200007F6C7F120071EBF20FA07FC46EA0C06B3
:100530002037B6FBF4FCA7EB0507103F07F01F0BB5
:10054000CBF120060CFA0BFB2CFA06F644BFB3469F
:100550000026202FA4BF5E464FF0000B5BEA060C7E
:1005600008BF4FF0010B19EB0B09ABFB027C48EB0A
:100570000608C01B06FB02CC0BFB03CC71EB0C0185
:10058000C1E70B46024641464846BDE8F08B13B52D
:100590004FF000004FF00001AFF30080BDE81C40B9
:1005A0007047032A40F2308010F0030C00F01580F1
:1005B00011F8013BBCF1020F624498BF11F801CB66
:1005C00000F8013B38BF11F8013BA2F1040298BFCB
:1005D00000F801CB38BF00F8013B11F0030300F035
:1005E0002580083AC0F0088051F8043B083A51F8D9
:1005F00004CBA0E80810F5E7121D5CBF51F8043BDE
:1006000040F8043BAFF30080D20724BF11F8013B50
:1006100011F801CB48BF11F8012B24BF00F8013BB2
:1006200000F801CB48BF00F8012B704710B5203A05
:10063000C0F00B80B1E81850203AA0E81850B1E89B
:100640001850A0E81850BFF4F5AF5FEA027C24BF51
:10065000B1E81850A0E8185044BF18C918C0BDE848
:1006600010405FEA827C24BF51F8043B40F8043B11
:1006700008BF7047D20728BF31F8023B48BF11F8C6
:10068000012B28BF20F8023B48BF00F8012B704720
:1006900002F0FF0343EA032242EA024200F002B8FA
:1006A0004FF000020429C0F0128010F0030C00F09B
:1006B0001B80CCF1040CBCF1020F18BF00F8012B19
:1006C000A8BF20F8022BA1EB0C0100F00DB85FEAE7
:1006D000C17C24BF00F8012B00F8012B48BF00F8B3
:1006E000012B70474FF0000200B513469446964622
:1006F000203922BFA0E80C50A0E80C50B1F1200135
:10070000BFF4F7AF090728BFA0E80C5048BF0CC0E2
:100710005DF804EB890028BF40F8042B08BF704740
:1007200048BF20F8022B11F0804F18BF00F8012BB2
:10073000704770477047704710B500F009F80068BF
:1007400010BD10B5044600F003F8046010BD0000B1
:10075000004870478CC70024004870478CC70024AD
:100760007546FFF7F9FFAE4605006946534620F08F
:100770000700854618B020B5FFF788FEBDE8204089
:100780004FF000064FF000074FF000084FF0000B4D
:1007900021F00701AC46ACE8C009ACE8C009ACE800
:1007A000C009ACE8C0098D46704710B50446AFF3E8
:1007B00000802046BDE81040FFF7F1BD0149182038
:1007C000ABBEFEE7260002007047000001280CD1F6
:1007D000174991ED000A174981ED040A164991ED78
:1007E000000A144981ED050A0BE008B10A2808D176
:1007F0009FED120A0F4981ED040A9FED100A81ED69
:10080000050A0F4991ED000A0A4981ED010A0D49D7
:100810000D4A127801EB820191ED000A0B49D1EDEE
:10082000000A30EE200A034981ED170A70470000E4
:10083000C80400243C030024CC0400240000000071
:1008400038C0002470040024E2040024A40300241F
:1008500010B5027F3AB94160016000228260C26037
:100860000122027710BD026842600160D0E90023D6
:10087000D21A8260426902EBD2748368B3EB640FD0
:1008800004DD43698268D21A82600BE043695A42F0
:1008900002EBD2748368B3EB640F03DA43698268B6
:1008A0001A448260D0E902321A44C26000BFD9E71C
:1008B0002848007C20B90120264908740020C8601F
:1008C0002448C0680A280FD22248C068401C214929
:1008D000C860002120484172C17200201E49087280
:1008E00000211D48817234E01A48C0680A2813D3D9
:1008F0001848C068BE280FD21648C068401C154969
:10090000C860002014490872012113488172002137
:1009100041720121C1721CE00E48C068BE2813D389
:100920000C48C068C8280FD20A48C068401C094952
:10093000C860002108484172C1720020064908724F
:1009400000210548817204E0002002490874192042
:100950000870704748040024BEBF002400BFFEE7B3
:1009600008B59FED040A8DED000A416800919DEDE8
:10097000000A08BD0000000010B50EF019FE0EF0D0
:100980004BFE0EF07DFE00224FF00071074804F090
:1009900013F800224FF00071054804F00DF8002212
:1009A0004FF00071034804F007F810BD1808002448
:1009B000B80800245809002470B5044606492046AA
:1009C00001F092F9207800F1800529460823024AB7
:1009D000024800F044F870BDBD000024180800244F
:1009E0002DE9FC4781460E4614461D46DDE90A788E
:1009F000200A8DF80000E0B28DF80100280A8DF879
:100A00000200E8B28DF80300380A8DF80400F8B24D
:100A10008DF805004FEA18208DF8060008F0FF0059
:100A20008DF80700B1B208236A46484600F017F86F
:100A3000BDE8FC8710B58CB004462C2101A8FFF757
:100A400051FE01A9204604F0DDF8069828B120687F
:100A5000806920F00100216888610CB010BDF0B5FC
:100A600089B006460C4617461D46009400200190AA
:100A7000029003950490059006900790089000BF9F
:100A8000304604F0DFF90028FAD03A46694630468D
:100A900003F0E6FF09B0F0BDF0EE401AF4EEE01A04
:100AA000F1EE10FA02D2B0EE600A7047F4EEC11A0D
:100AB000F1EE10FA02DDB0EE410AF6E7B0EE610A9F
:100AC000F3E7000010B54C48007C50B901F0FAFA89
:100AD00000204949C8600121474841710120464929
:100AE00008744548C068B0F5487F63D24248C06882
:100AF000401C4149C86001204049087200213F481C
:100B000081723D49497801EB81013D4A02EB0112B6
:100B10003949897801EB810102EB8101394A127868
:100B200001EB820191ED001AF0EE410A3249C868EA
:100B30001431344A127801EB820191ED001AB0EEC3
:100B4000410A4FF4E17110F051FA2B4828302D4939
:100B5000097800EB810080ED000A2749497801EB14
:100B60008101274A02EB01122349897801EB8101B7
:100B700002EB8101244A127801EB820191ED001A07
:100B8000F0EE410A1C49C86814311F4A127801EB83
:100B9000820191ED001AB0EE410A4FF4E17110F0BC
:100BA00025FA154828301849097800EB810080EDB6
:100BB000000A20E00020104908741448007898B911
:100BC0000846C078012803D00846C078022803D11F
:100BD0001520094908700EE00748C07803280AD19B
:100BE00016200549087006E008480078012802D15F
:100BF00015200149087010BD48040024BEBF002420
:100C000084050024E1040024E20400248804002474
:100C100010B5BE48007C68B901F054FA0020BB4909
:100C2000C860BB48007810B90121B84801720120A2
:100C3000B6490874B548C068B0F5487F7ED2B3485D
:100C4000C07840B1B148407828B1B048807810B140
:100C5000B048007838B9AD48C0680A2803D30020EE
:100C6000AA49C86004E0A948C068401CA749C860F8
:100C7000A648C0680F2802D30020A74908700120A9
:100C8000A6490870A149497801EB8101A44A02EB09
:100C900001129E49897801EB810102EB8101A14A91
:100CA000127801EB820191ED001A9849497801EB25
:100CB00081019B4A02EB01119B4A127802EB8202EE
:100CC00001EB8201974A127801EB8201D1ED001A03
:100CD00031EE211AF0EE410A8C49C968A1F1640095
:100CE0008A4914318F4A127801EB820191ED001A82
:100CF000B0EE410A4FF42F7110F078F98348283094
:100D00008849097800EB810080ED000A7F49497825
:100D100001EB8101824A02EB01127C49897801EBE7
:100D2000810102EB8101814A127801EB820191ED90
:100D3000001A7649497801EB810100E0CFE0784A5A
:100D400002EB0111784A127802EB820201EB820178
:100D5000764A127801EB8201D1ED001A31EE211AA8
:100D6000F0EE410A6949C8681431704A127801EB03
:100D7000820191ED001AB0EE410A4FF4487110F073
:100D800035F9624828306949097800EB810080ED27
:100D9000000A5E49497801EB8101614A02EB0112C8
:100DA0005A49897801EB810102EB8101604A12788E
:100DB00001EB820191ED001A5449497801EB810160
:100DC000574A02EB0111584A127802EB820201EBFA
:100DD0008201574A127801EB8201D1ED001A31EEFF
:100DE000211AF0EE410A4949C968A1F16400474956
:100DF00014314F4A127801EB820191ED001AB0EEE6
:100E0000410A4FF42F7110F0F1F84048283048495A
:100E1000097800EB810080ED000A3C49497801EB3C
:100E200081013F4A02EB01123849897801EB8101C7
:100E300002EB81013F4A127801EB820191ED001A29
:100E40003249497801EB8101354A02EB0111364AFA
:100E5000127802EB820201EB8201364A127801EB32
:100E60008201D1ED001A31EE211AF0EE410A274934
:100E7000C86814312F4A127801EB820191ED001AF3
:100E8000B0EE410A642110F0B1F820482830294919
:100E9000097800EB810080ED000A1C49C8682049F0
:100EA000254A127801EB820191ED001AF0EE410A19
:100EB00016491431204A127801EB820191ED001A93
:100EC000B0EE410A4FF4487110F090F80F48283006
:100ED0001949097800EB810080ED000A15E0002037
:100EE0000A4908740D4908700948007830B9022190
:100EF0000648017219200549087006E00448007888
:100F0000012802D105200149087010BD48040024C1
:100F100088040024FC000024FE0000243803002480
:100F200084050024E004002480050024E10400245A
:100F3000E2040024E3040024E404002400B5114882
:100F4000007C40B901F0BEF800200E49C8600120C5
:100F500008740D4908700B48C068B0F5967F0BD235
:100F60000848C068401C0749C86000210748017351
:100F700000200549087004E0002002490874192087
:100F8000087000BD4804002438030024BEBF0024BC
:100F90001448007C20B900201249C8600120087460
:100FA0001048C068C82808D20E48C068401C0D49C7
:100FB000C86001210C48417313E00B48007830B140
:100FC00001200849087102200849087004E0032044
:100FD000044908710120487400200249087418204F
:100FE0000870704748040024BEBF00243803002462
:100FF00000BF0DF01DFF322106480DF0BBFF064873
:10100000808B401C81B20448818301200FF0ECF8F2
:10101000EFE70000C4C60024F8BE002410B5044663
:1010200094ED391AF0EE410A94ED3D1AB0EE410A02
:1010300004F16C0009F056FA94ED230A84ED3F0A9E
:1010400094ED3A1AF0EE410A94ED3F1AB0EE410ADF
:1010500004F1200009F046FA94ED100A84ED3C0AF0
:1010600010BD000030B504460D462946204601F06B
:1010700003F884ED370A284601F00BF884ED380AAE
:1010800094ED370ABCEEC00A10EE101A2046FFF7A6
:10109000DFFB94ED030AB8EEC00ADFED160A80EE1E
:1010A000201A9FED150A61EE000A94ED041A80EEF5
:1010B000810AD4ED420A30EE600A84ED390A94F8D0
:1010C000040130B994ED390A84ED420A012084F814
:1010D000040194ED380AD4ED040A80EE201A84ED60
:1010E0003A1A284600F0B0FF84ED3B0AE87984F80C
:1010F0001A0130BD000000460000B44310B502489C
:1011000002F050FA10BD0000E810002410B50248AB
:1011100002F048FA10BD00006011002410B502482A
:1011200002F040FA10BD0000180E002410B502486D
:1011300002F038FA10BD0000900E002410B50248ED
:1011400002F030FA10BD0000080F002410B502486C
:1011500002F028FA10BD0000800F002410B50248EC
:1011600002F020FA10BD0000F80F002410B502486C
:1011700002F018FA10BD00007010002410B50248EB
:1011800002F010FA10BD0000280D002410B502482E
:1011900002F008FA10BD0000A00D00240146374AF5
:1011A0000868904249D0354A18320868904244D0C5
:1011B000324A3032086890423FD0304A483208689C
:1011C00090423AD02D4A60320868904235D02B4A7E
:1011D00078320868904230D0284A903208689042AD
:1011E0002BD0264AA8320868904226D0244A0868A4
:1011F000904222D0224A1832086890421DD0204ADC
:1012000030320868904218D01D4A4832086890422F
:1012100013D01B4A6032086890420ED0184A7832C8
:101220000868904209D0164A90320868904204D06B
:10123000134AA8320868904201D1012000E0002042
:10124000B0B10A78103A1823B2FBF3F000F00702AD
:101250000C4B9A5CCA65032805D90A686FF309022A
:10126000121D8A6503E00A686FF309028A6503E0CC
:10127000086820F0FF008865886D70471000024004
:10128000100402407C24010810B502682B4C03684E
:10129000A34222D0294C14340368A3421DD0274C0A
:1012A00028340368A34218D0244C3C340368A3427A
:1012B00013D0224C50340368A3420ED01F4C643428
:1012C0000368A34209D01D4C78340368A34204D0BC
:1012D0001A4C8C340368A34201D1012300E000239F
:1012E0008BB10378083B1424B3FBF4F1144B03EBEC
:1012F00081030366124B8033436601F01F04012310
:10130000A340836618E00378103B1824B3FBF4F184
:101310000C4B9A4204D80B4BA83B9A4200D308319D
:10132000094B03EB81030366074B8033436601F0EF
:101330001F040123A340836610BD00000854025817
:1013400000580258B8040240000802400179A9B3CD
:10135000082940D8204B02689A4222D01E4B1433F1
:1013600002689A421DD01C4B283302689A4218D05A
:10137000194B3C3302689A4213D0174B5033026822
:101380009A420ED0144B643302689A4209D0124B31
:10139000783302689A4204D00F4B8C3302689A4229
:1013A00001D1012200E000224AB14A1E0B4B03EB9F
:1013B0008202C266094A4032026708E00BE04A1E18
:1013C000074B03EB8202C266054A403202674A1E9F
:1013D000012393404367704708540258005902584C
:1013E00000090240014600208A69D2B98A6A32B1F6
:1013F000012A0DD0022A03D0032A10D10EE000BF2B
:10140000CA6A02F08072B2F1807F00D1012007E049
:10141000CA6AB2F1C07F00D1012001E000E000BF44
:1014200036E08A69B2F5005F1BD18A6A32B1012ABF
:1014300007D0022A03D0032A11D10AE000BF0120FD
:101440000EE0CA6A02F08072B2F1807F00D1012002
:1014500006E0CA6AB2F1C07F00D1012000E000BFFF
:1014600016E08A6A32B1012A05D0022A04D0032A82
:101470000CD103E000BF00BF012008E0CA6A02F0FF
:101480008072B2F1807F00D1012000E000BF00BF78
:1014900070470000F0B5856D846D984F0668BE42B8
:1014A00070D0964F18370668BE426BD0934F3037D6
:1014B0000668BE4266D0914F48370668BE4261D08A
:1014C0008E4F60370668BE425CD08C4F7837066816
:1014D000BE4257D0894F90370668BE4252D0874FE0
:1014E000A8370668BE424DD0854F0668BE4249D037
:1014F000834F18370668BE4244D0814F30370668A4
:10150000BE423FD07E4F48370668BE423AD07C4F3D
:1015100060370668BE4235D0794F78370668BE42DC
:1015200030D0774F90370668BE422BD0744FA83723
:101530000668BE4226D0734F0668BE4222D0714F65
:1015400014370668BE421DD06E4F28370668BE426B
:1015500018D06C4F3C370668BE4213D0694F5037E5
:101560000668BE420ED0674F64370668BE4209D097
:10157000644F78370668BE4204D0624F8C370668E5
:10158000BE4201D1012600E000263EB1D0E9197625
:101590007E60C66E16B1D0E91C767E60574F066835
:1015A000BE4249D0554F18370668BE4244D0534F0B
:1015B00030370668BE423FD0504F48370668BE42BB
:1015C0003AD04E4F60370668BE4235D04B4F783721
:1015D0000668BE4230D0494F90370668BE422BD0D5
:1015E000464FA8370668BE4226D0454F0668BE4221
:1015F00022D0434F18370668BE421DD0404F3037C7
:101600000668BE4218D03E4F48370668BE4213D027
:101610003B4F60370668BE420ED0394F78370668B8
:10162000BE4209D0364F90370668BE4204D0344FD0
:10163000A8370668BE4201D1012600E00026DEB1CF
:1016400090F85C6006F01F073F26BE40AE6006685B
:10165000366826F4802607683E60066873608668F0
:10166000402E04D10668B2600668F16044E0066866
:10167000B1600668F2603FE0224F0668BE4222D0A9
:10168000204F14370668BE421DD01E4F283706680B
:10169000BE4218D01B4F3C370668BE4213D0194FCC
:1016A00050370668BE420ED0164F64370668BE42F9
:1016B00009D0144F78370668BE4204D0114F8C37DA
:1016C0000668BE4201D1012600E00026A6B190F8CE
:1016D0005C6006F01F070126BE4066600668736006
:1016E0008668402E04D10668B2600668F16003E0A7
:1016F0000668B1600668F260F0BD000010000240AC
:101700001004024008540258704772B600BFFEE74A
:101710000748006840F002000549086000BF04481F
:101720000838006800F400500028F8D07047000026
:101730000C48025810B5024803F08CFB10BD0000A5
:101740001808002410B5024803F084FB10BD000007
:10175000B808002410B5024803F07CFB10BD00005F
:101760005809002410B501464A6B0868D0F8840077
:101770004FF6FC74A04340EA82000C68C4F8840071
:101780000868D0F8840020F47F04088F44EA004001
:101790000C68C4F88400886B02440868D0F888009C
:1017A0004FF6FC74A04340EA82000C68C4F888003D
:1017B0000868D0F8880020F4FE04888F44EA0040CE
:1017C0000C68C4F88800C86B02EB40020868D0F8C7
:1017D000A0004FF6FC74A04340EA82000C68C4F8F5
:1017E000A0000868D0F8A00020F4FE044020405A71
:1017F00044EA00400C68C4F8A000D1E9104004FBA2
:1018000000220868D0F8B0004FF6FC74A04340EA0C
:1018100082000C68C4F8B0000868D0F8B00020F46A
:10182000FE04B1F8480044EA00400C68C4F8B00077
:10183000D1E9124004FB00220868D0F8AC004FF652
:10184000FC74A04340EA82000C68C4F8AC00D1E903
:10185000144004FB00220868D0F8F0004FF6FC7436
:10186000A04340EA82000C68C4F8F0000868D0F891
:10187000F00020F47C14B1F8580044EA00400C68F1
:10188000C4F8F000886D02EB40020868D0F8C00090
:101890004FF6FC74A04340EA82000C68C4F8C00014
:1018A0000868D0F8C00020F47C14B1F85C0044EA69
:1018B00000400C68C4F8C0000868D0F8C00020F0F0
:1018C0007C5491F8600044EA00600C68C4F8C000E1
:1018D0002A4C486B04EB8000C866CC6E886B04EB26
:1018E00080040C670C6FC86B04EBC0044C67D1E933
:1018F000100460434C6F04EB80048C67D1E9120440
:1019000060438C6F04EB8004CC67D1E9140460431E
:10191000CC6F04EB8004802044504458886D04EB65
:10192000C004842044508C6EC86D60438424645885
:1019300004EB8004882044508C6E086E6043882439
:10194000645804EB80049020445040580C4CA04252
:1019500009D99831486840F020004860032001F818
:101960009809012010BDCB6E02E0002018601B1DFD
:10197000902040589842F8D80020F3E700AC00408F
:10198000FCD300402DE9F041054614461E46D1F82F
:1019900004C0BCF1000F0AD1D1F810C0D1F8088002
:1019A0004CEA080CB1F800804CEA88430BE0D1F80F
:1019B00010C04CF0804CD1F808804CEA080CD1F8EB
:1019C00000804CEA080391F82080D1F81CC04CEA52
:1019D000086CD1F818804CEA080CD1F814804CEA55
:1019E000080CB1F80C804CEA0847D5F868C00CFB2D
:1019F00006FCD5F8848008EB8C021360121D17607A
:101A0000121D002019E000F1030C14F80CC04FEA7D
:101A10000C6800F1020C14F80CC048EA0C4800F104
:101A2000010C14F80CC048EA0C2C14F800804CEAA5
:101A3000080CC2F800C0121D001DDFF81480D1F898
:101A40000CC018F80CC08445DDD8BDE8F08100005A
:101A500084240108964BDB8CA3F57A70002801DB07
:101A6000034600E04342142B04DD00239048A0F815
:101A7000443003E001238E48A0F844308C4B5B8D4A
:101A8000A3F57A70002801DB034600E04342142BE3
:101A900004DD00238648A0F8483003E00123844891
:101AA000A0F84830824B9B8CA3F5FA60002801DB3C
:101AB000034600E04342282B04DD00237C48A0F8C5
:101AC000423003E001237A48A0F84230784B5B8C27
:101AD000A3F57A70002801DB034600E04342142B93
:101AE00004DD0020724BA3F8400003E00120704B9E
:101AF000A3F840006E4B1B8DA3F57A70002801DB24
:101B0000034600E04342142B04DD00236848A0F89C
:101B1000463003E001236648A0F84630644B9B8DB5
:101B2000A3F5A570002801DB034600E04342322BF9
:101B300004DD00235E48A0F84A3003E001235C483E
:101B4000A0F84A305A4B1B8EA3F57A70002801DBAF
:101B5000034600E04342142B04DD00235448A0F860
:101B60004E3003E001235248A0F84E30504B9B8E7C
:101B7000A3F57A70002801DB034600E04342142BF2
:101B800004DD00234A48A0F8523003E0012348480E
:101B9000A0F85230464BDB8EA3F57A70002801DBAB
:101BA000034600E04342142B04DD00234048A0F824
:101BB000543003E001233E48A0F854303C4B1B8FC7
:101BC000A3F57A70002801DB034600E04342142BA2
:101BD00004DD00233648A0F8563003E001233448E2
:101BE000A0F85630324B5B8FA3F57A70002801DBEA
:101BF000034600E04342142B04DD00232C48A0F8E8
:101C0000583003E001232A48A0F85830284B9B8F16
:101C1000A3F57A70002801DB034600E04342142B51
:101C200004DD00232248A0F85A3003E001232048B5
:101C3000A0F85A30002100221D4890F844001C4BA7
:101C400093F8403040EA4303194890F8420043EAD1
:101C50008003174890F8480043EAC003144890F8FE
:101C6000460043EA0013124890F84A0043EA401045
:101C7000C1B20F4890F84E3090F8520043EA40034A
:101C80000B4890F8540043EA8003094890F8560046
:101C900043EAC003064890F8580043EA001304489A
:101CA00090F85A0043EA4010C2B242EA012070475D
:101CB000F8BE0024014671EE602AF0EE621AB0EE22
:101CC000602A30EE423A01208840401E02EE900A1F
:101CD000F8EEE22A63EE222A82EEA13AFCEEC32A53
:101CE00012EE900A704700002DE9F04103460A46C3
:101CF000D3ED010AB0EE600A10209FED261ADFED49
:101D0000260AFFF7D7FF84B2D3ED020AB0EE600ACD
:101D10000E209FED201ADFED200AFFF7CBFF85B2E2
:101D2000D3ED030AB0EE600A10209FED1A1ADFED22
:101D30001A0AFFF7BFFF86B2D3ED040AB0EE600ABD
:101D40000A209FED161ADFED160AFFF7B3FF87B2E0
:101D5000D3ED050AB0EE600A08209FED121ADFED00
:101D6000100AFFF7A7FF1FFA80F8147020125070B6
:101D7000957007F00300C5F3052141EA8010D0708B
:101D8000C7F38700107182F8058096713012D07108
:101D9000BDE8F08100002042000020C200C07F4466
:101DA0000000000000004C42024641EA4210704729
:101DB00010B52DED028B6F4890ED090A6E48D0EDFD
:101DC000180A6E4890ED001A70EEC10A30EE600AF3
:101DD000684880ED050A6A4890ED140A6948D0ED1C
:101DE000000A30EE600A6348D0ED0A0A30EE600A5D
:101DF000D0ED050A30EE200A80ED060A624890ED2B
:101E0000390A5C4880ED070A6048D0ED390A9FED39
:101E1000601A80EE810ADFED5F0A20EE200A554845
:101E200080ED080A007C10B101287CD147E05148C0
:101E3000D0ED060AB0EE600A0DF0F8F84D48D0ED8E
:101E40000B0A20EE200A80ED010A90ED0D0AD0ED7C
:101E5000070A20EE200A9FED501AC0EE010A90ED0D
:101E60000E0A30EE808AD0ED050AB0EE600A0DF061
:101E7000DDF828EE000A3F48D0ED110A90ED011A76
:101E800000EE810A80ED000AD0ED050AB0EE600A8E
:101E90000DF074F93748D0ED140A20EE200A80EDD9
:101EA000020AD0ED080AB0EE600A0DF067F9314879
:101EB000D0ED160A20EE200A80ED030A56E02D48E8
:101EC000D0ED060AB0EE600A0DF0B0F82948D0ED6A
:101ED0000C0A20EE200A80ED010A90ED0F0AD0EDE9
:101EE000070A20EE200ADFED2C0A80EE201A90ED82
:101EF000100A31EE008AD0ED050AB0EE600A0DF04E
:101F000095F828EE000A1B48D0ED130A90ED071A49
:101F100020EE811ADFED201AC1EE210A90ED121A8F
:101F200070EE810A00E020E090ED011A00EE810AD7
:101F300080ED000AD0ED050AB0EE600A0DF01EF942
:101F40000C48D0ED150A20EE200A80ED020AD0EDF3
:101F5000080AB0EE600A0DF011F90648D0ED160A35
:101F600020EE200A80ED030A00E000BF00BFBDECB8
:101F7000028B10BD38C000243C030024A4030024BD
:101F800018C5002408040024000100241C020024B9
:101F900000003443DB0F494000007A449FED1C0AE7
:101FA0001C4880ED090A9FED1C0A80ED0A0A9FED8E
:101FB0001B0A80ED0B0A9FED1A0A80ED0C0A9FEDBB
:101FC000190A80ED0D0A9FED180A80ED0F0A9FEDAA
:101FD000170A80ED0E0ABFEE000A80ED100A9FED91
:101FE000140A80ED110A9FED130A80ED130A9FED8C
:101FF000120A80ED120A9FED110A80ED140A9FED7E
:10200000100A80ED150A9FED0F0A80ED160A704741
:10201000FED4F83F38C00024736821C09A99993ED5
:1020200085EB31403333B3BE85EB51BFB81E05BFDE
:10203000AE47E1BDCDCC4CBD0AD723BD0080D44313
:10204000000096440000484410B54FF6FF72037933
:1020500003F080033BB11304047943EA0423447979
:1020600043EA040103E04379047943EA042100EEE2
:10207000101AB8EEC00A10BD4A780B7842EA032263
:1020800000EE102AB8EEC00A80ED370A90ED370A4C
:10209000704710B54FF6FF72837803F080033BB1B1
:1020A0001304847843EA0423C47843EA040103E078
:1020B000C378847843EA042100EE101AB8EEC00A0F
:1020C00010BD0000194890ED000A19481949097817
:1020D00000EB810080ED000A144890ED030A1448DB
:1020E0001549097800EB810080ED000A0F4890ED5A
:1020F000020A0F481149097800EB810080ED000ABF
:102100000A4890ED010A0A480D49097800EB810060
:1021100080ED000A054890ED040A05480949097850
:1021200000EB810080ED000A7047000058BF0024DA
:102130005C040024E0040024E1040024E204002400
:10214000E3040024E404002410B5FE48007C48B9F0
:10215000FFF7B8FF0020FB49C86001200874012187
:10216000F848C171F748C068B0F5C87F7ED2F5481D
:10217000C068401CF349C860F349097801EB81014C
:10218000F24A02EB8101F24A127801EB820191EDF1
:10219000001AF0EE410AEB49C8681431EC4A127893
:1021A00001EB820191ED001AB0EE410A4FF4C871C3
:1021B0000EF01CFFE3482830E549097800EB810068
:1021C00080ED000AE049097801EB8101DF4A02EB6A
:1021D0008101E04A127801EB820191ED001AF0EEE4
:1021E000410AD849C8681431DA4A127801EB8201F1
:1021F00091ED001AB0EE410A4FF4C8710EF0F6FEF0
:10220000D0482830D349097800EB810080ED000ADE
:10221000CD49097801EB8101CC4A02EB8101CE4A1C
:10222000127801EB820191ED001AF0EE410AC549E6
:10223000C8681431C84A127801EB820191ED001A86
:10224000B0EE410A4FF4C8710EF0D0FEBD48283000
:10225000C149097800EB810080ED000ABA4909788C
:1022600001EB8101B94A02EB810100E021E0BB4AA8
:10227000127801EB820191ED001AF0EE410AB149AA
:10228000C968A1F1C800AF491431B44A127801EB12
:10229000820191ED001AB0EE410AC8210EF0A6FEAF
:1022A000A8482830AD49097800EB810080ED000A8C
:1022B000D1E1A448C068B0F5C87F7CD3A148C0680C
:1022C000B0F52F7F77D29F48C068401C9D49C860F9
:1022D0009D49097801EB81019C4A02EB81019C4AEE
:1022E000127801EB820191ED001AB0EE410A954996
:1022F000C968A1F5C8709A49954A127801EB820124
:1023000091ED001AF0EE410A4FF496710EF06EFE58
:102310008C4828308E49097800EB810080ED000A56
:102320008949097801EB8101884A02EB8101894AD8
:10233000127801EB820191ED001AB0EE410A814959
:10234000C968A1F5C8708649824A127801EB8201FA
:1023500091ED001AF0EE410A4FF496710EF046FE30
:10236000784828307B49097800EB810080ED000A2D
:102370007549097801EB8101744A02EB8101764AC3
:10238000127801EB820191ED001AB0EE410A6D491D
:10239000C968A1F5C87072496F4A127801EB8201D1
:1023A00091ED001AB7EEC11AB5EE002B31EE021B0B
:1023B000B7EEC11B00E00EE0F0EE410A4FF496715B
:1023C0000EF014FE5F4828306349097800EB810065
:1023D00080ED000A3FE15B48C068B0F52F7F3AD33B
:1023E0005848C068B0F5966F35D25648C068401C52
:1023F0005449C86001205B49087200215948817224
:102400005049C968A1F52F705549534A127801EB1C
:10241000820191ED001AF0EE410A51494E4A1278BC
:1024200001EB820191ED001AB7EEC11AB5EE002B57
:1024300031EE021BB7EEC11BB0EE410A4FF4C8717A
:102440000EF0D4FD3F4828304349097800EB810065
:1024500080ED000AFFE03B48C068B0F5966F10D3EE
:102460003848C06840F2E24188420AD23548C06824
:10247000401C3449C86000213A4841720121C172B0
:10248000E9E03048C06840F2E241884259D32D4823
:10249000C068B0F5E16F54D22A48C068401C294991
:1024A000C8600846C06840F22D5188422AD20021F7
:1024B0002C4841720121C1722249C968A1F2E2404F
:1024C0002749244A127801EB820191ED001ADFEDD1
:1024D000261A31EE211AF0EE410A21491D4A1278DE
:1024E00001EB820191ED001AB0EE410A4B210EF092
:1024F0007DFD144828301749097800EB810080EDF4
:10250000000A44E0002117484172C1720E4909785F
:1025100001EB81010D4A02EB81010E4A127801EBB9
:10252000820191ED001AF0EE410A0649C968A1F551
:10253000AF600B49074A127801EB820191ED001A56
:1025400014E07CE048040024E7040024EC040024A8
:10255000E0040024E1040024E2040024E304002455
:1025600064070024BEBF002400001643DFED3A1AC2
:1025700031EE211AB0EE410A4FF496710EF036FD9D
:1025800036483749097800EB810080ED000A0120C8
:10259000344908743449097801EB8101334A02EB6C
:1025A0008101334A127801EB820191ED001AF0EEBD
:1025B000410A2A492839C968A1F2E2402D492C4A2A
:1025C000127801EB820191ED001AB0EE410A40F25F
:1025D00026210DF08DFC21482549097800EB81006A
:1025E00080ED000A2049097801EB81011F4A02EBC6
:1025F0008101214A127801EB820191ED001ADFED91
:102600001F1A31EE611AF0EE410A14492839C968DF
:10261000A1F2E2401749184A127801EB820191EDCC
:10262000001AB0EE410A40F226210DF061FC0B4881
:102630001149097800EB810080ED000A0BE00020D1
:10264000064928390874022104482838C171182025
:1026500002492839087010BD0000C84270040024E7
:10266000E104002438C00024E7040024EC04002422
:10267000E004002464070024E20400248FC2F53C37
:1026800010B56248007C50B9FFF71CFD00205F497F
:10269000C86001215D48C17101205C4908745B4834
:1026A000C06840F2DC5188427ED25848C068401C65
:1026B0005649C8600120564908745649097801EB0B
:1026C0008101554A02EB8101544A127801EB8201E3
:1026D00091ED001AF0EE410A4C49C86814314F4A96
:1026E000127801EB820191ED001AB0EE410A4FF42D
:1026F000C8710EF07BFC454828304849097800EB4A
:10270000810080ED000A4349097801EB8101424ACA
:1027100002EB8101424A127801EB820191ED001A2D
:10272000F0EE410A3949C86814313D4A127801EB8C
:10273000820191ED001AB0EE410A4FF4C8710EF01B
:1027400055FC324828303649097800EB810080ED8D
:10275000000A3049097801EB81012F4A02EB81011F
:10276000304A127801EB820191ED001AF0EE410A35
:102770002649C86814312B4A127801EB820191ED89
:10278000001AB0EE410A4FF496610EF02FFC1F487C
:1027900028302449097800EB810080ED000A1D49AA
:1027A000097801EB810100E025E01B4A02EB810181
:1027B0001D4A127801EB820191ED001AF0EE410AF8
:1027C0001249C968A1F5966010491431164A127869
:1027D00001EB820191ED001AB0EE410A4FF49671BF
:1027E0000EF004FC094828300F49097800EB8100FD
:1027F00080ED000A08E00020044908740221034823
:10280000C17118200149087010BD0000480400245F
:1028100038C00024E7040024EC040024E004002471
:10282000E1040024E2040024E304002410B5E0489D
:10283000007C68B9FFF746FC0020DD49C860012133
:10284000DB48C1710120DA4908740020D9490870B9
:10285000D748C06840F24C4188427DD2D448C06815
:10286000401CD349C8600120D34908720021D248D6
:102870008172CF4890F83C0000286ED1CC49C968DD
:10288000A1F5AF70CD49CE4A127801EB820191EDEE
:10289000001AF0EE410AC6491431C94A127801EB18
:1028A000820191ED001AB0EE410A40F2EE210EF0E5
:1028B0009DFBBF482830C249097800EB810080EDBC
:1028C000000ABB49C968A1F52F70BC49BD4A1278FE
:1028D00001EB820191ED001ADFEDBB1A31EE611AB6
:1028E000F0EE410AB2491431B64A127801EB820186
:1028F00091ED001AB0EE410A4FF4C8710DF0F8FAEC
:10290000AB482830AF49097800EB810080ED000A20
:10291000A749C968A1F5AF70A849AC4A127801EB84
:10292000820191ED001AF0EE410AA1491431A74A43
:10293000127801EB820191ED001AB0EE410A40F2EB
:10294000EE210EF053FB9A482830A049097800EB9D
:10295000810080ED000A01E0B6E021E09449C868FA
:1029600096499B4A127801EB820191ED001AF0EE34
:10297000410A8F491431964A127801EB820191ED98
:10298000001AB0EE410A4FF4AF710EF02FFB8848E9
:1029900028308F49097800EB810080ED000A06E1BC
:1029A000834890F83C000128F9D18149C968A1F514
:1029B000AF708849824A127801EB820191ED001ACA
:1029C000F0EE410A7A4914317D4A127801EB820116
:1029D00091ED001AB0EE410A40F2EE210EF006FB36
:1029E000734828307649097800EB810080ED000AB1
:1029F0006F49C968A1F52F707649724A127801EBC8
:102A0000820191ED001ADFED701A31EE611AF0EEDD
:102A1000410A674914316B4A127801EB820191ED4A
:102A2000001AB0EE410A4FF4C8710DF061FA604827
:102A300028306449097800EB810080ED000A5C4988
:102A4000C968A1F5AF706349604A127801EB820151
:102A500091ED001AF0EE410A554914315B4A1278A3
:102A600001EB820191ED001AB0EE410A40F2EE2135
:102A70000EF0BCFA4E4828305449097800EB81002A
:102A800080ED000A4A49C8685249514A127801EB60
:102A9000820191ED001AF0EE410A454914314C4A89
:102AA000127801EB820191ED001AB0EE410A4FF469
:102AB000AF710EF09BFA3E4828304549097800EB8B
:102AC000810080ED000A72E03948C06840F24C4154
:102AD00088425FD33648C068B0F5AF6F5AD23448E9
:102AE000C068401C3249C860084690F83C0028BBCA
:102AF000C968A1F24C403149324A127801EB820197
:102B000091ED001AF0EE410A2C492E4A127801EBA1
:102B1000820191ED001ADFED2C1A31EE611AB0EE50
:102B2000410A4FF496710DF0E3F921482830254908
:102B3000097800EB810080ED000A38E01C4890F82D
:102B40003C00012833D11A49C968A1F24C402149FF
:102B50001C4A127801EB820191ED001AF0EE410A55
:102B60001C49184A127801EB820191ED001ADFED41
:102B7000161A31EE611AB0EE410A4FF496710DF05B
:102B8000B7F90B4828300F49097800EB810080ED38
:102B9000000A0CE00648C068B0F5AF6F07D300200C
:102BA000034908741920087001200249087010BDFB
:102BB00048040024FD000024BEBF00247807002440
:102BC000E0040024E10400240000C843E2040024DF
:102BD000E30400248C07002410B54548007C30B97C
:102BE000FFF770FA00204249C8600120087440488D
:102BF000C06896282AD23E48C068401C3C49C8603C
:102C00003C49097801EB81013B4A02EB81013B4AD7
:102C1000127801EB820191ED001AF0EE410A34497D
:102C2000C8681431354A127801EB820191ED001A1F
:102C3000B0EE410A32210DF05BF92D4828302F49C2
:102C4000097800EB810080ED000A4FE02848C06859
:102C500096283BD32648C068B0F5617F36D2244819
:102C6000C068401C2249C8600121254801732549DC
:102C7000097801EB8101204A02EB81011F4A127899
:102C800001EB820191ED001AF0EE410A1949097831
:102C900001EB8101184A02EB8101184A127801EB1D
:102CA000820191ED001AB0EE410A1149C968A1F5FF
:102CB000C8704FF4FA710DF01BF90D4828300F4918
:102CC000097800EB810080ED000A0FE00020084940
:102CD00008740B48007810B10220087006E002204A
:102CE00003490871012048741820087010BD0000C5
:102CF000480400245005002454050024E404002462
:102D0000BEBF00245105002400BFFFF751F805485D
:102D1000008B401C81B20348018301200DF064FA4E
:102D2000F3E70000F8BE00242DE9F041044602F06C
:102D3000B9FE804614B90120BDE8F08194F8350051
:102D4000022808D08020606500BF002084F834008D
:102D500000BF0120F0E7FE492068884249D0FC49C5
:102D600018312068884244D0F949303120688842BF
:102D70003FD0F7494831206888423AD0F449603161
:102D80002068884235D0F24978312068884230D0B6
:102D9000EF499031206888422BD0ED49A831206856
:102DA000884226D0EB492068884222D0E949183170
:102DB000206888421DD0E74930312068884218D009
:102DC000E44948312068884213D0E24960312068E4
:102DD00088420ED0DF4978312068884209D0DD4929
:102DE00090312068884204D0DA49A83120688842AE
:102DF00001D1012000E0002068B12068006820F0C7
:102E00001E00216808602068406920F08000216869
:102E10004861256806E02068006820F00E002168FF
:102E200008602568CA492068884270D0C8491831AE
:102E3000206888426BD0C64930312068884266D00D
:102E4000C34948312068884261D0C1496031206857
:102E500088425CD0BE4978312068884257D0BC494E
:102E600090312068884252D0B949A8312068884200
:102E70004DD0B8492068884249D0B64918312068F9
:102E8000884244D0B3493031206888423FD0B149AC
:102E90004831206888423AD0AE4960312068884283
:102EA00035D0AC4978312068884230D0A94990317A
:102EB000206888422BD0A749A8312068884226D0B4
:102EC000A5492068884222D0A3491431206888424D
:102ED0001DD0A14928312068884218D09E493C3134
:102EE0002068884213D09C495031206888420ED017
:102EF000994964312068884209D09749783120681F
:102F0000884204D094498C312068884201D1012044
:102F100000E0002028B1206E006820F48070216E4F
:102F200008608B492068884249D089491831206857
:102F3000884244D086493031206888423FD0844955
:102F40004831206888423AD08149603120688842FF
:102F500035D07F4978312068884230D07C49903123
:102F6000206888422BD07A49A8312068884226D030
:102F700078492068884222D07649183120688842F2
:102F80001DD0744930312068884218D071494831C9
:102F90002068884213D06F496031206888420ED083
:102FA0006C4978312068884209D06A49903120689C
:102FB000884204D06749A8312068884206D1206839
:102FC000006820F001002168086005E020680068C2
:102FD00020F001002168086011E002F063FDA0EB21
:102FE000080005280BD920206065032084F83500EF
:102FF00000BF002084F8340000BF01209CE6286850
:1030000000F001000028E8D151492068884249D0E9
:103010004F4918312068884244D04D4930312068EA
:1030200088423FD04A494831206888423AD04849CE
:1030300060312068884235D045497831206888421F
:1030400030D043499031206888422BD04049A83184
:103050002068884226D03F492068884222D03D49D6
:103060001831206888421DD03A49303120688842A2
:1030700018D0384948312068884213D0354960312A
:10308000206888420ED0334978312068884209D0C0
:10309000304990312068884204D02E49A8312068F8
:1030A000884201D1012000E0002040B1A66D94F8D3
:1030B0005C0000F01F013F208840B06007E0A76D72
:1030C00094F85C0000F01F010120884078602049DE
:1030D0002068884276D01E4918312068884271D015
:1030E0001B493031206888426CD01949483120682A
:1030F000884267D0164960312068884262D01449FE
:103100007831206888425DD011499031206888422A
:1031100058D00F49A8312068884253D00D49206803
:1031200088424FD00B491831206888424AD009495B
:1031300030312068884245D00649483120688842AD
:1031400040D004496031206888423BD0014905E005
:1031500010000240100402400854025878312068E0
:1031600088422FD02549206888422BD02349183126
:103170002068884226D022492068884222D02049EF
:103180001431206888421DD01D49283120688842AA
:1031900018D01B493C312068884213D0184950315F
:1031A000206888420ED0164964312068884209D0D0
:1031B000134978312068884204D011498C31206845
:1031C000884201D1012000E0002068B1D4E9191043
:1031D0004860E06E40B1E06E006820F48070E16EFF
:1031E0000860D4E91C104860012084F8350000BF55
:1031F000002084F8340000BF00BF9DE5A004024019
:103200000854025870B504460CB9012070BD94F8FA
:103210003500022803D0802060650120F6E7DC49F4
:103220002068884249D0DA4918312068884244D061
:10323000D7493031206888423FD0D549483120688D
:1032400088423AD0D24960312068884235D0D0498E
:1032500078312068884230D0CD499031206888424A
:103260002BD0CB49A8312068884226D0C949206894
:10327000884222D0C7491831206888421DD0C549EC
:1032800030312068884218D0C249483120688842CD
:1032900013D0C0496031206888420ED0BD497831D2
:1032A0002068884209D0BB4990312068884204D008
:1032B000B849A8312068884201D1012000E00020EF
:1032C000F0B3042084F83500B149206888424BD01F
:1032D000AF4918312068884246D0AD493031206866
:1032E000884241D0AA494831206888423CD0A84948
:1032F00060312068884237D0A549783120688842FB
:1033000032D0A3499031206888422DD0A049A831FD
:103310002068884228D09F492068884224D09D494F
:103320001831206888421FD09A493031206888427D
:103330001AD0984948312068884215D0954900E054
:1033400020E06031206888420ED0924978312068B0
:10335000884209D08F4990312068884204D08D4935
:10336000A8312068884206D12068006820F001005A
:103370002168086009E12068006820F001002168E8
:10338000086002E12068006820F00E0021680860F3
:103390007F492068884249D07D4918312068884299
:1033A00044D07B493031206888423FD07849483149
:1033B000206888423AD0764960312068884235D00A
:1033C000734978312068884230D071499031206843
:1033D00088422BD06E49A8312068884226D06D499A
:1033E0002068884222D06B491831206888421DD05D
:1033F000684930312068884218D0664948312068D1
:10340000884213D063496031206888420ED06149F8
:1034100078312068884209D05E499031206888421E
:1034200004D05C49A8312068884206D12068006831
:1034300020F001002168086005E02068006820F0A5
:1034400001002168086052492068884270D05049C4
:103450001831206888426BD04D493031206888424D
:1034600066D04B4948312068884261D04849603174
:10347000206888425CD0464978312068884257D01D
:10348000434990312068884252D04149A831206890
:1034900088424DD03F492068884249D03D49183183
:1034A0002068884244D03B493031206888423FD070
:1034B00038494831206888423AD03649603120681E
:1034C000884235D0334978312068884230D031493C
:1034D0009031206888422BD02E49A831206888423C
:1034E00026D02D492068884222D02B4914312068EB
:1034F00088421DD0284928312068884218D02649A2
:103500003C312068884213D02349503120688842DA
:103510000ED0214964312068884209D01E49783193
:103520002068884204D01C498C312068884201D12F
:10353000012000E00020D8B1206E006820F48070E7
:10354000216E0860A56D94F85C0000F01F01012059
:1035500088406860D4E919104860E06E40B1E06EC0
:10356000006820F48070E16E0860D4E91C104860A7
:10357000012084F8350000BF002084F8340000BF2B
:10358000206D10B12046216D884700203EE60000E6
:103590001000024010040240085402580146486DD1
:1035A000704700002DE9F84F044600200090FE48C7
:1035B00000684FF41651B0FBF1FAA66DD4F85880AC
:1035C0003768D8F80090F9492068884249D0F7490F
:1035D00018312068884244D0F4493031206888424C
:1035E0003FD0F2494831206888423AD0EF496031F3
:1035F0002068884235D0ED4978312068884230D043
:10360000EA499031206888422BD0E849A8312068E7
:10361000884226D0E6492068884222D0E449183101
:10362000206888421DD0E24930312068884218D095
:10363000DF4948312068884213D0DD496031206875
:1036400088420ED0DA4978312068884209D0D849BA
:1036500090312068884204D0D549A831206888423A
:1036600001D1012000E0002000287DD094F85C000A
:1036700000F01F01082088403840002868D0CB495E
:103680002068884249D0C94918312068884244D00E
:10369000C6493031206888423FD0C449483120684B
:1036A00088423AD0C14960312068884235D0BF494C
:1036B00078312068884230D0BC49903120688842F7
:1036C0002BD0BA49A8312068884226D0B849206852
:1036D000884222D0B6491831206888421DD0B449AA
:1036E00030312068884218D0B1494831206888427A
:1036F00013D0AF496031206888420ED0AC49783190
:103700002068884209D0AA4990312068884204D0B4
:10371000A749A8312068884204D12068006800F0D9
:10372000040003E02068006800F0080080B1206811
:10373000006820F004002168086094F85C0000F044
:103740001F0108208840B060606D40F00100606596
:1037500094F85C0000F01F01012088403840E8B375
:1037600092492068884200E0B7E24BD08F49183177
:103770002068884246D08D4930312068884241D047
:103780008A494831206888423CD0884960312068A5
:10379000884237D0854978312068884232D08349C1
:1037A0009031206888422DD08049A8312068884215
:1037B00028D07F492068884224D07D49183120686C
:1037C00088421FD07A493031206888421AD078491F
:1037D00048312068884215D0754900E026E0603104
:1037E000206888420ED0724978312068884209D01A
:1037F0006F4990312068884204D06D49A831206813
:10380000884204D12068406900F0800002E020680E
:103810000068002050B194F85C0000F01F01012006
:103820008840B060606D40F00200606594F85C0014
:1038300000F01F01042088403840E8B35B4920684D
:1038400088424BD0594918312068884246D05749A0
:1038500030312068884241D054494831206888423C
:103860003CD0524960312068884237D04F49783186
:103870002068884232D04D499031206888422DD04E
:103880004A49A8312068884228D04949206888429E
:1038900024D047491831206888421FD0444930312C
:1038A000206888421AD0424948312068884215D0A1
:1038B0003F496031206800E024E088420ED03C4956
:1038C00078312068884209D039499031206888428F
:1038D00004D03749A8312068884204D120680068A4
:1038E00000F0020002E020680068002050B194F867
:1038F0005C0000F01F0104208840B060606D40F063
:103900000400606594F85C0000F01F0110208840FE
:103910003840E8B325492068884251D023491831FE
:10392000206888424CD0214930312068884247D0F5
:103930001E4948312068884242D01C4960312068C5
:1039400088423DD0194978312068884238D01749DB
:1039500090312068884233D01449A83120688842C9
:103960002ED01349206888422AD011491831206886
:10397000884225D00E4930312068884220D00C4939
:103980004831206888421BD009496031206800E036
:103990004DE0884214D006497831206888420FD023
:1039A00003499031206805E02C00002410000240FB
:1039B00010040240884203D0FE492068884204D1A6
:1039C0002068006800F0080003E02068006800F04C
:1039D000040060B394F85C0000F01F0110208840E0
:1039E000B0602068006800F4802080B12068006822
:1039F00000F4002028B9206CC8B12046216C88470B
:103A000015E0A06C98B12046A16C88470FE02068B3
:103A1000006800F4807028B92068006820F0080071
:103A200021680860206C10B12046216C884794F80A
:103A30005C0000F01F0120208840384000287DD025
:103A4000DD492068884249D0DB4918312068884226
:103A500044D0D9493031206888423FD0D6494831D6
:103A6000206888423AD0D44960312068884235D0F5
:103A7000D14978312068884230D0CF4990312068D0
:103A800088422BD0CC49A8312068884226D0C94929
:103A9000A8392068884221D0C649903920688842D8
:103AA0001CD0C44978392068884217D0C149603990
:103AB0002068884212D0BF494839206888420DD01A
:103AC000BC4930392068884208D0BA491839206882
:103AD000884203D0B7492068884204D12068006832
:103AE00000F0100003E02068006800F0020028B336
:103AF00094F85C0000F01F0120208840B06094F82A
:103B0000350004282DD12068006820F016002168B7
:103B100008602068406920F0800021684861206CBE
:103B200008B9A06C28B12068006820F0080021685E
:103B3000086094F85C0000F01F0100E03FE03F20C7
:103B40008840B060012084F8350000BF002084F870
:103B5000340000BF206D10B12046216D8847BDE8BC
:103B6000F88F2068006800F4802080B12068006829
:103B700000F4002028B9606C08B32046616C8847C7
:103B80001DE0E06BD8B12046E16B884717E0206864
:103B9000006800F4807068B92068006820F01000A8
:103BA00021680860012084F8350000BF002084F8F7
:103BB000340000BFE06B10B12046E16B8847606DB8
:103BC00000287AD0606D00F00100E8B3042084F88A
:103BD00035007949206888424BD0774918312068F0
:103BE000884246D0744930312068884241D07249B9
:103BF0004831206888423CD06F4960312068884253
:103C000037D06D4978312068884232D06A49903186
:103C1000206888422DD06849A8312068884228D081
:103C20006449A8392068884223D0624990392068C5
:103C300088421ED05F4978392068884219D05D4992
:103C400060392068884200E040E012D05949483984
:103C5000206888420DD0574930392068884208D002
:103C6000544918392068884203D052492068884254
:103C700006D12068006820F001002168086005E096
:103C80002068006820F001002168086000BF0098EB
:103C9000401C0090504500D905E02068006800F005
:103CA00001000028F3D100BF2068006800F0010087
:103CB00020B1032084F8350003E00DE0012084F8F2
:103CC000350000BF002084F8340000BFE06C0028FD
:103CD00002D02046E16C8847D9E138492068884203
:103CE00022D036491431206888421DD0334928310A
:103CF0002068884218D031493C312068884213D06E
:103D00002E495031206888420ED02C4964312068F9
:103D1000884209D0294978312068884204D027494F
:103D20008C312068884201D1012000E00020002869
:103D3000D2D02068056894F85C0000F01F010420D0
:103D4000884000EA0900D8B305F00400C0B394F835
:103D50005C0000F01F0104208840C8F8040005F44E
:103D6000004080B105F4803030B9A06C0028B3D099
:103D70002046A16C88478AE1206C0028ACD0204600
:103D8000216C884783E105F02000E8BB0A492068E0
:103D9000884253D008491831206888424ED00649DD
:103DA00030312068884249D0034948312068884230
:103DB00044D006E0B8040240100002400854025803
:103DC0004FE0B44960312068884237D0B14978313A
:103DD0002068884232D0AF499031206888422DD087
:103DE000AC49A8312068884228D0AB492068884275
:103DF00024D0A9491831206888421FD0A649303103
:103E0000206888421AD000E025E0A34948312068A4
:103E1000884213D0A0496031206888420ED09E4964
:103E200078312068884209D09B49903120688842C7
:103E300004D09949A8312068884206D120680068DA
:103E400020F008002168086005E02068006820F084
:103E5000040021680860206C10B32046216C88475C
:103E600015E194F85C0000F01F010220884000EA90
:103E70000900E8B305F00200D0B394F85C0000F04C
:103E80001F0102208840C8F8040005F4004070B10A
:103E900005F4803028B9606C10B12046616C884709
:103EA000F5E0E06BF0B32046E16B8847EFE005F00A
:103EB0002000C0BB7749206888424ED07549183130
:103EC0002068884249D0734930312068884244D004
:103ED00070494831206888423FD06E49603120687F
:103EE00088423AD06B4978312068884235D000E06A
:103EF0004EE068499031206888422ED06549A8314B
:103F00002068884229D064492068884225D06249C7
:103F100018312068884220D05F49303120688842BB
:103F20001BD001E06EE02DE05B49483120688842FB
:103F300013D059496031206888420ED056497831F3
:103F40002068884209D0544990312068884204D0C2
:103F50005149A8312068884206D12068006820F0C5
:103F600014002168086005E02068006820F00A005D
:103F700021680860012084F8350000BF002084F823
:103F8000340000BFE06BE8B32046E16B88477EE079
:103F900094F85C0000F01F010820884000EA090046
:103FA00080B305F0080068B33A49206888424BD0D6
:103FB000384918312068884246D036493031206867
:103FC000884241D033494831206888423CD0314949
:103FD00060312068884237D02E4978312068884285
:103FE00032D02C499031206888422DD02949A831FF
:103FF0002068884228D028492068884224D0264951
:10400000183100E043E0206888421DD02249303159
:104010002068884218D0204948312068884213D04F
:104020001D496031206888420ED01B4978312068D4
:10403000884209D0184990312068884204D0164936
:10404000A8312068884206D12068006820F01C0052
:104050002168086005E02068006820F00E002168F3
:10406000086094F85C0000F01F0101208840C8F847
:1040700004000120606584F8350000BF002084F84A
:10408000340000BFE06C10B12046E16C884700BFEF
:1040900065E5000010000240100402402DE9F041E7
:1040A000044601F0FFFC804614B90120BDE8F08110
:1040B000FE492068884249D0FC491831206888426E
:1040C00044D0FA493031206888423FD0F74948311E
:1040D000206888423AD0F54960312068884235D05E
:1040E000F24978312068884230D0F0499031206818
:1040F00088422BD0ED49A8312068884226D0EC496F
:104100002068884222D0EA491831206888421DD0B0
:10411000E74930312068884218D0E54948312068A5
:10412000884213D0E2496031206888420ED0E049CD
:1041300078312068884209D0DD4990312068884272
:1041400004D0DB49A8312068884201D1012000E079
:104150000020002873D0606A00B100BF022084F8FC
:10416000350000BF002084F8340000BFCF4920682C
:10417000884249D0CD4918312068884244D0CB4983
:104180003031206888423FD0C84948312068884291
:104190003AD0C64960312068884235D0C349783169
:1041A0002068884230D0C1499031206888422BD0A5
:1041B000BE49A8312068884226D0BD49206888427F
:1041C00022D0BB491831206888421DD0B84930310F
:1041D0002068884218D0B64948312068884213D0F8
:1041E000B3496031206888420ED0B14978312068E7
:1041F000884209D0AE4990312068884204D0AC4949
:10420000A8312068884206D12068006820F00100AB
:104210002168086005E02068006820F0010021683E
:1042200008600DE001F03EFCA0EB0800052807D96E
:1042300020206065032084F83500012036E769E01E
:104240002068006800F001000028EBD120680568B4
:1042500098480540D4E9020108432169084361698F
:104260000843A1690843E1690843216A08430543FB
:10427000606A042803D1D4E90B0108430543606850
:10428000292802D360682E2817D960683F2802D3F6
:104290006068422811D96068472802D360684828BE
:1042A0000BD960684F2802D36068522805D960682E
:1042B000742804D36068772801D8012000E000202A
:1042C00008B145F48015206805602068456925F02F
:1042D0000705606A0543606A04280DD1A06A05439A
:1042E000E06A48B12046FDF77DF828B140206065BE
:1042F000012084F83500D9E6206845612046FCF7A6
:104300004DFF064694F85C0000F01F013F208840F6
:10431000B0609EE068492068884222D06649143126
:10432000206888421DD0644928312068884218D00E
:1043300061493C312068884213D05F495031206880
:1043400088420ED05C4964312068884209D05A49BD
:1043500078312068884204D057498C3120688842DF
:1043600001D1012000E00020E0B3534920688842D9
:1043700022D051491431206888421DD04E4928313D
:104380002068884218D04C493C312068884213D0BC
:1043900049495031206888420ED04749643120682D
:1043A000884209D0444978312068884204D0424983
:1043B0008C312068884201D1012000E0002000B14A
:1043C00000BF022084F8350000BF002084F83400CC
:1043D00000BF2068056839480540A068402802D120
:1043E000102106E02EE0A068802801D1C10100E084
:1043F0000021E06841EAD001206941EAD00160690A
:1044000041EAD001A06941EAD001E06941EAD00166
:10441000206A41EA1010054320680560264920689B
:10442000401A1421B0FBF1F08000E0652046FCF753
:10443000B5FE074694F85C0000F01F01012088409B
:10444000786006E040206065032084F83500012094
:104450002CE61649206888427AD014491831206821
:10446000884275D0114930312068884270D00F4998
:104470004831206888426BD00C49603120688842FE
:1044800066D00A4978312068884261D00749903166
:10449000206888425CD00549A8312068884257D0FE
:1044A00003492068884253D0014909E010000240C6
:1044B000100402403F8010FE085402580F00FEFF17
:1044C00018312068884243D03749206888423FD05D
:1044D00035491831206888423AD033493031206854
:1044E000884235D0304948312068884230D02E4942
:1044F0006031206888422BD02B497831206888426F
:1045000026D02A492068884222D0284914312068C0
:1045100088421DD0254928312068884218D0234977
:104520003C312068884213D02049503120688842AD
:104530000ED01E4964312068884209D01B49783169
:104540002068884204D019498C312068884201D102
:10455000012000E0002000B32046FCF795FEA06893
:10456000802801D1002060602079216E0860D4E9A4
:1045700019104860606860B16068082809D8204652
:10458000FCF7E4FE0020E16E0860D4E91C104860EE
:1045900003E00020E066206760670020606501207E
:1045A00084F83500002081E5400402400854025898
:1045B0002DE9F04104460D4616461F464FF000080F
:1045C00014B90120BDE8F08100BF94F8340001283F
:1045D00001D10220F6E7012084F8340000BF94F8EE
:1045E000350001287ED1022084F835000020606566
:1045F000E4492068884249D0E2491831206888425D
:1046000044D0E0493031206888423FD0DD4948310C
:10461000206888423AD0DB4960312068884235D032
:10462000D84978312068884230D0D6499031206806
:1046300088422BD0D349A8312068884226D0D2495D
:104640002068884222D0D0491831206888421DD085
:10465000CD4930312068884218D0CB494831206894
:10466000884213D0C8496031206888420ED0C649BC
:1046700078312068884209D0C34990312068884247
:1046800004D0C149A8312068884206D1206800685A
:1046900020F001002168086005E02068006820F033
:1046A0000100216808603B46324629462046FCF757
:1046B000F1FEB449206888424BD0B24918312068D5
:1046C000884246D0AF4930312068884241D0AD4958
:1046D0004831206888423CD0AA496031206888422D
:1046E00037D000E042E1A74978312068884230D0D5
:1046F000A4499031206888422BD0A249A831206873
:10470000884226D0A0492068884222D09E4918318C
:10471000206888421DD09C4930312068884218D0DA
:10472000994948312068884213D097496031206800
:1047300088420ED0944978312068884209D0924945
:1047400090312068884204D08F49A831206888427F
:1047500001D1012000E0002080B12068006820F035
:104760001E0040F0160021680860206CB0B120687F
:10477000006840F00800216808600FE020680068C9
:1047800020F00E0040F00A0021680860206C28B17B
:104790002068006840F004002168086079492068BA
:1047A000884270D077491831206888426BD07549AB
:1047B00030312068884266D072494831206888428A
:1047C00061D070496031206888425CD06D49783191
:1047D0002068884257D06B4990312068884252D077
:1047E0006849A831206888424DD0674920688842CE
:1047F00049D0654918312068884244D06249303137
:10480000206888423FD060494831206888423AD0C9
:104810005D4960312068884235D05B497831206835
:10482000884230D058499031206888422BD0564970
:10483000A8312068884226D054492068884222D076
:1048400052491431206888421DD0504928312068CF
:10485000884218D04D493C312068884213D04B49DA
:104860005031206888420ED048496431206888421F
:1048700009D0464978312068884204D043498C31B8
:104880002068884201D1012000E0002090B1206E14
:10489000006800F4803028B1206E006840F4807019
:1048A000216E0860E06E28B1E06E006840F4807010
:1048B000E16E086033492068884249D03149183197
:1048C0002068884244D02F493031206888423FD048
:1048D0002C494831206888423AD02A496031206802
:1048E000884235D0274978312068884230D0254920
:1048F0009031206888422BD02249A8312068884214
:1049000026D021492068884222D01F4918312068CA
:1049100088421DD01C4930312068884218D01A497D
:1049200048312068884213D0174960312068884296
:104930000ED0154978312068884209D0124990314B
:104940002068884204D01049A8312068884206D1E6
:104950002068006840F001002168086010E02068CD
:10496000006840F001002168086009E04FF4006031
:10497000606500BF002084F8340000BF4FF00108DC
:1049800040461FE61000024010040240085402583E
:1049900070B5044601F086F806462546681C10B13D
:1049A00004480078054400BF01F07CF8801BA84251
:1049B000FAD370BD2800002430B5034693F8984020
:1049C000012C01D0022C3ED11868806D084030B90E
:1049D0001868C06D40F001001D68E8650EE01868B9
:1049E000806D0840884206D11868C06D40F0020012
:1049F0001D68E86502E003201D68E86501F40070A9
:104A000030B11868D0F8E00010431D68C5F8E00028
:104A100001F4806030B11868D0F8E40010431D68DC
:104A2000C5F8E40000BF1868406D0B4D0D402843E9
:104A30001D6868650948006840EA9170074D286064
:104A400000BF002030BDD3F89C0040F00200C3F846
:104A50009C000120F6E70000FFFFCF3F14A80040B4
:104A60002DE9F04104460E461746706800B900E093
:104A700000BF94F89800022832D12068D0F8C00016
:104A800000F07C5040B9D4F89C0040F02000C4F8FD
:104A90009C000120BDE8F0812068D0F8C40000F43B
:104AA000001038B1D4F89C0040F40070C4F89C00A9
:104AB0000120EFE72068D0F8C400C0F304452B467E
:104AC0003A4631462046FCF75DFF0120A8402168A8
:104AD000C1F8D0000120A840C4F894000020D9E714
:104AE000D4F89C0040F00800C4F89C000120D1E7F5
:104AF0007047F0B5024692F89860012E01D0022E60
:104B000043D1C868072800D100BF086818BBC8682F
:104B1000072800D000BFC86807280BD1088A4FF0CB
:104B2000605747EA0040CF6940EA07208F6940EAB2
:104B300007040AE0087A80070F7B40EAC7600F8A03
:104B400040EA07404F6940EA0704D76E486807EB20
:104B500080031C6017E0C868072800D000BF0F7BE7
:104B6000086940EA4774C868072801D18D6903E0E5
:104B70000F7A486940EA8775176F486807EBC003EA
:104B80001C601B1D1D600020F0BDD2F89C0040F091
:104B90000200C2F89C000120F6E770B50446049DAF
:104BA00094F8980001280AD1080140EA820040EAFE
:104BB000430028432668C6F88000002070BDD4F862
:104BC0009C0040F00400C4F89C000120F6E7704708
:104BD00070B504460D460848844205D00748844213
:104BE00002D00748844205D105F0007010B120467C
:104BF000FBF720FF70BD000018080024B80800244F
:104C00005809002403461868426C02F00700086047
:104C1000C2F30220486002F018008860C2F340101E
:104C2000C860C2F380100861C2F3C0104861C2F3CB
:104C3000C0208861C2F30030C861C2F3403008620E
:104C4000C2F380304862C2F3064088620020704799
:104C50002DE9F04304460D469C46002394F89880C5
:104C6000B8F1020F74D1402D38D12068D0F8A000DF
:104C700000F4FE0040B9D4F89C0040F02000C4F8D5
:104C80009C000120BDE8F0832068D0F8A40000F06B
:104C90007F0038B9D4F89C0040F48070C4F89C00C0
:104CA0000120EFE72068D0F8A400C0F3006040B115
:104CB0002068D0F8A0004FF00109B9EBD07F00D1F7
:104CC00001232068D0F8A400C0F305200344606CE1
:104CD0005843D4F8749009EB80014BE0412D38D152
:104CE0002068D0F8B00000F4FE0038B9D4F89C0079
:104CF00040F02000C4F89C000120C3E72068D0F8F1
:104D0000B40000F07F0038B9D4F89C0040F4807003
:104D1000C4F89C000120B5E72068D0F8B400C0F3C7
:104D2000006040B12068D0F8B0004FF00109B9EB45
:104D3000D07F00D101232068D0F8B400C0F3052053
:104D40000344E06C5843D4F8789009EB800111E0FB
:104D50006DE0206DA84207D8D4F89C0040F02000F8
:104D6000C4F89C0001208DE7606D6843D4F87C9006
:104D700009EB8001086800F080405060506820B95D
:104D80000868C0F38A40106003E0086820F06040C3
:104D90001060086800F000509060086800F0004063
:104DA0001061091D088880B2D0610868C0F3034013
:104DB000D060086800F480105061086800F40010AA
:104DC00090610868C0F3066010620868C00F506206
:104DD000091D0F46002603E0B85D0CF80600761C9E
:104DE000DFF85C90D06819F80000B042F4D8402D8C
:104DF00003D12068C0F8A83017E0412D03D1206806
:104E0000C0F8B83011E0202D06D20120A840D4F817
:104E10000090C9F8980008E005F01F09012000FA89
:104E200009F0D4F80090C9F89C0000202AE7D4F8D3
:104E30009C0040F00800C4F89C00012022E700001C
:104E40008424010801460A68D2F8C42002F03F0019
:104E5000704770472DE9F04F8DB00446EF48006869
:104E60008707EE48001D006807EA80772068006D1C
:104E700000F470482068406D00EA08082068006D62
:104E800000F00F092068406D00EA09092068006DF4
:104E900000F0F00A2068406D00EA0A0A2068006D00
:104EA00000F0715B2068406D00EA0B0B2068006D1C
:104EB00000F060700C902068406D0C9908400C90D8
:104EC0002068456D2068066DC5F3002070B1C6F3FB
:104ED000002058B100BF4FF48070216808650020A1
:104EE000CE49086000BF2046FFF7B3FFC5F380201E
:104EF000C8B1C6F38020B0B12068D0F8DC000A90B9
:104F00002068D0F8E4000A9908400A9000BF4FF4E6
:104F10008060216808650020C049086000BF204605
:104F20000A9900F0C2FC67B100BFBD483840216853
:104F30000865B80FB949086000BF39462046FFF739
:104F4000D7FDB8F1000F0ED000BFB54808EA000049
:104F5000216808654FEA9870B049086000BF414673
:104F6000204600F0A4FCB9F1000F0ED000BFAC4801
:104F700009EA0000216808654FEA9970A7490860AE
:104F800000BF4946204600F0C9FBBAF1000F0ED021
:104F900000BFA3480AEA0000216808654FEA9A703A
:104FA0009E49086000BF5146204600F05DFCC5F3F5
:104FB000C02070B1C6F3C02058B100BF4FF40060EC
:104FC0002168086500209549086000BF204600F070
:104FD0006FFCC5F34020C8B1C6F34020B0B12068D3
:104FE000D0F8D8000B902068D0F8E0000B9908406A
:104FF0000B9000BF4FF400702168086500208749BE
:10500000086000BF20460B9900F050FCC5F3C0407B
:1050100070B1C6F3C04058B100BF4FF40020216802
:10502000086500207D49086000BF204600F074FB41
:10503000C5F3004070B1C6F3004058B100BF4FF453
:1050400080302168086500207449086000BF204650
:1050500000F02AFCC5F3804070B1C6F3804058B11F
:1050600000BF4FF480202168086500206B4908606C
:1050700000BF204600F017FCC5F3404088B1C6F3DE
:10508000404070B100BF4FF4003021680865002037
:105090006249086000BFD4F89C0040F08000C4F86A
:1050A0009C000C9870B100BF5D490C9808402168C5
:1050B00008650C98800F5949086000BF20460C997C
:1050C000FFF786FDBBF1000F10D000BF54480BEA7C
:1050D0000000216808654FEA9B705049086000BFD6
:1050E000D4F89C0040EA0B00C4F89C004D492068AD
:1050F00088427DD16068806800F00300002877D086
:105100006068006A00F00F0009906068406A0999C1
:10511000084009906068006A00F0300008906068FC
:10512000406A0899084008906068006A00F4C070FE
:1051300007906068406A0799084007906068006AB5
:1051400000F4FC4006906068406A069908400690AA
:105150006068006A00F4F02005906068406A059974
:10516000084005906068406A02906068006A01909B
:10517000099830B10998616808622046099900F0E1
:105180008FFB089830B1089861680862204608993A
:1051900000F088FB0298C0F38010A0B10198C0F322
:1051A000801080B16068C06B000C04906068C06BB8
:1051B00000F03F0003904020616808622046DDE96E
:1051C000032100F06EFB079830B107986168086210
:1051D0002046079900F063FB069840B10698616885
:1051E0000862D4F89C0006990843C4F89C0000E0CB
:1051F0000AE0059840B1059861680862D4F89C00FF
:1052000005990843C4F89C00D4F89C0010B12046CE
:10521000FFF7DDFC0DB0BDE8F08F000010A80040E6
:10522000FFFFCF3F00A0004070B594B004464C2271
:10523000B34901A8FBF7FAF914B9012014B070BD05
:10524000B0492068884203D1206800F58070606012
:10525000A068B0F5407F00D100BF206C00B100BF56
:10526000A06C00B100BF206D00B100BF206E00B186
:1052700000BFD4E91710084400B100BF94F89800AB
:1052800028B9002084F89900204600F03DF92068F4
:10529000806920F010002168886100F003FC054659
:1052A0000EE000F0FFFB401B0A2809D99834606823
:1052B00040F001006060032004F898090120BDE778
:1052C0002068806900F008000828EAD0206880691A
:1052D00040F001002168886100F0E4FB05460EE023
:1052E00000F0E0FB401B0A2809D99834606840F0C0
:1052F00001006060032004F8980901209EE72068FF
:10530000806900F001000028EAD02068806940F040
:10531000020021688861207C012806D1206880690C
:1053200020F040002168886105E02068806940F035
:10533000400021688861607C012806D1206880696E
:1053400040F480402168886105E02068806920F48D
:10535000804021688861A07C012806D1206880698E
:1053600020F480502168886105E02068806940F45D
:105370008050216888612068806920F44070A168AD
:105380000843216888612068806920F0A4002168B2
:1053900088612068006920F0100021680861E068D9
:1053A000012806D12068806940F0040021688861E6
:1053B00020E0E068F0B1E068022815D0206880693C
:1053C00040F08000216888612068006940F010008A
:1053D00021680861E06803280CD12068806940F0EA
:1053E00020002168886105E02068806940F0200085
:1053F00021688861207E401E4106E069401E41EA26
:105400000020216A491E0843A18A491E40EA014042
:105410002168C861A068B0F5407F0FD1A06A401E26
:10542000E16A491E40EA0121206B401E41EA001159
:10543000A08C401E41EA00402168C860206E38B14F
:105440002068D0F8C000616E08432168C1F8C00030
:10545000D4E91710084460B12068D0F8C80020F0E3
:10546000070001AAA16E52F8211008432168C1F873
:10547000C800206C60B12068D0F8BC0020F00700A4
:1054800001AA616C52F8211008432168C1F8BC00E0
:10549000A06C68B12068D0F8BC0020F0700101AAAF
:1054A000E06C52F8200041EA00102168C1F8BC000D
:1054B000206D68B12068D0F8BC0020F4E06101AA3A
:1054C000606D52F8200041EA00202168C1F8BC005C
:1054D0000C492068884205D16068806820F003008C
:1054E00061688860002044F8940FA060012020715A
:1054F000943C2046FCF736F9064630469EE600000E
:105500009424010800A0004010B5B6B00446142150
:1055100030A8FBF7E7F8B82102A8FBF7E3F87649D3
:10552000206888424AD14FF400410020CDE90210A2
:105530001D9002A800F038FE08B1FCF7E6F86F48AD
:105540000068401C6D4908600846006801280DD1BC
:1055500000BF6B48006840F48070694908600846E5
:10556000006800F48070019000BF00BF00BF644875
:105570000C38006840F0010061490C3908600846A9
:10558000006800F00100019000BF00BF4FF4C05060
:105590003090022031900120329003203390092076
:1055A000349030A9574800F085F9002205211320D6
:1055B00000F036FB132000F01FFB9BE052492068EF
:1055C000884249D14FF400410020CDE902101D90DE
:1055D00002A800F0E9FD08B1FCF797F84748006819
:1055E000401C464908600846006801280DD100BFEC
:1055F0004348006840F480704149086008460068EC
:1056000000F48070019000BF00BF00BF3C480C3820
:10561000006840F002003A490C390860084600680A
:1056200000F00200019000BF00BF60203090022017
:10563000319001203290032033900920349030A91A
:10564000324800F037F900220521142000F0E8FA72
:10565000142000F0D1FA4DE02D492068884249D14C
:105660004FF400410020CDE902101D9002A800F087
:105670009BFD08B1FCF749F820480068401C1F4911
:1056800008600846006801280DD100BF1C4800686A
:1056900040F480701A4908600846006800F4807081
:1056A000019000BF00BF00BF15480C38006840F0F3
:1056B000080013490C3908600846006800F008002B
:1056C000019000BF00BF4FF4405030900220319055
:1056D00001203290032033900520349030A90D48EA
:1056E00000F0E8F8002205219F2000F099FA9F20A1
:1056F00000F082FA36B010BD00A000401C0000246B
:10570000EC4402580000025800A400400004025873
:1057100000D40040000C02587047000030B58DB036
:1057200004460D4605F0010000287DD001AB03AA18
:1057300040212046FFF78CFA00287AD13E492068A4
:10574000884247D10398912806D0FD280FD0A0F2B7
:10575000022000283CD130E001AA3849384804F042
:1057600049F838488088401C3649888031E00498E0
:1057700010BB059800BB069808281DD101A9324826
:10578000039A06F0DFFA3148007878B92E4890ED98
:10579000140AB5EEC00AF1EE10FA07D090ED140A23
:1057A0002B4880ED000A012028490870254800890F
:1057B000401C81B2234801810BE001A92548FBF779
:1057C00051FC20488089401C81B21E48818100E044
:1057D00000BF2EE020492068884210D10398A0F233
:1057E000012050B901A91D48FBF73CFC1548408930
:1057F000401C81B21348418100E000BF19E0184904
:105800002068884215D10398B0F5087F0FD1019820
:10581000009014499DF8000004F03EF80948C08942
:10582000401C81B2074800E004E0C18100E000BFF5
:1058300000BF00BF0DB030BD00A000401CC0002460
:105840000C040024F8BE002418C50024040400241D
:10585000080400240001002400A400401C020024CD
:1058600000D40040BEBF00247047014691F8980064
:1058700001280CD1022081F898000868806920F086
:1058800001000A6890610020C1F89C007047D1F8BF
:105890009C0040F00400C1F89C000120F6E770472E
:1058A0007047704770477047704770477047704740
:1058B00070470000F8B502460B4600216D4DD2E05E
:1058C00001278F401E6806EA0704002C72D01E795B
:1058D00006F00306012E04D01E7906F00306022E00
:1058E00013D190684F000326BE40B0434F00DE68DE
:1058F000BE4030439060506801268E40B0431E7910
:10590000C6F300168E40304350601E7906F0030641
:10591000032E09D0D0684F000326BE40B0434F008D
:105920009E68BE403043D0601E7906F00306022E0A
:1059300013D1CF0802F1200656F827004E07F70EC4
:105940000F26BE40B0434F07FF0E1E69BE403043D6
:10595000CF0802F1200646F8270010684F00032602
:10596000BE40B0431E7906F003064F00BE403043F0
:1059700010605E6806F44036002E73D000BF3E4EC5
:10598000366846F002063C4F3E603E46366806F0FA
:105990000206009600BF00BF384E8F0856F8270059
:1059A0008E07370F0F26BE40B043354EB24202D1AC
:1059B000002629E056E0334EB24201D1012623E011
:1059C000314EB24201D102261EE0304EB24201D128
:1059D000032619E02E4EB24201D1042614E02D4ECA
:1059E000B24201D105260FE02B4EB24201D106266C
:1059F0000AE02A4EB24201D1072605E0284EB24203
:105A000001D1092600E00A268F073F0FBE40304330
:105A10001A4E8F0846F827004FF0B0463068A04372
:105A20005E6806F4801606B120434FF0B046306041
:105A30007068A0435E6806F4001606B120434FF07C
:105A4000B04670606868A0435E6806F4003606B130
:105A5000204368602868A0435E6806F4803606B17B
:105A600020432860491C1E68CE40002E7FF428AFDA
:105A7000F8BD000080000058F444025808040058A3
:105A8000000002580004025800080258000C025896
:105A9000001002580014025800180258001C025846
:105AA00000240258014800687047000020000024CC
:105AB00003480068034909780844014908607047B1
:105AC000200000242800002410B5032000F0E6F890
:105AD00001F0DEFB10490968C1F303210F4A515C54
:105AE00001F01F0120FA01F40B48006800F00F00DC
:105AF0001146085C00F01F0024FA00F00849086015
:105B0000084804600F2000F00FF808B1012010BD14
:105B100000F05AF80020FAE7184402580825010856
:105B2000300000242C000024F0B58BB00446102C6B
:105B30000AD200222146362000F072F8362000F00A
:105B40005BF81C48046002E001200BB0F0BD00BF10
:105B50001948006840F010001749086008460068BE
:105B600000F01000019000BF00BF02A903A801F0DF
:105B70000FFB089E1EB901F067FB054602E001F02D
:105B800063FB45000D48B5FBF0F0471E0C480D497E
:105B9000086040F2E7310B48C160476000210161B5
:105BA000816002F0AFF818B9064802F005F9CCE7B9
:105BB0000120CAE724000024E844025840420F00B4
:105BC00000100040D811002408B500BF0948006843
:105BD00040F00200074908600846006800F0020033
:105BE000009000BF00BF00220F21901E00F018F8A7
:105BF00008BD0000F44402580146084600280DDBA9
:105C000000BF00BF00F01F0301229A4043099B0020
:105C100003F1E023C3F8002100BF00BF00BF7047BD
:105C20002DE9F05F80460D46164609F0DFF907467C
:105C300039462A46334601F00700C0F1070ABAF197
:105C4000040F02D94FF0040A01E0C0F1070AD1465F
:105C500000F1040ABAF1070F02D24FF0000A01E086
:105C6000A0F1030AD4464FF0010A0AFA09FAAAF190
:105C7000010A0AEA020A0AFA0CFA4FF0010B0BFABF
:105C80000CFBABF1010B0BEA030B4AEA0B042146B8
:105C9000404609F0B3F9BDE8F09F000000BF00F0F6
:105CA0000702064B19684FF6FF031940044B0B43DC
:105CB00043EA0221014B196000BF70470CED00E080
:105CC0000000FA0570B5044615480068C0F380006E
:105CD00048B91348006800F00700A04201D0012035
:105CE00070BD0020FCE70E48006820F0070020434C
:105CF0000B490860FFF7D6FE054607E0FFF7D2FE26
:105D0000401BB0F57A7F01D90120E9E70448083843
:105D10000068C0F340300028F0D00020E0E7000029
:105D20000C48025810B501F069FA05490968C1F339
:105D30000211044A515C01F01F01C84010BD00006F
:105D4000204402580825010870B50146844D2D688D
:105D500005F00303824D2D68C5F30530804D2D1DE0
:105D60002D68C5F300147E4D14352D68C5F3CC05A0
:105D700015FB04F501EE105AB8EE411AF0EE410A97
:105D800000286FD023B1012B4ED0022B6BD16BE0DA
:105D9000734D283D2D68C5F340153DB3704D283D2A
:105DA0002D68C5F3C1066F4D25FA06F201EE102AE3
:105DB000F8EE411A01EE100AB8EE411A81EE812A7E
:105DC0009FED691AC0EE811A654D10352D68C5F337
:105DD000080501EE105AB8EE411A31EE811AF7EEBD
:105DE000001A31EE211A22EE010A1CE001EE100A1F
:105DF000B8EE411ADFED5D1A81EE812A9FED5A1A45
:105E0000C0EE811A564D10352D68C5F3080501EE18
:105E1000105AB8EE411A31EE811AF7EE001A31EE3F
:105E2000211A22EE010A5BE001EE100AB8EE411AD7
:105E3000DFED4F1A81EE812A9FED4B1AC0EE811AD9
:105E4000474D10352D68C5F3080501EE105AB8EE20
:105E5000411A31EE811AF7EE001A31EE211A22EEC4
:105E6000010A3DE077E01DE001EE100AB8EE411AAC
:105E70009FED402AC2EE011A9FED3B1A80EE812A67
:105E8000374D10352D68C5F3080501EE105AB8EEF0
:105E9000411A32EE011AB7EE002A31EE021A21EE53
:105EA000810A1DE001EE100AB8EE411ADFED301A4A
:105EB00081EE812A9FED2C1AC0EE811A284D1035F3
:105EC0002D68C5F3080501EE105AB8EE411A31EEFF
:105ED000811AF7EE001A31EE211A22EE010A00BFF4
:105EE00000BF1F4D10352D68C5F3462501EE105A31
:105EF000B8EE411AF7EE001A31EE211AC0EE011A7F
:105F0000BCEEE11A81ED001A154D10352D68C5F370
:105F1000064501EE105AB8EE411AF7EE001A31EEBE
:105F2000211AC0EE011ABCEEE11A81ED011A0C4DE6
:105F300010352D68C5F3066501EE105AB8EE411A0A
:105F4000F7EE001A31EE211AC0EE011ABCEEE11A8A
:105F500081ED021A03E000250D604D608D6070BD7B
:105F6000284402580090D003000000460024744CDE
:105F70000024744A20BCBE4B70B50146844D2D6888
:105F800005F00303824D2D68C5F30550804D2D1D8E
:105F90002D68C5F300247E4D1C352D68C5F3CC0556
:105FA00015FB04F501EE105AB8EE411AF0EE410A65
:105FB00000286FD023B1012B4ED0022B6BD16BE0A8
:105FC000734D283D2D68C5F340153DB3704D283DF8
:105FD0002D68C5F3C1066F4D25FA06F201EE102AB1
:105FE000F8EE411A01EE100AB8EE411A81EE812A4C
:105FF0009FED691AC0EE811A654D18352D68C5F3FD
:10600000080501EE105AB8EE411A31EE811AF7EE8A
:10601000001A31EE211A22EE010A1CE001EE100AEC
:10602000B8EE411ADFED5D1A81EE812A9FED5A1A12
:10603000C0EE811A564D18352D68C5F3080501EEDE
:10604000105AB8EE411A31EE811AF7EE001A31EE0D
:10605000211A22EE010A5BE001EE100AB8EE411AA5
:10606000DFED4F1A81EE812A9FED4B1AC0EE811AA7
:10607000474D18352D68C5F3080501EE105AB8EEE6
:10608000411A31EE811AF7EE001A31EE211A22EE92
:10609000010A3DE077E01DE001EE100AB8EE411A7A
:1060A0009FED402AC2EE011A9FED3B1A80EE812A35
:1060B000374D18352D68C5F3080501EE105AB8EEB6
:1060C000411A32EE011AB7EE002A31EE021A21EE21
:1060D000810A1DE001EE100AB8EE411ADFED301A18
:1060E00081EE812A9FED2C1AC0EE811A284D1835B9
:1060F0002D68C5F3080501EE105AB8EE411A31EECD
:10610000811AF7EE001A31EE211A22EE010A00BFC1
:1061100000BF1F4D18352D68C5F3462501EE105AF6
:10612000B8EE411AF7EE001A31EE211AC0EE011A4C
:10613000BCEEE11A81ED001A154D18352D68C5F336
:10614000064501EE105AB8EE411AF7EE001A31EE8C
:10615000211AC0EE011ABCEEE11A81ED011A0C4DB4
:1061600018352D68C5F3066501EE105AB8EE411AD0
:10617000F7EE001A31EE211AC0EE011ABCEEE11A58
:1061800081ED021A03E000250D604D608D6070BD49
:10619000284402580090D003000000460024744CAC
:1061A0000024744A20BCBE4B2DE9F0410446002572
:1061B000A8464FF00062D4E90010114000201346B9
:1061C00059404040014331D1606E48B1B0F5801F65
:1061D0000DD0B0F5001F11D0B0F5401F16D114E05E
:1061E000FE48006840F40030FC49086010E00221DD
:1061F00004F1080005F02EFA054609E0022104F139
:10620000280005F0D9FA054602E001E0012500BFAB
:1062100000BF55B9F1482430006820F44010616E89
:106220000843EE492431086000E0A8464FF480722C
:10623000D4E900101140002013465940404001436A
:106240002ED1A06D05281BD2DFE800F0030A11183B
:106250001900E248006840F40030E049086011E0AD
:10626000002104F1080005F0F5F905460AE00021D7
:1062700004F1280005F0A0FA054603E002E001E081
:10628000012500BF00BF55B9D4482430006820F074
:106290000700A16D0843D1492431086000E0A846F9
:1062A0004FF48062D4E90010114000201346594099
:1062B000404001433DD1D4F8A400B0F5C00F24D034
:1062C00007DC68B1B0F5001F11D0B0F5800F1FD109
:1062D00014E0B0F5000F19D0B0F5200F18D116E07A
:1062E000BE48006840F40030BC49086012E000215C
:1062F00004F1080005F0AEF905460BE0002104F1B9
:10630000280005F059FA054604E003E002E001E048
:10631000012500BF00BF5DB9B0482C30006820F4F3
:106320006000D4F8A4100843AC492C31086000E0A8
:10633000A8464FF40062D4E9000110400021134642
:106340005840494008433DD1D4F8A800B0F1407FFF
:1063500024D007DC68B1B0F1807F11D0B0F1007FAC
:106360001FD114E0B0F1806F19D0B0F1A06F18D137
:1063700016E09A48006840F400309849086012E03E
:10638000002104F1080005F065F905460BE0002145
:1063900004F1280005F010FA054604E003E002E0ED
:1063A00001E0012500BF00BF5DB98C482C300068BA
:1063B00020F0E060D4F8A810084388492C31086028
:1063C00000E0A8464FF00073D4E900101940002007
:1063D00059404040014328D1E06CA8B1102804D0B6
:1063E000202809D0302810D10DE07C48006840F406
:1063F00000307A4908600AE0022104F1080005F043
:1064000029F9054603E002E001E0012500BF00BFD5
:1064100055B972482030006820F03000E16C084324
:106420006E492031086000E0A8464FF48053D4E95B
:1064300000101940002059404040014337D1E06D21
:10644000B0F5005F1AD004DC50B1B0F5805F1ED10A
:106450000DE0B0F5405F18D0B0F5804F17D115E0D2
:106460005E48006840F400305C49086011E000219B
:1064700004F1080005F0EEF805460AE0002104F1F9
:10648000280005F099F9054603E002E001E0012546
:1064900000BF00BF55B951482430006820F4E040E7
:1064A000E16D08434D492431086000E0A8464FF4EF
:1064B0000053D4E9001019400020594040400143E6
:1064C00035D1206EB0F5403F1ED007DC68B1B0F585
:1064D000803F0BD0B0F5003F19D10EE0B0F5802F12
:1064E00013D0B0F5A02F12D110E012E0012104F179
:1064F000080005F0AFF805460BE0012104F1280083
:1065000005F05AF9054604E003E002E001E0012548
:1065100000BF00BF55B931482430006820F4E020A6
:10652000216E08432D492431086000E0A8464FF44D
:106530008042D4E9000110400021134658404940F0
:10654000084337D1D4F8AC00B0F1405F1ED007DC6F
:1065500068B1B0F1805F0BD0B0F1005F19D10EE0EF
:10656000B0F1804F13D0B0F1A04F12D110E012E083
:10657000012104F1080005F06DF805460BE001214A
:1065800004F1280005F018F9054604E003E002E0F4
:1065900001E0012500BF00BF5DB910482C30006844
:1065A00020F0E040D4F8AC1008430C492C310860CE
:1065B00000E0A8464FF40043D4E900011840002150
:1065C0005840494008432AD1E06EB8B1B0F1805F2D
:1065D00006D0B0F1005F12D109E000002C4402584F
:1065E000F948006840F40030F749086009E00121EB
:1065F00004F1080005F02EF8054602E001E001254F
:1066000000BF00BF55B9F0482430006820F040506A
:10661000E16E0843EC492431086000E0A8464FF0E1
:106620008073D4E9001019400020594040400143D4
:1066300028D1A06CA8B1012804D0022809D00328D1
:1066400010D10DE0E048006840F40030DE490860F9
:106650000AE0022104F1080004F0FCFF054603E013
:1066600002E001E0012500BF00BF55B9D648203047
:10667000006820F00300A16C0843D3492031086072
:1066800000E0A8464FF48003D4E900101940002030
:106690005940404001437DD1CC48006840F48070AF
:1066A000CA490860FFF7FEF9064606E0FFF7FAF967
:1066B000801B642801D9032505E0C448006800F464
:1066C00080700028F2D000BF85BBBF48443000680E
:1066D00000F44070B4F8B01001F44071884213D057
:1066E000B9484430006820F44077B7484430006827
:1066F00040F48030B449443108600846006820F412
:106700008030086008460760D4F8B000B0F5807F9C
:1067100015D1FFF7C7F9064609E0FFF7C3F9801B5B
:1067200041F28831884202D9032507E038E0A648C3
:1067300044300068C0F340000028EED000BF55BBD5
:1067400000BFB4F8B00000F44070B0F5407F0ED147
:106750009D481C38006820F47C519D4AD4F8B00054
:10676000104041EA101098491C39086007E096482B
:106770001C38006820F47C5093491C39086092480A
:1067800044300068B4F8B010C1F30B0108438E49DF
:10679000443101E005E001E0086002E0A84600E0C5
:1067A000A8460122D4E900011040002113465840B8
:1067B0004940084330D1A06F18281AD005DC48B1F1
:1067C000082808D0102817D10CE0202812D028283B
:1067D00012D110E012E0012104F1080004F03AFFA8
:1067E00005460BE0012104F1280004F0E5FF054611
:1067F00004E003E002E001E0012500BF00BF55B95D
:1068000071482830006820F03800A16F08436E49B5
:106810002831086000E0A8460223D4E9001019409E
:10682000002059404040014329D1606F062816D20C
:10683000DFE800F003040B12131412E0012104F14D
:10684000080004F007FF05460BE0012104F12800D1
:1068500004F0B2FF054604E003E002E001E0012598
:1068600000BF00BF55B958482830006820F0070025
:10687000616F084354492831086000E0A8460422AB
:10688000D4E9001011400020134659404040014314
:106890002BD1D4F89000062816D2DFE800F00304CC
:1068A0000B12131412E0012104F1080004F0D2FECF
:1068B00005460BE0012104F1280004F07DFF0546A8
:1068C00004E003E002E001E0012500BF00BF5DB984
:1068D0003D482C30006820F00700D4F890100843A1
:1068E00039492C31086000E0A8462023D4E9000192
:1068F0001840002158404940084337D1D4F88C0053
:10690000B0F1405F1ED007DC68B1B0F1805F0BD002
:10691000B0F1005F19D10EE0B0F1804F13D0B0F1AB
:10692000A04F12D110E012E0002104F1080004F0A1
:1069300091FE05460BE0022104F1280004F03CFF23
:10694000054604E003E002E001E0012500BF00BFCE
:106950005DB91D482830006820F0E040D4F88C1064
:10696000084319492831086000E0A8464023D4E9CB
:106970000010194000205940404001433CD1D4F858
:106980009800B0F5406F25D007DC68B1B0F5806F96
:106990000BD0B0F5006F20D10EE0B0F5805F1AD0BB
:1069A000B0F5A05F19D117E019E0002104F108004B
:1069B00004F050FE054612E0022104F1280004F024
:1069C000FBFE05460BE000002C440258004802582C
:1069D000FFFCFF0F03E002E001E0012500BF00BF64
:1069E0004DB9FE48006820F4E050D4F898100843F0
:1069F000FA49086000E0A8468023D4E90010194055
:106A0000002059404040014335D1D4F89C00B0F5F6
:106A1000C04F1ED007DC68B1B0F5005F0BD0B0F5F9
:106A2000804F19D10EE0B0F5004F13D0B0F5204FD4
:106A300012D110E012E0002104F1080004F00AFE77
:106A400005460BE0022104F1280004F0B5FE0546DE
:106A500004E003E002E001E0012500BF00BF4DB902
:106A6000DE48006820F46040D4F89C100843DB49FD
:106A7000086000E0A8460823D4E90001184000217E
:106A800058404940084317D1D4F88000B0F5805FE2
:106A900007D1022104F1280004F08EFE08B14FF066
:106AA0000108CE48001F006820F44050D4F8801040
:106AB0000843CA49091F08601023D4E9000118409F
:106AC000002158404940084315D1D4F89400B0F54E
:106AD000807F07D1022104F1280004F06DFE08B187
:106AE0004FF00108BD48006820F44070D4F89410BD
:106AF0000843BA4908604FF40023D4E90001184064
:106B0000002158404940084327D1D4F8A00030B1B3
:106B1000B0F5803F0AD0B0F5003F0FD10DE0002165
:106B200004F1080004F096FD054609E0022104F195
:106B3000280004F041FE054602E001E0012500BF07
:106B400000BF4DB9A548006820F44030D4F8A0102B
:106B50000843A249086000E0A8464FF48023D4E926
:106B60000001184000215840494008432DD1D4F875
:106B70008400B0F5801F06D0B0F5001F0CD0B0F532
:106B8000401F11D10FE095482C38006840F40030C8
:106B900092492C39086009E0012104F1280004F031
:106BA0000BFE054602E001E0012500BF00BF5DB914
:106BB0008A48001F006820F44010D4F8841008436D
:106BC0008649091F086000E0A8464FF48032D4E9E6
:106BD000000110400021134658404940084325D188
:106BE000206D18B1B0F5803F10D108E07B482C38FB
:106BF000006840F4003079492C39086008E002212F
:106C000004F1080004F026FD054601E0012500BF5F
:106C100000BF55B971480C38006820F48030216DF0
:106C200008436E490C39086000E0A8464FF0005355
:106C3000D4E900101940002059404040014307D1D9
:106C4000022104F1280004F0B7FD08B14FF001085B
:106C50004FF40032D4E9000110400021134658409F
:106C60004940084327D1E06FA0B1B0F5807F06D03E
:106C7000B0F5007F0CD0B0F5407F0CD109E057484B
:106C80002C38006840F4003054492C39086004E086
:106C900003E002E001E0012500BF00BF55B94F4805
:106CA000001F006820F44070E16F08434B49091F42
:106CB000086000E0A8464FF48012D4E900101140AB
:106CC0000020134659404040014309D14348083849
:106CD000006820F00040216F0843404908390860EF
:106CE0004FF40013D4E900011840002158404940F6
:106CF000084309D139480838006820F08070A16E37
:106D000008433649083908604FF08043D4E9001041
:106D10001940002059404040014311D100BF2F4885
:106D20004838006820F400402C494839086008467B
:106D30000068D4F8B410084328494839086000BFF7
:106D40004FF00042D4E900011040002113465840A2
:106D50004940084309D121480C38006820F04050D0
:106D6000616D08431D490C3908604FF40002D4E9F5
:106D700000101140002013465940404001430AD101
:106D80001648001F006820F44000D4F8881008431B
:106D90001249091F08600122002160681040494023
:106DA0005040014306D104F1080004F053FC0546AD
:106DB00005B1A846022200216068104049405040B9
:106DC000014307D1012104F1080004F043FC05460A
:106DD00005B1A84604230020616801E05844025828
:106DE0001940042240405140084307D1022104F1D8
:106DF000080004F02FFC054605B1A8460823002032
:106E000061681940082240405140084307D10021E1
:106E100004F1280004F0D0FC054605B1A846102373
:106E2000002061681940102240405140084307D1BA
:106E3000012104F1280004F0BFFC054605B1A84675
:106E4000202200216068104049405040014307D192
:106E5000022104F1280004F0AFFC054605B1A84664
:106E6000B8F1000F02D10020BDE8F0810120FBE75E
:106E70002DE9F04104460D4614B90120BDE8F0812A
:106E8000BD48006800F00F00A8420ED2BA48006862
:106E900020F00F002843B84908600846006800F059
:106EA0000F00A84201D00120E8E7207800F004009C
:106EB00004280ED1B1492069096801F070018842A7
:106EC00007D9AE48006820F0700021690843AB493B
:106ED0000860207800F00800082811D1A749091D92
:106EE0006069096801F07001884209D9A348001D52
:106EF000006820F0700061690843A049091D08601E
:106F0000207800F01000102811D19C49091DA069BB
:106F1000096801F4E061884209D99848001D0068B9
:106F200020F4E060A16908439449091D08602078B5
:106F300000F02000202811D190490831E06909684B
:106F400001F07001884209D98C480830006820F0AF
:106F50007000E1690843894908310860207800F031
:106F6000020002280ED18549E068096801F00F018E
:106F7000884207D98148006820F00F00E168084383
:106F80007E490860207800F00100002850D07B483E
:106F9000006820F47060A168084378490860606860
:106FA000022807D1754818380068C0F34040F8B986
:106FB000012063E76068032807D17048183800682B
:106FC000C0F34060A0B9012058E76068012807D1EC
:106FD0006A4818380068C0F3002048B901204DE71E
:106FE000664818380068C0F3800008B9012045E7FA
:106FF00062480838006820F00700616808435F496C
:1070000008390860FEF74EFD064608E0FEF74AFD27
:10701000801B41F28831884201D903202EE757486E
:107020000838006800F038006168B0EBC10FEDD19E
:10703000207800F0020002280ED15049E06809686B
:1070400001F00F01884207D24C48006820F00F0081
:10705000E1680843494908604748006800F00F00AC
:10706000A8420ED94448006820F00F002843424946
:1070700008600846006800F00F00A84201D0012017
:10708000FCE6207800F0040004280ED13B4920697A
:10709000096801F07001884207D23848006820F082
:1070A00070002169084335490860207800F0080025
:1070B000082811D13149091D6069096801F0700182
:1070C000884209D22D48001D006820F070006169D7
:1070D00008432A49091D0860207800F01000102894
:1070E00011D12649091DA069096801F4E0618842AF
:1070F00009D22248001D006820F4E060A16908431D
:107100001E49091D0860207800F02000202811D1B8
:107110001A490831E069096801F07001884209D212
:1071200016480830006820F07000E16908431349F0
:107130000831086000F0ACF810490968C1F3032178
:107140000F4A515C01F01F0120FA01F70B4800685B
:1071500000F00F001146085C00F01F0027FA00F055
:10716000084908600848076008480068FEF7DCFC2A
:107170008046404682E60000002000521844025833
:1071800008250108300000242C00002424000024DD
:107190003F220260174A126802F007024260154A55
:1071A0000832126802F470628260124A0832126871
:1071B00002F00F02C2600F4A0832126802F0700239
:1071C00002610C4A0C32126802F070024261094AF4
:1071D0000C32126802F4E0628261064A10321268D0
:1071E00002F07002C261044A126802F00F020A60E3
:1071F00070470000104402580020005210B500F003
:1072000047F80D490968C1F303210C4A515C01F0AC
:107210001F0120FA01F40848006800F00F00114631
:10722000085C00F01F0024FA00F0054908600548DA
:1072300004600846006810BD18440258082501087B
:10724000300000242C00002400B5FFF7D7FF0549CB
:107250000968C1F30211044A515C01F01F01C840E2
:1072600000BD00001C4402580825010800B5FFF7C6
:10727000C5FF05490968C1F30221044A515C01F0C8
:107280001F01C84000BD00001C4402580825010829
:10729000F0B5824E366806F0380636B1082E15D0A5
:1072A000102E15D0182E7DD114E07C4E103E36687D
:1072B000C6F3401646B1794E103E3668C6F3C10794
:1072C000774E26FA07F000E07548E5E07548E3E000
:1072D0007548E1E0714E1836366806F003046F4ECB
:1072E00018363668C6F305116C4E1C36366806F043
:1072F00001056A4E24363668C6F3CC0616FB05F641
:1073000001EE106AB8EE410A002971D024B1012CB7
:1073100050D0022C6DD16DE0604E103E3668C6F341
:1073200040163EB35D4E103E3668C6F3C1075C4E54
:1073300026FA07F301EE103AF8EE411A01EE101AA0
:10734000B8EE411A81EE812A9FED581AC0EE011A5B
:10735000524E20363668C6F3080601EE106AB8EEC3
:10736000411A31EE811AF7EE001A31EE211A62EE5F
:10737000010A1EE001EE101AB8EE411ADFED4C1AB8
:1073800081EE812A9FED491AC0EE011A434E203644
:107390003668C6F3080601EE106AB8EE411A31EEFF
:1073A000811A00E076E0F7EE001A31EE211A62EE63
:1073B000010A5BE001EE101AB8EE411A9FED3D2A7A
:1073C000C2EE011A9FED391A80EE012A334E2036A3
:1073D0003668C6F3080601EE106AB8EE411A32EEBE
:1073E000011AB7EE002A31EE021A61EE810A3DE081
:1073F0004EE01DE001EE101AB8EE411ADFED2E1A34
:1074000081EE812A9FED291AC0EE011A234E203603
:107410003668C6F3080601EE106AB8EE411A31EE7E
:10742000811AF7EE001A31EE211A62EE010A1DE010
:1074300001EE101AB8EE411A9FED1E2AC2EE011A93
:107440009FED1A1A80EE012A144E20363668C6F3D4
:10745000080601EE106AB8EE411A32EE011AB7EED4
:10746000002A31EE021A61EE810A00BF00BF0B4E06
:1074700020363668C6F34626721C01EE102AB8EE96
:10748000411AC0EE811ABCEEE11A11EE100A00E0BA
:10749000002001E0034800BF00BFF0BD10440258C7
:1074A0000090D00300093D0040787D0100000046B7
:1074B0000024744C0024744A20BCBE4B2DE9F047D4
:1074C000044614B90120BDE8F087207800F00100DF
:1074D000002870D0F948006800F03808F7481830E4
:1074E000D0F80090B8F1100F06D0B8F1180F0FD1F6
:1074F00009F0030002280BD1F04810380068C0F3EF
:10750000404000286AD06068002867D10120DAE78F
:1075100000BF6068B0F5803F08D1E84810380068C7
:1075200040F48030E549103908602EE0606868B9A1
:10753000E2481038006820F48030E04910390860D3
:107540000846006820F4802008601EE06068B0F5FE
:10755000A02F0DD1D9481038006840F48020D749B9
:10756000103908600846006840F4803008600CE07C
:10757000D2481038006820F48030D04910390860B3
:107580000846006820F48020086000BF606898B159
:10759000FEF788FA054606E0FEF784FA401B6428E9
:1075A00001D903208FE7C54810380068C0F3404078
:1075B0000028F1D012E012E0FEF774FA054606E06A
:1075C000FEF770FA401B642801D903207BE7BB4813
:1075D00010380068C0F340400028F1D100BF207887
:1075E00000F00200022879D1B448006800F03808A1
:1075F000B2481830D0F80090B8F1000F05D0B8F1BB
:10760000180F35D109F0030088BBAC48103800686A
:10761000C0F3800018B1E06808B9012053E7A7481B
:107620001038006820F01900E1680843A3491039B8
:107630000860FEF737FA054606E0FEF733FA401B0E
:10764000022801D903203EE79C4810380068C0F3A7
:1076500080000028F1D099480C38006820F0FE40E6
:10766000217C40EA016095490C39086045E0FFE75C
:10767000E06838B391481038006820F01900E168DC
:1076800008438E4910390860FEF70CFA054606E0FB
:10769000FEF708FA401B022801D9032013E78748A8
:1076A00010380068C0F380000028F1D083480C38FF
:1076B000006820F0FE40217C40EA01607F490C39DF
:1076C00008601AE07D481038006820F001007B490E
:1076D00010390860FEF7E6F9054607E00EE0FEF710
:1076E000E1F9401B022801D90320ECE67348103869
:1076F0000068C0F380000028F1D100BF207800F0BE
:10770000100010286FD16D48006800F038086B48F1
:107710001830D0F80090B8F1080F06D0B8F1180F63
:107720001CD109F00300012818D164481038006802
:10773000C0F3002020B1E069802801D00120C2E61A
:1077400000BF5E48001F006820F07C5094F82010B5
:1077500040EA01605949091F086043E0E06938B315
:1077600056481038006840F08000544910390860CD
:10777000FEF798F9054606E0FEF794F9401B02284B
:1077800001D903209FE64D4810380068C0F300205F
:107790000028F1D000BF4948001F006820F07C504D
:1077A00094F8201040EA01604449091F086019E07C
:1077B00042481038006820F08000404910390860C5
:1077C000FEF770F9054606E0FEF76CF9401B02284B
:1077D00001D9032077E6394810380068C0F300204B
:1077E0000028F1D100BF207800F00800082836D129
:1077F0006069D0B131486430006840F001002F4921
:1078000064310860FEF74EF9054606E0FEF74AF9D6
:10781000401B022801D9032055E62848643000683F
:10782000C0F340000028F1D019E02448643000681B
:1078300020F00100214964310860FEF733F9054664
:1078400006E0FEF72FF9401B022801D903203AE693
:107850001A4864300068C0F340000028F1D1207855
:1078600000F02000202838D1A069D0B1134810388A
:10787000006840F48050114910390860FEF712F991
:10788000054606E0FEF70EF9401B022801D9032049
:1078900019E60A4810380068C0F340300028F1D0DB
:1078A0001BE006481038006820F480500349103966
:1078B0000860FEF7F7F8054609E00000104402589A
:1078C000FEF7F0F8401B022801D90320FBE5D04861
:1078D0000068C0F340300028F2D1207800F00400A6
:1078E00004287DD1CB48006840F48070C949086005
:1078F000FEF7D8F8054606E0FEF7D4F8401B6428EA
:1079000001D90320DFE5C348006800F48070002837
:10791000F2D000BFA068012808D1BD4870300068CF
:1079200040F00100BA49703108602DE0A06868B9E4
:10793000B7487030006820F00100B5497031086028
:107940000846006820F0040008601DE0A0680528D3
:107950000DD1AF487030006840F00400AC49703180
:1079600008600846006840F0010008600CE0A84884
:107970007030006820F00100A549703108600846A9
:10798000006820F00400086000BFA068A0B1FEF706
:1079900089F8054608E0FEF785F8401B41F288317A
:1079A000884201D903208EE5994870300068C0F301
:1079B00040000028EFD013E0FEF774F8054608E019
:1079C000FEF770F8401B41F28831884201D903204C
:1079D00079E58F4870300068C0F340000028EFD18F
:1079E000606A00287DD08A481030006800F03800B6
:1079F000182877D0606A022875D18548006820F081
:107A0000807083490860FEF74DF8054606E0FEF7F2
:107A100049F8401B022801D9032054E57C4800683E
:107A2000C0F340600028F2D100BFD4E90A1041EA57
:107A3000001077492831096840F2F3329143084336
:107A4000734928310860208E401EC0F30800616B26
:107A5000491E4FF47E4202EA41210843218F491E0C
:107A6000D20102EA014108433C21095D491E12028C
:107A700002EA0161084366493031086000BF081F0F
:107A8000006820F00100091F086061483430006878
:107A90004FF6F8718843A16C40EAC1005C4934316B
:107AA00008605B482C30006820F00C00216C084313
:107AB00057492C3108600846006820F00200616CCC
:107AC000084353492C3108600846006840F4803070
:107AD00008600846006840F4003008600846006806
:107AE00002E092E038E01FE040F4802008600846A1
:107AF000006840F0010008604548006840F0807070
:107B000043490860FDF7CEFF054606E0FDF7CAFFD2
:107B1000401B022801D90320D5E43D480068C0F38A
:107B200040600028F2D070E03948006820F0807092
:107B300037490860FDF7B6FF054606E0FDF7B2FFDE
:107B4000401B022801D90320BDE431480068C0F37E
:107B500040600028F2D158E02D48283007682C48B2
:107B600030300668606A012821D007F00301A06A5E
:107B700081421CD1C7F30511E06A884217D1C6F3D0
:107B80000801206B401E814211D1606B401EC6F37C
:107B9000462188420BD1A06B401EC6F306418842A5
:107BA00005D1E06B401EC6F30661884201D001207A
:107BB00089E4174834300068C0F3CC07A06CB842A1
:107BC00023D013482C30006820F0010010492C31DC
:107BD0000860FDF767FF054600BFFDF763FF401B28
:107BE000FBD00B48343000684FF6F8718843A16C25
:107BF00040EAC10006493431086005482C3000686D
:107C000040F0010002492C31086000205BE40000D4
:107C100000440258004802587047704770470000FF
:107C200030B502460B4600BF92F83C00012801D156
:107C3000022030BD012082F83C0000BF022082F803
:107C40003D001068416810688468254D1068A8429E
:107C500003D0244D1068A84203D121F47001586864
:107C6000014321F0700118680143106841601C4D08
:107C70001068A84223D01068B0F1804F1FD01A4D71
:107C80001068A8421BD0194D1068A84217D0184D93
:107C90001068A84213D0134D1068A8420FD0154D9C
:107CA0001068A8420BD0144D1068A84207D0134D9D
:107CB0001068A84203D0124D1068A84205D124F0E4
:107CC00080049868044310688460012082F83D00B5
:107CD00000BF002082F83C0000BF00BFA9E7000001
:107CE0000000014000040140000400400008004082
:107CF000000C0040001800400040014000E000403F
:107D000000E4004010B504460CB9012010BD94F801
:107D10003D0028B9002084F83C00204600F02AF8F5
:107D2000022084F83D00211D206804F0B9FE0120E6
:107D300084F8480000BF84F83E0001213F2001552F
:107D40004020015541200155422001554320015555
:107D500000BF00BF012084F84400452001554620A3
:107D600001554720015500BF012084F83D00002047
:107D7000CCE7000038B504460D492068884215D18B
:107D800000BF0C48006840F002000A49086008463D
:107D9000006800F00200009000BF00BF0022052133
:107DA0001D20FDF73DFF1D20FDF726FF38BD00001B
:107DB00000040040E8440258014691F83D000128C3
:107DC00001D001207047022081F83D000868C0689A
:107DD00040F001000B68D860204B0868984223D01F
:107DE0000868B0F1804F1FD01D4B086898421BD027
:107DF0001C4B0868984217D01B4B0868984213D058
:107E00001A4B086898420FD0194B086898420BD05B
:107E1000184B0868984207D0174B0868984203D05F
:107E2000164B0868984210D108688068144B00EA25
:107E30000302062A0FD0B2F5803F0CD00868006814
:107E400040F001000B68186005E00868006840F029
:107E500001000B6818600020B4E70000000001403A
:107E60000004004000080040000C004000040140F5
:107E7000001800400040014000E0004000E40040E5
:107E8000070001002DE9F04104460D46002700BF20
:107E900094F83C00012802D10220BDE8F0810120C5
:107EA00084F83C0000BF022084F83D00206886680A
:107EB0004048064026F47F4620688660286870287F
:107EC00026D00CDC00F00F01002966D10011072834
:107ED00063D2DFE800F0555657584B374100B0F1F8
:107EE000101F52D009DCB0F5805F10D0B0F5005FF4
:107EF0001BD0B0F5801F50D146E0A0F5801020388F
:107F0000002843D0102842D0202846D140E046E047
:107F1000D5E902136A68206804F036FE2068866896
:107F200046F077062068866039E0D5E902136A6872
:107F3000206804F029FE2068806840F480402168B1
:107F400088602CE0EA686968206804F035FE5021FA
:107F5000206804F025FE22E0EA686968206804F0E1
:107F60003EFE6021206804F01BFE18E0EA686968A4
:107F7000206804F021FE4021206804F011FE0EE08C
:107F800000BF00BF00BF00BF00BF00BF00BF00BFF9
:107F90002968206804F004FE01E0012700BF00BF4B
:107FA000012084F83D0000BF002084F83C0000BFA1
:107FB000384672E788FFCEFF704770B504462068E8
:107FC000C6682068056905F00200022819D106F08C
:107FD0000200022815D1401F216808610120207786
:107FE0002068806900F0030018B12046FFF7E4FF25
:107FF00005E0204600F0ADF8204600F0ABF8002088
:10800000207705F00400042819D106F004000428A4
:1080100015D1C0432168086102202077206880695B
:1080200000F4407018B12046FFF7C6FF05E0204677
:1080300000F08FF8204600F08DF80020207705F042
:108040000800082819D106F00800082815D1C043F7
:1080500021680861042020772068C06900F00300CF
:1080600018B12046FFF7A8FF05E0204600F071F8A0
:10807000204600F06FF80020207705F0100010284F
:1080800019D106F01000102815D1C04321680861ED
:10809000082020772068C06900F4407018B120469D
:1080A000FFF78AFF05E0204600F053F8204600F075
:1080B00051F80020207705F0010048B106F00100DA
:1080C00030B16FF0010021680861204600F044F8EB
:1080D00005F08000802804D005F40050B0F5005F62
:1080E0000AD106F08000802806D16FF40250216882
:1080F00008612046FFF791FD05F48070B0F5807FA0
:108100000AD106F08000802806D16FF480702168C3
:1081100008612046FFF780FD05F04000402809D1A6
:1081200006F04000402805D1C04321680861204680
:1081300000F01EF805F02000202809D106F02000EC
:10814000202805D1C043216808612046FFF766FD5D
:1081500070BD70477047000010B5044603492068A1
:10816000884201D1FDF7A4FC10BD000000100040C2
:108170007047014600BF91F88400012801D1022018
:108180007047012081F8840000BF2420C1F88800D6
:10819000086802680868006820F001000B68186031
:1081A00022F0005200204866086802602020C1F8D2
:1081B000880000BF002081F8840000BF00BFDFE717
:1081C0007047704770B504460D4600BF94F88400B0
:1081D000012801D1022070BD012084F8840000BF75
:1081E0002420C4F88800206806682068006820F011
:1081F0000100216808602068806820F060602843E2
:1082000021688860204605F04BFB2068066020202E
:10821000C4F8880000BF002084F8840000BF00BFBD
:10822000D9E770B504460D4600BF94F884000128D4
:1082300001D1022070BD012084F8840000BF2420F9
:10824000C4F88800206806682068006820F00100F3
:10825000216808602068806820F060402843216819
:108260008860204605F01CFB206806602020C4F8CA
:10827000880000BF002084F8840000BF00BFD9E759
:108280007047704770B50446D4F88850D4F88C60B5
:108290002068806800F08000802823D1212D21D122
:1082A00000BF00BF2168083151E8001F21F08000A5
:1082B0002168083141E80002002AF3D100BFE06FD5
:1082C00068B1E06FFAF730FD48B1E06FFBF766F98F
:1082D000202804D11020C4F89000032070BD20464F
:1082E00005F01EFD2068806800F04000402826D17F
:1082F000222E24D100BF00BF2168083151E8001FA1
:1083000021F040002168083141E80002002AF3D141
:1083100000BFD4F8800078B1D4F88000FAF704FDEB
:1083200050B1D4F88000FBF739F9202804D110208F
:10833000C4F890000320D1E7204605F0A3FC0020FC
:10834000CCE7000010B504462046FFF79BFF08204D
:1083500021680862042021680862022021680862FE
:108360000120216808621E492068884204D14E22FB
:108370001C491D4800F0CAFD1C492068884204D1F0
:1083800009221B491B4800F0C1FD1B492068884297
:1083900004D1082219491A4800F0B8FD194920688B
:1083A00088421CD1002018490880184908804FF4E1
:1083B00000711748F8F774F94FF400711548F8F791
:1083C0006FF94FF400721249134800F09FFD1248F4
:1083D0000068006840F010000F490968086010BD8F
:1083E00000100140CDBF00246C0B0024004400406D
:1083F00095BF0024000C0024004C0040DD00002448
:10840000440A0024004800408C0400248E04002408
:1084100094C0002494C20024940C00242DE9F04759
:1084200004462068C569206806682068876840F6A9
:108430000F0005EA0009B9F1000F0FD105F0200087
:1084400060B106F0200010B907F0805030B1606FC5
:1084500010B12046616F8847BDE8F087B9F1000F81
:108460007ED0F848384018B9F74830400028F7D097
:1084700005F0010058B106F4807040B10120216878
:108480000862D4F8900040F00100C4F8900005F0B4
:10849000020058B107F0010040B1022021680862D3
:1084A000D4F8900040F00400C4F8900005F00400F7
:1084B00058B107F0010040B1042021680862D4F8E7
:1084C000900040F00200C4F8900005F0080070B180
:1084D00006F0200010B9DB48384040B10820216880
:1084E0000862D4F8900040F00800C4F8900005F449
:1084F000006060B106F0806048B14FF40060216810
:108500000862D4F8900040F02000C4F89000D4F83D
:108510009000002852D005F0200050B106F0200055
:1085200010B907F0805020B1606F10B12046616F24
:108530008847D4F890A02068806800F04000402868
:1085400002D00AF0280070B3204605F09BFB20689B
:10855000806800F04000402826D100BF00BF00E046
:108560002DE02168083151E8001F21F0400021680A
:10857000083141E80002002AF1D100BFD4F88000A0
:1085800068B1B248D4F880100865D4F88000FAF7D2
:1085900039FE98B1D4F88000016D88470EE020467E
:1085A000FFF7D0FE0AE003E02046FFF7CBFE05E030
:1085B0002046FFF7C7FE0020C4F890004CE7E06EAD
:1085C00001287DD105F01000002879D006F01000B8
:1085D0000028FAD01020216808622068806800F026
:1085E000400040286DD1D4F8800000689849884246
:1085F0006BD0D4F88000006895491831884264D067
:10860000D4F8800000689249303188425DD0D4F8B7
:10861000800000688E494831884256D0D4F88000E6
:1086200000688B49603188424FD0D4F880000068E0
:1086300087497831884248D0D4F88000006884495E
:108640009031884241D0D4F8800000688049A83138
:1086500088423AD0D4F8800000687E49884234D0FD
:10866000D4F8800000687B49183188422DD0D4F8B6
:108670008000006877493031884226D0D4F88000E5
:1086800000687449483188421FD0D4F880000068DF
:1086900070496031884218D0D4F8800000686D4974
:1086A0007831884211D0D4F880000068694990314F
:1086B00088420AD0D4F8800000686649A83102E0F8
:1086C000CAE07BE001E0884204D1D4F88000006871
:1086D000406803E0D4F88000006840681FFA80F822
:1086E000B8F1000F58D0B4F85C00404554DDA4F850
:1086F0005E80D4F88000C069B0F5807F40D000BFB4
:1087000000BF216851E8001F21F48070226842E810
:1087100000010029F5D100BF00BF00BF216808316A
:1087200051E8001F21F001002168083141E80002F2
:10873000002AF3D100BF00BF00BF2168083151E813
:10874000001F21F040002168083141E80002002AA2
:10875000F3D100BF2020C4F88C000020E06600BFE9
:1087600000BF216851E8001F21F01000226842E894
:1087700000010029F5D100BFD4F88000FAF7D4FA3F
:1087800002202067B4F85C00B4F85E20801A81B241
:108790002046FFF715FD10E0B4F85C0040450CD111
:1087A000D4F88000C069B0F5807F06D10220206730
:1087B000B4F85C102046FFF703FD4DE634F85C0F7B
:1087C0006188401A1FFA80F860885C3CC8B3B8F131
:1087D000000F36D000BF00BF216851E8001F21F410
:1087E0009070226842E800010029F5D100BF00BF67
:1087F00000BF2168083151E8001F124AD24301EA44
:1088000002002168083141E80002002AF1D100BFCE
:108810002020C4F88C000020E066606700BF00BF25
:10882000216851E8001F21F01000226842E8000191
:108830000029F5D100BF0220206741462046FFF7FE
:10884000BFFC09E60100001020010004DBDA00088B
:10885000100002401004024005F4801050B107F4EB
:10886000800038B14FF48010216808622046FFF77D
:1088700008FDF1E505F0800058B106F0800010B960
:1088800007F4000028B1A06F10B12046A16F8847FF
:10889000E2E505F0400030B106F0400018B1204696
:1088A00005F026FAD8E505F4000030B106F0804066
:1088B00018B12046FFF7E4FCCEE505F0807030B13A
:1088C00006F0004018B12046FFF77BFCC4E500BF6E
:1088D000C2E510B504460CB9012010BDA06900B175
:1088E00000E000BFD4F8880028B9002084F8840094
:1088F000204600F02BF82420C4F888002068006887
:1089000020F0010021680860A06A10B1204604F040
:10891000F3FF204605F024FA012800D1DDE72068A6
:10892000406820F49040216848602068806820F00A
:108930002A00216888602068006840F001002168F2
:108940000860204605F054F8C7E7000010B5B6B03F
:108950000446142130A8F7F7C5FEB82102A8F7F79E
:10896000C1FEFD49206888427ED102210020CDE968
:1089700002101F9002A8FDF717FC08B1F8F7C5FE1A
:1089800000BFF648006840F40020F449086008463B
:10899000006800F40020019000BF00BF00BFEF4856
:1089A0000838006840F00400EC49083908600846BF
:1089B000006800F00400019000BF00BF4FF4406069
:1089C0003090022031900120329003203390082013
:1089D000349030A9E248FCF76DFFE248E2490860B4
:1089E0003F2048600021E0488160C1604FF4806111
:1089F0000161002141618161C1614FF44031016237
:108A000000214162FBF74AFB08B1F8F77EFE00BF88
:108A1000D548C4F88000846300BFD2481830D349D9
:108A20000860402048604021D04881600021C1603A
:108A30004FF480610161002141618161C1614FF4A6
:108A40004031016200214162FBF728FB08B1F8F7D1
:108A50005CFE00BFC548E067846300BF00220521BB
:108A60003420FDF7DDF800E003E03420FDF7C4F822
:108A70003BE2BF49206888427DD102200021CDE938
:108A8000020100201F9002A8FDF78EFB08B1F8F745
:108A90003CFE00BFB148006840F08040AF4908602C
:108AA0000846006800F08040019000BF00BF00BF92
:108AB000AA480838006840F01000A8490839086042
:108AC0000846006800F01000019000BF00BF4FF49E
:108AD000C0703090022031900120329003203390FA
:108AE0000720349030A9A348FCF7E4FEA248A3492C
:108AF00008604F2048600021A0488160C1604FF4A9
:108B000080610161002141618161C1610162416255
:108B1000FBF7C4FA08B1F8F7F8FD00BF9748C4F8AE
:108B20008000846300BF9448183095490860502045
:108B300048604021924881600021C1604FF480610B
:108B40000161002141618161C16101624162FBF704
:108B5000A5FA08B1F8F7D9FD00BF8948E06784633A
:108B600000BF002205215220FDF75AF85220FDF7E0
:108B700043F8BAE1FFE78349206888427ED10121AA
:108B80000020CDE90210209002A8FDF70DFB08B1EE
:108B9000F8F7BBFD00BF71480830006840F01000D6
:108BA0006E49083108600846006800F01000019026
:108BB00000BF00BF00BF69480838006840F00100EE
:108BC0006649083908600846006800F00100019015
:108BD00000BF00BF4FF4C0603090022031900120F0
:108BE0003290032033900720349030A96648FCF778
:108BF00061FE6148303065490860292048600021E5
:108C000062488160C1604FF480610161002141616F
:108C10008161C1614FF44031016200214162FBF783
:108C20003DFA08B1F8F771FD00BF5848C4F880005C
:108C3000846300BF50484830554908602A20486086
:108C40004021534881600021C1604FF4806101617F
:108C5000002141618161C1614FF440310162002115
:108C60004162FBF71BFA08B1F8F74FFD00BF484817
:108C7000E067846300BF0022052100E006E02520B4
:108C8000FCF7CEFF2520FCF7B7FF2EE14149206815
:108C9000884260D102210020CDE902101F9002A875
:108CA000FDF782FA08B1F8F730FD00BF2B480068E5
:108CB00040F40030294908600846006800F400309C
:108CC000019000BF00BF00BF24480838006840F092
:108CD00008002249083908600846006800F00800CA
:108CE000019000BF00BF6020309002203190012031
:108CF0003290032033900720349030A92648FCF7A7
:108D0000D9FD1D486030254908602B2048600021AE
:108D100022488160C1604FF480610161002141619E
:108D20008161C16101624162FBF7B8F908B1F8F7EE
:108D3000ECFC00BF1948C4F88000846300BF0E48F3
:108D40007830174908602C20486040211448816021
:108D50000021C16026E041E0004C0040E844025898
:108D60000008025810040240280D0024A00D002421
:108D7000007800400010025840000240180E002405
:108D8000900E00240010014000000258080F00243B
:108D9000800F002400440040000C0258F80F00240B
:108DA000701000244FF480610161002141618161F4
:108DB000C16101624162FBF771F908B1F8F7A5FCE6
:108DC00000BF4B48E067846300BF002205212620D6
:108DD000FCF726FF2620FCF70FFF86E045492068B8
:108DE0008842FAD102210020CDE902101F9002A88A
:108DF000FDF7DAF908B1F8F788FC00BF3E480068D3
:108E000040F480203C4908600846006800F4802057
:108E1000019000BF00BF00BF37480838006840F02D
:108E200008003549083908600846006800F0080065
:108E3000019000BF00BF4FF440703090022031908D
:108E400001203290032033900720349030A92B4822
:108E5000FCF730FD2A482B4908602D20486000218E
:108E600028488160C1604FF4806101610021416147
:108E700081614FF48071C1614FF440310162002182
:108E80004162FBF70BF908B1F8F73FFC00BF1D4842
:108E9000C4F88000846300BF194818301A4908607C
:108EA0002E2048604021184881600021C1604FF4A5
:108EB00080610161002141618161C1614FF44031F4
:108EC000016200214162FBF7E9F808B1F8F71DFCE7
:108ED00000BF0D48E067846300BF00220521272002
:108EE000FCF79EFE2720FCF787FE36B010BD000081
:108EF0007010002400480040E8440258000C02585A
:108F000010000240E81000246011002470B50446EF
:108F10000D461646D4F88C00202821D105B10EB993
:108F2000012070BD0020E0660E492068884211D003
:108F30002068406800F4000060B100BF00BF2168F5
:108F400051E8001F41F08060226842E800010029DA
:108F5000F5D100BF32462946204605F015FAE0E774
:108F60000220DEE7000C005810B5044620492068B6
:108F7000884220D11F4807F0FBFF1F48007878B9CE
:108F80001E4890ED180AB5EEC00AF1EE10FA07D0AF
:108F900090ED180A1A4880ED000A01201649087061
:108FA0004E2214491748FFF7B1FF1748C088401CEC
:108FB00081B21548C18015492068884206D107F062
:108FC00093FF092212491348FFF7A0FF12492068B6
:108FD00088420CD105F0FAFD082210491048FFF72D
:108FE00095FF0948408A401C81B20748418210BD64
:108FF00000100140CDBF0024A00300243C03002446
:10900000A40300246C0B0024F8BE0024004400409C
:1090100095BF0024000C0024004C0040DD0000241B
:10902000440A00247047000070B504460E461546F9
:10903000D4F8880020283FD106B10DB9012070BDB9
:1090400044F8506FA580E580002020642120A063B3
:10905000E06A503CE0B11948E16FC8631848E16F1D
:1090600008641848E16FC8640020E16F0865236850
:1090700003F128022B46216DE06FFBF799FA38B116
:109080001020C4F890002020C4F888000120D6E702
:1090900040202168086200BF00BF2168083151E804
:1090A000001F41F080002168083141E80002002AD9
:1090B000F3D100BF0020C2E70220C0E721DC000896
:1090C00075DC0008EFDA00087047704700BFFEE764
:1090D00010B5F7F751FC2D48FEF76EFE4E222C49D5
:1090E0002C48FFF713FF08222B492C48FFF70EFFEF
:1090F00009222B492B48FFF709FF2B48006800681D
:1091000020F0010028490968086000BF264800686F
:10911000806940F008002449096888612248006895
:10912000806940F0100020490968886100BF08206C
:109130001D490968086282011C491B48FFF7E6FEC9
:1091400019480068006840F0100017490968086075
:1091500015480068006840F001001349096808607C
:109160001349144800F01EFB01221146124802F078
:109170001BFF124803F042F800210F4803F00CF8DF
:109180000D4802F0D9FFF8F709FF10BDF8090024D7
:10919000CDBF00246C0B0024DD000024440A002411
:1091A00095BF0024000C0024940C002494C00024DB
:1091B000300400240C04002418C5002418080024DE
:1091C00010B56A48007C30B9F8F77CFF0120674988
:1091D00008740020C8606548C068B0F5487F7DD23B
:1091E0006248C068401C6149C860002008710021C5
:1091F0005E4841718171C1710172417201205C4907
:10920000087200215A488172012141720021C17205
:109210000020584908705849097801EB8101574AE4
:1092200002EB8101564A127801EB820191ED001A9E
:10923000F0EE410A4D49C968A1F596704B491431C9
:109240004F4A127801EB820191ED001AB0EE410A0B
:109250004FF4FA7107F0CAFE4448283048490978AB
:1092600000EB810080ED000A4349097801EB8101A0
:10927000424A02EB8101434A127801EB820191EDEF
:10928000001AF0EE410A3949C968A1F596703749CC
:1092900014313C4A127801EB820191ED001AB0EED4
:1092A000410A4FF4FA7107F0A1FE304828303549E1
:1092B000097800EB810080ED000A2F49097801EB65
:1092C00081012E4A02EB81012F4A127801EB8201C3
:1092D00091ED001AF0EE410A244900E03CE0C86834
:1092E0001431294A127801EB820191ED001AB0EE97
:1092F000410A4FF4487107F079FE1C482830224992
:10930000097800EB810080ED000A1B49097801EB28
:1093100081011A4A02EB81011C4A127801EB820199
:1093200091ED001AF0EE410A1049C8681431174A4D
:10933000127801EB820191ED001AB0EE410A4FF470
:10934000487107F053FE094828301049097800EBAE
:10935000810080ED000A07E000200449087419200C
:10936000087001200A49087410BD00004804002458
:10937000BEBF002438030024E5040024EC040024CC
:10938000E0040024E1040024E2040024E3040024B7
:1093900038C0002410B57848007C30B9F8F792FE48
:1093A00000207549C860012008747348C068B0F592
:1093B000487F7DD27048C068401C6F49C86000205B
:1093C0006E49087401206E4908706E49097801EBF6
:1093D00081016D4A02EB81016C4A127801EB820136
:1093E00091ED001AF0EE410A6349C968A1F5967043
:1093F00061491431654A127801EB820191ED001A3E
:10940000B0EE410A4FF4FA7106F072FD5A48283066
:109410005E49097800EB810080ED000A594909781E
:1094200001EB8101584A02EB8101594A127801EBA4
:10943000820191ED001AF0EE410A4F49C968A1F589
:1094400096704D491431524A127801EB820191ED28
:10945000001AB0EE410A4FF4FA7107F0C7FD464812
:1094600028304B49097800EB810080ED000A45491E
:10947000097801EB8101444A02EB8101454A1278E7
:1094800001EB820191ED001AF0EE410A3A49C868F9
:109490001431404A127801EB820191ED001AB0EECE
:1094A000410A4FF4487107F0A1FD3348283000E02D
:1094B0005BE03849097800EB810080ED000A314912
:1094C000097801EB8101304A02EB8101324A1278BE
:1094D00001EB820191ED001AF0EE410A2649C868BD
:1094E00014312D4A127801EB820191ED001AB0EE91
:1094F000410A4FF4487107F079FD1F48283026498A
:10950000097800EB810080ED000A2449097801EB1D
:109510008101234A02EB8101224A127801EB820188
:1095200091ED001AF0EE410A1349C86814311D4A42
:10953000127801EB820191ED001AB0EE410A4FF46E
:10954000487107F053FD0C4828301649097800EBA4
:10955000810080ED000A0848C068B0F5167F09D385
:10956000012111484173017304E00020024908748D
:109570001920087010BD00004804002438C00024E1
:1095800038030024E5040024EC040024E004002453
:10959000E1040024E2040024E30400245105002433
:1095A00054050024E4040024BEBF002410B5734811
:1095B000007C30B9F8F786FD00207049C8600120B2
:1095C00008746E48C068B0F5487F7DD26B48C068AB
:1095D000401C6A49C8600020694908740120694933
:1095E00008706949097801EB8101684A02EB810141
:1095F000674A127801EB820191ED001AF0EE410A00
:109600005E49C968A1F596705C491431604A1278C8
:1096100001EB820191ED001AB0EE410A4FF4FA71AC
:1096200006F066FC554828305949097800EB81005E
:1096300080ED000A5449097801EB8101534A02EB9D
:109640008101544A127801EB820191ED001AF0EE8B
:10965000410A4A49C968A1F59670484914314D4AF2
:10966000127801EB820191ED001AB0EE410A4FF43D
:10967000FA7107F0BBFC414828304649097800EBF5
:10968000810080ED000A4049097801EB81013F4AE1
:1096900002EB8101404A127801EB820191ED001A40
:1096A000F0EE410A3549C86814313B4A127801EBA3
:1096B000820191ED001AB0EE410A4FF4487107F0B3
:1096C00095FC2E48283000E052E03349097800EB41
:1096D000810080ED000A2C49097801EB81012B4AB9
:1096E00002EB81012D4A127801EB820191ED001A03
:1096F000F0EE410A2149C8681431284A127801EB7A
:10970000820191ED001AB0EE410A4FF4487107F062
:109710006DFC1A4828302149097800EB810080ED62
:10972000000A1949097801EB8101184A02EB81010D
:109730001B4A127801EB820191ED001AF0EE410A0A
:109740000E49C8681431164A127801EB820191ED76
:10975000001AB0EE410A4FF4487107F047FC074881
:1097600028300F49097800EB810080ED000A04E001
:109770000020024908741920087010BD4804002414
:1097800038C0002438030024E5040024EC0400243D
:10979000E0040024E1040024E2040024E3040024A3
:1097A000E404002470B504460D4621789FED0E2A8E
:1097B000DFED0D1A9FED0C1ADFED0B0A9FED0A0A83
:1097C0000222284602F020FD08492846F8F78CFAC4
:1097D00021780220F8F7E8FA064631460023034ACA
:1097E0000348F7F73CF970BD00000000BD000024FD
:1097F0001808002470B505460C461646314620462A
:1098000005F05CF994ED010A85ED010A94ED020A78
:1098100085ED020A94ED030A85ED030A94ED050A2D
:1098200085ED080A70BD0000012801D00A280CD17E
:10983000134991ED000A134981ED040A124991ED93
:10984000000A104981ED050A09E040B99FED0F0AB1
:109850000C4981ED040A9FED0D0A81ED050A9FED8B
:109860000B0A084981ED030A09490A4A127801EBFB
:10987000820191ED000A034981ED010A7047000061
:10988000B004002430040024B404002400000000CC
:1098900070040024E30400240246002006E042FA9B
:1098A00000F303F001030B54431CD8B20828F6DB85
:1098B0007047000010B50446012C2FD19FED344AAB
:1098C000DFED343A9FED333ADFED332A9FED332A53
:1098D000DFED331A334890ED001ADFED330A3348D9
:1098E00090ED000A324800F0A9FE9FED324ADFED0C
:1098F000323A9FED313ADFED312A9FED262ADFED36
:10990000281A2F4890ED001ADFED250A2D4890ED1A
:10991000000A27484C3800F091FE2DE00CB10A2CCB
:109920002AD19FED1B4ADFED1B3A9FED1A3ADFED7E
:109930001A2A9FED1A2ADFED1A1A9FED191ADFED88
:10994000180A9FED170A1A4800F078FE9FED1E4A8C
:10995000DFED1E3A9FED1D3ADFED182A9FED0D2A2F
:10996000DFED0F1A9FED0E1ADFED0D0A9FED0C0AC9
:109970000F484C3800F062FE15481649097800EB94
:10998000810090ED000A0A486C3880ED3D0A10BD58
:1099900000004843000048440000AF430000C842B4
:1099A00000000000D4040024CDCC4C3DD0040024A1
:1099B0006C01002400007A4500D0044600007A447F
:1099C000DC040024D804002400803B4500A00C46A1
:1099D00070040024E104002410B50446012C2BD1AE
:1099E0009FED494ADFED493A9FED483ADFED472ABE
:1099F0009FED452ADFED461AB7EE001ADFED450A66
:109A0000B1EE040A444800F019FE9FED444ADFED30
:109A1000443A9FED433ADFED432A9FED432ADFEDC1
:109A20003C1AB2EE041ADFED3B0A9FED400A3A48B9
:109A30004C3800F003FE5BE0022C2BD19FED324A44
:109A4000DFED323A9FED313ADFED302A9FED2E2ADD
:109A5000DFED2F1AB0EE001ADFED2E0AB2EE020A89
:109A60002D4800F0EBFD9FED2D4ADFED313A9FEDE3
:109A7000303ADFED2C2A9FED2C2ADFED251A9FEDE1
:109A80002D1ADFED240A9FED2C0A23484C3800F0F4
:109A9000D5FD2DE00CB10A2C2AD19FED1B4ADFED3C
:109AA0001B3A9FED1A3ADFED192A9FED172ADFEDD9
:109AB000181A9FED171ADFED160A9FED150A1648C2
:109AC00000F0BCFD9FED154ADFED153A9FED143A0D
:109AD000DFED142A9FED142ADFED0D1A9FED0C1A0D
:109AE000DFED0B0A9FED0A0A0B484C3800F0A6FD8B
:109AF00012481349097800EB810090ED000A0648EE
:109B00006C3880ED3D0A10BD0000C8420000C8431B
:109B1000000000000AD7233C8802002400803B4557
:109B200000606A460000FA43000048440000B44266
:109B300000401C46000020420000874370040024BF
:109B4000E404002408B500BF3548006840F0020076
:109B5000334908600846006800F00200009000BF2A
:109B600000BF00BF0846006840F0010008600846DA
:109B7000006800F00100009000BF00BF0022052136
:109B80000B20FCF74DF80B20FCF736F800220521DE
:109B90000C20FCF745F80C20FCF72EF800220521DC
:109BA0000D20FCF73DF80D20FCF726F800220521DA
:109BB0000E20FCF735F80E20FCF71EF800220521D8
:109BC0000F20FCF72DF80F20FCF716F800220521D6
:109BD0001020FCF725F81020FCF70EF800220521D4
:109BE0001120FCF71DF81120FCF706F800220521D2
:109BF0002F20FCF715F82F20FBF7FEFF0022052190
:109C00003820FCF70DF83820FBF7F6FF002205217D
:109C10003920FCF705F83920FBF7EEFF08BD0000FE
:109C2000D844025810B51E481E49086000208860BC
:109C300000211C48C160012101740021417481741C
:109C400001214161062181611221C1610621016268
:109C500001214162062181621221C1620621016354
:109C600000214163012181630021C163042101645A
:109C70004164002181640421C16400210165042143
:109C80004165002181651021C165016600214166A1
:109C900004218166FBF7C8FA08B1F7F736FD10BD5D
:109CA00000A000401808002410B51F481F49086094
:109CB0000020886000211D48C1600121017400213D
:109CC0004174817401214161062181611221C161C8
:109CD0000621016201214162062181621221C162D5
:109CE000062101634FF44871416301218163002122
:109CF000C163042101644164002181640421C164C1
:109D00000021016504214165002181651021C165A3
:109D100001660021416604218166FBF785FA08B1DE
:109D2000F7F7F3FC10BD000000A40040B8080024C1
:109D300010B51F481F4908600020886000211D4899
:109D4000C1600121017400214174817401214161CC
:109D5000062181611221C161062101620121416256
:109D6000062181621221C162062101634FF4C8619C
:109D70004163012181630021C163042101644164C5
:109D8000002181640421C164002101650421416531
:109D9000002181651021C165016600214166042111
:109DA0008166FBF741FA08B1F7F7AFFC10BD000080
:109DB00000D400405809002410B5154A0021154868
:109DC00006F068FA14490860144A0021144806F0A5
:109DD00061FA14490860144A0021144806F05AFA3E
:109DE00013490860134A0021134806F053FA134937
:109DF0000860134A0021134806F04CFA1249086023
:109E0000124A0021124806F045FA1249086010BDB6
:109E1000A4230108E5C3000804000024C8230108A6
:109E2000092D000808000024EC23010809A20008FD
:109E30000C00002410240108F10F00081000002479
:109E40003424010875A400081400002458240108D3
:109E500025C200081800002400B587B0142102A80C
:109E6000F6F740FC00BF3C48006840F080003A49EB
:109E700008600846006800F08000019000BF00BF45
:109E800000BF0846006840F001000860084600680E
:109E900000F00100019000BF00BF00BF084600684D
:109EA00040F0100008600846006800F010000190C3
:109EB00000BF00BF00BF0846006840F0080008600F
:109EC0000846006800F00800019000BF00BF00BF16
:109ED0000846006840F0040008600846006800F08A
:109EE0000400019000BF00BF00BF0846006840F0BA
:109EF000020008600846006800F00200019000BF00
:109F000000BF2820029002200390002004900590BA
:109F10000120069002A91148FBF7CCFC4FF4205019
:109F200002900220039000200490059001200690EA
:109F300002A90B48FBF7BEFCC02002900220039050
:109F400001200490032005900720069002A90548EF
:109F5000FBF7B0FC07B000BDE04402580000025817
:109F6000001002580008025800B587B00020039086
:109F700004900590069000900190029015481649B3
:109F800008604FF48970486000211348816040F2F6
:109F9000E731C1600021016180218161FDF7B2FEDE
:109FA00008B1F7F7B2FB4FF48050039003A90A48B9
:109FB000FDF768FF08B1F7F7A8FB002000900290BA
:109FC00069460548FDF72CFE08B1F7F79EFB07B080
:109FD00000BD000000040040F809002410B5194835
:109FE000194908604FF461204860002116488160DB
:109FF000C16001610C214161002181614FF4004188
:10A00000C16100210162416200200F498862084657
:10A01000FEF75FFC08B1F7F778FB00210A48FEF76E
:10A0200000F908B1F7F771FB00210748FEF7CAF8FD
:10A0300008B1F7F76AFB0448FEF79BF808B1F7F799
:10A0400064FB10BD004C0040440A002410B51848C1
:10A05000184908604FF4612048600021154881606C
:10A06000C16001610C21416100218161C161016216
:10A07000416200200F4988620846FEF72AFC08B1B9
:10A08000F7F743FB00210B48FEF7CBF808B1F7F7D1
:10A090003CFB00210748FEF795F808B1F7F735FBC0
:10A0A0000448FEF766F808B1F7F72FFB10BD000073
:10A0B00000780040D80A002410B5194819490860F2
:10A0C00019484860002117488160C16001610C2176
:10A0D0004161002181614FF40041C16100210162B1
:10A0E000416200200F4988620846FEF7F2FB08B182
:10A0F000F7F70BFB00210B48FEF793F808B1F7F7D1
:10A1000004FB00210748FEF75DF808B1F7F7FDFAF8
:10A110000448FEF72EF808B1F7F7F7FA10BD000073
:10A12000001001406C0B0024003E490010B5184897
:10A13000184908604FF4E1304860002115488160FB
:10A14000C16001610C21416100218161C161016235
:10A15000416200200F4988620846FEF7BAFB08B149
:10A16000F7F7D3FA00210B48FEF75BF808B1F7F7D1
:10A17000CCFA00210748FEF725F808B1F7F7C5FA31
:10A180000448FDF7F6FF08B1F7F7BFFA10BD00006D
:10A1900000440040000C002410B51848184908601D
:10A1A0004FF4E1204860002115488160C1600161E1
:10A1B0000C21416100218161C16101624162002085
:10A1C0000F4988620846FEF784FB08B1F7F79DFA4D
:10A1D00000210B48FEF725F808B1F7F796FA0021A1
:10A1E0000748FDF7EFFF08B1F7F78FFA0448FDF7CE
:10A1F000C0FF08B1F7F789FA10BD00000048004021
:10A20000940C002400BFFEE71CB500BF584800783E
:10A21000FF2805D10020574908705749087008E009
:10A2200053480078142804D101205249087052493B
:10A2300008705048007801F071FB504890ED002AFA
:10A240004F48D0ED001A4F4890ED001ADFED4E0A4E
:10A250004E4890ED000A4E4801F0C0FE4548007897
:10A26000FFF7E2FA4B48D0ED052AB0EE622AD0EDB6
:10A27000042AF0EE621AD0ED032AB0EE621AD0ED95
:10A28000022AF0EE620AD0ED012AB0EE620A4248DC
:10A29000017804223F4801F0B7FF3E48F6F78CFBF7
:10A2A00034480078F6F792FA3C4805F07BFF3248D4
:10A2B000007850B900200090034602464FF4007128
:10A2C00001903748F6F78CFB1CE02B480078FFF72D
:10A2D00083FB3448F6F7A2FE00200090019031483D
:10A2E00090ED3C0A3048D0ED030A30EE200ABDEE76
:10A2F000C00A10EE100A02B200234FF40071284881
:10A30000F6F76EFB1B480078FFF7D4FA2748F6F7FC
:10A3100085FE002000900190244890ED3C0A2248E0
:10A32000D0ED020A30EE200ABDEEC00A10EE100A8F
:10A3300003B200224FF400711D48F6F751FB1D488F
:10A3400005F024F91B4908398873012301F10E0235
:10A350004FF440711848F6F782FB1848408B401CB8
:10A3600081B216484183012005F03EFF4EE7000010
:10A370004804002400000024380300249C04002426
:10A380009404002490040024000000009804002499
:10A3900018C50024300400240C0400243C030024CD
:10A3A000B80800241C02002438C000240001002446
:10A3B00018080024C6BF002458090024F8BE002451
:10A3C00000BFFEE7234890ED140A2348D0ED000AB1
:10A3D00030EE600A214880ED000A214890ED010A24
:10A3E0001E4880ED010A1F4890ED180A1E48D0ED66
:10A3F000000A30EE600A194880ED020A1B4890ED11
:10A40000390A164880ED030A194890ED390A1348B5
:10A4100080ED040A0F4890ED160A104880ED050AF9
:10A420000F4890ED030A0D4880ED060A0D4890EDA7
:10A43000070A0A4880ED070A0C4890ED3B0A0748D6
:10A4400080ED080A0A4890ED3B0A044880ED090AAD
:10A450007047000018C500240804002458BF0024D9
:10A460000C0400243C030024A40300240001002465
:10A470001C02002400BFFFF7A5FF15480088002834
:10A4800012DD1449144A1288881811490A881349A0
:10A49000F6F787F8104800880D49098808440E49E6
:10A4A000088000200A4908800B480088002805DD44
:10A4B0000948008801B2074804F0E8FF0848C08B4B
:10A4C000401C81B20648C183012005F08DFED2E711
:10A4D0008C04002494C200248E04002494C0002420
:10A4E000F8BE002400B5B0EE402B80ED002AC0ED90
:10A4F000012A90ED020A80ED030A90ED000AD0EDEA
:10A50000010A30EE600A80ED020A90ED020AB7EE11
:10A51000C00AB0EEC01B90ED120AB7EEC00AB4EE4E
:10A52000C01BF1EE10FA03D89FED430A80ED020A3A
:10A53000D0ED111AB0EE611AD0ED111AF1EE611AD8
:10A54000F0EE610AD0ED021AB0EE610AF6F7A4FA55
:10A5500080ED020A90ED040AD0ED020A30EE200AE6
:10A5600080ED040AD0ED0F1AB0EE611AD0ED0F1A8B
:10A57000F1EE611AF0EE610AD0ED041AB0EE610A54
:10A58000F6F78AFA80ED040AD0ED051A90ED023A4A
:10A5900061EE831AB0EE610AD0ED0E1AB0EE611AC8
:10A5A000D0ED0E1AF1EE611AF0EE610AF6F774FAC8
:10A5B00080ED090A90ED060AD0ED040A20EE200A8B
:10A5C00080ED0A0AD0ED021A90ED033A71EEC31A3B
:10A5D00090ED073A61EE831AB0EE610AD0ED101AE1
:10A5E000B0EE611AD0ED101AF1EE611AF0EE610AC8
:10A5F000F6F752FA80ED0B0A90ED090AD0ED0A0A3F
:10A6000030EE200AD0ED0B0A30EE200A80ED080A69
:10A61000D0ED0D1AB0EE611AD0ED0D1AF1EE611AFF
:10A62000F0EE610AD0ED081AB0EE610AF6F734FADE
:10A6300080ED080A00BD00000000000080ED050A62
:10A64000C0ED060A80ED071A80ED112AC0ED121A3E
:10A65000C0ED0F2AC0ED0E3A80ED104A80ED0D3AA4
:10A660007047000038B5BB202B490870AA20087538
:10A670002A480079487029484079887027488079AD
:10A68000C8702648C07908712448007A4871234868
:10A69000407A8871F7F7DEF90446200A1E49C8712E
:10A6A0000C721F48806B00EE100ADFED1E0AB4EE3C
:10A6B000E00AF1EE10FA0ADA1948806B00EE100A8F
:10A6C000DFED190AB4EEE00AF1EE10FA04D89FEDBE
:10A6D000170A8DED000A02E01148806B00900E48C9
:10A6E0000099C0F809100E494969C0F80D101048CA
:10A6F000408E002805DC0020074948748874C8741F
:10A7000009E00C480078044948740A484078887485
:10A7100008488078C87438BD80BF002448040024ED
:10A7200094C4002400003444000034C4000000003D
:10A73000F8BE0024E500002410B59A48007C60B9FA
:10A74000F7F7C0FC00209749C86001200874012178
:10A75000944881710120944908749248C068B0F50A
:10A76000617F6BD28F48C068401C8E49C860C96841
:10A77000A1F1C8008D498E4A127801EB820191ED5A
:10A78000001AF0EE410A87491431894A127801EB28
:10A79000820191ED001AB0EE410A4FF4167106F0F5
:10A7A00025FC804828308249097800EB810080ED43
:10A7B000000A7C49C968A1F5C8707C497D4A1278B5
:10A7C00001EB820191ED001AF0EE410A7549143156
:10A7D000784A127801EB820191ED001AB0EE410A3D
:10A7E0004FF4E17106F002FC6E4828307149097897
:10A7F00000EB810080ED000A6A49C8686B496E4A27
:10A80000127801EB820191ED001AF0EE410A6549E0
:10A810001431694A127801EB820191ED001AB0EE11
:10A82000410A4FF4E17106F0E1FB5E4828306249CD
:10A83000097800EB810080ED000AB2E05948C06859
:10A84000B0F5617F11D35748C06840F23341884268
:10A850000BD25448C068401C5249C8600020574978
:10A8600008720121554881729BE04E48C06840F251
:10A87000334188427ED34B48C068B0F5C86F79D267
:10A880004848C068401C4749C860002046490874D1
:10A890004A4908720021494881724949097801EB07
:10A8A0008101484A02EB8101414A127801EB8201A1
:10A8B00091ED001AF0EE410A3A49C968A1F24C4004
:10A8C0003A493B4A127801EB820191ED001AB0EE51
:10A8D000410A4FF4FA7106F089FB324828303449B6
:10A8E000097800EB810080ED000A3549097801EB19
:10A8F0008101344A02EB81012E4A127801EB820178
:10A9000091ED001AF0EE410A2649C968A1F596605A
:10A910002649284A127801EB820191ED001AB0EE27
:10A92000410A4FF4C87106F061FB1E4828302149E6
:10A93000097800EB810080ED000A2149097801EBDC
:10A940008101204A02EB81011B4A127801EB82014E
:10A9500091ED001AF0EE410A1249C968A1F24C408B
:10A960001249154A127801EB820191ED001AB0EEFE
:10A97000410A00E00CE04FF4FA7106F037FB094899
:10A9800028300D49097800EB810080ED000A08E0CD
:10A9900000200449087402210248817118200149ED
:10A9A000087010BD4804002438C00024500700245B
:10A9B000E0040024E1040024E2040024BEBF0024DB
:10A9C000E7040024EC04002410B59B48007C60B927
:10A9D000F7F778FB00209849C8600120087401212E
:10A9E000954881710120954908749348C06840F2E8
:10A9F0001A4188426BD29048C068401C8E49C8609A
:10AA0000C8688F498F4A127801EB820191ED001AD4
:10AA1000F0EE410A884914318A4A127801EB82012A
:10AA200091ED001AB0EE410A4FF4167106F0DEFA0D
:10AA3000814828308349097800EB810080ED000AC5
:10AA40007D49C968A1F5C8707D497F4A127801EB3C
:10AA5000820191ED001AF0EE410A774914317A4AE9
:10AA6000127801EB820191ED001AB0EE410A4FF429
:10AA7000C87106F0BBFA704828307349097800EBBA
:10AA8000810080ED000A6C49C968A1F5C8706C4965
:10AA90006E4A127801EB820191ED001AF0EE410A44
:10AAA00065491431694A127801EB820191ED001A6F
:10AAB000B0EE410A4FF4C87106F098FA5E482830AB
:10AAC0006249097800EB810080ED000AB2E05A4843
:10AAD000C06840F21A41884211D35748C06840F21A
:10AAE000E24188420BD25448C068401C5249C860B9
:10AAF0000020574908720121554881729AE04E485A
:10AB0000C06840F2E24188427DD34B48C068B0F54E
:10AB1000E16F78D24848C068401C4749C8600020AF
:10AB2000464908744A4908720021494881724949D6
:10AB3000097801EB8101484A02EB8101414A127810
:10AB400001EB820191ED001AF0EE410A3A49C96821
:10AB5000A1F5AF603A493B4A127801EB820191EDD1
:10AB6000001AB0EE410A4FF4C87106F03FFA3248BD
:10AB700028303449097800EB810080ED000A35491E
:10AB8000097801EB8101344A02EB81012E4A1278E7
:10AB900001EB820191ED001AF0EE410A2649C968E5
:10ABA000A1F20E602649284A127801EB820191ED4C
:10ABB000001AB0EE410AFA2106F018FA1E482830B1
:10ABC0002149097800EB810080ED000A21490978CC
:10ABD00001EB8101204A02EB81011C4A127801EB52
:10ABE000820191ED001AF0EE410A1349C968A1F5FE
:10ABF000AF601349154A127801EB820191ED001AFA
:10AC0000B0EE410A00E00CE04FF4C87106F0EEF936
:10AC1000094828300D49097800EB810080ED000AD1
:10AC200008E00020044908740221034881711820BB
:10AC30000149087010BD00004804002438C00024F9
:10AC40003C070024E0040024E1040024E204002482
:10AC5000BEBF0024E7040024EC04002410B59A4889
:10AC6000007C58B9F7F72EFA00209749C8600120F8
:10AC70000874964908740121934881719248C0680C
:10AC8000B0F5617F6BD29048C068401C8E49C860A7
:10AC9000C8688F498F4A127801EB820191ED001A42
:10ACA000F0EE410A884914318A4A127801EB820198
:10ACB00091ED001AB0EE410A4FF4167106F096F9C4
:10ACC000814828308349097800EB810080ED000A33
:10ACD0007D49C968A1F1C8007D497F4A127801EB1E
:10ACE000820191ED001AF0EE410A774914317A4A57
:10ACF000127801EB820191ED001AB0EE410A4FF497
:10AD0000167106F073F9704828307349097800EB22
:10AD1000810080ED000A6C49C968A1F5C8706C49D2
:10AD20006E4A127801EB820191ED001AF0EE410AB1
:10AD300065491431694A127801EB820191ED001ADC
:10AD4000B0EE410A4FF4C87106F050F95E48283061
:10AD50006249097800EB810080ED000AB3E05A48AF
:10AD6000C068B0F5617F11D35748C06840F24C41CC
:10AD700088420BD25448C068401C5349C860002028
:10AD8000574908720121564881729CE04E48C068BC
:10AD900040F24C4188427DD34B48C06840F2A461E8
:10ADA000884277D24848C068401C4749C8600020A4
:10ADB000464908744A490872002149488172494944
:10ADC000097801EB8101484A02EB8101414A12787E
:10ADD00001EB820191ED001AF0EE410A3A49C9688F
:10ADE000A1F596603A493B4A127801EB820191ED58
:10ADF000001AB0EE410A4FF4FA7106F0F7F8324843
:10AE000028303449097800EB810080ED000A35498B
:10AE1000097801EB8101344A02EB81012E4A127854
:10AE200001EB820191ED001AF0EE410A2649C96852
:10AE3000A1F214502649284A127801EB820191EDC3
:10AE4000001AB0EE410A4FF4C87106F0CFF81E4860
:10AE500028302149097800EB810080ED000A214962
:10AE6000097801EB8101204A02EB81011B4A12782B
:10AE700001EB820191ED001AF0EE410A1249C96816
:10AE8000A1F596601249154A127801EB820191ED05
:10AE9000001A00E00EE0B0EE410A4FF4FA7106F03D
:10AEA000A5F8094828300D49097800EB810080EDAC
:10AEB000000A08E000200449087402210248817158
:10AEC00018200149087010BD4804002438C000242F
:10AED00004080024E0040024E1040024E204002427
:10AEE000BEBF0024E7040024EC04002410B59A48F7
:10AEF000007C58B9F7F7E6F800209749C8600120B0
:10AF00000874964908740121934881719248C06879
:10AF1000B0F5617F6BD29048C068401C8E49C86014
:10AF2000C8688F498F4A127801EB820191ED001AAF
:10AF3000F0EE410A884914318A4A127801EB820105
:10AF400091ED001AB0EE410A4FF4167106F04EF87A
:10AF5000814828308349097800EB810080ED000AA0
:10AF60007D49C968A1F1C8007D497F4A127801EB8B
:10AF7000820191ED001AF0EE410A774914317A4AC4
:10AF8000127801EB820191ED001AB0EE410A4FF404
:10AF9000167106F02BF8704828307349097800EBD9
:10AFA000810080ED000A6C49C968A1F5C8706C4940
:10AFB0006E4A127801EB820191ED001AF0EE410A1F
:10AFC00065491431694A127801EB820191ED001A4A
:10AFD000B0EE410A4FF4C87106F008F85E48283018
:10AFE0006249097800EB810080ED000AB3E05A481D
:10AFF000C068B0F5617F11D35748C06840F24C413A
:10B0000088420BD25448C068401C5349C860002095
:10B01000574908720121564881729CE04E48C06829
:10B0200040F24C4188427DD34B48C06840F2A46155
:10B03000884277D24848C068401C4749C860002011
:10B04000464908744A4908720021494881724949B1
:10B05000097801EB8101484A02EB8101414A1278EB
:10B0600001EB820191ED001AF0EE410A3A49C968FC
:10B07000A1F596603A493B4A127801EB820191EDC5
:10B08000001AB0EE410A4FF4FA7105F0AFFF3248F2
:10B0900028303449097800EB810080ED000A3549F9
:10B0A000097801EB8101344A02EB81012E4A1278C2
:10B0B00001EB820191ED001AF0EE410A2649C968C0
:10B0C000A1F214502649284A127801EB820191ED31
:10B0D000001AB0EE410A4FF4C87105F087FF1E4810
:10B0E00028302149097800EB810080ED000A2149D0
:10B0F000097801EB8101204A02EB81011B4A127899
:10B1000001EB820191ED001AF0EE410A1249C96883
:10B11000A1F596601249154A127801EB820191ED72
:10B12000001A00E00EE0B0EE410A4FF4FA7105F0AB
:10B130005DFF094828300D49097800EB810080ED5A
:10B14000000A08E0002004490874022102488171C5
:10B1500018200149087010BD4804002438C000249C
:10B1600004080024E0040024E1040024E204002494
:10B17000BEBF0024E7040024EC04002410B5A94855
:10B18000007C78B9F6F79EFF0020A649C86001212F
:10B19000A44841710120A4490870A2490874A34938
:10B1A00008743EE19F48C06840F24C4188427CD21E
:10B1B0009C48C068401C9B49C8600846C068B0F500
:10B1C000967F02D30321974841719648C068B0F535
:10B1D000167F58D29649097801EB8101954A02EB16
:10B1E0008101954A127801EB820191ED001AB7EEC8
:10B1F000C11A9FED922B31EE421BB7EEC11BF0EE50
:10B20000410A8849C86814318B4A127801EB8201DF
:10B2100091ED001AB0EE410A4FF4167105F0E6FE0A
:10B22000804828308449097800EB810080ED000ACD
:10B230007F49097801EB81017E4A02EB8101814A55
:10B24000127801EB820191ED001ADFED7F1A31EEE9
:10B25000211AF0EE410A7349C8681431794A12780C
:10B2600001EB820191ED001AB0EE410A4FF4FA7140
:10B2700005F0BCFE6B4828307249097800EB81006C
:10B2800080ED000A68E06A49097801EB8101694AAA
:10B2900002EB8101684A127801EB820191ED001AFC
:10B2A000F0EE410A6249097800E0B1E001EB81016A
:10B2B000604A02EB8101604A127801EB820191ED54
:10B2C000001AB7EEC11A9FED5D2B31EE421BB7EEAF
:10B2D000C11BB0EE410A5349C968A1F56170C8218C
:10B2E00005F084FE4F4828305349097800EB81006F
:10B2F00080ED000A4E49097801EB81014D4A02EBCD
:10B300008101504A127801EB820191ED001AF0EEB2
:10B31000410A4749097801EB8101464A02EB810164
:10B32000484A127801EB820191ED001ADFED461ACE
:10B3300031EE211AB0EE410A3A49C968A1F54870C8
:10B340004FF4967105F052FE364828303D49097891
:10B3500000EB810080ED000A3549097801EB81019D
:10B36000344A02EB8101394A127801EB820191EDF6
:10B37000001AF0EE410A2B49497801EB8101344A69
:10B3800002EB01122749897801EB810102EB81016F
:10B390002E4A127801EB820191ED001AB0EE410ABB
:10B3A0002049C86840F24C4105F020FE1D48283075
:10B3B0002649097800EB810080ED000A1C490978D4
:10B3C00001EB81011B4A02EB8101224A127801EB59
:10B3D000820191ED001AF0EE410A1249C968A1F20A
:10B3E000D520104914311B4A127801EB820191EDEE
:10B3F000001AB0EE410A40F2771105F0F7FD094856
:10B4000028301449097800EB810080ED000A08E03B
:10B4100000200449087402210248417118200149A2
:10B42000087010BD48040024FE00002438C0002429
:10B43000E5040024EC040024E0040024666666664B
:10B440006666D63FE104002400008743E20400243E
:10B4500084050024E304002410B57448007C78B906
:10B46000F6F730FE00207149C86001216F48417134
:10B4700001206F4908706D4908746E490874D4E062
:10B480006A48C06840F24C4188427DD26748C06833
:10B49000401C6649C8600846C068B0F5967F02D374
:10B4A0000321624841716449097801EB8101634AD3
:10B4B00002EB8101624A127801EB820191ED001AE0
:10B4C000F0EE410A5949C86814315D4A127801EB1F
:10B4D000820191ED001AB0EE410A4FF4617105F05E
:10B4E00085FD524828305649097800EB810080EDEF
:10B4F000000A5149097801EB8101504A02EB8101B0
:10B50000504A127801EB820191ED001AF0EE410AE7
:10B510004649C86814314B4A127801EB820191ED1B
:10B52000001AB0EE410A4FF42F7105F05FFD3F485D
:10B5300028304449097800EB810080ED000A3E493B
:10B54000097801EB81013D4A02EB81013E4A127804
:10B5500001EB820191ED001AF0EE410A3349C8680F
:10B560001431394A127801EB820191ED001AB0EEE4
:10B57000410A40F24C4105F039FD2C48283032494F
:10B58000097800EB810000E02BE080ED000A2A49F9
:10B59000097801EB8101294A02EB81012B4A1278DB
:10B5A00001EB820191ED001AF0EE410A1F49C968D2
:10B5B000A1F2EE201D491431244A127801EB8201D8
:10B5C00091ED001AB0EE410A4FF4AF7104F090FC17
:10B5D000164828301D49097800EB810080ED000AEB
:10B5E00023E01B48007898B91048C078012805D19D
:10B5F00000200E4908740620087016E00B48C07839
:10B60000022812D1002009490874072008700CE0B4
:10B610000F480078012808D100200449087402214D
:10B620000248417118200149087010BD48040024E7
:10B63000FE00002438C00024E7040024EC040024A9
:10B64000E0040024E1040024E2040024E3040024D4
:10B65000880400242DE9F04104460E460027554891
:10B66000006800F00300032802D10120BDE8F0814A
:10B6700050482838006820F080604E49283908601A
:10B68000FAF710FA054606E0FAF70CFA401B022812
:10B6900001D90320EAE7474828380068C0F3C060B2
:10B6A0000028F1D100BF4348006820F47C302168B5
:10B6B00040EA01303F490860A088401EC0F30800FE
:10B6C000A168491E4FF47E4202EA41210843A18944
:10B6D000491ED20102EA01410843217C491E12029F
:10B6E00002EA0161084333491031086000BF314864
:10B6F000001D006820F0C000616908432D49091D44
:10B7000008600846006820F02000A1690843294924
:10B71000091D08600846006820F0100008602548F0
:10B72000143000684FF6F8718843E16940EAC100BF
:10B730002049143108601F48001D006840F01000C7
:10B740001C49091D08602EB90846006840F4002015
:10B75000086012E0012E08D11648001D006840F470
:10B7600080101449091D086007E01248001D006898
:10B7700040F400100F49091D08600E482838006881
:10B7800040F080600B4928390860FAF78BF90546CC
:10B7900006E0FAF787F9401B022801D9032065E784
:10B7A000044828380068C0F3C0600028F1D038464B
:10B7B0005CE70000284402582DE9F04104460E469B
:10B7C00000275548006800F00300032802D101203B
:10B7D000BDE8F08150482838006820F080504E497C
:10B7E00028390860FAF75EF9054606E0FAF75AF9D3
:10B7F000401B022801D90320EAE74748283800689F
:10B80000C0F340700028F1D100BF4348006820F029
:10B810007C70218840EA01503F490860A088401EA2
:10B82000C0F30800A168491E4FF47E4202EA41219C
:10B830000843A189491ED20102EA01410843217C43
:10B84000491E120202EA01610843334918310860B7
:10B8500000BF3148001D006820F440606169084362
:10B860002D49091D08600846006820F40070A16990
:10B8700008432949091D08600846006820F48070C3
:10B88000086025481C3000684FF6F8718843E1696C
:10B8900040EAC10020491C3108601F48001D0068B3
:10B8A00040F480701C49091D08602EB908460068E4
:10B8B00040F48000086012E0012E08D11648001DF7
:10B8C000006840F400001449091D086007E01248B0
:10B8D000001D006840F080700F49091D08600E4887
:10B8E0002838006840F080500B4928390860FAF782
:10B8F000D9F8054606E0FAF7D5F8401B022801D929
:10B90000032065E7044828380068C0F34070002829
:10B91000F1D038465CE700002844025801280CD1D9
:10B92000174991ED000A174981ED000A164991ED7A
:10B93000000A164981ED000A0CE008B10A2809D175
:10B940009FED130A0F4981ED000A9FED110A0F497F
:10B9500081ED000A0F4991ED010A0F4981ED000ABE
:10B960000E490F4A127801EB820191ED000A0D4950
:10B97000D1ED000A30EE200A0B4981ED000A704734
:10B98000C004002490040024C4040024940400246F
:10B990000000000038C000249C040024700400242F
:10B9A000E0040024080400249804002410B524486E
:10B9B000007C30B9F6F786FB00202149C8600120E1
:10B9C00008741F48C068B0F5967F32D21C48C06822
:10B9D000401C1B49C86000211A48017341730120B3
:10B9E000194908701949097801EB8101184A02EBDD
:10B9F0008101184A127801EB820191ED001AF0EEF4
:10BA0000410A0F49C8681431124A127801EB8201C9
:10BA100091ED001AB0EE410A4FF4967105F0E6FA86
:10BA2000074828300B49097800EB810080ED000AB7
:10BA300004E00020024908741920087010BD0000BD
:10BA400048040024BEBF002438030024E504002479
:10BA5000EC040024E404002410B58A48407C01284A
:10BA600002D00D287ED145E08648007C30B9F6F73B
:10BA700029FB00208349C860012008748148C06800
:10BA8000B0F5FA7F31D27F48C068401C7D49C8605C
:10BA900000217D48017341737C49097801EB8101E4
:10BAA0007B4A02EB81017B4A127801EB820191ED26
:10BAB000001AF0EE410A7349C968A1F59670714900
:10BAC0001431744A127801EB820191ED001AB0EE44
:10BAD000410AC82105F08AFA6A4828306D49097878
:10BAE00000EB810080ED000A03E000206549087446
:10BAF0004874C5E06348007C50B9F6F7E3FA0120CA
:10BB00006049087401215F48417200205D49C860A6
:10BB10005C48C068B0F5FA7F7ED25A48C068401CC5
:10BB20005849C8605949097801EB8101584A02EB2C
:10BB30008101594A127801EB820191ED001AF0EE71
:10BB4000410A5049C8681431534A127801EB820106
:10BB500091ED001AB0EE410A4FF4FA7105F046FA81
:10BB6000484800E087E028304B49097800EB810025
:10BB700080ED000A4549097801EB8101444A02EB56
:10BB80008101464A127801EB820191ED001AF0EE34
:10BB9000410A3C49C8681431404A127801EB8201DD
:10BBA00091ED001AB0EE410A4FF4FA7105F01EFA59
:10BBB000344828303949097800EB810080ED000ACB
:10BBC0003249097801EB8101314A02EB8101344AA3
:10BBD000127801EB820191ED001AF0EE410A294939
:10BBE000C86814312E4A127801EB820191ED001AD7
:10BBF000B0EE410A4FF4FA7105F0F8F92148283007
:10BC00002749097800EB810080ED000A1F49097877
:10BC100001EB81011E4A00E021E002EB8101214A93
:10BC2000127801EB820191ED001AF0EE410A1549FC
:10BC3000C86814311B4A127801EB820191ED001A99
:10BC4000B0EE410A4FF4FA7105F0D0F90D482830F2
:10BC50001449097800EB810080ED000A0AE00948E8
:10BC6000C068401C0749C86000204874087402215D
:10BC70000448417204E0002002490874C86000BF13
:10BC800000BF10BD48040024BEBF0024E50400240A
:10BC9000EC040024E4040024E0040024E104002473
:10BCA000E2040024E3040024F0B589B006460C4603
:10BCB00017461D4624216846F4F714FD0DB10020F7
:10BCC0002860A068B0F1804F01D1606800E0206872
:10BCD0000090A0680190E0680290206900F014F8DC
:10BCE000039000200490059006900790089030463D
:10BCF000F9F7A8F810B9022009B0F0BD3A46694634
:10BD00003046F8F7ADFEF7E70146092916D2DFE81D
:10BD100001F00507090B0D0F1113160000207047E5
:10BD20000120FCE70220FAE70320F8E70420F6E709
:10BD30000520F4E70620F2E70720F0E700BF08201F
:10BD4000EDE7000078B504460D46164694F8450028
:10BD5000002856D0F0B2FD284ED1E87898B928795D
:10BD600088B9687978B9A87968B9E87958B90020AC
:10BD70000090B5F801000090BDF8000004F00CF947
:10BD800084F8440004E1A9786A7841EA022010218D
:10BD9000F2EE090ABAEE090A05F078F984ED140A00
:10BDA000E97809012A7941EA22100C21DFED790AAC
:10BDB0009FED790A05F06AF984ED150A69792A7907
:10BDC00041EA02200C21F3EE010ABBEE010A05F064
:10BDD0005DF984ED160AE879A97940EA012000EEC0
:10BDE000100AB8EEC00B9FED6D1B20EE010BB7EEF5
:10BDF000C00B84ED170ACBE02868A0606868E0609B
:10BE0000C6E02078C6F307218842BBD1C6F305609F
:10BE100002283ED169782A7841EA02201021F2EE08
:10BE2000090ABAEE090A05F031F984ED140AE97835
:10BE3000AA7841EA02201021DFED560A9FED560A4A
:10BE400005F024F984ED150A69792A7941EA02207E
:10BE50001021F3EE010ABBEE010A05F017F984ED9B
:10BE6000160AE879A97940EA012000EE100AB8EE36
:10BE7000C00B9FED4A1B20EE010BB7EEC00B84ED0B
:10BE8000170AC6F3054084F84400C6F381512166C1
:10BE90007EE0C6F30560112871D100226BE028789E
:10BEA000697840EA01203F4931F81210884261D197
:10BEB0000E2A5ED2DFE802F0070F151B21272D3373
:10BEC000393F454B5157287900EE100AB8EE400A29
:10BED00084ED1A0A4DE02846F4F742FD84ED1C0A71
:10BEE00047E02846F4F73CFD84ED1E0A41E0284671
:10BEF000F4F736FD84ED200A3BE02846F4F730FDE8
:10BF000084ED220A35E02846F4F72AFD84ED240A60
:10BF10002FE02846F4F724FD84ED260A29E0284680
:10BF2000F4F71EFD84ED280A23E02846F4F718FDF7
:10BF300084ED2A0A1DE02846F4F712FD84ED2C0A50
:10BF400017E02846F4F70CFD84ED2E0A11E0284690
:10BF5000F4F706FD84ED300A0BE02846F4F700FD07
:10BF600084ED320A05E02846F4F7FAFC84ED340A41
:10BF700000BF00BF521C0D2A91DD09E0FFE7F0B2BF
:10BF8000FE2805D1300A20702868A0606868E0604B
:10BF900078BD000000003042000030C29A999999A3
:10BFA0009999B93F1825010870B504460D46164603
:10BFB000E0212046F4F796FB074904F1640003F002
:10BFC0003DFE2570FD2020820020A06184F84560A0
:10BFD00084F8460070BD00001825010810B52DED4D
:10BFE000068B88B00446B0EE40AAB0EE608AF0EE50
:10BFF000418AB0EE619AF0EE429A002006900790D6
:10C00000142101A8F4F76EFB207801900020039022
:10C010000490082005901020B2EE091AFAEE090AE1
:10C02000B0EE4A0A03F02EFF000A8DF81800102027
:10C03000B2EE091AFAEE090AB0EE4A0A03F022FF3C
:10C04000C0B28DF819000C209FED351ADFED350ACE
:10C05000B0EE480A03F016FFC0F307108DF81A007F
:10C060000C209FED2F1ADFED2F0AB0EE480A03F0E7
:10C0700009FF02010C209FED2C1ADFED2C0AB0EE17
:10C08000680A03F0FFFE42EA2020C0B28DF81B00D0
:10C090000C209FED251ADFED250AB0EE680A03F0AB
:10C0A000F1FEC0B28DF81C000C20B1EE041ADFEDD9
:10C0B0001F0AB0EE490A03F0E5FEC0F307108DF841
:10C0C0001D000C20B1EE041ADFED180AB0EE490A8B
:10C0D00003F0D8FE02010C20B3EE011AFBEE010AB8
:10C0E000B0EE690A03F0CEFE42EA2020C0B28DF81D
:10C0F0001E000C20B3EE011AFBEE010AB0EE690A35
:10C1000003F0C0FEC0B28DF81F00094B06AA01A9BA
:10C1100008480068FFF7C8FD08B0BDEC068B10BDED
:10C1200000003042000030C20000FA43000000006E
:10C13000A4040024A004002410B588B00446002004
:10C1400006900790142101A8F4F7CCFA207801900A
:10C1500000200390049008200590FF208DF818001F
:10C160008DF819008DF81A008DF81B008DF81C0051
:10C170008DF81D008DF81E00FC208DF81F00044B6B
:10C1800006AA01A903480068FFF78EFD08B010BD9C
:10C19000A4040024A004002430B587B005460C4652
:10C1A00000200590069014216846F4F79BFA287841
:10C1B000009000200290039008200490FF208DF84A
:10C1C00014008DF815008DF816008DF817008DF805
:10C1D00018008DF819008DF81A40FC208DF81B000E
:10C1E000044B05AA694604480068FFF75DFD07B0E7
:10C1F00030BD0000A4040024A004002408B10149BB
:10C2000008607047A00400240170427080ED010AAC
:10C21000C0ED020A80ED031AC0ED041A80ED052A74
:10C220007047000000BF0D480088401C0B49088083
:10C2300008460088FA2807DB092209490948FCF763
:10C24000F3FE0020054908800748008C401C81B29D
:10C2500005480184012003F0C7FFE4E7E80000245B
:10C26000EA000024000C0024F8BE002410B5594850
:10C270000078392870D2DFE800F0AA2B2E31373A47
:10C280004346494F5F803486898C70834C921D3DB4
:10C29000408F2328AAAAAAAAAAAAAAAAAAAAAAAA8C
:10C2A000AAAAAAAAAAAAAAAAAAAAAAAAAA959BA11B
:10C2B000AAA72000FDF77AF98AE0FDF76BF887E07E
:10C2C000002044490874C86082E0FFF7C5FB7FE0A6
:10C2D000F6F782FC7CE0F4F75BFE79E0F4F72EFEE3
:10C2E00076E0FFF763FB73E0F4F792FC70E0F4F79D
:10C2F000E9FB6DE0FFF7B0F86AE0FEF73FFF67E0AB
:10C3000000F082FC64E000F087F861E0FEF75CFB7F
:10C310005EE0FEF711FA5BE02F48007848B101209B
:10C320002E49087017202B49087000202A490870F0
:10C3300001E0F5F709FF4BE02748007848B10220FB
:10C3400026490870172023490870002022490870E8
:10C3500001E0FEF7CBFD3BE039E01F48007848B133
:10C3600003201E49087017201A49087000201A4936
:10C37000087001E0FEF772FC2AE0F6F757FA27E0B2
:10C38000F6F77EF924E000F0D3FD21E000F09AFEFC
:10C390001EE000F05BFF1BE001F0AAF818E0FCF7DC
:10C3A0000FFF15E001200E49087001F093F90FE02E
:10C3B00002200B49087001F08DF909E003200849BB
:10C3C000087001F087F903E0F4F772FA00E000BFAB
:10C3D00000BF10BD48040024890400248A040024FE
:10C3E0008B04002400BFFFF741FFFEF73BF9152245
:10C3F00006490748FCF718FE0648C08A401C81B26F
:10C400000448C182012003F0EFFEECE780BF002466
:10C41000440A0024F8BE002410B5F848007C40B956
:10C42000F5F750FE0020F549C86001200874F44972
:10C430000874F248C068B0F5E17F7CD2EF48C0686C
:10C44000401CEE49C860C868EE49EF4A127801EB1B
:10C45000820191ED001AB7EEC11A9FEDEC2B31EE7F
:10C46000421BB7EEC11BF0EE410AE4491431E64A23
:10C47000127801EB820191ED001AB0EE410A4FF4FF
:10C48000E17103F035FDDD482830DF49097800EB24
:10C49000810080ED000AD949C868DA49DD4A12787E
:10C4A00001EB820191ED001ADFEDDB1A31EE211A6A
:10C4B000F0EE410AD1491431D64A127801EB8201DB
:10C4C00091ED001AB0EE410A4FF4AF7103F010FD88
:10C4D000CA482830CF49097800EB810080ED000A76
:10C4E000C649C868C749CD4A127801EB820191ED6F
:10C4F000001AF0EE410AC1491431C84A127801EB22
:10C50000820191ED001AB0EE410A4FF4E17104F09E
:10C510006DFDBA482830C149097800EB810080EDF3
:10C52000000AB649C868B749BD4A127801EB8201D2
:10C5300091ED001A00E017E0F0EE410AAF49143126
:10C54000B74A127801EB820191ED001AB0EE410A70
:10C55000962104F04BFDA9482830B149097800EB39
:10C56000810080ED000A76E1A448C068B0F5E17F63
:10C5700067D3A248C06840F21A41884261D29F48FE
:10C58000C068401C9D49C8600121A6484172002135
:10C59000C1729A49C968A1F5E1709A499A4A12781C
:10C5A00001EB820191ED001AB7EEC11A9FED9E2BAF
:10C5B00031EE021BB7EEC11BF0EE410A9149924ADF
:10C5C000127801EB820191ED001AB7EEC11A9FEDCE
:10C5D0008F2B31EE421BB7EEC11BB0EE410AFA21A0
:10C5E00003F086FC854828308749097800EB8100F4
:10C5F00080ED000A8149C968A1F5E1708149854A49
:10C60000127801EB820191ED001AF0EE410A7D49AA
:10C61000804A127801EB820191ED001ADFED7E1A5B
:10C6200031EE211AB0EE410A4FF4E17103F060FCE3
:10C63000724828307749097800EB810080ED000AC4
:10C6400009E16E48C06840F21A41884211D36B4834
:10C65000C06840F27E4188420BD26848C068401CE6
:10C660006649C86000206F49087201216D488172D7
:10C67000F1E06248C06840F27E4188427ED35F4864
:10C68000C06840F2AA51884278D25C48C068401C19
:10C690005A49C86000205A4908746249087200214A
:10C6A000604881726249097801EB8101614A02EBBD
:10C6B0008101554A127801EB820191ED001AF0EEEA
:10C6C000410A4E49C968A1F27E404E494E4A12784D
:10C6D00001EB820191ED001AB7EEC11A9FED522BCA
:10C6E00031EE021BB7EEC11BB0EE410A4FF496715A
:10C6F00004F07CFC414828304349097800EB810074
:10C7000080ED000A4A49097801EB8101494A02EBB0
:10C710008101404A127801EB820191ED001AF0EE9E
:10C72000410A3649C968A1F27E403649394A127831
:10C7300001EB820191ED001AB0EE410A4FF49671BF
:10C7400004F054FC2D4828303249097800EB810070
:10C7500080ED000A3649097801EB8101354A02EB88
:10C7600081012E4A127801EB820191ED001AF0EE60
:10C77000410A2249C968A1F27E4000E05CE02149FB
:10C78000264A127801EB820191ED001AB0EE410ABF
:10C790004FF4967104F02AFC184828301F49097894
:10C7A00000EB810080ED000A2149097801EB81014D
:10C7B000204A02EB81011A4A127801EB820191EDC5
:10C7C000001AF0EE410A0D49C968A1F27E400D49F8
:10C7D000134A127801EB820191ED001AB0EE410A82
:10C7E0004FF4967104F002FC044828300C49097893
:10C7F00000EB810080ED000A2DE0000048040024D9
:10C8000038C0002428070024E00400249A9999994C
:10C810009999A93FE10400240000A043E204002408
:10C82000E3040024BEBF0024333333333333C33F28
:10C83000E5040024EC0400240748C06840F2AA5133
:10C84000884208D30020044908740221024841713B
:10C8500018200149087010BD4804002410B54FF09D
:10C86000E020006905F042FB012801D004F08CFFB4
:10C8700010BD000000B59DB04C210AA8F3F732FFAF
:10C88000202102A8F3F72EFF0220F9F71BFA00BFC0
:10C89000002001902448006820F4404022490860AC
:10C8A0000846006800F44040019000BF00BF00BF90
:10C8B0001D48006800F40050B0F5005FF8D1012079
:10C8C0000A9000040B9002201390022114911591FC
:10C8D0002C211691012117910421189102211991FF
:10C8E0000C211A9100211B911C910AA8FAF7E6FD70
:10C8F00008B1F4F70AFF3F200290032003900020C4
:10C9000004900820059040200690079000010890B0
:10C9100040200990032102A8FAF7AAFA08B1F4F717
:10C92000F4FE1DB000BD0000184802583A480068E7
:10C9300040F47000384908603848006800F00F0083
:10C94000072806D23548006820F00F00C01D334983
:10C9500008603348006840F0010031490860002059
:10C960002F49103108602E4800682E4908402C4994
:10C9700008602A48006800F00F00072806D92748F9
:10C98000006820F00F00C01D2449086000202449E1
:10C9900018310860091D0860091D086022482049F7
:10C9A000283108602148091D08602148091D0860D8
:10C9B0000020091D08601E48091D08600020091D8F
:10C9C00008601B48091D08600020091D0860144804
:10C9D000006820F48020124908600020104960316E
:10C9E00008600F48D430006800F4805098B90C48B3
:10C9F000D430006840F480500949D431086043F2D3
:10CA0000D2000C4908600648D430006820F48050F9
:10CA10000349D4310860704788ED00E000200052DF
:10CA2000004402587FEDF6EA000202020000FF0116
:10CA3000800201010040005210B5134800680069EF
:10CA400000F00100E0B16FF001000F4909680861D2
:10CA50000E480068401C0D49086008460068B0F5A3
:10CA60007A7F0DD31E22091D01F11E00F3F799FDF7
:10CA70001E210648001DF3F735FE0020034908601B
:10CA80000148FBF79AFA10BDF8090024F8BE00240B
:10CA900010B50248FBF791FA10BD0000D811002430
:10CAA00010B502682E4B98420ED0B0F1804F0BD0DB
:10CAB0002C4B984208D02C4B984205D02B4B9842D7
:10CAC00002D02B4B984203D122F070024B681A43DC
:10CAD000234B98421DD0B0F1804F1AD0214B984281
:10CAE00017D0214B984214D0204B984211D0204BA4
:10CAF00098420ED01F4B98420BD01F4B984208D043
:10CB00001E4B984205D01E4B984202D01D4B9842B6
:10CB100003D122F44072CB681A4322F080034C699F
:10CB200043EA04028B68C3620B6883620C4B984231
:10CB30000BD00F4B984208D00E4B984205D00E4BAD
:10CB4000984202D00D4B984201D10B6903630368F0
:10CB500043F00403036001234361026010BD000041
:10CB6000000001400004004000080040000C0040AC
:10CB700000040140004001400044014000480140E1
:10CB800000E0004000E4004030B50C46816821F42C
:10CB90007F4142EA032525432943816030BD0000DF
:10CBA0000A468168034B194042F00703194381602C
:10CBB000704700008FFFCFFF30B50B461446026A66
:10CBC000056A25F001050562816921F0F00141EA5D
:10CBD000041122F00A021A438161026230BD30B5AD
:10CBE0000B461446026A056A25F010050562816944
:10CBF00021F4704141EA043122F0A00242EA03121A
:10CC00008161026230BD000010B5BF48007C40B9B0
:10CC1000F5F758FA0020BC49C86001200874BB49E8
:10CC20000874B948C068B0F5167F7CD2B648C068B1
:10CC3000401CB549C860C868B549B64A127801EBCE
:10CC4000820191ED001AF0EE410AAF491431B14A68
:10CC5000127801EB820191ED001AB0EE410A4FF417
:10CC6000167104F0C3F9A8482830AA49097800EBE6
:10CC7000810080ED000AA449C868A549A64A127837
:10CC800001EB820191ED001AF0EE410A9E49143148
:10CC9000A14A127801EB820191ED001AB0EE410A2F
:10CCA0004FF4167104F0A2F9974828309A49097890
:10CCB00000EB810080ED000A9349C8689449974AC7
:10CCC000127801EB820191ED001AF0EE410A8E49D3
:10CCD0001431924A127801EB820191ED001AB0EE04
:10CCE000410A4FF4167104F081F9874828308B49C6
:10CCF000097800EB810080ED000A8349C868844907
:10CD0000874A127801EB820191ED001AF0EE410A98
:10CD10007D491431824A127801EB820191ED001AAB
:10CD2000B0EE410A00E00CE04FF4167104F05EF939
:10CD3000754828307A49097800EB810080ED000AB7
:10CD4000E1E07148C068B0F5167F11D36E48C06845
:10CD500040F2EE2188420BD26B48C068401C6A4901
:10CD6000C86000206F49087201216E488172CAE0D4
:10CD70006548C06840F2EE2188427DD36248C068B1
:10CD800040F24C41884277D25F48C068401C5E49FF
:10CD9000C86000205D49087462490872002161483A
:10CDA00081726149097801EB8101604A02EB8101DE
:10CDB000584A127801EB820191ED001AF0EE410A17
:10CDC0005149C968A1F2EE205149524A127801EB4B
:10CDD000820191ED001AB0EE410A4FF4AF7104F0F8
:10CDE00005F9494828304B49097800EB810080ED6E
:10CDF000000A4D49097801EB81014C4A02EB81019F
:10CE0000454A127801EB820191ED001AF0EE410AD9
:10CE10003D49C968A1F2EE203D493F4A127801EB35
:10CE2000820191ED001AB0EE410A4FF4AF7104F0A7
:10CE3000DDF8354828303849097800EB810080ED6D
:10CE4000000A3949097801EB8101384A02EB810176
:10CE5000324A127801EB820191ED001AF0EE410A9C
:10CE60002949C968A1F2EE2029492C4A127801EB20
:10CE7000820191ED001A00E036E0B0EE410A4FF475
:10CE8000AF7104F0B3F8204828302449097800EB4A
:10CE9000810080ED000A2449097801EB8101234AD1
:10CEA00002EB81011E4A127801EB820191ED001A1A
:10CEB000F0EE410A1449C968A1F2EE201449184A5B
:10CEC000127801EB820191ED001AB0EE410A4FF4A5
:10CED000AF7104F08BF80C4828301149097800EB49
:10CEE000810080ED000A0EE00748C06840F24C4126
:10CEF000884208D300200449087402210248417185
:10CF000018200149087010BD4804002438C00024CE
:10CF100014070024E0040024E1040024E2040024B7
:10CF2000E3040024BEBF0024E5040024EC04002434
:10CF300010B55D48007C50B9F5F7C4F800205A4997
:10CF4000C860012158484172012057490874564869
:10CF5000C068B0F5FA7F7CD25348C068401C524983
:10CF6000C8605249097801EB8101514A02EB810105
:10CF7000504A127801EB820191ED001AF0EE410A5D
:10CF80004949C86814314B4A127801EB820191ED8E
:10CF9000001AB0EE410A4FF4FA7104F027F8424843
:10CFA00028304449097800EB810080ED000A3F49B0
:10CFB000097801EB81013E4A02EB81013E4A127879
:10CFC00001EB820191ED001AF0EE410A3649C86882
:10CFD0001431394A127801EB820191ED001AB0EE5A
:10CFE000410A4FF4FA7104F001F82F482830324911
:10CFF000097800EB810080ED000A2C49097801EBEB
:10D0000081012B4A02EB81012C4A127801EB82014B
:10D0100091ED001AF0EE410A2349C8681431274AFD
:10D02000127801EB820191ED001AB0EE410A4FF443
:10D03000FA7102F05DFF1C4828302049097800EBA6
:10D04000810080ED000A1949097801EB8101184A35
:10D0500000E021E002EB8101194A127801EB820124
:10D0600091ED001AF0EE410A0F49C8681431144AD4
:10D07000127801EB820191ED001AB0EE410A4FF4F3
:10D08000FA7103F0B3FF084828300D49097800EB26
:10D09000810080ED000A06E0002003490874182092
:10D0A00008700D20487410BD48040024E6040024D4
:10D0B000EC040024E0040024E1040024E204002441
:10D0C000E304002410B55A48007C30B9F4F7FAFFA5
:10D0D0000120574908740020C8605548C068B0F561
:10D0E000FA7F7CD25248C068401C5149C8605149FF
:10D0F000097801EB8101504A02EB81014F4A127815
:10D1000001EB820191ED001AF0EE410A4849C8682E
:10D1100014314A4A127801EB820191ED001AB0EE07
:10D12000410A4FF4FA7103F061FF41482830434946
:10D13000097800EB810080ED000A3E49097801EB97
:10D1400081013D4A02EB81013D4A127801EB8201E7
:10D1500091ED001AF0EE410A3549C8681431384A99
:10D16000127801EB820191ED001AB0EE410A4FF402
:10D17000FA7103F03BFF2E4828303149097800EB63
:10D18000810080ED000A2B49097801EB81012A4AD0
:10D1900002EB81012B4A127801EB820191ED001A1A
:10D1A000F0EE410A2249C8681431264A127801EB90
:10D1B000820191ED001AB0EE410A4FF4FA7103F0CA
:10D1C00015FF1B4828301F49097800EB810080EDCE
:10D1D000000A1849097801EB8101174A00E021E0B3
:10D1E00002EB8101184A127801EB820191ED001ADD
:10D1F000F0EE410A0E49C8681431134A127801EB67
:10D20000820191ED001AB0EE410A4FF4FA7103F079
:10D21000EDFE074828300C49097800EB810080EDCD
:10D22000000A04E00020024908741920087010BDAB
:10D2300048040024E7040024EC040024E004002453
:10D24000E1040024E2040024E304002410B59F4814
:10D25000007C40B9F4F736FF01209C490874002097
:10D26000C8609B4908709948C06840F252318842B2
:10D270007DD29648C068401C9449C860084690F822
:10D280003C00002874D1C8689249934A127801EB97
:10D29000820191ED001AF0EE410A8C4914318E4A58
:10D2A000127801EB820191ED001AB0EE410A4FF4C1
:10D2B000487102F01DFE854828308749097800EB47
:10D2C000810080ED000A8149C8688249834A12784A
:10D2D00001EB820191ED001AF0EE410A7B49143115
:10D2E0007E4A127801EB820191ED001AB0EE410AFC
:10D2F0004FF4487103F07AFE744828307749097872
:10D3000000EB810080ED000A7049C968A1F213109A
:10D310007049734A127801EB820191ED001AF0EE28
:10D32000410A6A4914316E4A127801EB820191ED8B
:10D33000001AB0EE410A40F23F2102F0D9FD6348E5
:10D3400028306749097800EB810080ED000A5F49C9
:10D35000C8686049634A127801EB820191ED001AB6
:10D36000F0EE410A594914315E4A127801E0A1E019
:10D3700012E001EB820191ED001AB0EE410A4FF488
:10D38000967103F033FE514828305649097800EB76
:10D39000810080ED000A98E04C4890F83C0001289C
:10D3A0007ED14A49C86850494B4A127801EB820144
:10D3B00091ED001AF0EE410A44491431464A1278C0
:10D3C00001EB820191ED001AB0EE410A4FF4487171
:10D3D00002F08EFD3D4828303F49097800EB81007E
:10D3E00080ED000A3949C8683F493C4A127801EB90
:10D3F000820191ED001AF0EE410A34491431374AA6
:10D40000127801EB820191ED001AB0EE410A4FF45F
:10D41000487103F0EBFD2D4828303049097800EBC6
:10D42000810080ED000A2949C968A1F213102E4934
:10D430002B4A127801EB820191ED001AF0EE410ABD
:10D4400022491431264A127801EB820191ED001A2B
:10D45000B0EE410A40F23F2102F04AFD1B4828305D
:10D460001F49097800EB810080ED000A1749C86860
:10D470001D491C4A127801EB820191ED001AF0EE71
:10D48000410A12491431174A127801EB820191EDD9
:10D49000001AB0EE410A4FF4967103F0A7FD00E0C8
:10D4A00013E00A4828300F49097800EB810080ED2D
:10D4B000000A0AE0002005490874012004490870A8
:10D4C0000A49087019200149087010BD4804002459
:10D4D000FD000024A0070024E0040024E10400244F
:10D4E000E2040024E3040024B40700248904002497
:10D4F00010B57048007C30B9F4F7E4FD01206D49A7
:10D5000008740020C8606B48C06840F28A218842D5
:10D510007ED26848C068401C6649C8606649097880
:10D5200001EB8101654A02EB8101654A127801EB4A
:10D53000820191ED001AF0EE410A5E49C86814318B
:10D540005F4A127801EB820191ED001AB0EE410AB8
:10D550004FF4FA7102F0CCFC56482830584909784B
:10D5600000EB810080ED000A5349097801EB81014D
:10D57000524A02EB8101534A127801EB820191ED8C
:10D58000001AF0EE410A4B49C86814314D4A12782E
:10D5900001EB820191ED001AB0EE410A4FF4FA71ED
:10D5A00003F024FD434828304649097800EB810008
:10D5B00080ED000A4049097801EB81013F4A02EB06
:10D5C0008101414A127801EB820191ED001AF0EEDF
:10D5D000410A3849C86814313B4A127801EB82018C
:10D5E00091ED001AB0EE410A4FF4FA7102F080FC9E
:10D5F000304828303449097800EB810080ED000A7A
:10D600002D49097801EB81012C4A02EB810100E0F0
:10D6100021E02E4A127801EB820191ED001AF0EE22
:10D62000410A2449C968A1F5C87022491431274A22
:10D63000127801EB820191ED001AB0EE410AFA2155
:10D6400003F0D4FC1B4828302049097800EB810006
:10D6500080ED000A2CE00020164908741C48007870
:10D6600030B90221134841721820124908701FE096
:10D6700017480078012806D10020154908700920B4
:10D680000C49087014E012480078022806D10020E6
:10D690000F4908700A200749087009E00C48007813
:10D6A000032805D100200A4908701020014908709C
:10D6B00010BD000048040024E7040024EC0400240A
:10D6C000E0040024E1040024E2040024E304002434
:10D6D0008A04002410B56048007C30B9F4F7F2FCED
:10D6E00001205D4908740020C8605B48C06840F2B2
:10D6F000DC5188427ED25848C068401C5649C860F8
:10D700000120564908705649097801EB8101554AB4
:10D7100002EB8101544A127801EB820191ED001A6B
:10D72000F0EE410A4C49C86814314F4A127801EBB7
:10D73000820191ED001AB0EE410A4FF4966102F0B9
:10D74000D7FB454828304849097800EB810080ED37
:10D75000000A4349097801EB8101424A02EB810149
:10D76000424A127801EB820191ED001AF0EE410A73
:10D770003949C86814313D4A127801EB820191EDB4
:10D78000001AB0EE410A4FF4966102F0B1FB324844
:10D7900028303649097800EB810080ED000A3049D5
:10D7A000097801EB81012F4A02EB8101304A12789E
:10D7B00001EB820191ED001AF0EE410A2649C8689A
:10D7C00014312B4A127801EB820191ED001AB0EE70
:10D7D000410A4FF4966102F08BFB1F482830244920
:10D7E000097800EB810080ED000A2249097801EBFD
:10D7F000810100E025E0204A02EB81011F4A1278F6
:10D8000001EB820191ED001AF0EE410A1249C9685C
:10D81000A1F24C4010491431184A127801EB8201F0
:10D8200091ED001AB0EE410A4FF4C87102F060FBAE
:10D83000094828301149097800EB810080ED000A81
:10D8400009E00A200549087000200A4908700249C9
:10D8500008741920087010BD48040024000000243A
:10D86000E7040024EC040024E0040024E104002484
:10D87000E20400248B04002484050024E304002433
:10D8800010B50248FAF7CAFD10BD0000440A002492
:10D8900010B50248FAF7C2FD10BD0000D80A0024F6
:10D8A00070B5456E2DB90125A0F86A50A0F86850F2
:10D8B0001CE0102310240568AD68C5F342610568BB
:10D8C000AD686A0F0A4DAD5C15FB04F5094EB65CF8
:10D8D00095FBF6F5A0F86A50054D6D5C15FB03F558
:10D8E000044E765C95FBF6F5A0F8685070BD00001C
:10D8F000F82401080025010890F8281001F008011B
:10D90000082907D10168496821F40041826B11435D
:10D910000268516090F8281001F0010139B10168E6
:10D92000496821F40031C26A11430268516090F8DD
:10D93000281001F00201022907D10168496821F489
:10D940008031026B11430268516090F8281001F099
:10D950000401042907D10168496821F48021426B40
:10D9600011430268516090F8281001F0100110294D
:10D9700007D10168896821F48051C26B11430268A4
:10D98000916090F8281001F02001202907D101684A
:10D99000896821F40051026C11430268916090F88B
:10D9A000281001F04001402913D10168496821F491
:10D9B0008011426C114302685160416CB1F5801FC7
:10D9C00007D10168496821F4C001826C11430268E3
:10D9D000516090F8281001F08001802907D101687A
:10D9E000496821F40021C26C1143026851607047FC
:10D9F00038B504460020C4F89000F8F753F80546FF
:10DA00002068006800F00800082821D16FF07E40EF
:10DA10002B4600224FF400110090204600F018FD24
:10DA2000B0B100BF00BF216851E8001F21F08000A5
:10DA3000226842E800010029F5D100BF2020C4F887
:10DA4000880000BF002084F8840000BF032038BD98
:10DA50002068006800F00400042830D16FF07E4098
:10DA60002B4600224FF480010090204600F0F0FC8D
:10DA700028B300BF00BF216851E8001F21F4907057
:10DA8000226842E800010029F5D100BF00BF00BFB5
:10DA90002168083151E8001F21F001002168083198
:10DAA00041E80002002AF3D100BF2020C4F88C0016
:10DAB00000BF002084F8840000BF0320C7E72020B7
:10DAC000C4F88800C4F88C000020E066206700BF1E
:10DAD00084F8840000BF00BFB9E770B50446A56BA9
:10DAE0000020A5F85E002846FAF72CFC70BD2DE951
:10DAF000F0410546AC6BD4F88860D4F88C7020688F
:10DB0000806800F08000802807D1212E05D10020F8
:10DB1000A4F85600204600F003F92068806800F061
:10DB20004000402807D1222F05D10020A4F85E0034
:10DB3000204600F0A7F8D4F8900040F01000C4F898
:10DB400090002046FAF7FEFBBDE8F08170B505466F
:10DB5000AC6BE869B0F5807F40D00020A4F85E008F
:10DB600000BF00BF216851E8001F21F480702268C7
:10DB700042E800010029F5D100BF00BF00BF2168C5
:10DB8000083151E8001F21F001002168083141E807
:10DB90000002002AF3D100BF00BF00BF2168083196
:10DBA00051E8001F21F040002168083141E80002DF
:10DBB000002AF3D100BF2020C4F88C00E06E0128B9
:10DBC0000CD100BF00BF216851E8001F21F01000F8
:10DBD000226842E800010029F5D100BF002020673B
:10DBE000E06E012805D1B4F85C102046FAF7E8FA97
:10DBF00002E02046FBF7B8F970BD70B50546AC6B86
:10DC000001202067E06E012806D1B4F85C004108CD
:10DC10002046FAF7D5FA02E02046FBF703FA70BD7A
:10DC200070B50546AC6BE869B0F5807F1ED000206A
:10DC3000A4F8560000BF00BF2168083151E8001F5A
:10DC400021F080002168083141E80002002AF3D168
:10DC500000BF00BF00BF216851E8001F41F0400035
:10DC6000226842E800010029F5D102E02046FBF7D6
:10DC70002BFA70BD70B50446A56B2846FBF725FA54
:10DC800070BD000000BF00BF026852E8002F22F400
:10DC90009071036843E80012002AF5D100BF00BF6D
:10DCA00000BF0268083252E8002F104B02EA03015D
:10DCB0000268083242E80013002BF2D100BFC16EA7
:10DCC00001290CD100BF00BF026852E8002F22F0EA
:10DCD0001001036843E80012002AF5D100BF20219B
:10DCE000C0F88C100021C16641677047FEFFFFEF4E
:10DCF00010B5044600BF00BF216851E8001F21F0A5
:10DD00004000226842E800010029F5D100BF202030
:10DD1000C4F888000020A0672046FBF7D5F910BDA5
:10DD200000BF00BF026852E8002F22F0C001036864
:10DD300043E80012002AF5D100BF00BF00BF02680F
:10DD4000083252E8002F22F400010268083242E84B
:10DD50000013002BF3D100BF2021C0F888107047BA
:10DD60002DE9F04F89B0054600200890F849286851
:10DD7000884200D100E000BF2969A86808436969AA
:10DD80000843E96940EA010828680068F149084049
:10DD900040EA0800296808602868406820F440507C
:10DDA000E968084329684860D5F81880E849286878
:10DDB000884202D0286A40EA080828688068E64954
:10DDC000084040EA0800296888602868C06A20F096
:10DDD0000F00696A08432968C86200BFDF492868E4
:10DDE000884220D1DE48006800F03800182811D0A1
:10DDF00005DC48B1082809D0102811D108E02028F6
:10DE00000AD028280CD109E001240BE0042409E001
:10DE1000082407E0102405E0202403E0402401E06A
:10DE2000802400BF42E1CF492868884219D1CC48FC
:10DE3000006800F00700062810D2DFE800F00305B4
:10DE400007090B0D00240BE0042409E0082407E077
:10DE5000102405E0202403E0402401E0802400BFDA
:10DE600024E1C1492868884219D1BD48006800F002
:10DE70000700062810D2DFE800F0030507090B0DA4
:10DE800000240BE0042409E0082407E0102405E046
:10DE9000202403E0402401E0802400BF06E1B349D0
:10DEA0002868884219D1AE48006800F007000628AB
:10DEB00010D2DFE800F0030507090B0D00240BE08A
:10DEC000042409E0082407E0102405E0202403E0EE
:10DED000402401E0802400BFE8E0A549286888428A
:10DEE00019D19F48006800F00700062810D2DFE82B
:10DEF00000F0030507090B0D00240BE0042409E0E2
:10DF0000082407E0102405E0202403E0402401E079
:10DF1000802400BFCAE097492868884220D19048F1
:10DF2000006800F03800182811D005DC48B1082836
:10DF300009D0102811D108E020280AD028280CD1B7
:10DF400009E001240BE0042409E0082407E0102480
:10DF500005E0202403E0402401E0802400BFA5E088
:10DF600085492868884219D17D48006800F007007B
:10DF7000062810D2DFE800F0030507090B0D002486
:10DF80000BE0042409E0082407E0102405E0202425
:10DF900003E0402401E0802400BF87E0774928683F
:10DFA000884219D16E48006800F00700062810D298
:10DFB000DFE800F0030507090B0D00240BE0042443
:10DFC00009E0082407E0102405E0202403E04024B1
:10DFD00001E0802400BF69E069492868884220D1B7
:10DFE0005F48006800F03800182811D005DC48B1FF
:10DFF000082809D0102811D108E020280AD02828A4
:10E000000CD109E001240BE0042409E0082407E016
:10E01000102405E0202403E0402401E0802400BF18
:10E0200044E058492868884220D14D48006800F0F3
:10E030003800182811D005DC48B1082809D010286C
:10E0400011D108E020280AD028280CD109E00124A9
:10E050000BE0042409E0082407E0102405E0202454
:10E0600003E0402401E0802400BF1FE03849286815
:10E0700088421AD13A48001D006800F007000628BF
:10E0800010D2DFE800F0030507090B0D02240BE0B6
:10E09000042409E0082407E0102405E0202403E01C
:10E0A000402401E0802400BF00E0802400BF284914
:10E0B000286888424BD1102C1AD006DC022C09D0DB
:10E0C000042C0BD0082C29D10DE0202C21D0402C81
:10E0D00024D120E0F7F726FE064623E005A8F7F74F
:10E0E00033FE069E1EE002A8F7F746FF039E19E0E6
:10E0F0001B4854380068C0F3401040B118485438E9
:10E100000068C0F3C101204820FA01F600E01E4E6D
:10E1100008E01E4E06E04FF4004603E00026012012
:10E12000089000BF00BF002E10D01949686A31F86E
:10E130001000B6FBF0F9686800EB4000484503D8D2
:10E1400068680003484525D20120089007E153E0A4
:10E15000000C0058F369FFCFFFF4FF1100100140DD
:10E16000544402580044004000480040004C004025
:10E17000005000400014014000780040007C004046
:10E1800000180140001C01400090D00300093D0030
:10E19000E02401087849686A31F810C0624600231B
:10E1A00030461946F2F786F94FF4807C0022034688
:10E1B000A3FB0C0B01FB0CB103FB021369684908BC
:10E1C00084461CEB010143EB0200CDE90010D5F8B9
:10E1D00004C06246002308460199F2F76BF907462E
:10E1E000B7F5407F05D3B7F5801F02D22868C76016
:10E1F000B5E001200890B2E0E869B0F5004F5BD1CE
:10E20000082C1AD005DC5CB1012C0DD0042C2DD1CA
:10E210000EE0102C16D0202C23D0402C26D122E04A
:10E22000F9F712F8064625E0F9F720F8064621E04E
:10E2300005A8F7F789FD069E1CE002A8F7F79CFEEB
:10E24000039E17E04D480068C0F3401038B14B48BA
:10E250000068C0F3C1014A4820FA01F600E0484EC8
:10E2600008E0484E06E04FF4004603E00026012097
:10E27000089000BF00BF7EB33F49686A31F81000C4
:10E28000B6FBF0F04000696800EB5100B0FBF1F71D
:10E29000102F0ED3B7F5803F0BD24FF6F07007EA80
:10E2A000000AC7F342004AEA000A2868C0F80CA036
:10E2B00055E00120089052E0082C1BD005DC64B129
:10E2C000012C0ED0042C2ED10FE0102C17D0202CB6
:10E2D00024D0402C27D123E041E0F8F7B5FF0646D3
:10E2E00025E0F8F7C3FF064621E005A8F7F72CFD67
:10E2F000069E1CE002A8F7F73FFE039E17E01F48AA
:10E300000068C0F3401038B11C480068C0F3C10178
:10E310001B4820FA01F600E0194E08E0194E06E00D
:10E320004FF4004603E000260120089000BF00BF24
:10E33000AEB11149686A31F81000B6FBF0F06968B7
:10E3400000EB5100B0FBF1F7102F06D3B7F5803F7B
:10E3500003D2B8B22968C86001E00120089001200A
:10E36000A5F86A00A5F8680000206867A867089803
:10E3700009B0BDE8F08F0000E02401080044025815
:10E380000090D00300093D0070B504460E461546C6
:10E3900044F8586FA5800020A06322206063A06A23
:10E3A000583CF8B12748241DE16FC8632648E16F47
:10E3B00008642648E16FC8640020E16F086554F8DE
:10E3C000043C03F12401626DE06F241F2B46F6F735
:10E3D000EFF838B11020C4F890002020C4F88C0069
:10E3E000012070BD206960B100BF00BF216851E805
:10E3F000001F41F48070226842E800010029F5D135
:10E4000000BF00BF00BF2168083151E8001F41F084
:10E4100001002168083141E80002002AF3D100BF61
:10E4200000BF00BF2168083151E8001F41F04000E3
:10E430002168083141E80002002AF3D100BF002022
:10E44000CFE700004DDB0008FBDB0008EFDA000837
:10E450002DE9F04104460D4617469846069E41E0D8
:10E46000701C00283ED0F7F71DFBA0EB0800B0425F
:10E4700000D816B90320BDE8F0812068006800F0DC
:10E48000040070B3802D2DD0402D2BD02068C069A2
:10E49000C0F3C00078B10820216808622046FFF769
:10E4A000F1FB0820C4F8900000BF002084F884002D
:10E4B00000BF0120DFE72068C069C0F3C02080B141
:10E4C0004FF40060216808622046FFF7DBFB202044
:10E4D000C4F8900000BF002084F8840000BF03202F
:10E4E000C9E7FFE72068C0692840A84201D10120A0
:10E4F00000E00020B842B3D00020BCE710B50248CD
:10E50000F9F78CFF10BD00006C0B002410B5024819
:10E51000F9F784FF10BD0000000C002410B5FD4881
:10E52000F9F77CFFFB480068C06900F01000102874
:10E530007ED1F84909680862F648D0F88000006882
:10E54000F549884279D0F348D0F880000068F24954
:10E550001831884271D0EF48D0F880000068EE4949
:10E560003031884269D0EB48D0F880000068EA4931
:10E570004831884261D0E748D0F880000068E64919
:10E580006031884259D0E348D0F880000068E24901
:10E590007831884251D0DF48D0F880000068DE49E9
:10E5A0009031884249D0DB48D0F880000068DA49D1
:10E5B000A831884241D0D748D0F880000068D749B8
:10E5C00088423AD0D348D0F880000068D349183147
:10E5D000884232D0CF48D0F880000068CF4930312F
:10E5E00088422AD0CB48D0F880000068CB49483117
:10E5F000884222D0C748D0F880000068C7496031FF
:10E6000088421AD0C348D0F880000068C3497831E6
:10E61000884212D0BF48D0F880000068BF499031CE
:10E6200088420AD0BB48D0F880000068BB4901E0AE
:10E6300020E202E0A83188420CD1B648D0F8800030
:10E640000068006820F00100B249D1F88010096824
:10E6500008600BE0AF48D0F880000068006820F048
:10E660000100AC49D1F8801009680860A948D0F8C9
:10E6700080000068A849884276D0A648D0F880007B
:10E680000068A549183188426ED0A248D0F88000B1
:10E690000068A1493031884266D09E48D0F8800099
:10E6A00000689D49483188425ED09A48D0F8800081
:10E6B000006899496031884256D09648D0F8800069
:10E6C00000689549783188424ED09248D0F8800051
:10E6D000006891499031884246D08E48D0F8800039
:10E6E00000688D49A83188423ED08A48D0F8800021
:10E6F00000688A49884237D08648D0F88000006890
:10E700008649183188422FD08248D0F880000068AE
:10E7100082493031884227D07E48D0F88000006896
:10E720007E49483188421FD07A48D0F8800000687E
:10E730007A496031884217D07648D0F88000006866
:10E740007649783188420FD07248D0F8800000684E
:10E7500072499031884207D06E48D0F88000006836
:10E760006E49A831884205D16A48D0F88000006817
:10E77000406804E06748D0F8800000684068C0F551
:10E7800000706749088000206649654A12888854ED
:10E790006048D0F8800000686049A831884204D9F8
:10E7A0004FF46060604908602EE05A48D0F880005D
:10E7B00000685A494831884205D94FF4606057498A
:10E7C000091F086020E05348D0F8800000685249D3
:10E7D000A831884205D94FF4606050490839086073
:10E7E00012E04C48D0F8800000684B49483188421C
:10E7F00005D94FF4606048491039C86004E04FF40F
:10E8000060604549103988604248D0F8800000684F
:10E810004149884276D03F48D0F8800000683E49A0
:10E82000183188426ED03B48D0F8800000683A49E1
:10E830003031884266D03748D0F8800000683649C9
:10E84000483188425ED03348D0F8800000683249B1
:10E850006031884256D02F48D0F8800000682E4999
:10E86000783188424ED02B48D0F8800000682A4981
:10E870009031884246D02748D0F880000068264969
:10E88000A83188423ED02348D0F880000068234950
:10E89000884237D01F48D0F8800000681F491831DF
:10E8A00088422FD01B48D0F8800000681B493031C7
:10E8B000884227D01748D0F88000006817494831AF
:10E8C00088421FD01348D0F8800000681349603197
:10E8D000884217D00F48D0F8800000680F4978317F
:10E8E00088420FD00B48D0F8800000680B49903167
:10E8F000884207D00748D0F8800000680749A8314F
:10E90000884213D14FF400700249D1F88010096891
:10E91000486012E0940C00241000024010040240F1
:10E920008C04002494C00024045402584FF4007056
:10E930005149D1F88010096848604F48D0F88000EC
:10E9400000684E49884276D04B48D0F88000006875
:10E950004A49183188426ED04748D0F88000006894
:10E9600046493031884266D04348D0F8800000687C
:10E970004249483188425ED03F48D0F88000006864
:10E980003E496031884256D03B48D0F8800000684C
:10E990003A49783188424ED03748D0F88000006834
:10E9A00036499031884246D03348D0F8800000681C
:10E9B0003249A83188423ED02F48D0F88000006804
:10E9C0002F49884237D02C48D0F8800000682C4965
:10E9D000183188422FD02848D0F880000068284994
:10E9E0003031884227D02448D0F88000006824497C
:10E9F000483188421FD02048D0F880000068204964
:10EA00006031884217D01C48D0F8800000681C494B
:10EA1000783188420FD01848D0F880000068184933
:10EA20009031884207D01448D0F88000006814491B
:10EA3000A83188420CD11048D0F8800000680068E6
:10EA400040F001000C49D1F88010096808600BE023
:10EA50000948D0F880000068006840F001000649CD
:10EA6000D1F88010096808600648008A401C81B20D
:10EA70000448018210BD0000940C002410000240E4
:10EA800010040240F8BE0024B0EE401A30EEC10A75
:10EA9000F0EE401AB0EE412A00EE100AB8EEC00ABD
:10EAA00060EE212A01228A40521E00EE102AB8EEA2
:10EAB000C03A82EE830A30EE020A7047F0B585B0A4
:10EAC00004460B46D879020600219879070441EAEA
:10EAD00001003A4359790F02114602463943187929
:10EAE0000143DF780020000640EA172042EA07626F
:10EAF00001439F780020000440EA174042EA0742A1
:10EB000001435F780020000240EA176C42EA0720C8
:10EB100041EA0C06197840EA01052848284000908F
:10EB2000280D40EA0630254908400190C6F30F2021
:10EB30000290012101EA16600390D8794008049000
:10EB40001421DFED1F0A9FED1F0A0098FFF79CFFBD
:10EB500084ED010A1421DFED1A0A9FED1A0A0198CB
:10EB6000FFF792FF84ED020A1021DFED150A9FEDF9
:10EB7000150A0298FFF788FF84ED030A039808B18D
:10EB8000012000E000202074207C01280AD1072108
:10EB9000DFED0D0ABBEE040A0498FFF775FF84ED64
:10EBA000050A09E00721DFED080ABBEE040A049814
:10EBB000FFF76AFF84ED050A05B0F0BDFFFF0F0007
:10EBC00000002042000020C20000484370B500252C
:10EBD000002421E08A49095DAA291BD1E01DC11743
:10EBE00000EB5171C910A0EBC101854A515CBB29F2
:10EBF00010D1C4F10802824801198248F1F7D1FC12
:10EC0000C4F108017F4A881822467D49F1F7C9FC02
:10EC1000012503E0601CC4B2082CDBDB00BF05B992
:10EC200070BD78480078AA287AD17648C079BB2888
:10EC3000FAD17448407874490978884263D000203A
:10EC400070494978642954D07049097818292ED11F
:10EC50006C494978C8294CD100216C4A1171114680
:10EC60004979022902D1002268494A7167498979A4
:10EC7000022902D1002265498A716449C9790229B1
:10EC800002D100226149CA716049097A022902D180
:10EC900000225E490A725D49497A022902D10022A6
:10ECA0005A494A721921594A1170012021E05749E5
:10ECB000097819290ED153494978C82919D05149E1
:10ECC0004978B1B10021514A11744E494978117007
:10ECD00001200EE04B494978C8290AD049494978B2
:10ECE00039B10021494A117451744649497811706B
:10ECF000012018B943494978642903D14149497829
:10ED0000414A117000BF3F48407941490978884223
:10ED10002CD03C48407920B900213C48017221E0C8
:10ED200062E038484079012805D10020374908744D
:10ED30000420087016E033484079022805D10020ED
:10ED400032490874052008700CE02E4840790328E9
:10ED500008D100202D49087401202E490870042094
:10ED60002A49087027484079294908702A480078BC
:10ED700001282AD12348007928490978884208D0F7
:10ED8000002027490860274908701E480079234958
:10ED9000087023480068052805DA21480068401CEF
:10EDA0001F49086011E01F48007870B91548807845
:10EDB000164948701348C178144881701148017988
:10EDC0001248C170012017490870174800780128BF
:10EDD00013D10C48807918B10A488079012804D1F0
:10EDE00000200A4981F83C0007E0064880790228A3
:10EDF00003D10120054981F83C0000BF10E7000065
:10EE0000DD000024D5000024AA04002448040024C6
:10EE1000AE04002488040024FE000024AD04002475
:10EE2000F8000024FC000024FD00002400BFFEE7E1
:10EE30004B48007800EE100AB8EE400A494880EDD1
:10EE4000000A4948407800EE100AB8EE400A4548EA
:10EE500080ED010A4448807800EE100AB8EE400ABE
:10EE6000404880ED020A4048C07800EE100AB8EE33
:10EE7000400A3C4880ED030A3B48007900EE100A46
:10EE8000B8EE400A374880ED040A3748407900EE72
:10EE9000100AB8EE400A334880ED050A32488079FE
:10EEA00000EE100AB8EE400A2E4880ED060A2F4800
:10EEB000807800EE100AB8EE400A2A4880ED0C0A6D
:10EEC0002A48C07800EE100AB8EE400A254880EDC6
:10EED0000D0A2648007900EE100AB8EE400A2148D3
:10EEE00080ED0E0A2148407900EE100AB8EE400A83
:10EEF0001C4880ED0F0A1D48807900EE100AB8EE1C
:10EF0000400A184880ED100A1848407A00EE100AAE
:10EF1000B8EE400A134880ED130A1448807A00EED8
:10EF2000100AB8EE400A0F4880ED140A0F48C07A64
:10EF300000EE100AB8EE400A0A4880ED150A0B48A8
:10EF4000007B00EE100AB8EE400A064880ED160A73
:10EF50000748806B0349C8610548406908627047EB
:10EF600048040024C4C60024D500002480BF002427
:10EF700094C4002470B505460C46A20029460D48ED
:10EF8000F1F754FB204607E09FED0B0A10EE101A34
:10EF9000084A42F82010401C3228F5DB0548074992
:10EFA0000968C0F8C810CC2201460548FAF73CF8B9
:10EFB00070BD0000F8C500240000000036250108DF
:10EFC000D80A00244100080218BF04200A0E18BF06
:10EFD00040F001004FF07F4232EA010108BF40F0EB
:10EFE0000200012808BF05207047000002480068A1
:10EFF000C0F30220704700000CED00E010B50028BF
:10F0000004DB0A07130E054A135406E00A07140E20
:10F01000034A00F00F031B1FD45410BD00E400E0AE
:10F0200018ED00E0EFF305807047000010EE101AB5
:10F0300008B5434A6846B2EB410F26D94FF0E64087
:10F04000B0EB410F94BF00204FF0FF3000900098CC
:10F05000DFED3C0A002860DB10F0010F46D060EEC7
:10F06000000ADFED391A9FED391A10F0020F00EE99
:10F07000E11ADFED371A40EE811A21EEA01AF0EE08
:10F08000400A40EE010A2ED041E0324B21F000420E
:10F0900093423FD911F0004FDFED2F0A20EE201AE6
:10F0A000DFED2E0A19BF31EE601A71EE200A31EE43
:10F0B000201A71EE600ABDEEE01A11EE100A9FED03
:10F0C000281A00F0030000EEC10A9FED261A0090F6
:10F0D00000EEC10A9FED241A00EEC10A9FED231A2B
:10F0E00000EEC10AB3E7F1EE600A10E020EE000A7C
:10F0F0009FED1F1ADFED1F1A10F0020F40EE011AEC
:10F100009FED1D1A00EE211A40EE010AEBD1B0EE80
:10F11000600A08BD00F010F999E710EE100A4000EF
:10F12000B0F17F4FF3D307D14FF00100F1F709FBA6
:10F13000BDE8084000F0F0B8BDE8084000F0E8B8CD
:10F14000B61F927E0000803F336D4C39DA82083C56
:10F15000A0AA2ABE490E494683F9223F0000004B6F
:10F160000000C93F00A0FD390020A2331A61342CF1
:10F17000B93AB2BACA9F2A3DDDFFFFBE00B510EE14
:10F18000101A2DED028B81B0524A6846B2EB410F46
:10F190002ED94FF0E640B0EB410F94BF00204FF066
:10F1A000FF3000900098B0EE408A00286ADB10F033
:10F1B000010F4BD068EE080A9FED471A9FED470AF2
:10F1C00000EE810A9FED461A00EE801A9FED450A77
:10F1D00010F0020F00EE810A02BF01B0BDEC028BFD
:10F1E00000BD00BF01B0B1EE400ABDEC028B00BD16
:10F1F0003D4B21F00042934241D911F0004FDFED29
:10F200003B0A20EE201ADFED3A0A19BF31EE601AF0
:10F2100071EE200A31EE201A71EE600ABDEEE01A9E
:10F2200011EE100A9FED331A00F0030000EEC10A40
:10F230009FED311A009000EEC10A9FED301A00EEEA
:10F24000C10A9FED2F1A00EEC10AABE728EE080AAB
:10F250009FED2C1ADFED2C0A10F0020F40EE410A50
:10F260009FED2A1A00EE201A61EE000AB0EE480A5D
:10F2700008EE200AB6D101B0BDEC028B00BD00F053
:10F280005BF88FE718EE100A4000B0F17F4F0DD207
:10F2900018EE100AFFF796FE042808BF00F044F8A5
:10F2A000B0EE480A01B0BDEC028B00BD09D10120CF
:10F2B000F1F747FA01B0BDEC028B5DF804EB00F00A
:10F2C0002BB801B0B0EE480ABDEC028B5DF804EB40
:10F2D00000F01EB8B61F927EB93AB2BACA9F2A3D54
:10F2E000DDFFFFBE0000803F490E494683F9223F03
:10F2F0000000004B0000C93F00A0FD390020A233F0
:10F300001A61342C336D4C39DA82083CA0AA2ABE2B
:10F3100030EE000A70470000DFED020A80EEA00A1E
:10F3200070470000000000009FED020A20EE000A76
:10F3300070470000000000102DE9F0014FF07F42FF
:10F34000B2EB410F9FBF4FF0FF310160BDE8F0010C
:10F3500070474FF0004242EA0123C1F3C752783AA6
:10F36000551112F01F0C434CCCF120067C44C1F324
:10F37000C752A2F178024FEA621204EB820254F8FB
:10F38000254008BFD2E9015612D0556804FA0CF4A2
:10F3900025FA06F73C43976805FA0CF527FA06F8B4
:10F3A000D26807FA0CFCF24045EA08054CEA02066E
:10F3B000A4FB034CA5FB0352A6FB03631D449D4223
:10F3C00034BF012600261319334416B1934202D9E3
:10F3D00003E0934201D2012200E00022624402F1E4
:10F3E000200C9206DC0C42EA443200EE102A5B0349
:10F3F000DFED210AF8EEC01A00EE103A4FEA9C1C2D
:10F4000011F0004FB8EE400AC0F800C020EE201AFC
:10F4100000EE105ADFED190AB8EE400A20EE200A7D
:10F4200071EE810A70EE800A10EE902A02F50062F9
:10F430006FF30B0200EE902A70EEE11A31EEC11A62
:10F44000DFED101A30EE411A9FED0D0A20EE800A12
:10F4500001EE210A9FED0C1A00EE810A04BFBDE8FF
:10F46000F0017047CCF180510160BDE8F001B1EED0
:10F47000400A7047CC310000000000360000802CAC
:10F4800022AAFD29DB0FC92F0000C92F2DE9FC5F3F
:10F4900081460D460026002001908246FF20009004
:10F4A00000242F464FF0000B4FF00008B9F1000F79
:10F4B00001D0002D03DC4FF0FF30BDE8FC9F072D8D
:10F4C00002DA6FF00100F8E74C4609E0207859288D
:10F4D00003D16078532800D104E0641C781E07B281
:10F4E000022FF3DA00BF072F05DAE81B00F034FB28
:10F4F0006FF00100E1E7A3469BF80460F01DB842FD
:10F5000002DD6FF00100D8E7F01C81B201AAA01C57
:10F5100000F0EAF8701D205ABDF80410884209D0A6
:10F52000E91B9BF804201144C81D00F015FB6FF087
:10F530000200C2E74FF0050A1FE004EB0A0898F842
:10F54000011098F8000008F1020200F0E9F80090BC
:10F55000009801280BD198F80100801C50441FFA34
:10F5600080FA98F80100801C301A86B205E00AF192
:10F5700001001FFA80FA701E86B2002EDDDCE91B46
:10F580003144C81D00F0E8FA002096E710B50146A6
:10F590000022002007E00C5C0123834004FB0323CE
:10F5A000DAB2431CD8B20628F5DB104610BD0000C5
:10F5B00000B589B0202101A8F1F794F8002001904E
:10F5C00002900220039001200490002005900690F4
:10F5D00001A91048F5F78DFA08B1F2F796F8002066
:10F5E00003460222114600900A48F5F7D6FA08B100
:10F5F000F2F78BF80748F6F738F908B1F2F785F813
:10F60000002201210348F5F7D7F908B1F2F77DF898
:10F6100009B000BD1808002400B589B0202101A858
:10F62000F1F760F800200190029002200390012081
:10F63000049000200590069001A91048F5F759FAAA
:10F6400008B1F2F762F8002003460222114600904A
:10F650000A48F5F7A2FA08B1F2F757F80748F6F7A3
:10F6600004F908B1F2F751F8002201210348F5F737
:10F67000A3F908B1F2F749F809B000BDB8080024B1
:10F6800000B589B0202101A8F1F72CF800200190E5
:10F690000290022003900120049000200590069023
:10F6A00001A91048F5F725FA08B1F2F72EF8002065
:10F6B00003460222114600900A48F5F76EFA08B197
:10F6C000F2F723F80748F6F7D0F808B1F2F71DF87B
:10F6D000002201210348F5F76FF908B1F2F715F898
:10F6E00009B000BD5809002470B503460C4600253A
:10F6F00000260BB104B112B94FF0FF3070BD0021EC
:10F7000006E0585C2844C5B27019C6B2481C81B2E4
:10F71000A142F6DB45EA062010800020EEE700005B
:10F720002DE9F04106460D461446FF27412E7AD0BA
:10F730000EDC302E78D006DC012E76D0102E14D0C0
:10F74000202E73D145E0312E71D0402EF9D1E5E065
:10F75000522E6DD004DC502E6BD0512EF1D1D5E15C
:10F76000602E67D0702EECD181E10C2D2FD10127B6
:10F77000204600F0AFFB00EE100AB8EEC00ADFED45
:10F78000F00A20EE200A10EE100AEE490860201D53
:10F7900000F0A0FB00EE100AB8EEC00ADFEDE80AA8
:10F7A00020EE200A10EE100AE649486004F1080035
:10F7B00000F090FB00EE100AB8EEC00ADFEDE00AA0
:10F7C00020EE200A10EE100ADE49886000E00027D3
:10F7D000B1E10C2D38D10127204600F07BFB00EE73
:10F7E000100AB8EEC00ADFEDD60A20EE200A10EEAD
:10F7F000100AD449C860201D00F06CFB00EE100A0E
:10F80000B8EEC00ADFEDCE0A20EE200A10EE100A94
:10F81000CC49086104F1080000F05CFB00EE100A1E
:10F82000B8EEC00A07E0ADE010E04EE182E141E051
:10F8300076E15FE1EAE0DFEDC20A20EE200A10EE99
:10F84000100AC049486100E0002774E10C2D2FD157
:10F850000127204600F03EFB00EE100AB8EEC00A79
:10F86000DFEDB70A20EE200A10EE100AB5498861D4
:10F87000201D00F02FFB00EE100AB8EEC00ADFEDED
:10F88000B00A20EE200A10EE100AAE49C86104F159
:10F89000080000F01FFB00EE100AB8EEC00ADFED12
:10F8A000A80A20EE200A10EE100AA649086200E01D
:10F8B000002740E10C2D2FD10127204600F00AFB44
:10F8C00000EE100AB8EEC00ADFED9F0A20EE200A13
:10F8D00010EE100A9B494862201D00F0FBFA00EE72
:10F8E000100AB8EEC00ADFED980A20EE200A10EEEA
:10F8F000100A9449886204F1080000F0EBFA00EE67
:10F90000100AB8EEC00ADFED900A20EE200A10EED1
:10F91000100A8C49C86200E000270CE10C2D2FD1A1
:10F920000127204600F0D6FA00EE100AB8EEC00A11
:10F93000DFED830A20EE200A10EE100A81490863E9
:10F94000201D00F0C7FA00EE100AB8EEC00ADFED85
:10F950007C0A20EE200A10EE100A7A49486304F16E
:10F96000080000F0B7FA00EE100AB8EEC00ADFEDAA
:10F97000740A20EE200A10EE100A7249886300E033
:10F980000027D8E0102D3FD10127204600F0A2FA31
:10F9900000EE100AB8EEC00ADFED690A20EE200A78
:10F9A00010EE100A6749C863201D00F093FA00EEBC
:10F9B000100AB8EEC00ADFED620A20EE200A10EE4F
:10F9C000100A6049086404F1080000F083FA00EEB0
:10F9D000100AB8EEC00ADFED5A0A20EE200A10EE37
:10F9E000100A5849486404F10C0000F073FA00EE64
:10F9F000100AB8EEC00ADFED520A20EE200A10EE1F
:10FA0000100A5049886400E0002794E00C2D2CD1A6
:10FA1000002000EE100A0127206800EE100AB8EE60
:10FA2000C01B9FED4A2B21EE021B51EC110B454AE6
:10FA3000D0641165606800EE100AB8EEC01B9FED3F
:10FA4000432B21EE021B51EC110B50659165A06810
:10FA500000EE100AF8EEC00A9FED3B1A60EE810A34
:10FA600010EE900A1146C86500E0002763E00C2DF7
:10FA700029D1002000EE100A0127206800EE100AAC
:10FA8000F8EEC00A9FED301A60EE810A10EE900A7F
:10FA90002C490866606800EE100AF8EEC00A9FED77
:10FAA0002A1A60EE810A10EE900A4866A06800EEFD
:10FAB000100AF8EEC00A9FED241A60EE810A10EEDB
:10FAC000900A886600E0002735E0022D10D101275A
:10FAD000B4F9000000EE100AB8EEC00ADFED1D0A0E
:10FAE00020EE200A10EE100A1649C1F87F0000E04F
:10FAF000002720E00B2D07D101272A462146114877
:10FB00006C30F0F74EFD00E0002714E0042D05D125
:10FB100001270C492068C1F8770000E000270AE0BF
:10FB2000042D05D1012707492068C1F87B0000E0BA
:10FB3000002700E000BF00BF3846BDE8F0810000AC
:10FB4000BD37863594C400246F12833A48AFBC9AFF
:10FB5000F2D77A3E0AD7233C10B5044621460F4817
:10FB6000F0F79EFD0E480088A04213D90C4800888B
:10FB7000001B0B49088009480119094802880748F9
:10FB8000F0F70FFD0549064A128888182146F0F75C
:10FB900087FD02E000200249088010BD94C20024C5
:10FBA0008E040024F0B502460B4600240026601E99
:10FBB000124F00211FE04FF0004452F82160002551
:10FBC00016E000F0004CBCF1000F05D04000DFF85B
:10FBD0002CC080EA0C0000E0400006EA040CBCF1F6
:10FBE000000F03D0DFF814C080EA0C0064086D1C1D
:10FBF000202DE6D3491C9942DDD3F0BDB71DC104C9
:10FC000030B502460B46FF20002113E0555C6840EA
:10FC100000240BE000F0800525B1312585EA400580
:10FC2000E8B201E04506280E651CECB2082CF1DBB9
:10FC30004D1CE9B29942E9DB30BD000001B913491E
:10FC40000A8802804A8802818A880282CA880283DE
:10FC50000A8902844A8902858A890286CA890287BA
:10FC60000A8AA0F840204A8AA0F848208A8AA0F888
:10FC70005020CA8AA0F858200A8BA0F860204A8B2E
:10FC8000A0F868208A8BA0F870207047182501081A
:10FC900070B505460C4614F84A0F617800EB012058
:10FCA000A17800EB0140E1784A3C00EB01661221AB
:10FCB0002046FFF777FFB0427DD1A07828702079E9
:10FCC0006870A07900EE100AB8EE400A85ED020ACD
:10FCD000E07900EE100AB8EE400A85ED030AB4F9A7
:10FCE0000C0000EE100AB8EEC00B9FED5A1B80EE20
:10FCF000012BB7EEC20B85ED010AB4F90E0000EE40
:10FD0000100AB8EEC00B9FED551B80EE012BB7EE2D
:10FD1000C20B85ED040AB4F91A0000EE100AB8EE21
:10FD2000C00A85ED060AD4F81E00400000EE100A55
:10FD3000B8EEC00ADFED4B0A20EE200ADFED4A0ADA
:10FD400080EE201A85ED051AE08C4FF4FA6110FB65
:10FD500001F0400000EE100AB8EEC00ADFED410AE3
:10FD600060EE200A9FED411A80EE810ADFED400A25
:10FD700080EE201A85ED091A208D10FB01F040005D
:10FD800000EE100AB8EEC00ADFED360A60EE200A77
:10FD90009FED361A80EE810ADFED350A80EE201ADB
:10FDA00085ED0A1A608D10FB01F0400000EE100A8C
:10FDB000B8EEC00A00E04BE0DFED2A0A60EE200A50
:10FDC0009FED2A1A80EE810ADFED290A80EE201AC3
:10FDD00085ED0B1AB4F92C00C00000EE100AB8EE45
:10FDE000C00B9FED241B20EE010B9FED241B80EE2A
:10FDF000012BB7EEC20B85ED0C0AB4F92E00C00042
:10FE000000EE100AB8EEC00B9FED1A1B20EE010B9E
:10FE10009FED1A1B80EE012BB7EEC20B85ED0D0A8C
:10FE2000B4F9300000EE100AB8EEC00BB2EE001BC1
:10FE300020EE010B9FED0F1B20EE010B9FED0F1B22
:10FE400080EE012BB7EEC20B85ED0E0A012070BDCE
:10FE50000020FCE7000000000000704000000000EF
:10FE600000006040DB0F4940000080460000004772
:10FE70000000B44305A3923A019D23400000000016
:10FE80000000E040014671EE602AF0EE621AB0EE2A
:10FE9000602AB4EEC10AF1EE10FA02DDB0EE410ABA
:10FEA00006E0B4EEE00AF1EE10FA01D2B0EE600A1C
:10FEB00030EE423A01208840401E02EE900AF8EEF1
:10FEC000E22A63EE222A82EEA13AFDEEC32A12EE66
:10FED000900A704701460020CA7812068B7842EAE1
:10FEE00003424B7842EA03220B7842EA0300704750
:10FEF000B0EE401B00EE100AB8EEC02A00EE101A59
:10FF0000B8EEC00AC2EE002AF0EE620AF5EEC00AB0
:10FF1000F1EE10FA02D8B0EE410A7047F5EEC00AD1
:10FF2000F1EE10FA0DDDB7EE000AF4EEC00AF1EEC4
:10FF300010FA06D831EEC12AB0EE410A02EE200ACC
:10FF4000EBE7B0EE610AE8E7F5F7BEFDFCF792FCDF
:10FF5000F9F782FFF9F7F6FDF9F764FEF9F7E8FE25
:10FF6000FAF73CF8FAF700F8FAF7A6F8F9F79CFE6A
:10FF7000FAF712F9FAF76AF8FAF7D8F84FF4967028
:10FF8000F4F706FDF9F7A4F800F03EF9F9F714FFCD
:10FF900000F050F900BFFEE70146002001F4804266
:10FFA0000AB140F0100001F080020AB140F02000D8
:10FFB00001F008020AB140F0080001F004020AB1A1
:10FFC00040F0010001F002020AB140F0020001F02D
:10FFD00001020AB140F004007047000070B5054608
:10FFE0000C46FE202070EE2060702878A070002063
:10FFF000E07068782071FF2060710020A071E071CE
:020000040801F1
:1000000020726072A072E07295ED010ADFED5F0A66
:1000100020EE200ABDEEC00A10EE100A207395ED06
:10002000010ADFED5A0A20EE200ABDEEC00A10EEEA
:10003000100A000A607395ED020ADFED550A20EE02
:10004000200ABDEEC00A10EE100AA07395ED020A58
:10005000DFED4F0A20EE200ABDEEC00A10EE100AB6
:10006000000AE07395ED030ADFED4A0A60EE200A0C
:10007000B0EE001A80EE810ADFED470A80EE201A0A
:10008000BDEEC10A10EE100A207495ED030ADFEDF3
:10009000410A60EE200AB0EE001A80EE810ADFED20
:1000A0003E0A80EE201ABDEEC10A10EE100A000AC8
:1000B000607495ED030ADFED370A60EE200AB0EEBA
:1000C000001A80EE810ADFED340A80EE201ABDEEC0
:1000D000C10A10EE100A000CA07495ED030ADFEDC2
:1000E0002D0A60EE200AB0EE001A80EE810ADFEDE4
:1000F0002A0A80EE201ABDEEC10A10EE100A000E88
:10010000E07495ED040ADFED250A20EE200ABDEE2D
:10011000C00A10EE100A207595ED040ADFED1F0AE3
:1001200020EE200ABDEEC00A10EE100A000A60752B
:1001300095ED050ADFED1A0A20EE200ABDEEC00A91
:1001400010EE100AA07595ED050ADFED150A20EEF8
:10015000200ABDEEC00A10EE100A000AE075002069
:1001600020766076A076E0762077607707212046BB
:10017000FFF718FD0646A677300AE077300C84F8C2
:100180002000300E84F8210070BD00000000804384
:100190000000004300008046DB0F4940000000459E
:1001A0000000804410B58AB0044694ED170ADFEDD4
:1001B0000C0A20EE200A84ED030A01A92046FFF76D
:1001C0000DFF222201A90748F8F72EFF00BF0548BE
:1001D0000068C069C0F380100028F8D00AB010BDD4
:1001E0009A9911416C0B002470B50546FEF71AFF71
:1001F00010B16FF0050404E0002415B1284601F0A9
:10020000E7F8204670BD000010B5FEF70BFF10B1F7
:100210006FF0050409E00648006820B90120044990
:100220000860002401E04FF0FF34204610BD0000BC
:100230008400002470B5FEF7F5FE10B16FF00504E0
:100240001FE011480068012819D100BF801F00215C
:10025000002804DB0A07130E0C4A135406E00A07B1
:10026000150E0B4A00F00F031B1FD55400BF00BF33
:1002700002200549086001F027F9002401E04FF051
:10028000FF34204670BD00008400002400E400E03C
:1002900018ED00E02DE9FF4780468946144600200E
:1002A0000390FEF7BFFE00284ED1B8F1000F4BD0EF
:1002B000802618258246471E44B3206808B1D4F82A
:1002C00000A0A06900B1A5692DB1382D03D820790F
:1002D00000F0010018B1002004B0BDE8F0876069AB
:1002E00008B160698608A06840B1E0685C2805D361
:1002F000206918B1606908B1012708E0A06830B929
:10030000E06820B9206910B9002700E00027012F1C
:100310000CD12169A0684B463246CDE900510290CC
:100320005146404601F084FD03900DE067B903A8F3
:10033000B2B24B465146CDE90050404601F046FD71
:10034000012801D0002003900398C5E72DE9F04172
:1003500005460E461648076816480068001D00F05E
:10036000AFFE681C38B936B112480168091D124841
:1003700000F0FCFE1AE07C190E4800684460BC42A4
:1003800007D20C480168091D0C48006800F0D4FE33
:100390000CE008480168091D0948006800F0CCFE1F
:1003A00008480068844201D206480460BDE8F08134
:1003B0004800002434000024141700243C000024CA
:1003C000380000246400002410B5044600F0DAFE72
:1003D00024480068401C234908602348006840B94D
:1003E000214804600846006801280DD100F0FCF99E
:1003F0000AE01E48006838B91B480068C06AE16A14
:10040000884201D81848046019480068401C1849FF
:1004100008600846006860641649E06A0968884216
:1004200002D91449E06A0860E16A01EB8101124ACD
:1004300002EB8100211D00F099FE00F0CDFE0B487B
:10044000006868B108480068C06AE16A884207D25B
:100450004FF0805009490860BFF34F8FBFF36F8F93
:1004600010BD00004400002434000024500000248B
:10047000600000244C0000246412002404ED00E01D
:1004800008B500F07FFE12480068E8B9114800F096
:1004900043FE114800F040FE0E48104908600E4827
:1004A0000F49086000200F4B0F4A102100900A20CE
:1004B00001F084F9064908600846006820B10BA1E4
:1004C0000348006800F048FF00F086FE08BD000009
:1004D00078000024281700243C1700247000002412
:1004E0007400002450170024A0170024546D72518A
:1004F0000000000010B516E000F044FE0C48C06893
:10050000C468201D00F0DCFD0A480068401E09494F
:10051000086009480068401E0749086000F05CFE5A
:10052000204600F05FF8044800680028E4D110BDC0
:1005300000170024440000244000002470B5044645
:100540000D46206C70B1216CE0680144E160D4E993
:100550000210884201D32168E1602846226CE168DC
:10056000F0F71FF870BD2DE9F04104460F4615461F
:100570004FF00008A66B206C48B9206800282CD1E9
:10058000A06801F06BFD80460020A06025E07DB9E9
:100590003946226C6068F0F704F8216C6068084402
:1005A0006060D4E90101884217D32068606014E0DC
:1005B0003946226CE068EFF7F4FF216CE068411ADD
:1005C000E1602168E068884203D2216CA068411A8A
:1005D000E160022D01D106B1761E701CA063404679
:1005E000BDE8F08110B5044694F8590030B9206B8D
:1005F00000F010FE204600F00DFE1AE094F85900BD
:10060000012803D1204600F005FE12E094F85900BD
:10061000022801D1012000E0002050B900BF502085
:1006200080F31188BFF34F8FBFF36F8F00BF00BF00
:10063000FEE710BD0146084A126812680AB9012295
:1006400000E000220A600A6822B9034A1268D268F0
:10065000106800E0002070477000002430B54FF4AF
:100660002043174800F007042CB1C01D20F00700FC
:10067000134C041B1B1B0246124C22600024114D1C
:100680006C60D018083820F007000F4C2060002460
:100690000D4D2D686C600C4D2D682C601146441A70
:1006A0004C60094C24680C60084D4C682C60084D67
:1006B0004C682C604FF00044064D2C6030BD0000AB
:1006C000F81E0024880000249000002498000024D4
:1006D00094000024A400002400BFFFF70BFF06488D
:1006E00000680128F9D94FF0805004490860BFF331
:1006F0004F8FBFF36F8FF0E76412002404ED00E02A
:100700002DE9F04106460D4617469846069C0DB960
:10071000246000E02760E66325640121204601F0A3
:10072000BDF884F84C80BDE8F0812DE9F05F824689
:100730000E4690469B460A9F0C9C4FEA8801A522D4
:10074000206BEFF7A5FFA8F10100216B01EB8009F9
:1007500029F0070909F0070008B9012000E000208E
:1007600050B900BF502080F31188BFF34F8FBFF303
:100770006F8F00BF00BFFEE786B1002507E0715D07
:1007800004F134004155705D00B902E06D1C102D7C
:10079000F5D300BF00214320015502E0002084F87A
:1007A0003400382F00D33727E762E7640020206544
:1007B000201D00F0BEFC04F1180000F0BAFC24611A
:1007C000C7F13800A06164620020606584F85800B9
:1007D0005A465146484600F071FB20600B9808B11C
:1007E0000B980460BDE8F09F10B5002407E004EB0F
:1007F00084010F4A02EB810000F08EFC641C382C4F
:10080000F5D30C4800F088FC0B4800F085FC0B4841
:1008100000F082FC0A4800F07FFC0A4800F07CFCF3
:1008200004480949086004480849086010BD0000F0
:1008300064120024C4160024D8160024EC160024E8
:100840000017002414170024380000243C00002462
:1008500010B50146164800E0006803688B42FBD3E0
:100860000246436813448B4204D143684C682344D6
:10087000436001460A464B6813440468A34211D101
:100880000C4C03682468A34208D04B680468646871
:1008900023444B6003681B680B6005E0054B1B6835
:1008A0000B6001E003680B60884200D0016010BD5E
:1008B00088000024900000242DE9F04104460D46F4
:1008C00016461F464FF0000865602461B5420CD8FB
:1008D000F01BA169884202D34FF0010811E0211DED
:1008E0000948006800F028FC0BE0BE4204D2BD427B
:1008F00002D34FF0010804E0211D0448006800F015
:100900001BFC4046BDE8F081740000247000002408
:1009100070B5054600F036FCA86B08B9012400E06C
:10092000002400F059FC204670BD70B5054600F06B
:1009300029FCA86BE96B884201D1012400E0002466
:1009400000F04AFC204670BDF8B505460F461A482F
:100950000068C068C468201D00F0B2FB94F828004D
:1009600000F00400E8B1A06941192B463A46204640
:10097000FFF7A2FFD8B1002003462A4601460090A7
:10098000204601F0C7FC064656B900BF502080F350
:100990001188BFF34F8FBFF36F8F00BF00BFFEE71B
:1009A00005E094F8280020F0010084F82800204693
:1009B000216A8847F8BD000070000024F0B587B0B8
:1009C000A0E00398002811DA04AE56B900BF502009
:1009D00080F31188BFF34F8FBFF36F8F00BF00BF4D
:1009E000FEE7D6E90020B168904700BF03980028D1
:1009F000E6DB059C606908B9012000E0002010B921
:100A0000201D00F05DFB02A800F0DEF8054603980B
:100A10000A2875D2DFE800F00905073941630608A6
:100A20003A4200BF00BF00BF00BF94F8280040F06A
:100A3000010084F828000498A269811803462A4618
:100A40002046FFF739FFF8B12046216A884794F81D
:100A5000280000F00400B8B1002000900498A169BB
:100A6000421800231946204601F054FC074657B9A6
:100A700000BF502080F31188BFF34F8FBFF36F8FFB
:100A800000BF00BFFEE700BF3BE000BF94F82800B6
:100A900020F0010084F8280033E000BF94F828001B
:100AA00040F0010084F828000498A061A06908B112
:100AB000012000E0002050B900BF502080F31188D1
:100AC000BFF34F8FBFF36F8F00BF00BFFEE7A0697A
:100AD00041192B462A462046FFF7EEFE11E094F816
:100AE000280000F0020018B9204600F093FB05E052
:100AF00094F8280020F0010084F8280001E0FFE7C6
:100B000000BF00BF002203A90448006801F064F898
:100B100000287FF456AF07B0F0BD00007800002435
:100B2000F8B505460C4600F02BFD684600F04CF881
:100B30000646009820BB44B9B54206D801F02CFB0C
:100B400031462846FFF700FF1CE03CB10E48006824
:100B5000006808B9012000E000200446A91B2246D5
:100B60000A48006800F00EFC01F016FB50B94FF087
:100B7000805007490860BFF34F8FBFF36F8F01E0CC
:100B800001F00AFBF8BD0000740000247800002486
:100B900004ED00E00A490968096809B9012100E08B
:100BA000002121B14FF0FF31064A116006E00449EF
:100BB0000968C968C868034A416811607047000045
:100BC000380000246400002470B5044601F09EF94A
:100BD000054607480068854204D200F00BF8012062
:100BE000206001E00020206001480560284670BDBB
:100BF000800000242DE9F84334E025480068C068EF
:100C0000056823480068C068C468201D00F058FAD1
:100C10002046216A884794F8280000F0040008B3B1
:100C2000A0694619AE4207D966602461211D1848A3
:100C3000006800F081FA15E0002003462A460146CC
:100C40000090204601F066FB074657B900BF5020D0
:100C500080F31188BFF34F8FBFF36F8F00BF00BFCA
:100C6000FEE700BF0A480068006808B9012000E0FC
:100C700000200028C1D00648D0F800800548006850
:100C8000034908600348C0F80080BDE8F88300000D
:100C900070000024740000240E480068401C08B94D
:100CA000012000E0002050B900BF502080F31188DF
:100CB000BFF34F8FBFF36F8F00BF00BFFEE700BFD2
:100CC000502080F31188BFF34F8FBFF36F8F00BFA9
:100CD00000BFFEE7A800002408B500BF6846FFF784
:100CE000A9FC044620460099FFF71AFFFFF766FEAD
:100CF000F4E770B5044600F045FA94F9455010E069
:100D0000606A08B9012000E0002038B904F124002D
:100D100001F0F6F918B100F095FB00E003E0681E61
:100D200045B2002DECDC00BFFF2084F8450000F048
:100D300053FA00F027FA94F9445010E0206908B9FA
:100D4000012000E0002048B904F1100001F0D8F9BA
:100D500008B100F077FB681E45B200E001E0002D0D
:100D6000ECDC00BFFF2084F8440000F035FA70BDD1
:100D70002DE9F04104464FF0000800F001FC49481D
:100D8000006808B9FFF76AFC47480068204000285F
:100D900070D1D4B1083404F00700B0B104F00700FA
:100DA000C0F10800044404F0070008B9012000E085
:100DB000002050B900BF502080F31188BFF34F8F3F
:100DC000BFF36F8F00BF00BFFEE7002C52D0374843
:100DD000006884424ED8364E3046056801E02E4603
:100DE0002D686868A04202D228680028F7D12D48F3
:100DF000006885423ED0306800F1080828683060FD
:100E00006868001B102819D92F1907F0070008B9C6
:100E1000012000E0002050B900BF502080F311886D
:100E2000BFF34F8FBFF36F8F00BF00BFFEE768684F
:100E3000001B78606C603846FFF70AFD1B49686844
:100E40000968081A194908600846006819490968BC
:100E5000884203D21548006816490860124968683C
:100E60000968084368600020286013480068401C37
:100E70001149086001F090F908F0070008B9012055
:100E800000E0002050B900BF502080F31188BFF36C
:100E90004F8FBFF36F8F00BF00BFFEE74046BDE836
:100EA000F081000090000024A4000024940000249D
:100EB00088000024980000249C000024001F4FF0AC
:100EC00080730360001F21F001030360001F054BC6
:100ED000036014380260001F6FF0020303602038C3
:100EE00070470000990C01081CB51E480078AA281C
:100EF0002FD11C48407855282BD11A48807851288A
:100F000027D11848C079552823D11648007AAA2835
:100F10001FD11448D0F80210009180798DF8040098
:100F200004216846FEF76CFE0E49897988420FD18C
:100F30009DF801000C4908709DF8020048709DF86A
:100F4000030088700948808A401C81B2074881826A
:100F500006E0FF2004490870FE204870FD208870DC
:100F60001CBD000095BF0024E5000024F8BE00244D
:100F700010B590B00446214601A8FEF789FE50B393
:100F80009DED040AB5EEC00AF1EE10FA07D09DED12
:100F9000040ABCEEC00A10EE100A104908709DF851
:100FA0000400012815D13C2201A90D48EFF73EFBB2
:100FB0000B48183890ED0B0ADFED0A0A80EE201A74
:100FC00080ED181A0848C088401C81B20648C180CC
:100FD00000E000BF00BF10B010BD0000A803002457
:100FE000540300249A991141F8BE002470B52DEDE8
:100FF000048BB0EE408B04460D4600EE104AF8EE2E
:10100000C00A00EE105AB8EEC00A80EE801AB0EEA8
:10101000419AB5EEC09AF1EE10FA04D8B0EE480A43
:10102000BDEC048B70BDB5EEC09AF1EE10FA25DD73
:10103000B7EE000AB4EEC09AF1EE10FA1ED838EE00
:10104000C80AF0EE000AC0EE209A9FED0E1ADFEDFE
:101050000E0A59EE010AB0EE600AFEF78FF8F0EEC4
:10106000400AB0EE480A09EEA00A78EEC80AB0EECF
:10107000001AC0EE811A30EE210AD1E7B0EE680AFC
:10108000CEE70000DB0F4940DB0FC93FB0EE401A4E
:101090000A4601239340591E084030EEC10AF0EE83
:1010A000401A00EE100AB8EE400A21EE802A00EE47
:1010B000101AF8EE402A82EE220A30EE010A70473A
:1010C00001460A69D1E901309860D1E9010358600D
:1010D0005068884201D1886850600020086110681B
:1010E000401E106010687047034B0360034B0B6099
:1010F0008023136070470000401800249C180024CF
:10110000034B0360034B0B604FF480731360704715
:101110009C1A0024F81A002400F1080141604FF0E5
:10112000FF31816000F10801C160016100210160AF
:10113000704700210161704710B502460B685C1CC6
:101140000CB9106907E002F1080000E0406844684B
:1011500024689C42FAD944684C604C68A16088605D
:1011600041600A611468641C146010BD42684A60E2
:1011700093688B60936859609160086103685B1C99
:101180000360704700BF502080F31188BFF34F8F7A
:10119000BFF36F8F00BF0E480068401C0C49086009
:1011A00008460068012812D10A480068C0B208B990
:1011B000012000E0002050B900BF502080F31188CA
:1011C000BFF34F8FBFF36F8F00BF00BFFEE77047C5
:1011D000A800002404ED00E00D48006850B900BFED
:1011E000502080F31188BFF34F8FBFF36F8F00BF84
:1011F00000BFFEE706480068401E05490860084633
:10120000006820B9002080F3118800BF00BF70473C
:10121000A800002470B506463546002E44D0083D8F
:101220002C46224960680968084008B1012000E0A6
:10123000002050B900BF502080F31188BFF34F8FBA
:10124000BFF36F8F00BF00BFFEE7206808B9012021
:1012500000E0002050B900BF502080F31188BFF398
:101260004F8FBFF36F8F00BF00BFFEE70F4960686D
:1012700009680840C0B12068B0B90C4960680968C5
:101280008843606000F07CF9094960680968084497
:10129000074908602046FFF7DBFA06480068401C53
:1012A0000449086000F078FF70BD0000A40000242D
:1012B00094000024A000002400204FF0E0210861E9
:1012C0008861064800684FF47A71B0FBF1F0401E67
:1012D0004FF0E02148610720086170472C0000248E
:1012E00070B5EFF7BFF80446102C16D304F1E020D8
:1012F00090F8F05315480078854201DB012000E0AA
:10130000002050B900BF502080F31188BFF34F8FE9
:10131000BFF36F8F00BF00BFFEE70D48006800F409
:10132000E0600C490968884201D8012000E00020F3
:1013300050B900BF502080F31188BFF34F8FBFF327
:101340006F8F00BF00BFFEE770BD0000AC0000243F
:101350000CED00E0B0000024024600200BE0084B3A
:1013600053F8303033B9064B43F8301003EBC00369
:101370005A6002E0401C0828F1D300BF704700000B
:10138000241200242DE9F04105460E4617462C464E
:10139000FFF7F8FE94F94400401C10B9002084F8CF
:1013A000440094F94500401C10B9002084F8450021
:1013B000FFF712FFA06B28B93A46314604F124002A
:1013C00000F062F82046FFF794FCBDE8F0810000D1
:1013D00070B504460025D4B11248006808B9012050
:1013E00000E0002050B900BF502080F31188BFF307
:1013F0004F8FBFF36F8F00BF00BFFEE700F0C0F854
:1014000000212046FEF7A2FF00F0C6FE05463DB9CA
:101410004FF0805004490860BFF34F8FBFF36F8FC8
:1014200070BD00006C00002404ED00E00349096871
:101430000160034909684160704700005C000024B6
:10144000480000240120014908607047580000242A
:1014500070B504460D4654B900BF502080F3118882
:10146000BFF34F8FBFF36F8F00BF00BFFEE705488C
:10147000016818312046FFF75FFE01212846FEF77C
:1014800065FF70BD3400002470B505460E46144655
:1014900055B900BF502080F31188BFF34F8FBFF3C1
:1014A0006F8F00BF00BFFEE706480168183128466D
:1014B000FFF75CFE0CB14FF0FF3621463046FEF7D9
:1014C00045FF70BD3400002410B586B000200590A3
:1014D000049003AA04A905A8FFF706FE0022DDE98F
:1014E00004101346CDE9002102901EA11F48039A63
:1014F00000F09EFC1E4908600846006808B10124FF
:1015000000E00024012C02D100F0C8FE0446012CAA
:1015100015D100BF502080F31188BFF34F8FBFF368
:101520006F8F00BF4FF0FF30124908600120124951
:10153000086000201149086000F072F810E0601C9B
:1015400008B1012000E0002050B900BF502080F316
:101550001188BFF34F8FBFF36F8F00BF00BFFEE74F
:1015600006B010BD49444C4500000000D9060108F2
:101570006800002464000024500000244800002477
:1015800002480068401C0149086070476C00002454
:101590001E48006818B101201D49086034E0002091
:1015A0001B4908601B4801680CE051B900BF50207E
:1015B00080F31188BFF34F8FBFF36F8F00BF00BF61
:1015C000FEE7491E01EB8100134A52F8200008B9DA
:1015D000012000E000200028E7D101EB81020E4B42
:1015E00003EB820042685268426000F108024368DF
:1015F000934202D14268526842604268D268074B07
:101600001A600448016000BF704700006C000024AD
:10161000580000244C0000246412002434000024EC
:101620001CB5524800685249884201D0012000E0B0
:10163000002050B900BF502080F31188BFF34F8FB6
:10164000BFF36F8F00BF00BFFEE7484800684849FE
:10165000491E884201D0012000E0002050B900BF9F
:10166000502080F31188BFF34F8FBFF36F8F00BFFF
:1016700000BFFEE73F49084600780190FF200A4678
:1016800010700846007800909DF8000000F0F0000F
:101690009DF80020904201D1012000E0002050B9C7
:1016A00000BF502080F31188BFF34F8FBFF36F8FBF
:1016B00000BF00BFFEE79DF8000000F050002E4A7A
:1016C000107007202D4A106009E02C480068401E69
:1016D0002A4A10609DF800004006000E00909DF818
:1016E000000000F080008028EFD024480068C0F19E
:1016F0000700042801D1012000E0002050B900BFFC
:10170000502080F31188BFF34F8FBFF36F8F00BF5E
:1017100000BFFEE7194800680002184A1060104632
:10172000008800F4E0601060124A019810700F48C1
:101730002030006840F470000C49203108600846F1
:10174000006840F070400860FFF7B6FD00200C49CB
:101750000860EEF74FFE0B48006840F04040094932
:101760000860EEF733FE00201CBD000000ED00E035
:1017700071C20F4100E400E0AC000024B00000247E
:10178000A800002434EF00E010B500BF502080F323
:101790001188BFF34F8FBFF36F8F00BF00F0BCFB0A
:1017A00018B14FF080500449086000BF002080F35A
:1017B000118800BF10BD000004ED00E02DE9F843E2
:1017C00080460E4617461D46DDF82090B8F1000F02
:1017D00001D0012000E0002050B900BF502080F36C
:1017E0001188BFF34F8FBFF36F8F00BF00BFFEE7BD
:1017F0000DB1012000E0002050B900BF502080F35F
:101800001188BFF34F8FBFF36F8F00BF00BFFEE79C
:1018100007B10EB1012000E0002050B900BF5020F8
:1018200080F31188BFF34F8FBFF36F8F00BF00BFEE
:10183000FEE707B90EB9012000E0002050B900BF53
:10184000502080F31188BFF34F8FBFF36F8F00BF1D
:1018500000BFFEE7502000900098502801D10120E1
:1018600000E0002050B900BF502080F31188BFF382
:101870004F8FBFF36F8F00BF00BFFEE700BF2C4646
:101880004CB1012084F846004B463A46314640466A
:101890000094FEF735FF2046BDE8F88370B5054695
:1018A0000E462C4654B900BF502080F31188BFF378
:1018B0004F8FBFF36F8F00BF00BFFEE7FFF762FCE3
:1018C000D4E90F12206801FB0200A0600020A06391
:1018D00020686060E06B401E226C216800FB0211F2
:1018E000E160FF2084F8440084F845009EB9206937
:1018F00008B9012000E00020A8B904F1100000F0B0
:10190000FFFB80B14FF0805009490860BFF34F8F53
:10191000BFF36F8F07E004F11000FFF7FDFB04F148
:101920002400FFF7F9FBFFF757FC012070BD000012
:1019300004ED00E02DE9FF4383B0064688461D46CE
:101940004FF00009344654B900BF502080F311888D
:10195000BFF34F8FBFF36F8F00BF00BFFEE7B8F13B
:10196000000F01D1206C08B9012000E0002050B91F
:1019700000BF502080F31188BFF34F8FBFF36F8FEC
:1019800000BF00BFFEE7022D02D1E06B012801D1AC
:10199000012000E0002050B900BF502080F31188E2
:1019A000BFF34F8FBFF36F8F00BF00BFFEE700F0A4
:1019B0009DFA08B9059808B9012000E0002050B947
:1019C00000BF502080F31188BFF34F8FBFF36F8F9C
:1019D00000BF00BFFEE700BFFFF7D4FBA06BE16BC9
:1019E000884201D3022D28D12A4641462046FEF7DF
:1019F000BAFD0746606A08B9012000E0002068B916
:101A000004F1240000F07CFB88B14FF08050324993
:101A10000860BFF34F8FBFF36F8F08E03FB14FF007
:101A200080502D490860BFF34F8FBFF36F8FFFF7D2
:101A3000D3FB012007B0BDE8F083059818B9FFF784
:101A4000CBFB0020F6E7B9F1000F04D101A8FFF7A6
:101A5000EDFC4FF00109FFF7BFFBFFF791FDFFF72A
:101A600091FB94F94400401C10B9002084F8440014
:101A700094F94500401C10B9002084F84500FFF798
:101A8000ABFB05A901A800F05BF9F0B92046FEF711
:101A90004CFFA0B104F110000599FFF7D9FC2046D6
:101AA000FFF727F900F078FB002895D14FF0805020
:101AB00009490860BFF34F8FBFF36F8F8CE7204653
:101AC000FFF717F900F068FB86E72046FFF711F9EA
:101AD00000F062FB0020ADE704ED00E02DE9F84FD7
:101AE00007468A4690461E463C4654B900BF5020E1
:101AF00080F31188BFF34F8FBFF36F8F00BF00BF1C
:101B0000FEE7BAF1000F01D1206C08B9012000E016
:101B1000002050B900BF502080F31188BFF34F8FD1
:101B2000BFF36F8F00BF00BFFEE7022E02D1E06B54
:101B3000012801D1012000E0002050B900BF502051
:101B400080F31188BFF34F8FBFF36F8F00BF00BFCB
:101B5000FEE7FFF7C5FB00BF5021EFF3118081F3D3
:101B60001188BFF34F8FBFF36F8F00BF0546A06B87
:101B7000E16B884201D3022E25D194F945B0A06BC8
:101B80000090324651462046FEF7EDFC0BF1010075
:101B900088B9606A08B9012000E0002050B904F15A
:101BA000240000F0ADFA28B1B8F1000F02D00120F6
:101BB000C8F8000004E00BF1010040B284F84500D1
:101BC0004FF0010901E04FF0000900BF85F31188D3
:101BD00000BF4846BDE8F88F2DE9F74183B00546C0
:101BE0000E464FF000082C4654B900BF502080F339
:101BF0001188BFF34F8FBFF36F8F00BF00BFFEE7A9
:101C00000EB9206C08B9012000E0002050B900BFD7
:101C1000502080F31188BFF34F8FBFF36F8F00BF49
:101C200000BFFEE700F062F908B9059808B9012085
:101C300000E0002050B900BF502080F31188BFF3AE
:101C40004F8FBFF36F8F00BF00BFFEE700BFFFF7EE
:101C500099FAA76BF7B131462046FEF76FFC781E64
:101C6000A063206908B9012000E0002060B904F1F8
:101C7000100000F045FA38B14FF080502F4908604D
:101C8000BFF34F8FBFF36F8FFFF7A6FA012006B0A7
:101C9000BDE8F081059818B9FFF79EFA0020F6E735
:101CA000B8F1000F04D101A8FFF7C0FB4FF0010805
:101CB000FFF792FAFFF764FCFFF764FA94F9440027
:101CC000401C10B9002084F8440094F94500401CE1
:101CD00010B9002084F84500FFF77EFA05A901A895
:101CE00000F02EF8F0B92046FEF712FEA0B104F184
:101CF00024000599FFF7ACFB2046FEF7FAFF00F041
:101D00004BFA0028A3D14FF080500C490860BFF374
:101D10004F8FBFF36F8F9AE72046FEF7EAFF00F080
:101D20003BFA94E72046FEF7E4FF00F035FA204640
:101D3000FEF7EEFD00288AD00020A8E704ED00E0C1
:101D400070B505460C4655B900BF502080F3118888
:101D5000BFF34F8FBFF36F8F00BF00BFFEE754B9D3
:101D600000BF502080F31188BFF34F8FBFF36F8FF8
:101D700000BF00BFFEE7FFF705FA12480268686877
:101D8000131A2068401C08B9002617E00E4928687D
:101D90000968884204D06868904201D801260DE0A5
:101DA0002068984207D92068C01A20602846FFF7AB
:101DB0003DFB002602E0002020600126FFF70CFA20
:101DC000304670BD480000245C0000242DE9FF4F20
:101DD00085B0804689461746DDE912ABB800FEF7AC
:101DE000C7FF064656B15C20FEF7C2FF04460CB1A1
:101DF000266304E03046FFF70DFA00E000248CB1C2
:101E0000002084F85900CDE900ABCDE902403A4604
:101E100049464046089BFEF788FC2046FEF7D4FA68
:101E2000012501E04FF0FF35284609B0BDE8F08FED
:101E30002DE9F04F85B00746884691469A46DDE980
:101E40000EB6109C0EB1012000E0002050B900BF7A
:101E5000502080F31188BFF34F8FBFF36F8F00BF07
:101E600000BFFEE70CB1012000E0002050B900BF28
:101E7000502080F31188BFF34F8FBFF36F8F00BFE7
:101E800000BFFEE75C20039003985C2801D101208D
:101E900000E0002050B900BF502080F31188BFF34C
:101EA0004F8FBFF36F8F00BF00BFFEE700BFB4B11D
:101EB000AEB125462C462E63022085F8590000203D
:101EC00004A953464A46CDE900B1CDE90250414646
:101ED0003846FEF72AFC2846FEF776FA01E0002095
:101EE0000490049805B0BDE8F08F0000054909682A
:101EF00009B9012005E00449096809B9022000E098
:101F000000207047500000246C000024014908683C
:101F100070470000480000242DE9F0414FF0000810
:101F20004348006800287BD142480068451C41486E
:101F3000056015BB40480068006808B9012000E052
:101F4000002050B900BF502080F31188BFF34F8F9D
:101F5000BFF36F8F00BF00BFFEE737480768374801
:101F60000068354908603548076035480068401CFE
:101F700033490860FEF70EFE00BF32480068854214
:101F80003BD300BF2C480068006808B9012000E07E
:101F9000002020B14FF0FF302A4908602CE026488D
:101FA0000068C068C4686668B54202D22548066009
:101FB00022E0201DFFF784F8A06A18B104F1180090
:101FC000FFF77EF82049E06A0968884202D91E4975
:101FD000E06A0860E16A01EB81011C4A02EB8100C2
:101FE000211DFFF7C3F81A49E06A0968C96A8842E7
:101FF000C8D34FF00108C5E700BF15480068C06AA4
:1020000000EB8000114951F82000012801D94FF060
:1020100001081048006808B14FF0010805E0FFE72B
:102020000D480068401C0C4908604046BDE8F0813E
:102030006C00002448000024380000243C000024E8
:102040005C000024640000244C000024641200247E
:1020500034000024580000245400002470B50546C4
:102060002C460026002D43D022480068844201D12E
:10207000012000E0002050B900BF502080F31188FB
:10208000BFF34F8FBFF36F8F00BF00BFFEE7206D20
:1020900050B900BF502080F31188BFF34F8FBFF3BA
:1020A0006F8F00BF00BFFEE7206D401E2065E16C12
:1020B000E06A88421CD0206DD0B9201DFFF700F8DF
:1020C000E06CE062E06AC0F13800A0610A49E06AB1
:1020D0000968884202D90849E06A0860E16A01EBB0
:1020E0008101064A02EB8100211DFFF73FF801261E
:1020F000304670BD340000244C00002464120024DB
:1021000070B50646F068C46854B900BF502080F32B
:102110001188BFF34F8FBFF36F8F00BF00BFFEE783
:1021200004F11800FEF7CCFF15480068A0B9201D87
:10213000FEF7C6FF1349E06A0968884202D91149CF
:10214000E06A0860E16A01EB81010F4A02EB81005D
:10215000211DFFF70BF804E004F118010B48FFF70D
:1021600005F80B49E06A0968C96A884204D9012563
:1021700001200849086000E00025284670BD0000E5
:102180006C0000244C00002464120024EC1600248F
:10219000340000245800002470B50024002636487E
:1021A000006850B900BF502080F31188BFF34F8FF3
:1021B000BFF36F8F00BF00BFFEE7FEF7E3FF2E48BF
:1021C0000068401E2C4908600846006800284ED16F
:1021D0002A48006800284AD023E02948C068C4681B
:1021E00004F11800FEF76CFF201DFEF769FF25497A
:1021F000E06A0968884202D92249E06A0860E16A17
:1022000001EB8101204A02EB8100211DFEF7AEFFA8
:102210001E49E06A0968C96A884202D301201C4944
:1022200008601748006808B9012000E00020002875
:10223000D3D00CB1FEF7AEFC1648056865B100BFFF
:10224000FFF76AFE10B10120114908606D1E002DD4
:10225000F6D100200F4908600D48006838B101260A
:1022600030070D490860BFF34F8FBFF36F8FFEF744
:10227000B3FF304670BD00006C0000244400002411
:10228000EC1600244C0000246412002434000024C6
:10229000580000245400002404ED00E010B586B07E
:1022A0000024FEF7EDF816480068D0B10020059034
:1022B000049003AA04A905A8FEF722FF0222DDE983
:1022C00004100023CDE9002102900EA10F48039ACB
:1022D000FFF7AEFD0E4908600846006800B1012412
:1022E00000BF54B900BF502080F31188BFF34F8F57
:1022F000BFF36F8F00BF00BFFEE7204606B010BDE2
:1023000078000024546D722053766300D90C0108C4
:102310007C0000242DE9FF4704460D4616461F4663
:10232000DDF830804FF0000954B900BF502080F331
:102330001188BFF34F8FBFF36F8F00BF00BFFEE761
:102340001448006810B3009501960294062D15DA22
:10235000FFF7CCFD022808D10023424669460D480C
:102360000068FFF7E7FA814610E000231A46694645
:1023700008480068FFF7DEFA814607E000233A4686
:10238000694604480068FFF7A9FB8146484604B047
:10239000BDE8F087780000244FF04070E1EE100AAD
:1023A000704700005C2501080000000000000000EC
:1023B00000000000000000000010000018000000F5
:1023C000000000000000000064250108000000007B
:1023D00000000000000000000000000000100000ED
:1023E0001800000000000000000000006C2501083B
:1023F00000000000000000000000000000000000DD
:1024000000100000180000000000000000000000A4
:10241000742501080000000000000000000000001A
:102420000000000000100000180000000000000084
:10243000000000007C2501080000000000000000F2
:102440000000000000000000001000001800000064
:1024500000000000000000008425010800000000CA
:10246000000000000000000000000000001000005C
:102470001800000000000000000000000006101618
:10248000000610160001020304050607080C1014CC
:102490001820304000000000000000000000000094
:1024A0000000000000000000010000000200000029
:1024B0000300000004000000000000000500000010
:1024C0000000000000000000000000000600000006
:1024D00000000000000000000000000007000000F5
:1024E000010002000400060008000A000C001000B1
:1024F00020004000800000010101010307010000ED
:1025000008040204080101010000000001020304A4
:102510000102030406070809057006700A700B70B3
:1025200010701170147016701770187019701A707E
:102530001B701C701D700000807F000000000000F8
:102540006E83F9A22915444ED15727FCC0DD34F51E
:10255000999562DB4190433CAB6351FE5461736BD0
:10256000310000005461736B320000005461736BE2
:10257000330000005461736B340000005461736BCE
:10258000350000005461736B36000000AC25010873
:102590000000002418080000080300088427010830
:1025A00018080024D8C50000640300080124321074
:1025B00042013C90D0030401731AAA01013E445524
:1025C000AA51A302553A01D6E9EE124202C22003F3
:1025D00054020213984102C2200B450102480A6DC1
:1025E0000AB8190209383C093A241B2042040A1A85
:1025F000C2240257FF1358095A2462290131339625
:10260000432241270C42CDCC4C3F1FF04166666609
:102610003F0C1D3E9A99191027E040CDCCCC3E1AB4
:1026200034281348424D0102030405113DB81E65CC
:10263000C0141127803E0AD7A33C1EBA42C3F580BE
:10264000144F4040B81E453F141EA04085EB211496
:102650005EF0427B14AE2823A0401A60147EE14352
:102660008FC2F5143C33338B3C19787ABE280214A0
:10267000011AB87401106B32439B01121A20E0A1B9
:10268000051014AEC7BF4970E1C583C0CA3F85CDF0
:10269000CC4CBE1C9A9981AC6F3444E17A04405012
:1026A00015713D82C02C80FC43146950A928C95083
:1026B000BB70C3D21B1E25286FE6431F85EB3F501E
:1026C0001C0AD723146F7A437B14EE3F50491449F8
:1026D00028091A5001141C3D0A373C7EDC43583946
:1026E000C450011CA9F01C0AD78B3C7ED743A470B0
:1026F000DDA00114A92869A01C9A99B9304B964312
:102700002049781C666686146FA041C3F5A83E1464
:102710001C1F856B3C7E1144333313A01C1F855B4B
:10272000147E2F44F6285C141C85EB513C1B7A4325
:10273000A0793C1C52B8EE14380A3E4414AE07BFD0
:102740008FC2B578A9143C3333B3B41C66662650E7
:102750007E4040295C8FA0A91469DC159A9969C054
:102760002C4003446069641C5C8F72287E4D44A435
:1027700070FD783C7B146E28DC9A9999C87E4D4494
:0427800048E1FA141E
:04000005080002CD20
:00000001FF
