:020000040800F2
:10000000B8940020A1010008993F00082738000893
:10001000953F000837060008DD4800080000000092
:100020000000000000000000000000009F3F0008EA
:10003000C7070008000000009D3F0008A13F00081E
:10004000BB010008BB010008BB010008BB010008A0
:10005000BB010008BB010008BB010008BB01000890
:10006000BB010008BB010008BB010008BB01000880
:100070003D0600084D0600085D0600086D060008F4
:10008000BB010008BB010008BB010008BB01000860
:10009000BB010008BB010008BB010008BB01000850
:1000A000BB01000871400008BB010008BB0100084B
:1000B000BB010008BB010008BB010008BB01000830
:1000C000BB010008BB010008BB010008BB01000820
:1000D000BB0100089D480008AD480008BD48000865
:1000E000BB010008BB010008BB010008BB01000800
:1000F000BB010008BB010008BB010008BB010008F0
:10010000BB010008BB010008BB010008BB010008DF
:10011000D9410008BB010008BB010008BB01000871
:10012000BB0100087D0600088D060008BB01000821
:10013000BB010008D9080008BB010008BB0100088A
:10014000BB010008BB010008BB010008BB0100089F
:10015000BB0100089D060008AD060008CD48000858
:10016000BB010008BB010008BB010008BB0100087F
:10017000BB010008BB010008BB0100080000000033
:10018000BB010008BB010008DFF810D000F016FA30
:1001900000480047117A0008AFF30080B8940020AF
:1001A0000648804706480047FEE7FEE7FEE7FEE711
:1001B000FEE7FEE7FEE7FEE7FEE7FEE75D4000083C
:1001C000890100082DE9F05F0546002092469B4614
:1001D00088460646814640241BE02846414647465D
:1001E000224600F046F953465A46C01A914110D3B0
:1001F00011461846224600F02DF92D1A67EB01082A
:100200004F4622460120002100F024F917EB000997
:100210004E41201EA4F10104DFDC484631462A4647
:100220004346BDE8F09F00000649074A086850436E
:1002300043F23902104408604008704701490860E1
:1002400070470000540300206D4EC64110B5431A9C
:10025000934209D28318881803E010F8011D03F8AF
:10026000011D521EF9D210BD40EA01039B0703D0C5
:1002700009E008C9121F08C0042AFAD203E011F8E5
:10028000013B00F8013B521EF9D210BDD2B201E091
:1002900000F8012B491EFBD270470022F6E710B58B
:1002A00013460A4604461946FFF7F0FF204610BDE4
:1002B00030B504460020034600E05B1C934203D2A5
:1002C000E05CCD5C401BF8D030BD2DE9F04D81EAFB
:1002D000030404F0004B21F0004514464FF0000ADF
:1002E00023F0004150EA050220D054EA01021DD05B
:1002F000C5F30A570246C5F31303C1F31300C1F354
:100300000A5640F4801543F48013A7EB0608101B2F
:10031000D64608F2FD3873EB050002D308F1010858
:1003200001E092185B41B8F1000F03DA00200146AA
:10033000BDE8F08D00204FF48011064684460EE0A3
:10034000171B73EB050705D3121B63EB050306436D
:100350004CEA010C49084FEA300092185B4150EA20
:100360000107EDD152EA030012D082EA040083EAC9
:100370000501084305D0101BAB4106D20122002322
:1003800006E000224FF0004302E06FF0010253103C
:100390001AEB06004CEB085110EB0A0041EB0B0185
:1003A000BDE8F04D00F0ACB80EB5C10F80EAE070CA
:1003B0000844CA07002140F233438DE80E000A4684
:1003C0000B4600F0ACF803B000BD00F0004230F086
:1003D00000400AD0C10D01F56071C0F3160042EA79
:1003E0000151C20840071143704700200146704781
:1003F00001F0004330B421F0004150EA010206D080
:100400000A0DA2F56072C1F31301002A02DC30BCB0
:1004100000207047440F44EAC104C100E01830BC1A
:1004200000EBC25000F035B830B50B460146002055
:100430002022012409E021FA02F59D4205D303FAA6
:1004400002F5491B04FA02F52844151EA2F1010227
:10045000F1DC30BD202A04DB203A00FA02F1002052
:1004600070479140C2F1200320FA03F319439040F2
:100470007047202A04DB203A21FA02F0002170475D
:1004800021FA02F3D040C2F12002914008431946FC
:1004900070470029A8BF7047401C490008BF20F0E2
:1004A0000100704710B4B0FA80FC00FA0CF050EA7A
:1004B000010404BF10BC704749B1CCF1200421FAFB
:1004C00004F411FA0CF118BF012121430843A3EBF6
:1004D0000C01CB1D4FEA00614FEA102042BF002003
:1004E00010BC704700EBC35010440029A4BF10BCDF
:1004F0007047401C490008BF20F0010010BC704745
:1005000010B5141E73F1000408DA401C41F100011B
:1005100092185B411A4301D120F0010010BD2DE972
:10052000F04D92469B4611B1B1FA81F202E0B0FA69
:1005300080F220329046FFF78DFF04460F4640EAD6
:100540000A0041EA0B0153465A46084313D01146AC
:1005500053EA010019D0C8F140025046FFF789FF65
:1005600005460E46504659464246FFF773FF08437C
:1005700005D0012004E020463946BDE8F08D00207A
:10058000054346EAE0762C4337430A986305E40ABC
:10059000A0EB08000022FD0A44EA47540A3002D5C5
:1005A00000200146E9E7010510196941DDE9084528
:1005B00000196941BDE8F04DA2E70000064C074D67
:1005C00006E0E06840F0010394E807009847103423
:1005D000AC42F6D3FFF7DCFD200F0108400F010805
:1005E00070B58C1810F8015B15F0070301D110F8F5
:1005F000013B2A1106D110F8012B03E010F8016B22
:1006000001F8016B5B1EF9D12B0705D40023521EA4
:100610000DD401F8013BFAE710F8013BCB1A921C0C
:1006200003E013F8015B01F8015B521EF9D5A1420A
:10063000D8D3002070BD00BFFEE7000010B502480F
:1006400000F082FC10BD00008C06002010B50248AE
:1006500000F07AFC10BD00000C05002010B5024827
:1006600000F072FC10BD0000EC06002010B502483E
:1006700000F06AFC10BD00006C05002010B50248B7
:1006800000F062FC10BD00004C07002010B50248CD
:1006900000F05AFC10BD0000CC05002010B5024847
:1006A00000F052FC10BD0000AC07002010B502485D
:1006B00000F04AFC10BD00002C060020014608781E
:1006C00010381823B0FBF3F20848805CC865032A91
:1006D00005D908686FF30900001D886503E0086804
:1006E0006FF309008865886D70470000880C010869
:1006F000014600208A6A8B69CBB932B1012A0DD03C
:10070000022A03D0032A10D10EE000BFCB6A03F007
:100710008073B3F1807F00D1012007E0CB6AB3F191
:10072000C07F00D1012001E000E000BF34E08B6910
:10073000B3F5005F1AD132B1012A07D0022A03D0E3
:10074000032A11D10AE000BF01200EE0CB6A03F0BA
:100750008073B3F1807F00D1012006E0CB6AB3F152
:10076000C07F00D1012000E000BF15E032B1012AB6
:1007700005D0022A04D0032A0CD103E000BF00BF39
:10078000012008E0CB6A03F08073B3F1807F00D1D1
:10079000012000E000BF00BF704730B50468246846
:1007A00024F4802405682C60046863608468402C0D
:1007B00004D10468A2600468E16003E00468A160F9
:1007C0000468E26030BD704710B50146002227E0A2
:1007D00002EB82040B6903EBC40000230360436057
:1007E0008360C360036243624FF0004303604B6960
:1007F00043F480434360436823F00043436001F1C6
:10080000480343F82200032A07D202EB82040B6953
:1008100003EBC4032833C36001E00B69C360521CBF
:10082000042AD5D30024CC650C668C66CC668C6516
:100830000B6803F580530C69DC6010BD10B50146F0
:10084000002222E002EB8204CB6803EBC400002309
:10085000036043608360C36001F1180343F8220022
:10086000036843F480130360032A07D202EB820477
:10087000CB6803EBC4032833C36001E0CB68C360DB
:10088000036843F440030360521C042ADAD30024B3
:100890008C620B6803F58053CC681C6110BD38B5C1
:1008A000044600200090206800F58050806940F4E4
:1008B0008011206800F580508161206800F580502B
:1008C00080690090012000F01FFD0099206800F56C
:1008D0008050816138BD000010B5024800F0A2FDD3
:1008E00010BD0000D052002030B503461479557970
:1008F00044EA0520084C0C442064D47824069578FA
:1009000044EA0544557844EA0524157844EA05008C
:10091000014C0C44606430BD0080024010B5A4B0AE
:10092000044601208DF83C008DF83D0000200D901C
:100930008DF84B0001208DF84A0000208DF848000A
:1009400001208DF83A008DF8300000208DF84C0021
:100950008DF83B0014908DF854001D908DF87800B0
:100960001F908DF882008DF880004FF48040109029
:10097000C010119000208DF881000BA9204600F0D6
:100980008FF901208DF80C008DF80D008DF81D00F9
:100990008DF80E00002005908DF81C008DF81E00CB
:1009A000089001208DF824008DF8040000040290C6
:1009B000800106904012049001208DF8250000204F
:1009C0000A9000906946204600F00AF924B010BD54
:1009D0000020704710B501F063FA10BD10B5024851
:1009E00000F0D8FF002010BDD052002070B50446A2
:1009F0000D46164633462A462146044800F040FF7D
:100A000010B14FF0FF3070BD0020FCE7D052002045
:100A100070B504460D46164633462A46214604481C
:100A200001F00AF910B14FF0FF3070BD0020FCE773
:100A3000D05200202DE9F04F81460C46174609F1AF
:100A400018021369D2F810C04FF0000A52F82310B0
:100A5000A568D346086800F00040B0F1004F04D00C
:100A600002F1140050F8230010B10220BDE8F08F0D
:100A70000AF1010A2868886048686FF30C00D5F80D
:100A800004E040EA0E004860207800F0010038B130
:100A9000086820F44000D4F814E040EA0E00086032
:100AA000207800F0200038B1086820F04060D4F8C9
:100AB00010E040EA0E000860207800F0040018B151
:100AC000086840F080000860086840F080500860C6
:100AD00053E0086820F00050086027B1086840F033
:100AE0008040086003E0086820F08040086000BF94
:100AF0005B1C042B00D31B1F00BF52F82310086897
:100B000000F00040B0F1004F04D002F1140050F8A2
:100B10002300C8B1634652F823104FF000080FE0DD
:100B2000BFF35F8F086820F00040086000BF5B1CC7
:100B3000042B00D31B1F00BF52F8231008F101083B
:100B4000D045EDD3022091E7086820F0805008607E
:100B50000AF1010AAD682868886048686FF30C00E4
:100B6000D5F804E040EA0E0048600BF1010BBFF33A
:100B70005F8F086840F000400860A8680028A8D18E
:100B800027B1086840F08040086003E0086820F062
:100B900080400860086840F00050086052F82C104F
:100BA000BFF35F8F086840F00040086002F1140E48
:100BB000506A4EF82300136100BFEFF31080064621
:100BC00000BF012080F3108800BF0BF1010E906A76
:100BD0007044906200BF86F3108800BF002045E794
:100BE00070B505460C46286800F5805086692B488C
:100BF0000640207B08B9012000E000208006617BD0
:100C000040EA4160617F09B9012100E0002140EA2A
:100C10000150A17B40EA415061690843217F40EACD
:100C2000C110A17F40EA8110216A084394F8241082
:100C300040EA81000643286800F5805086612868F4
:100C400000F580508669012000F05EFB286800F501
:100C5000805086612179A06840EA4160A16908431B
:100C60002169084394F8251040EAC110A16A40EABE
:100C700081002168084340F40001286800F5805095
:100C80000160286800F580500668012000F03CFBF8
:100C9000286800F58050066070BD0000233FDEF834
:100CA00070B505460C46286806683B480640A07BA0
:100CB0004006217C09B9012100E0002140EAC15031
:100CC000617C09B9012100E0002140EA8150A1685E
:100CD0000843E17F40EA014061690843A17F09B907
:100CE000012100E0002140EA4130217F40EA01304B
:100CF000A1690843217940EA812094F8201009B9BC
:100D0000012100E0002140EA4120E17B40EAC110DE
:100D1000616A084394F8281040EA011006432868E5
:100D2000066028680668012000F0EEFA2868066070
:100D3000286886694FF641700640A06C000494F85C
:100D40004C1009B9012100E0002140EAC110216DD9
:100D5000084394F85510012900D100E0002140EA31
:100D6000C10094F85610012900D100E0002140EAAA
:100D7000810094F85410012900D100E0002140EADC
:100D8000410006432868866128688669012000F0D2
:100D9000BBFA2868866170BD0F8120FD2DE9F843FC
:100DA0000446002000904FF00109A56E04F14800B0
:100DB00050F82560E76E2CE0306A58B9684600F0BC
:100DC00095FD009810B94FF0000903E000983062DB
:100DD0000098B060B9F1000F1BD0A06D30B9606908
:100DE00040F0004040F48040706003E0606940F4EF
:100DF00080407060306840F00040306000BF6D1C83
:100E0000042D00D32D1F00BF04F1480050F82560C9
:100E10007F1E17B1B9F1000FCED1E06EB8420FD0EE
:100E2000E81C00F00308BFF35F8F08EB880120691E
:100E300000EBC101206800F580508160A566E7667F
:100E4000BDE8F88372B600BFFEE7000010B50446A7
:100E500001F026F806490968401A642806D301F013
:100E60001FF803490860204604F076FF10BD00001B
:100E70002000002070B50446A56D01F011F806466B
:100E800094F83500022808D08020606500BF00205B
:100E900084F8340000BF012070BD2068006820F095
:100EA0001600216808602068406920F080002168F1
:100EB0004861206C08B9A06C28B12068006820F057
:100EC0000800216808602068006820F0010021689F
:100ED000086010E000F0E4FF801B05280BD92020FB
:100EE0006065032084F8350000BF002084F83400DA
:100EF00000BF0320D0E72068006800F00100002850
:100F0000E8D194F85C103F208840A860012084F864
:100F1000350000BF002084F8340000BF00BFBBE7ED
:100F2000014691F83500022803D080204865012051
:100F30007047052081F835000868006820F001003E
:100F40000A6810600020F3E7F8B50446002000901E
:100F50008C4800684FF41651B0FBF1F7A56D2E6870
:100F600094F85C1008208840304098B120680068F0
:100F700000F0040070B12068006820F004002168CF
:100F8000086094F85C1008208840A860606D40F00C
:100F90000100606594F85C1001208840304068B121
:100FA0002068406900F0800040B194F85C10012096
:100FB0008840A860606D40F00200606594F85C10A5
:100FC00004208840304068B12068006800F00200CA
:100FD00040B194F85C1004208840A860606D40F037
:100FE0000400606594F85C1010208840304078B3AD
:100FF0002068006800F0080050B394F85C101020DE
:101000008840A8602068006800F4802080B12068D3
:10101000006800F4002028B9206CC8B12046216C7B
:10102000884715E0A06C98B12046A16C88470FE076
:101030002068006800F4807028B92068006820F0FB
:10104000080021680860206C10B12046216C884798
:1010500094F85C10202088403040002865D020683B
:10106000006800F0100000285FD094F85C10202089
:101070008840A86094F83500052828D120680068C9
:1010800020F01600216808602068406920F0800088
:1010900021684861206C08B9A06C28B120680068FC
:1010A00020F008002168086094F85C103F20884018
:1010B000A860012084F8350000BF002084F83400C7
:1010C00000BF206D10B12046216D8847F8BD206813
:1010D000006800F4802080B12068006800F40020DF
:1010E00028B9606C10B12046616C88471DE0E06B48
:1010F000D8B12046E16B884717E02068006800F40B
:10110000807068B92068006820F0100021680860CD
:10111000012084F8350000BF002084F8340000BFAF
:10112000E06B10B12046E16B8847606D38B3606DAD
:1011300000F00100F0B1052084F835002068006857
:1011400020F001002168086000BF0098401C00905A
:10115000B84200D905E02068006800F001000028CE
:10116000F3D100BF012084F8350000BF002084F8CF
:10117000340000BFE06C10B12046E16C884700BF2E
:10118000A4E70000480000202DE9F04104460025B6
:1011900000F086FE074614B90120BDE8F081606AC0
:1011A00000B100BF022084F8350000BF002084F8A1
:1011B000340000BF2068006820F00100216808604A
:1011C0000AE000F06DFEC01B052805D920206065EF
:1011D000032084F83500E0E72068006800F0010093
:1011E0000028EED12068056821480540D4E90101B6
:1011F0000843E16808432169084361690843A1691C
:101200000843E1690843216A08430543606A0428EA
:1012100003D1D4E90B010843054320680560206829
:10122000456925F00705606A0543606A04280DD109
:10123000A06A0543E06A48B12046FFF759FA28B191
:1012400040206065012084F83500A6E720684561EC
:101250002046FFF733FA064694F85C103F2088409A
:10126000B06000206065012084F83500002094E71C
:101270003F8010F02DE9F04704460D4616461F4604
:101280004FF00008D4F8589000BF94F834000128BB
:1012900002D10220BDE8F087012084F8340000BFAD
:1012A00094F83500012825D1022084F8350000206B
:1012B00060653B46324629462046FFF76EFA94F8B1
:1012C0005C103F208840C9F808002068006840F0A2
:1012D000160021680860206C28B12068006840F082
:1012E0000800216808602068006840F0010021685B
:1012F000086006E000BF002084F8340000BF4FF013
:1013000002084046C6E7000070B5044600F0C8FD7C
:1013100006462546681C10B104480078054400BF05
:1013200000F0BEFD801BA842FAD370BD440000202F
:101330007047024609B90120704710680068C0F381
:10134000001081F828001068006800F06000486212
:1013500010680068C0F3402080F0010081F8200090
:1013600010680068C0F30040C87710680068C0F3D8
:10137000403080F00100887710680068C0F30030CA
:1013800008771068006800F40060886110680068E1
:1013900000F48040486110680068C0F3805080F01D
:1013A0000100487410680068C0F3C05080F001006C
:1013B000087410680068C0F3C010C8731068006833
:1013C00000F46020886010680068C0F38020087115
:1013D00010680068C0F34060887310688069C0F3CB
:1013E000400081F8540010688069C0F3C01080F09C
:1013F000010081F84C001068806900F03000086539
:1014000010688069000C886410688069C0F38000EF
:1014100081F8560010688069C0F3C00081F855005B
:10142000002089E72DE9F04104462068876B206899
:1014300000F580504569206800F58050C66938483D
:10144000D0F8008005F0400050B106F0400038B1FF
:101450003449206800F580504161204600F06AFA66
:1014600005F0010058B106F0010040B14FF0011144
:10147000206800F580504161204600F0DBFB05F458
:10148000004088B306F4004070B3D4F8880040F000
:101490000800C4F8880005F40050A8B1206800F5E1
:1014A0008050406920490840C4F88C00206800F54D
:1014B0008050C06920F4C031206800F58050C161BF
:1014C000E020C4F884000CE0206800F580504069FA
:1014D00048F280610840C4F88C00206800F5805014
:1014E00041612046FFF724FF07F0080058B120684B
:1014F000C06A00F06000C4F89400204600F042F991
:101500000020C4F8940008F4002030B14FF400200B
:1015100003490860204600F08EFBBDE8F081000022
:10152000143C01404000010000207E0038B5044614
:101530000CB9012038BDD4F8840028B92020C4F8A3
:101540008400204600F074F800BF00200090354869
:10155000006840F48040334908600846006800F4A1
:101560008040009000BF00BF2F48006820F40000BA
:101570002D49086008460068A16808432A490860A8
:1015800008460068206800F58050006840F00101BE
:10159000206800F58050016000F082FC05460DE0F7
:1015A00000F07EFC401BB0F5FA7F07D90420C4F898
:1015B0008800E020C4F884000120BBE7206800F523
:1015C0008050006800F001000028E9D12046FFF7B4
:1015D000A5F92046FFF732F92046FFF7F5F800217C
:1015E00020466268FFF780F92068C06B40F4027003
:1015F0002168C8632068D0F80C010C4908432168B1
:10160000C1F80C012068D0F8100140F403102168E3
:10161000C1F810010020C4F888001020C4F884002C
:10162000002087E74438024004380140600002008F
:1016300010B586B00446142101A8FEF72EFE4C49D1
:10164000206888427ED100BF00BF0020009049483A
:10165000006840F00070474908600846006800F0E4
:101660000070009000BF00BF00BF0020009008463F
:10167000006840F0806008600846006800F0806004
:10168000009000BF00BF00BF002000900846006827
:1016900040F0006008600846006800F000600090BC
:1016A00000BF00BF00BF00BF0020009008460068D8
:1016B00040F0040008600846006800F00400009054
:1016C00000BF00BF00BF002000900846006840F047
:1016D000010008600846006800F00100009000BFAB
:1016E00000BF00BF002000900846006840F00200E4
:1016F00008600846006800F00200009000BF00BFCC
:1017000032200190022002900020039003200490D8
:101710000B20059001A9184800F0C2FA862001901C
:101720000220029000200390032004900B200590DB
:1017300001A9124800F0B4FA4FF460500190022061
:10174000029000E011E000200390032004900B20A1
:10175000059001A90A4800F0A3FA002211463D2095
:1017600000F02CFC3D2000F015FC06B010BD000080
:101770000080024030380240000802400000024071
:101780000004024070472DE9F05F04460F464FF019
:101790000008C34647B9D4F8880040F00100C4F8F7
:1017A00088000120BDE8F09FD4F88400402801D0D3
:1017B0000120F7E7E66D04F1480050F82650E06E8E
:1017C000C0F1040A3EE0286800F4807018B1E969AD
:1017D000A167A9696167286800F4007008B9E06F23
:1017E00020B3286800F4007010B100212166616602
:1017F0002868C0F30D49286800F4807018B1296882
:1018000021674FF0010BA86828621FFA89F304F1E1
:101810008001081F2A6A00F08EF8206E401C2066A6
:10182000606E00EB090161660020286200BF761C33
:10183000042E00D3361F00BF04F1480050F8265094
:1018400008F10108286800F0004020B9D04502D214
:10185000BBF1000FB7D0E06E00EB0801E166E06E6F
:1018600010B12046FFF79AFAE665BBF1010F05D1EA
:10187000E06F38600021E167002093E7012091E7E5
:101880002DE9F04705460E46174698462868046934
:1018900004F01C044FF4784000EAC62004434FF4DF
:1018A000F86000EA8710044324F0020444F00104C5
:1018B0002868046100F0F4FA81460BE000F0F0FAC9
:1018C000A0EB0900B0F5803F02D30120BDE8F0870E
:1018D0002868046904F001000028EFD128684069F5
:1018E00080B2C8F800000020F0E700007CB5044694
:1018F0000D4806F099FD054685B105F120002060F0
:101900000A4828614FF4C06120682B464122CDE986
:1019100000010021084607F0F3FC04E0012004491F
:101920000870002020607CBD7C0C0108819A0008B2
:10193000080000207047F0B504460D4621462E46AB
:101940000020A2F1200000270760078143810F6873
:101950000FB9086001E0376838603060086803E05C
:1019600007891F44078100680028F9D1F0BD70B5D0
:1019700004460D460DB9012070BDD4F8840010282E
:1019800005D129462046FFF78BF90020F4E7012016
:10199000F2E7000070B506463068046924F01C04C4
:1019A00000F020FC05460D48854202D244F00804B0
:1019B00011E00B48854202D244F00C040BE00948C8
:1019C000854200D207E00848854202D244F0040470
:1019D00001E044F010043068046170BDC00E1602CE
:1019E0000087930300E1F50580D1F00870B5044647
:1019F000D4F88400102849D12020C4F884000121A3
:101A0000A1650421E1662046FFF7C8F92068056852
:101A10000120FFF779FC20680560206800F5805000
:101A2000806940F40051206800F580508161206891
:101A300000F58050806940F00201206800F5805078
:101A400081612046FEF72BFF2068006840F0080007
:101A500021680860206805680120FFF755FC2068B0
:101A600005602068006840F0040021680860206874
:101A700000F58050C06906490843216801F580518E
:101A8000C8614020C4F88400002070BD0120FCE73C
:101A9000C1A001002DE9F0410446D4F8840040289B
:101AA00052D12020C4F88400206800F58050C0691D
:101AB00026490840216801F58051C861206800F579
:101AC0008050806920F40051206800F580508161C9
:101AD000206800F58050806920F00201206800F540
:101AE000805081612068006820F00400216808604F
:101AF000206807680120FFF707FC20680760204680
:101B0000FEF7CDFE2068006820F00800216808601C
:101B1000206807680120FFF7F7FB206807600025B1
:101B200008E004F1480050F82560706840F000407B
:101B300070606D1C042DF4D30021A1651020C4F841
:101B400084000020BDE8F0810120FBE73E5FFEFF3E
:101B50002DE9F041044688461546B8F1000F08D13A
:101B6000D4F8880040F00100C4F888000120BDE8E6
:101B7000F081D4F8840040285AD100224146204602
:101B8000FEF758FF38B1D4F8880040F00200C4F8DE
:101B900088000120EBE7BFF34F8F04F11800A16A22
:101BA00050F8217000BFA06A401CA062A06A0428FF
:101BB00002D3A06A001FA06200BF04F11800A16A4E
:101BC00050F82110206800F58050416000F068F95D
:101BD000064627E0206800F58050406900F4005078
:101BE00068B1D4F8880040F00800C4F88800206884
:101BF00000F580504069C4F88C000120B7E7681CEC
:101C000080B100F04DF9801BA84200D855B9D4F836
:101C1000880040F00400C4F888004FF0405038605D
:101C20000120A4E7386800F000400028D2D19EE7E8
:101C300001209CE7704770472DE9F04705460E46A6
:101C4000174698462868046904F01C044FF478404D
:101C500000EAC62004434FF4F86000EA871004430A
:101C600044F0020444F001041FFA88F02968486136
:101C70002868046100F014F981460BE000F010F9C7
:101C8000A0EB0900B0F5803F02D30120BDE8F0874A
:101C90002868046904F001000028EFD100BFF5E7CF
:101CA000F8B502460B460025002400200021D6E0AE
:101CB000012606FA01F51E6806EA0504AC4274D155
:101CC0001E7906F00306012E04D01E7906F00306E5
:101CD000022E13D190684F000326BE40B0434F0040
:101CE000DE68BE4030439060506801268E40B043AD
:101CF0001E79C6F300168E40304350601E7906F000
:101D00000306032E09D0D0684F000326BE40B0431F
:101D10004F009E68BE403043D0601E7906F0030637
:101D2000022E13D1CF0802F1200656F827004E07E5
:101D3000F70E0F26BE40B0434F07FF0E1E69BE4090
:101D40003043CF0802F1200646F8270010684F0004
:101D50000326BE40B0431E7906F003064F00BE4086
:101D6000304310605E6806F44036002E76D000BF27
:101D7000002600963C4E366846F480463A4F3E6058
:101D80003E46366806F48046009600BF00BF374ED8
:101D90008F0856F827008E07370F0F26BE40B04336
:101DA000334EB24202D1002624E057E0314EB24217
:101DB00001D101261EE0304EB24201D1022619E0C7
:101DC0002E4EB24201D1032614E02D4EB24201D173
:101DD00004260FE02B4EB24201D105260AE02A4E1E
:101DE000B24201D1062605E0284EB24201D10726B3
:101DF00000E008268F073F0FBE4030431B4E8F0880
:101E000046F82700224E3068A0435E6806F480162C
:101E100006B120431E4E3060361D3068A0435E6818
:101E200006F4001606B12043194E361D3060184ED8
:101E3000361F3068A0435E6806F4003606B12043C2
:101E4000134E361F3060361F3068A0435E6806F4BC
:101E5000803606B120430E4E083E3060491C1029E2
:101E6000FFF426AFF8BD00004438024008380140B6
:101E7000000002400004024000080240000C024042
:101E8000001002400014024000180240001C0240F2
:101E9000083C01400AB1816101E00B048361704795
:101EA00001480068704700003C00002003480068BB
:101EB0000349097808440149086070473C00002044
:101EC0004400002010B50D48006840F400700B4934
:101ED00008600846006840F48060086008460068B2
:101EE00040F480700860032000F0A6F80F2000F096
:101EF00007F800F02BF8002010BD0000003C024065
:101F000070B504460E4800784FF47A71B1FBF0F0DA
:101F10000C490968B1FBF0F5284600F043FC08B114
:101F2000012070BD102C07D200222146501E00F067
:101F300045F80548046001E00120F2E70020F0E7E1
:101F400044000020480000204000002008B500BFE9
:101F5000002000900E48006840F480400C49086062
:101F60000846006800F48040009000BF00BF00BF3A
:101F700000200090081F006840F08050091F086092
:101F80000846006800F08050009000BF00BF08BD08
:101F9000443802400146084600280DDB00BF00BF60
:101FA00000F01F0301229A4043099B0003F1E02344
:101FB000C3F8002100BF00BF00BF70472DE9F05FEC
:101FC00080460D461646002702F09AFC0746394621
:101FD0002A46334601F00700C0F1070ABAF1040FA0
:101FE00002D94FF0040A01E0C0F1070AD14600F11E
:101FF000040ABAF1070F02D24FF0000A01E0A0F183
:10200000030AD4464FF0010A0AFA09FAAAF1010AB2
:102010000AEA020A0AFA0CFA4FF0010B0BFA0CFB5F
:10202000ABF1010B0BEA030B4AEA0B0421464046D5
:1020300002F06EFCBDE8F09F00BF00F00702064B07
:1020400019684FF6FF031940044B0B4343EA022182
:10205000014B196000BF70470CED00E00000FA056D
:1020600070B504460D460CB9012070BD5848006893
:1020700000F00700A84209D255490D7008460068D3
:1020800000F00700A84201D00120EEE7207800F020
:10209000020002281DD1207800F00400042805D198
:1020A0004C48006840F4E0504A490860207800F04D
:1020B0000800082805D14748006840F460404549B9
:1020C00008604448006820F0F000A16808434149D6
:1020D0000860207800F00100A8B36068012807D1EB
:1020E0003C4808380068C0F34040B8B90120BCE75C
:1020F0006068022802D06068032807D13548083894
:102100000068C0F3406048B90120AEE731480838A4
:102110000068C0F3400008B90120A6E72D48006818
:1021200020F00300616808432A490860FFF7B8FE01
:10213000064609E0FFF7B4FE801B41F28831884271
:1021400002D9032091E707E02248006800F00C0064
:102150006168B0EB810FEDD11D48006800F0070009
:10216000A84209D91A490D700846006800F0070016
:10217000A84201D0012078E7207800F0040004286C
:1021800007D11448006820F4E050E1680843114981
:102190000860207800F00800082808D10D48006881
:1021A00020F46040216940EAC1000A49086000F05B
:1021B0003FF808490968C1F30311074A515CC84058
:1021C0000649086006480068FFF79AFE00204CE7C1
:1021D000003C024008380240900C010848000020F2
:1021E00040000020014800687047000048000020BF
:1021F00000B5FFF7F7FF04490968C1F38221034ADC
:10220000515CC84000BD000008380240A00C010825
:1022100000B5FFF7E7FF04490968C1F34231034AFB
:10222000515CC84000BD000008380240A00C010805
:102230002DE9F047002400250026A1462548006826
:1022400000F00C0020B1042805D008283AD105E0A0
:10225000DFF8849039E0DFF8849036E01D48001FF5
:10226000006800F03F041B48001F006800F4800075
:1022700078B11A481749091F0968C1F38811A0FBF2
:1022800001700146224600233846FDF79BFF0546B4
:102290000EE011480F49091F0968C1F38811A0FB1E
:1022A00001700146224600233846FDF78BFF0546A4
:1022B0000848001F0068C0F30140401C4600B5FB01
:1022C000F6F902E0DFF8109000BF00BF4846BDE815
:1022D000F0870000083802400024F40000127A0061
:1022E000F8B504460CB90120F8BD207800F00100D3
:1022F000002874D0F948006800F00C0004280DD0C4
:10230000F648006800F00C00082813D1F348001FBD
:10231000006800F48000B0F5800F0BD1EF4808385A
:102320000068C0F34040002859D06068002856D1AA
:102330000120D9E700BF6068B0F5803F08D1E748C9
:102340000838006840F48030E449083908601EE02D
:102350006068B0F5A02F0DD1E0480838006840F45F
:102360008020DE49083908600846006840F4803063
:1023700008600CE0D9480838006820F48030D7495C
:10238000083908600846006820F48020086000BF13
:10239000606890B1FFF784FD054606E0FFF780FD19
:1023A000401B642801D903209EE7CC480838006808
:1023B000C0F340400028F1D011E0FFF771FD054661
:1023C00006E0FFF76DFD401B642801D903208BE771
:1023D000C24808380068C0F340400028F1D1207896
:1023E00000F0020002285FD1BC48006800F00C0039
:1023F00058B1BA48006800F00C0008281CD1B74852
:10240000001F006800F48000B0B9B44808380068C4
:10241000C0F3400020B1E068012801D0012063E74B
:10242000AE480838006820F0F800216940EAC10091
:10243000AA490839086037E0E06800B30120A849DC
:102440000860FFF72DFD054606E0FFF729FD401B5C
:10245000022801D9032047E7A04808380068C0F3E4
:1024600040000028F1D09D480838006820F0F800AE
:10247000216940EAC10099490839086014E0002048
:1024800097490860FFF70CFD054606E0FFF708FDD9
:10249000401B022801D9032026E79048083800682D
:1024A000C0F340000028F1D1207800F0080008288F
:1024B0002CD16069A8B101208A490860FFF7F0FCBF
:1024C000054606E0FFF7ECFC401B022801D903207B
:1024D0000AE782486C300068C0F340000028F1D061
:1024E00014E000207F490860FFF7DAFC054606E0AB
:1024F000FFF7D6FC401B022801D90320F4E67748F9
:102500006C300068C0F340000028F1D1207800F062
:102510000400042870D1002770483830006800F0AB
:10252000805090B900BF002000906C48383000689F
:1025300040F080506949383108600846006800F072
:102540008050009000BF00BF01276748006800F47A
:102550008070B0B96448006840F4807062490860D7
:10256000FFF79EFC054606E0FFF79AFC401B022899
:1025700001D90320B8E65C48006800F480700028A8
:10258000F2D000BFA068012808D154486830006824
:1025900040F001005149683108601DE0A06805283D
:1025A0000DD14E486830006840F004004B49683156
:1025B00008600846006840F0010008600CE04748E9
:1025C0006830006820F0010044496831086008461E
:1025D000006820F00400086000BFA068A8B1FFF701
:1025E0005FFC054609E0FFF75BFC401B41F28831C8
:1025F000884202D9032077E626E038486830006830
:10260000C0F340000028EED013E0FFF749FC054678
:1026100008E0FFF745FC401B41F28831884201D9B0
:10262000032061E62D4868300068C0F340000028B0
:10263000EFD1012F07D129483830006820F08050B1
:1026400026493831086000BFA069002845D02348DA
:10265000006800F00C0008285DD0A069022845D170
:1026600000201F490866FFF71BFC054606E0FFF740
:1026700017FC401B022801D9032035E6174808380B
:102680000068C0F340600028F1D1D4E90701084395
:10269000616A40EA81110122A06AC2EB500041EA5E
:1026A00000412C20005D41EA00600C49091F0860D0
:1026B00001200B490866FFF7F3FB054606E0FFF72C
:1026C000EFFB401B022801D903200DE60348083820
:1026D0000068C0F340600028F1D049E008380240AB
:1026E00000004742800E4742007000400020214910
:1026F0000866FFF7D5FB054606E0FFF7D1FB401B58
:10270000022801D90320EFE51B480068C0F34060B0
:102710000028F2D12CE0A069012800D1E4E5164898
:10272000001D0668A069012820D006F48001E06938
:1027300081421BD106F03F01206A814216D147F643
:10274000C0703040616AB0EB811F0FD106F4403198
:102750000122A06AC2EB5000B1EB004F06D106F097
:1027600070612C20005DB1EB006F01D00120BBE552
:102770000020B9E50000474200380240042808D193
:102780004FF0E021096941F004014FF0E0221161AE
:1027900007E04FF0E021096921F004014FF0E02249
:1027A0001161704770B504462546681EB0F1807F00
:1027B00001D301200FE0681E4FF0E02148610F2196
:1027C0004FF0FF3002F0A4F800204FF0E0218861C4
:1027D00007200861002070BD7047704730B5024681
:1027E0000B4600BF92F83C00012801D1022030BD09
:1027F000012082F83C0000BF022082F83D001068F2
:1028000044681068816824F07004186804431068F4
:102810004460184D1068A8421BD01068B0F1804F7A
:1028200017D0154D1068A84213D0144D1068A84257
:102830000FD0134D1068A8420BD0124D1068A8425B
:1028400007D0114D1068A84203D0104D1068A8425F
:1028500005D121F080015868014310688160012092
:1028600082F83D0000BF002082F83C0000BF00BF9E
:10287000BDE70000000001400004004000080040E7
:10288000000C0040000401400040014000180040DE
:1028900010B504460CB9012010BD94F83D0028B9CC
:1028A000002084F83C00204600F026F8022084F83E
:1028B0003D00211D206801F0E3FB012084F8460063
:1028C00000BF84F83E0001213F2001554020015502
:1028D0004120015500BF00BF012084F84200432081
:1028E0000155442001554520015500BF012084F8C1
:1028F0003D000020D0E7000038B504460E492068AE
:10290000884217D100BF002000900C48006840F0BA
:1029100001000A4908600846006800F001000090C4
:1029200000BF00BF002211461920FFF747FB192006
:10293000FFF730FB38BD0000000001404438024082
:10294000014691F83D00012801D001207047022086
:1029500081F83D000868C06840F001000B68D8604D
:102960001A4B086898421BD00868B0F1804F17D006
:10297000174B0868984213D0164B086898420FD03E
:10298000154B086898420BD0144B0868984207D042
:10299000134B0868984203D0124B086898420CD138
:1029A0000868806800F00702062A0CD008680068F2
:1029B00040F001000B68186005E00868006840F00E
:1029C00001000B6818600020C0E700000000014013
:1029D0000004004000080040000C004000040140DA
:1029E00000400140001800402DE9F04104460D462A
:1029F000002700BF94F83C00012802D10220BDE866
:102A0000F081012084F83C0000BF022084F83D00E2
:102A10002068866826F0770626F47F462068866060
:102A20002868502833D00CDC202850D004DC002843
:102A30004BD0102851D149E0302849D040284CD102
:102A400039E060282DD0702807D0B0F5805F03D022
:102A5000B0F5005F41D10DE041E0D5E902136A68AD
:102A6000206801F07DFB2068866846F077062068C4
:102A7000866034E0D5E902136A68206801F070FBD3
:102A80002068806840F480402168886027E0EA6818
:102A90006968206801F078FB5021206801F06BFB29
:102AA0001DE0EA686968206801F081FB6021206808
:102AB00001F061FB13E0EA686968206801F064FBDB
:102AC0004021206801F057FB09E000BF00BF00BFB4
:102AD0002968206801F04FFB01E0012700BF00BF1B
:102AE000012084F83D0000BF002084F83C0000BFB6
:102AF000384684E7704770B504462068C56820688A
:102B0000066906F00200022819D105F00200022829
:102B100015D1401F21680861012020772068806955
:102B200000F0030018B12046FFF7E4FF05E020465F
:102B300000F097F8204600F095F80020207706F086
:102B40000400042819D105F00400042815D1C0435D
:102B500021680861022020772068806900F44070B5
:102B600018B12046FFF7C6FF05E0204600F079F8CF
:102B7000204600F077F80020207706F008000828AB
:102B800019D105F00800082815D1C0432168086153
:102B9000042020772068C06900F0030018B12046A7
:102BA000FFF7A8FF05E0204600F05BF8204600F0A4
:102BB00059F80020207706F01000102819D105F0F0
:102BC0001000102815D1C043216808610820207723
:102BD0002068C06900F4407018B12046FFF78AFFF2
:102BE00005E0204600F03DF8204600F03BF80020CC
:102BF000207706F0010048B105F0010030B16FF018
:102C0000010021680861204600F02EF806F08000DF
:102C1000802809D105F08000802805D1C0432168B3
:102C200008612046FFF7D8FD06F04000402809D192
:102C300005F04000402805D1C043216808612046C6
:102C400000F06CF806F02000202809D105F02000E3
:102C5000202805D1C043216808612046FFF7BDFD4B
:102C600070BD70477047000030B502462848824268
:102C70004DD100203DE000212EE000EBC00303EB2E
:102C80000013244C04EB03130C33C1EBC10404EB1D
:102C9000011403EB84035C6D00EBC00303EB001332
:102CA0001C4D05EB03130C33C1EBC10505EB0115FE
:102CB00003EB85039C65002400EBC00303EB0013CA
:102CC000144D05EB03130C33C1EBC10505EB0115E6
:102CD00003EB85035C65491C0329CEDB0E4951F8E3
:102CE0002030183141F8203000210B4B43F82010E0
:102CF000401C0428BFDB08484169C1620020064926
:102D0000486108460169816200200349086130BDBD
:102D10005C030020248A00206890002070477047E0
:102D200070B50446002520684069C0F3C01594F8CA
:102D30004100212817D1B5B100BF00BF216814316F
:102D400051E8001F21F080002168143141E80002A1
:102D5000002AF3D100BFA06B10B1A06BFEF78AF878
:102D6000204601F057FB20684069C0F3801594F8B5
:102D70004200222817D1B5B100BF00BF216814312D
:102D800051E8001F21F040002168143141E80002A1
:102D9000002AF3D100BFE06B10B1E06BFEF76AF8D8
:102DA000204601F0F1FA002070BD000038B504465D
:102DB00000253BE005EBC50000EB05101D4901EBCC
:102DC00000100068A04230D100BF002000902068B1
:102DD0000068009020684068009000BF00BF00BFFE
:102DE00000200090206800680090206840680090F3
:102DF00000BF00BF00BF0020009020680068009066
:102E000020684068009000BF00BF2046FFF788FFA1
:102E100005EBC50000EB0510064A02EB001000F5BB
:102E2000A1714E22204600F03DFC6D1C042DC1DB3B
:102E300038BD0000248A00202DE9F84F04462068A0
:102E400005682068C668206847694FF00009CA46CF
:102E500005F00F09B9F1000F0AD105F0200038B1D3
:102E600006F0200020B1204601F0E7FABDE8F88F17
:102E7000B9F1000F7CD007F0010018B906F490708A
:102E8000002875D005F0010030B106F4807018B14B
:102E9000606C40F00100606405F0040030B107F0A0
:102EA000010018B1606C40F00200606405F002009F
:102EB00030B107F0010018B1606C40F004006064AC
:102EC00005F0080048B106F0200010B907F0010035
:102ED00018B1606C40F008006064606C002846D057
:102EE00005F0200028B106F0200010B1204601F0C6
:102EF000A4FA20684069C0F3801A606C00F00800F2
:102F000010B9BAF1000F2DD0204601F03DFA20682B
:102F1000406900F04000402820D100BF00BF216878
:102F2000143151E8001F21F040002168143141E8BC
:102F30000002002AF3D100BFE06B50B17F48E16B83
:102F40000865E06BFDF7ECFF88B1E06B016D884729
:102F50000DE02046FFF72AFF09E009E02046FFF7D1
:102F600025FF04E02046FFF721FF002060647DE795
:102F7000206B012878D105F01000002874D006F0ED
:102F800010000028FAD000BF0020009020680068E0
:102F9000009020684068009000BF00BF2068406932
:102FA00000F04000402870D1E06B006840681FFAD4
:102FB00080F8B8F1000F58D0A08D404555DDA4F839
:102FC0002E80E06BC069B0F5807F43D000BF00BFAA
:102FD00021680C3151E8001F21F4807021680C3108
:102FE00041E80002002AF3D100BF00BF00BF216802
:102FF000143151E8001F21F001002168143141E82B
:103000000002002AF3D100BF00BF00BF21681431C5
:1030100051E8001F21F040002168143141E800020E
:10302000002AF3D100BF202084F842000020206352
:1030300000BF00BF21680C3151E8001F21F01000D3
:1030400021680C3141E80002002AF3D100BFE06B97
:10305000FDF710FF02206063A08DE28D801A81B21F
:103060002046FFF75CFE0EE052E0A08D40450AD1FD
:10307000E06BC069B0F5807F05D102206063A18D4F
:103080002046FFF74CFEF1E6FFE7A08DE18D401AE8
:103090001FFA80F8E08DD0B3B8F1000F37D000BF31
:1030A00000BF21680C3151E8001F21F490702168A5
:1030B0000C3141E80002002AF3D100BF00BF00BF7D
:1030C0002168143151E8001F21F0010021681431FA
:1030D00041E80002002AF3D100BF202084F842001A
:1030E0000020206300BF00BF21680C3151E8001FA1
:1030F00021F0100021680C3141E80002002AF3D1D0
:1031000000BF0220606341462046FFF708FEADE69F
:1031100005F0800030B106F0800018B1204601F0C3
:103120008DFBA3E605F0400030B106F0400018B179
:10313000204601F05FF999E600BF97E6E9410008F3
:1031400010B504460CB9012010BDA06900B100E023
:1031500000BF94F8410028B9002084F840002046C0
:1031600000F02AF8242084F841002068C06820F488
:1031700000502168C860204601F0DEF9206800692F
:1031800020F49040216808612068406920F02A00FE
:10319000216848612068C06840F400502168C86018
:1031A00000206064202084F8410084F84200002060
:1031B000606300BFC8E7000010B586B00446142164
:1031C00001A8FDF76AF8FE49206888427BD100BF5C
:1031D00000200090FB48006840F40020F949086096
:1031E0000846006800F40020009000BF00BF00BF48
:1031F00000200090F3481038006840F00400F149C6
:10320000103908600846006800F00400009000BF14
:1032100000BF4FF440600190022002900120039013
:10322000032004900820059001A9E748FEF738FD27
:10323000E648E7490860400548600021E4488160AD
:10324000C1604FF480610161002141618161C16110
:103250004FF48031016200214162FDF795FF08B112
:10326000FDF7F0FD00BFDA48E063846300BFD74894
:103270003030D84908604FF0006048604021D548A0
:1032800081600021C1604FF48061016100214161D2
:103290008161C1614FF48031016200214162FDF71B
:1032A00073FF08B1FDF7CEFD00BFCA48A063846379
:1032B00000BF002211463420FEF780FE3420FEF7C6
:1032C00069FEE6E1FFE7C449206888427ED100BF7D
:1032D00000200090BB48001D006840F01000B94974
:1032E000091D08600846006800F01000009000BF4B
:1032F00000BF00BF00200090B2481038006840F0C6
:103300000100B049103908600846006800F001006B
:10331000009000BF00BF4FF4C060019002200290F7
:1033200001200390032004900720059001A9AB48D9
:10333000FEF7B6FCAA48AB4908604FF00060486051
:103340000021A8488160C1604FF4806101610021C3
:1033500041618161C1614FF48031016200214162AC
:10336000FDF712FF08B1FDF76DFD00BF9D48E0635A
:10337000846300BF9A4878309B4908604FF0006032
:1033800048604021984881600021C1604FF480610D
:103390000161002141618161C1614FF480310162AD
:1033A00000214162FDF7F0FE08B1FDF74BFD00BFC3
:1033B0008D48A063846300BF002211462520FEF7DC
:1033C000FDFD2520FEF7E6FD63E1FFE78749206864
:1033D000884238D100BF002000907A48006840F44D
:1033E0000030784908600846006800F4003000901A
:1033F00000BF00BF00BF0020009072481038006876
:1034000040F008006F49103908600846006800F075
:103410000800009000BF00BF6020019002200290D1
:1034200000200390032004900720059001A9704814
:10343000FEF736FC002211462620FEF7BFFD2620AF
:10344000FEF7A8FD25E16B49206888427DD100BFC9
:10345000002000905B48006840F4802059490860D3
:103460000846006800F48020009000BF00BF00BF45
:103470000020009053481038006840F0080051497F
:10348000103908600846006800F00800009000BF8E
:1034900000BF4FF440700190022002900120039081
:1034A000032004900720059001A95148FEF7F8FB7E
:1034B00046481838504908604FF0006048600021C5
:1034C0004D488160C1604FF480610161002141611C
:1034D0008161C1614FF48031016200214162FDF7D9
:1034E00053FE08B1FDF7AEFC00BF4348E0638463C0
:1034F00000BF36481830414908604FF0006048600E
:1035000040213E4881600021C1604FF4806101612B
:10351000002141618161C1614FF48031016200216C
:103520004162FDF731FE08B1FDF78CFC00BF334866
:10353000A063846300BF002211462720FEF73EFDF2
:103540002720FEF727FDA4E0FFE72D4920688842E9
:10355000F9D100BF002000901A48001D006840F01B
:1035600020001849091D08600846006800F0200086
:10357000009000BF00BF00BF00200090114810382D
:10358000006840F004000F491039086008460068E0
:1035900000F00400009000BF00BFC0200190022096
:1035A000029001200390032004900820059001A9B7
:1035B0000548FEF775FB0A4818381249086023E0F1
:1035C000004C004040380240000802404060024089
:1035D0000C0500206C050020001001400000024096
:1035E00040640240CC0500202C060020004400402E
:1035F000000C0240004800408C060020EC06002031
:10360000001401404C07002080054860002122483A
:103610008160C1604FF4806101610021416181617D
:10362000C1614FF48031016200214162FDF7ACFDC0
:1036300008B1FDF707FC00BF1748E063846300BFD3
:103640001648174908604FF0206048604021144830
:1036500081600021C1604FF48061016100214161FE
:103660008161C1614FF48031016200214162FDF747
:103670008BFD08B1FDF7E6FB00BF0948A06384633A
:1036800000BF002211464720FEF798FC4720FEF7B6
:1036900081FC06B010BD00004C070020A064024071
:1036A000AC07002070B504460D46164694F842005B
:1036B00020280BD105B10EB9012070BD0020206378
:1036C00032462946204601F04DF8F6E70220F4E79D
:1036D00070B50546002427E004EBC40000EB04109D
:1036E000134901EB00100068A8421CD104EBC4018F
:1036F00001EB04110E4A02EB011006F060FD04EB31
:10370000C40000EB04100A4A02EB001000F5A1719E
:103710004E222846FFF7C6FF064850F82400401CFA
:10372000044941F82400641C042CD5DB70BD000062
:10373000248A00206890002070470000F7B50446F6
:10374000154694F8410020283ED1019800B10DB9EA
:103750000120FEBD01982062A584E58400206064FC
:10376000212084F841001948A16BC8631848A16B57
:1037700008641848A16BC8640020A16B086501AEFD
:1037800023681A1D31682B46A06BFDF773FD30B11D
:1037900010206064202084F841000120D9E76FF0F8
:1037A00040002168086000BF00BF2168143151E863
:1037B000001F41F080002168143141E80002002A16
:1037C000F3D100BF0020C4E70220C2E72343000872
:1037D0007B430008FB41000870B5054600241CE04F
:1037E00004EBC40000EB04100D4901EB001000686D
:1037F000A84211D104EBC40202EB04120B4603EB06
:103800000212118904EBC40202EB041203EB021250
:1038100050680022FEF73EFB641C042CE0DB70BD08
:10382000248A0020704700BFFEE738B50446002018
:1038300000906A460121636920689847002802DAEF
:103840006FF0040038BD6A4601216369206898471B
:10385000002802DA6FF00400F4E7009800F004009A
:1038600008B90120EEE76A4600216369206898479D
:10387000002802DA6FF00400E4E7009800F48050BA
:10388000B0F5805F1FD0009800F40050B0F5005FE5
:1038900007D1009800F48070B0F5807F01D102203C
:1038A000D0E7009800F40050B0F5005F01D103208C
:1038B000C8E7009800F48070B0F5807F01D1042043
:1038C000C0E70520BEE76A461F2163692068984764
:1038D000002802DA6FF00400B4E7009800F480508A
:1038E00008B90620AEE7009800F01C00182801D1A6
:1038F0000220A7E7009800F01C00082801D103204F
:10390000A0E7009800F01C00142801D1042099E7DA
:10391000052097E7F8B50446002000900025002612
:10392000606830BBA06808B1A06880472020206094
:10393000002513E06A46122128466369984700284B
:1039400002DA6FF0040608E0009800F01F00A842B9
:1039500002D12560002603E000BF6D1C1F2DE9D9B0
:1039600000BF20681F2801D96FF002060EB90120A0
:1039700060603046F8BD02462AB1C86818B1886850
:1039800008B1086910B94FF0FF30704708689060BF
:103990004B68D360CB6853618B6813610B6993618B
:1039A0000020F2E708B500BF002000902E48006814
:1039B00040F480002C4908600846006800F480004C
:1039C000009000BF00BF00BF0020009008460068C4
:1039D00040F4001008600846006800F400100090F1
:1039E00000BF00BF002211460C20FEF7E7FA0C20B2
:1039F000FEF7D0FA002211460D20FEF7DFFA0D2067
:103A0000FEF7C8FA002211460E20FEF7D7FA0E2064
:103A1000FEF7C0FA002211460F20FEF7CFFA0F2062
:103A2000FEF7B8FA002211463920FEF7C7FA39200E
:103A3000FEF7B0FA002211463A20FEF7BFFA3A200C
:103A4000FEF7A8FA002211464520FEF7B7FA4520F6
:103A5000FEF7A0FA002211464620FEF7AFFA4620F4
:103A6000FEF798FA08BD00003038024000B587B074
:103A7000142102A8FCF711FC00BF00200190494866
:103A8000006840F08000474908600846006800F080
:103A90008000019000BF00BF00BF002001900846D9
:103AA000006840F0040008600846006800F0040068
:103AB000019000BF00BF00BF0020019008460068D1
:103AC00040F0010008600846006800F00100019025
:103AD00000BF00BF00BF002001900846006840F012
:103AE000020008600846006800F00200019000BF74
:103AF00000BF00BF002001900846006840F00800A9
:103B000008600846006800F00800019000BF00BF90
:103B100000224FF400412448FEF7BCF900224FF484
:103B200000412248FEF7B6F900224FF48071204888
:103B3000FEF7B0F900224FF480511E48FEF7AAF9B3
:103B40004FF4004002900120039004900220059061
:103B500002A91548FEF7A4F84FF400400290012096
:103B6000039004900220059002A91048FEF798F8EF
:103B70004FF4807002900120039004900220059081
:103B800002A90B48FEF78CF84FF4805002900120F8
:103B9000039004900220059002A90648FEF780F8E1
:103BA00007B000BD3038024000040240000C024063
:103BB00000000240000802400EB5C0207F49087096
:103BC000A82048700A2088700320C870FF207C4914
:103BD0000870487088700020C870C020794908704B
:103BE000A82048700A2088700120C87003F0C2FE27
:103BF0007248007800067149497840EA01406F49EF
:103C0000897840EA01206D49C978084302066B486B
:103C1000007800066949497840EA01406749897897
:103C200040EA01206549C978084300F47F4042EA30
:103C300000226248007800066049497840EA014164
:103C40005E48807841EA00205C49C978084300F466
:103C50007F0042EA10225948007801065748407810
:103C600041EA00415548807841EA00205349C9782B
:103C7000084342EA10605449086051480078000641
:103C80004F49497840EA01404D49897840EA01208E
:103C90004B49C9780843020649480078000648495C
:103CA000497840EA01404649897840EA0120444980
:103CB000C978084300F47F4042EA00224048007877
:103CC00000063F49497840EA01413D48807841EA91
:103CD00000203B49C978084300F47F0042EA1022E3
:103CE0003748007801063648407841EA00413448B8
:103CF000807841EA00203249C978084342EA1060DE
:103D0000324908602F48007800062E49497840EA79
:103D100001402C49897840EA01202A49C9780843A2
:103D200002062848007800062649497840EA014002
:103D30002449897840EA01202249C978084300F4DF
:103D40007F4042EA00221F48007800061D4949785A
:103D500040EA01411B48807841EA00201949C978AE
:103D6000084300F47F0042EA10221648007801065A
:103D70001448407841EA00411248807841EA002026
:103D80001049C978084342EA106011490860114897
:103D9000114900220E4BCDE9002102900B4A0A493D
:103DA0000E4804F071FC0D4804F0E0FE0B4805F0ED
:103DB0001DF80B49094804F045FF0EBD30000020F6
:103DC00034000020380000202400002028000020BB
:103DD0002C000020955C00082D5F0008D8530020BF
:103DE000255E000810B5044802F0ECF806F046FB2A
:103DF0000148FDF72BF810BDD853002000B587B05F
:103E000000200390049005900690019002901548C0
:103E10001549086044F29F104860002112488160F3
:103E200042F20F71C1600021016141618161FEF7C1
:103E30002FFD08B1FDF706F84FF48050039003A959
:103E40000948FEF7D1FD08B1FCF7FCFF0020019006
:103E5000029001A90448FEF7C1FC08B1FCF7F2FF8B
:103E600007B000BD000001405C03002010B50B4806
:103E70000B4908600B484860002109488160C16017
:103E800001610C214161002181614FF40041C16158
:103E9000FFF756F908B1FCF7D5FF10BD004C004004
:103EA000A4030020003E490010B50B480B490860F0
:103EB0000B484860002109488160C16001610C2104
:103EC0004161002181614FF40041C161FFF738F980
:103ED00008B1FCF7B7FF10BD00100140EC03002053
:103EE000003E490010B50B480B4908604FF4E13023
:103EF0004860002108488160C16001610C21416176
:103F000000218161C161FFF71BF908B1FCF79AFF3D
:103F100010BD0000004400403404002010B50B48E0
:103F20000B4908600B484860002109488160C16066
:103F300001610C214161002181614FF40041C161A7
:103F4000FFF7FEF808B1FCF77DFF10BD0048004008
:103F50007C040020003E490010B50B480B49086066
:103F60000B484860002109488160C16001610C2153
:103F70004161002181614FF40041C161FFF7E0F828
:103F800008B1FCF75FFF10BD00140140C40400201D
:103F9000003E490000BFFEE700BFFEE770477047E4
:103FA00010B5FDF783FF10BD00B593B0302107A811
:103FB000FCF773F9142102A8FCF76FF900BF002089
:103FC00001902448006840F080502249086008466B
:103FD000006800F08050019000BF00BF00BF0020CB
:103FE00001901D48006840F480401B490860084665
:103FF000006800F48040019000BF00BF01200790DE
:104000000004089002200D9041050E9104210F91AB
:104010009B211091022111910721129107A8FEF70F
:104020005FF908B1FCF70EFF0F2002900220039009
:10403000002004904FF4A05005904FF4805006905B
:10404000052102A8FEF70CF808B1FCF7FBFE13B03F
:1040500000BD000040380240007000400348006886
:1040600040F47000014908607047000088ED00E0EE
:1040700010B50248FEF73FFD10BD00005C030020B4
:1040800010B502682B4B98420ED0B0F1804F0BD088
:10409000294B984208D0294B984205D0284B98428A
:1040A00002D0284B984203D122F070024B681A4389
:1040B000204B984220D0B0F1804F1DD01E4B98422B
:1040C0001AD01E4B984217D01D4B984214D01D4B4E
:1040D000984211D01C4B98420ED01C4B98420BD0EA
:1040E0001B4B984208D01B4B984205D01A4B984264
:1040F00002D01A4B984203D122F44072CB681A4383
:1041000022F080034C6943EA04028B68C3620B68A7
:104110008362084B984202D00A4B984201D10B6946
:104120000363036843F004030360012343610260F7
:1041300010BD0000000001400004004000080040E5
:10414000000C0040000401400040014000440140D8
:104150000048014000180040001C004000200040C2
:1041600030B50C46816821F47F4142EA032525439E
:104170002943816030BD0A46816821F0700142F018
:10418000070319438160704730B50B461446026A35
:10419000056A25F001050562816921F0F00141EA17
:1041A000041122F00A021A438161026230BD30B567
:1041B0000B461446026A056A25F0100505628169FE
:1041C00021F4704141EA043122F0A00242EA0312D4
:1041D0008161026230BD000010B50248FEF72CFE7E
:1041E00010BD0000A403002070B50446A56B00209C
:1041F000E8852846FEF7DAFD70BD70B50646002555
:10420000B46B20684069C0F3C01594F841002128C0
:1042100005D125B10020E084204600F0FBF820689D
:104220004069C0F3801594F84200222805D125B1D9
:104230000020E085204600F0A7F8606C40F01000F8
:1042400060642046FEF7B2FD70BD70B50546AC6BEC
:104250002868006800F48070002842D1E08500BF23
:1042600000BF21680C3151E8001F21F480702168E3
:104270000C3141E80002002AF3D100BF00BF00BFAB
:104280002168143151E8001F21F001002168143128
:1042900041E80002002AF3D100BF00BF00BF21683F
:1042A000143151E8001F21F040002168143141E829
:1042B0000002002AF3D100BF202084F84200206BC6
:1042C00001280ED100BF00BF21680C3151E8001F4A
:1042D00021F0100021680C3141E80002002AF3D1DE
:1042E00000BF00206063206B012804D1A18D20460F
:1042F000FEF715FD02E02046FFF7EAF970BD70B544
:104300000546AC6B01206063206B012805D1A08DB0
:1043100041082046FEF703FD02E02046FFF70CFAB5
:1043200070BD70B50546AC6B2868006800F48070FD
:10433000F8B90020E08400BF00BF2168143151E8C3
:10434000001F21F080002168143141E80002002A9A
:10435000F3D100BF00BF00BF21680C3151E8001F3E
:1043600041F0400021680C3141E80002002AF3D1FD
:1043700002E02046FFF730FA70BD70B50446A56B29
:104380002846FFF74FFA70BD00BF00BF02680C322D
:1043900052E8002F22F4907102680C3242E80013B8
:1043A000002BF3D100BF00BF00BF0268143252E8F7
:1043B000002F22F001010268143242E80013002BA2
:1043C000F3D100BF016B01290ED100BF00BF02680D
:1043D0000C3252E8002F22F0100102680C3242E841
:1043E0000013002BF3D100BF202180F842100021E0
:1043F0000163704710B504462068C06820F0400093
:104400002168C860202084F841002046FFF7E4F9C5
:10441000002010BD00BF00BF02680C3252E8002F20
:1044200022F0C00102680C3242E80013002BF3D1E5
:1044300000BF202180F841107047F8B504460025E0
:10444000002694F84200222873D1A068B0F5805F5E
:104450000BD1206948B9A66A20684068C0F30800FB
:104460003080A06A801CA06214E0A56AA068B0F544
:10447000805F03D0A06828B9206918B92068406817
:10448000287004E02068406800F07F002870A06A6F
:10449000401CA062E08D401E80B2E085002846D11D
:1044A0002068C06820F020002168C8602068C068CB
:1044B00020F480702168C8602068406920F0010005
:1044C00021684861202084F8420000206063206B4E
:1044D000012826D10020206300BF00BF21680C31D5
:1044E00051E8001F21F0100021680C3141E8000262
:1044F000002AF3D100BF2068006800F010001028E7
:104500000AD100BF00200090206800680090206859
:104510004068009000BF00BFA18D2046FEF7FFFB62
:1045200002E02046FFF7D4F80020F8BD01E00020AB
:10453000FBE70220F9E700002DE9F84F0446206868
:10454000006920F44050E16808432168086121694E
:10455000A068084361690843E16908430090206846
:10456000C06849F20C618843009908432168C8601B
:104570002068406920F44070A169084321684861BF
:1045800076492068884203D075492068884203D163
:10459000FDF73EFE814602E0FDF72AFE8146E06916
:1045A000B0F5004F6CD102206168A0FB01500346BA
:1045B0001920A9FB007001462A463846FBF702FE87
:1045C0006421B0FBF1F04FEA001A02206168A0FB01
:1045D00001510B461920A9FB00712A463846FBF70A
:1045E000F1FD834602206168A0FB015003461920BB
:1045F000A9FB00712A463846FBF7E4FD6421B0FBB5
:10460000F1F000EBC00101EB0010ABEB80003221B8
:1046100001EBC0006421B0FBF1F000F0F8000AEB00
:10462000400A02206168A0FB015003461920A9FB43
:10463000007001462A463846FBF7C4FD8346022037
:104640006168A0FB015003461920A9FB00712A46AE
:104650003846FBF7B7FD6421B0FBF1F000EBC00179
:1046600001EB0010ABEB8000322101EBC0006421B4
:10467000B0FBF1F000F007005044216888606AE068
:1046800004206168A0FB015003461920A9FB0070BB
:1046900001462A463846FBF795FD824604206168AC
:1046A000A0FB015003461920A9FB007001462A46D1
:1046B0003846FBF787FD6421B0FBF1F000EBC00149
:1046C00001EB0010AAEB8000322101EB0010642105
:1046D000B0FBF1F000F0F00A04206168A0FB01706B
:1046E00003461920A9FB00513A462846FBF76AFD0C
:1046F0006421B0FBF1F00AEB001A04206168A0FB12
:1047000001510B461920A9FB00712A463846FBF7D8
:1047100059FD834604206168A0FB0150034619201F
:10472000A9FB007001462A463846FBF74BFD642181
:10473000B0FBF1F000EBC00101EB0010ABEB80002F
:10474000322101EB00106421B0FBF1F000F00F000A
:10475000504421688860BDE8F88F000000100140D7
:104760000014014077B581B0044615460298A06256
:10477000A58500206064222084F842002C48E16B6B
:10478000C8632C48E16B08642B48E16BC8640020C7
:10479000E16B086502AE32682368191D2B46E06B99
:1047A000FCF768FD38B110206064202084F84200D6
:1047B000012004B070BD00BF002000902068006898
:1047C000009020684068009000BF00BF206970B171
:1047D00000BF00BF21680C3151E8001F41F4807018
:1047E00021680C3141E80002002AF3D100BF00BF6C
:1047F00000BF2168143151E8001F41F00100216819
:10480000143141E80002002AF3D100BF00BF00BF0D
:104810002168143151E8001F41F040002168143133
:1048200041E80002002AF3D100BF0020C1E70000E8
:104830004B420008FF420008FB410008014691F886
:104840004100212828D18868B0F5805F0BD1086924
:1048500048B90A6A1088C0F308000B685860086AF3
:10486000801C086205E00B6A581C086218780B6807
:104870005860C88C401E80B2C88458B90868C068A7
:1048800020F080000B68D8600868C06840F04000E5
:104890000B68D860002070470220FCE710B5024882
:1048A000FEF7CAFA10BD0000EC03002010B5024864
:1048B000FEF7C2FA10BD00003404002010B5024813
:1048C000FEF7BAFA10BD00007C04002010B50248C3
:1048D000FEF7B2FA10BD0000C404002000BFFEE7DE
:1048E0000FB4054B10B503A9044A029800F034F840
:1048F00010BC5DF814FB0000F560000858030020B0
:1049000002480068C0F30220704700000CED00E090
:1049100010B5002804DB0A07130E054A135406E0FD
:104920000A07140E034A00F00F031B1FD45410BDD6
:1049300000E400E018ED00E002E008C8121F08C122
:10494000002AFAD170477047002001E001C1121F10
:10495000002AFBD1704700002DE9FF4F8BB09A462B
:104960000F460546002606E025280BD052460D9935
:1049700090476D1C761C28780028F5D10FB0304682
:10498000BDE8F08F0024A0460122604900E0044306
:1049900015F8013F203B02FA03F00842F7D12878CE
:1049A0002E2817D115F8010F44F004042A280ED040
:1049B0006FF02F022878A0F1300109290AD808EBFE
:1049C000880102EB410100EB01086D1CF2E757F88A
:1049D000048B6D1C287869283ED006DC0028CDD0D9
:1049E00063280BD0642804D136E0732810D07528D2
:1049F0004BD052460D999047761C85E017F8040B72
:104A00008DF8000000208DF80100E946012003E048
:104A100057F8049B4FF0FF3061074FF0000401D4BA
:104A20000AE0641C44450DDA8442FADB19F80410EC
:104A30000029F6D106E0641C8442FCDB19F804105E
:104A40000029F8D1264404E019F8010B52460D99CB
:104A50009047641EF8D257E001CF4FF00A0B0028B0
:104A600002DA40422D2102E0210504D52B218DF8E8
:104A70002410012103E0E10705D02021F7E70DF123
:104A8000200908910CE00021F9E701CF4FF00A0B53
:104A9000F9E75946FBF7C8FC01F1300209F8012D8E
:104AA0000028F6D1ADEB090000F1200B600701D41E
:104AB0004FF00108D84502DDA8EB0B0000E0002014
:104AC0008046002406E009A85246005D0D999047F3
:104AD000641C761C08988442F5DB04E030205246C2
:104AE0000D999047761CB8F10001A8F10108F5DC9A
:104AF00005E019F8010B52460D999047761CBBF161
:104B00000001ABF1010BF4DC6D1C34E70928010056
:104B10002DE9F04102460B46164600240027601E90
:104B2000DFF84CC000211FE04FF0004456F8217020
:104B3000002516E000F00048B8F1000F05D0400055
:104B4000DFF82C8080EA080000E0400007EA040853
:104B5000B8F1000F03D0DFF8188080EA080064087D
:104B60006D1C202DE6D3491C9942DDD3BDE8F081B0
:104B7000B71DC10410B504460420FDF7FFFD014830
:104B8000046010BD0000002070B5034600224FF005
:104B9000E02675690D4E366803FB06F44FF0E026FB
:104BA000B16910E04FF0E026B06988420BD088422E
:104BB00002D20E1A324402E02E1A0E44324401464A
:104BC000A24200D300E0EDE700BF70BD000000206E
:104BD00010B5002015E0002110E0002300EBC0021A
:104BE00002EB0012084C04EB02120C32C1EBC104C0
:104BF00004EB011402EB84025370491C0329ECDB23
:104C0000401C0428E7DB10BD248A002070B5044650
:104C10000D4600BF05F00300002808D000BF08A320
:104C20004FF4B67212A11AA0FFF75AFE00BF00BFE0
:104C30002E46A06800683060A068066070BD000065
:104C40002E2E2F4D6964646C6577617265732F54E5
:104C5000686972645F50617274792F4C7749502F84
:104C60007372632F636F72652F6D656D702E6300B5
:104C70006D656D705F667265653A206D656D20705B
:104C8000726F7065726C7920616C69676E65640023
:104C9000417373657274696F6E20222573222066DA
:104CA00061696C6564206174206C696E652025649F
:104CB00020696E2025730A0070B50546A86804684F
:104CC000002C13D02068A968086000BF04F003001E
:104CD000002808D000BF06A34FF48C7210A119A0C1
:104CE000FFF7FEFD00BF00BF204670BD0020FCE7BF
:104CF0002E2E2F4D6964646C6577617265732F5435
:104D0000686972645F50617274792F4C7749502FD3
:104D10007372632F636F72652F6D656D702E630004
:104D20006D656D705F6D616C6C6F633A206D656D64
:104D3000702070726F7065726C7920616C69676E3B
:104D400065640000417373657274696F6E2022257B
:104D50007322206661696C6564206174206C696EE1
:104D60006520256420696E2025730A0010B5002097
:104D700015E0002110E00A2300EBC00202EB001254
:104D8000084C04EB02120C32C1EBC10404EB011419
:104D900002EB84025370491C0329ECDB401C0428FD
:104DA000E7DB10BD248A002070B50546002411E021
:104DB00004EB4400094901EBC000067D4EB104EB51
:104DC000440001EBC0008068A84202D1204600F0F8
:104DD00087F9641C0A2CEBDB70BD000034890020CD
:104DE0002DE9FF5F0646894617464FF00A0AD3466B
:104DF000D04600240A2003900020029001900090E9
:104E000000BF73E004EB4400764901EBC000057D70
:104E1000B8F10A0F02D10DB9A04665E0002D63D0AC
:104E200000BF012D0AD0022D08DA00BF6EA340F2A8
:104E300023127BA18AA0FFF753FD00BF00BFAEB1D4
:104E400004EB4401674A02EBC101306849688842BB
:104E50000CD13FB104EB4400114601EBC000806867
:104E6000B84203D1204604B0BDE8F09F012D28D1FF
:104E700004EB44005B4951F8300080B104EB44007E
:104E800001EBC000418A029881422DDB039404EBC0
:104E90004400544901EBC000408A029024E004EB36
:104EA0004400504901EBC000418A019881421BDB5C
:104EB000A24604EB44004B4901EBC000408A01903C
:104EC00012E0022D10DB04EB4400464901EBC00068
:104ED000418A0098814207DBA34604EB4400414924
:104EE00001EBC000408A0090601C04B20A2C89DBF0
:104EF00009F0020028B9B8F10A0F05D109F0010044
:104F000010B94FF0FF30AEE7B8F10A0F01DA4446AE
:104F100031E0BBF10A0F11DA5C4600BF04EB44003C
:104F2000304951F8300040B100BF2FA340F26D125C
:104F300055A14BA0FFF7D4FC00BF0CE0BAF10A0F5B
:104F400001DA544607E003980A2801DA039C02E0DC
:104F50004FF0FF3087E700BF0A2C08DB00BF22A319
:104F600040F27F124EA13EA0FFF7BAFC00BF00BF87
:104F7000204600F0B5F800BF0A2C08DB00BF1AA3DA
:104F800040F2831246A136A0FFF7AAFC00BF00BF83
:104F900000BF04EB4400134901EBC000007D40B1A9
:104FA00000BF11A34FF4C27242A12DA0FFF798FCDD
:104FB00000BF00BF36B104EB44010A4A02EBC10155
:104FC00030684860002004EB4401064A02EBC1014E
:104FD000488204EB4400114601EBC0008760204684
:104FE00041E70000348900202E2E2F4D6964646C47
:104FF0006577617265732F54686972645F5061727E
:1050000074792F4C7749502F7372632F636F7265D9
:105010002F697076342F6574686172702E6300009A
:105020007374617465203D3D204554484152505F82
:1050300053544154455F50454E44494E47207C7C73
:10504000207374617465203E3D20455448415250A0
:105050005F53544154455F535441424C4500000056
:10506000417373657274696F6E2022257322206606
:1050700061696C6564206174206C696E65202564CB
:1050800020696E2025730A006172705F7461626C22
:10509000655B695D2E71203D3D204E554C4C0000F6
:1050A00069203C204152505F5441424C455F534976
:1050B0005A4500006172705F7461626C655B695D86
:1050C0002E7374617465203D3D2045544841525013
:1050D0005F53544154455F454D5054590000000002
:1050E00010B5044604EB44000C4951F8300060B19F
:1050F00004EB4401094A52F8310004F0F3FB0020AC
:1051000004EB4401054A42F83100002004EB44015D
:10511000024A02EBC101087510BD0000348900206D
:10512000F0B587B007460D4600BF002D0AD100BF7D
:105130002EA340F28A223BA13EA0FFF7D1FB00BF85
:1051400007B0F0BD00BF7C682088B0F5807F08D133
:105150002079062805D16079042802D160880828C2
:1051600003D0384604F0BEFBEAE7D4F80E00069000
:10517000A0690590686808B9002607E00598696885
:10518000884201D1012000E0002006460EB1012036
:1051900000E00220034604F1080206A9284600F0B8
:1051A000CBFCE088B0F5807F03D0B0F5007F15D14F
:1051B00013E086B1022206AB04F10800291DCDE9F7
:1051C0000232CDE9001005F12603024622312846BD
:1051D00000F05CFB00E000BF01E000E000BF00BFAA
:1051E000384604F07FFB00BFAAE700002E2E2F4DAB
:1051F0006964646C6577617265732F546869726461
:105200005F50617274792F4C7749502F7372632FFE
:10521000636F72652F697076342F65746861727080
:105220002E6300006E6574696620213D204E554C4A
:105230004C000000417373657274696F6E20222503
:105240007322206661696C6564206174206C696EEC
:105250006520256420696E2025730A002DE9FE4330
:1052600004460F461546A94600BF002C08D100BFD2
:105270005DA340F21E326AA16DA0FFF731FB00BFB3
:1052800000BF00BF47B900BF57A340F21F3272A151
:1052900067A0FFF725FB00BF00BF00BF002D08D1AE
:1052A00000BF51A34FF448726EA161A0FFF718FB35
:1052B00000BF00BF2146286801F0FDF810B1DFF8FB
:1052C000B48186E0287800F0F000E02816D10120B3
:1052D0008DF8040000208DF805005E208DF8060092
:1052E000687800F07F008DF80700A8788DF8080036
:1052F000E8788DF809000DF1040869E02868A168D4
:105300000840D4E90112114088420ED0288880B2AA
:105310004FF6A961884208D0E06810B104F10C0989
:1053200003E06FF00300BDE8FE835348007800EB14
:105330004000524901EBC000007D02281BDB4E48B3
:10534000007800EB400001EBC0008068A04212D161
:105350004949097801EB4101484A02EBC101D9F8FA
:1053600000004968884206D1434802783946204601
:1053700000F086F8D7E7002622E006EB46003F491A
:1053800001EBC000007D022818DB06EB460001EBB4
:10539000C0008068A04211D106EB4601374A02EBFB
:1053A000C101D9F800004968884207D13248067027
:1053B00032463946204600F063F8B4E7701CC6B2A6
:1053C0000A2EDADB3A464946204600F00DF9AAE7F4
:1053D00000BF4FF40060434604F1260239460090B6
:1053E000204600F021FD9EE72E2E2F4D6964646C4F
:1053F0006577617265732F54686972645F5061727A
:1054000074792F4C7749502F7372632F636F7265D5
:105410002F697076342F6574686172702E63000096
:105420006E6574696620213D204E554C4C0000008D
:10543000417373657274696F6E2022257322206632
:1054400061696C6564206174206C696E65202564F7
:1054500020696E2025730A007120213D204E554C95
:105460004C00000069706164647220213D204E553B
:105470004C4C0000A80C0108E400002034890020F6
:10548000F8B505460E46144600BF04EB440031490A
:1054900001EBC000007D022808DA00BF2EA340F215
:1054A000EE223BA146A0FFF71BFA00BF00BF04EBB2
:1054B0004400284901EBC000007D022839D104EBEB
:1054C000440001EBC000408AB0F58E7F11DD04EB93
:1054D00044000A4602EBC000011D284600F09CFA79
:1054E00038BB032004EB44011A4A02EBC1010875E2
:1054F0001FE004EB4400174901EBC000408AB0F5FF
:10550000877F16DB04EB44000B4603EBC00000F181
:105510000C0204EB440003EBC000011D284600F020
:1055200087FA30B9032004EB44010A4A02EBC101B7
:1055300008754FF40060009004EB4400054901EB4E
:10554000C00000F10C0305F126023146284600F0A8
:105550006BFCF8BD348900202E2E2F4D6964646CDD
:105560006577617265732F54686972645F50617208
:1055700074792F4C7749502F7372632F636F726564
:105580002F697076342F6574686172702E63000025
:105590006172705F7461626C655B6172705F696497
:1055A000785D2E7374617465203E3D2045544841FA
:1055B00052505F53544154455F535441424C45004F
:1055C000417373657274696F6E20222573222066A1
:1055D00061696C6564206174206C696E6520256466
:1055E00020696E2025730A002DE9FE4F81460F4683
:1055F000164609F1260A4FF0FF3002900020019074
:105600004946386800F057FF38B9387800F0F000A4
:10561000E02802D00FB1386818B96FF00F00BDE86C
:10562000FE8F4A4601213846FFF7DAFB8046B8F183
:10563000000F02DA4FFA88F0F1E700BFB8F17F0FF0
:1056400008D300BF5FA340F2C1326CA16FA0FFF787
:1056500047F900BF00BF08F0FF0404EB44007549A0
:1056600001EBC000007D70B90120019004EB440102
:10567000704A02EBC101087504EB4400114601EBCE
:10568000C000C0F8089000BF04EB4400694901EB7A
:10569000C000007D01280FD004EB440001EBC000E6
:1056A000007D022808DA00BF46A340F2CD3262A195
:1056B00056A0FFF715F900BF00BF019800B93EB929
:1056C0003946484600F0A8F902900EB90298A6E7BC
:1056D00000BF46B900BF3BA340F2E13260A14BA03E
:1056E000FFF7FEF800BF00BF04EB4400514901EB97
:1056F000C000007D022811DB5C4804704FF400609C
:10570000009004EB440001EBC00000F10C03524692
:105710003146484600F088FB029050E004EB44001C
:10572000444901EBC000007D012848D14FF0000B37
:10573000354618E000BF6889298988420AD128685F
:1057400040B100BF1FA340F2F13249A12FA0FFF7E3
:10575000C7F800BF00BF287B00F0400010B14FF039
:10576000010B02E02D68002DE4D100BFBBF1000F5A
:1057700007D032464FF420710E2003F0A7FE0546F5
:1057800003E03546284604F06DFAA5B104EB440069
:10579000284951F8300030B104EB4401254A52F851
:1057A000310004F09FF804EB4400224941F83050E6
:1057B0000020029002E04FF0FF30029000BF0298FC
:1057C0002DE700002E2E2F4D6964646C65776172A1
:1057D00065732F54686972645F50617274792F4CDD
:1057E0007749502F7372632F636F72652F697076DC
:1057F000342F6574686172702E630000747970656F
:10580000206F766572666C6F770000004173736578
:105810007274696F6E2022257322206661696C653F
:1058200064206174206C696E6520256420696E2097
:1058300025730A00348900206172705F7461626CA4
:10584000655B695D2E7374617465203D3D20504534
:105850004E44494E47206F7220535441424C4500FC
:105860007120213D204E554C4C000000E4000020EA
:105870006E6F207061636B657420717565756573FB
:1058800020616C6C6F776564210000002DE9FC5F7E
:1058900006460F4690469946DDE90CAB0020019084
:1058A00000BF002E08D100BF31A340F257423EA1F5
:1058B00041A0FFF715F800BF00BF4FF420721C2174
:1058C0000E2003F071FB05461DB94FF0FF30BDE817
:1058D000FC9F00BF68891C2808DA00BF24A340F29F
:1058E00062423FA134A0FEF7FBFF00BF00BF6C681F
:1058F0000F9802F038F8E08000BF96F82C000628D8
:1059000008D000BF1AA340F2694242492AA0FEF71C
:10591000E7FF00BF00BFD9F80000A060B9F804009D
:10592000A081DBF80000C4F81200BBF80400E0829C
:10593000DAF80000C4F80E000E980068A0614FF479
:105940008070208008206080062020710420607113
:1059500040F6060043463A4629460090304600F09D
:1059600063FA284603F0BEFF00250198AFE7000068
:105970002E2E2F4D6964646C6577617265732F54A8
:10598000686972645F50617274792F4C7749502F47
:105990007372632F636F72652F697076342F65742D
:1059A000686172702E6300006E6574696620213D27
:1059B000204E554C4C000000417373657274696F42
:1059C0006E2022257322206661696C6564206174F3
:1059D000206C696E6520256420696E2025730A009D
:1059E000636865636B2074686174206669727374A0
:1059F00020706275662063616E20686F6C6420732E
:105A00007472756374206574686172705F68647223
:105A100000000000CC0E010870B504460D46034A94
:105A20002946204600F004F870BD0000A80C0108CB
:105A30007FB504460D4616460121074A201D04F194
:105A400026038DE825000391324619462046FFF7CC
:105A50001DFF04B070BD0000AE0C010870B500243D
:105A600064E004EB4400334901EBC000057D002DE8
:105A70005BD004EB440001EBC000408A401C04EB07
:105A800044012C4A02EBC101488204EB4400114658
:105A900001EBC000408AB0F5967F0DDA04EB4400BC
:105AA00001EBC000007D01280AD104EB440001EBAA
:105AB000C000408A052803DB2046FFF711FB34E0D5
:105AC00004EB44001B4901EBC000007D032807D113
:105AD000042004EB4401174A02EBC101087524E0DD
:105AE00004EB4400134901EBC000007D042807D1FA
:105AF000022004EB44010F4A02EBC101087514E0D7
:105B000004EB44000B4901EBC000007D01280CD1DF
:105B100004EB44020B4603EBC202111D04EB4402EA
:105B200003EBC2029068FFF777FF641C0A2C98DB36
:105B300070BD0000348900202DE9F84305460E466B
:105B40001746984600BF95F82C00062808D000BFDD
:105B50002EA340F2A9123BA143A0FEF7C1FE00BF55
:105B600000BF5EB1306848B12946306800F0A3FC40
:105B700020B9307800F0F000E02803D16FF00F007A
:105B8000BDE8F8832A4641463046FFF729F9044626
:105B9000002C01DA60B2F3E7022004EB44013C4A36
:105BA00002EBC101087504EB4400114601EBC00093
:105BB000856004EB440001EBC0003968C160B9881E
:105BC0000182002004EB440102EBC101488204EB96
:105BD0004400114651F83000B0B104EB440051F8D4
:105BE0003090002004EB440142F831004FF4006093
:105BF0003B4605F1260249460090284600F014F97C
:105C0000484603F06FFE00BF0020B9E72E2E2F4D4F
:105C10006964646C6577617265732F546869726436
:105C20005F50617274792F4C7749502F7372632FD4
:105C3000636F72652F697076342F65746861727056
:105C40002E6300006E657469662D3E68776164643A
:105C5000725F6C656E203D3D204554485F4857415A
:105C60004444525F4C454E00417373657274696FD2
:105C70006E2022257322206661696C656420617440
:105C8000206C696E6520256420696E2025730A00EA
:105C9000348900202DE9F04104460E464FF00E08ED
:105CA00060890E2800DC4FE0E07B18B996F83000E0
:105CB000401CE0736568AF89287800F00100B0B13E
:105CC0002878012809D1687888B9A8785E280ED18B
:105CD000607B40F01000607309E006221D492846F1
:105CE000FAF7E6FA18B9607B40F008006073082FF5
:105CF00003D0B7F5C16F22D110E096F82D0000F067
:105D0000080000B920E04146204603F0F9FF00B149
:105D10001AE03146204600F05BFD11E096F82D00B8
:105D200000F0080000B90FE04146204603F0E8FF0C
:105D300000B109E031462046FFF7F2F900E003E048
:105D400000BF0020BDE8F081204603F0CBFD00201D
:105D5000F8E70000A80C01082DE9F0419AB00446CC
:105D6000642101A8FAF799FA002500260027A84621
:105D70002A48FDF75AFD054694F82D00C0F380002F
:105D800058B1012D09DC2648FBF784FE204602F0BD
:105D9000F3FE204602F05AFF3DE094F82D00C0F3D8
:105DA0008000002837D1012D35DD022D06D0032DCE
:105DB0000AD0042D0ED0052D16D110E04FF4006846
:105DC0004FF48047012610E04FF000084FF4804761
:105DD00001260AE04FF400680027012605E04FF095
:105DE00000080027012600E000BF00BF9EB101A906
:105DF0000B48FBF79EFACDF81C80069701A90848CE
:105E0000FBF7B5FD0648FBF7F1FD204602F0EEFF7B
:105E1000204602F081FF1AB0BDE8F081B85300209F
:105E2000D0520020704700002DE9F04705460E468D
:105E300017469846DDF82090484601F094FD8246CA
:105E40000E21304603F032F800B122E07468A4F865
:105E50000CA0D8F800002060B8F80400A0803868D2
:105E6000C4F80600B888608100BF95F82C000628A9
:105E700008D000BF08A34FF4997215A121A0FEF726
:105E80002FFD00BF00BF31462846AA699047BDE8F4
:105E9000F0876FF00100FAE72E2E2F4D6964646CD5
:105EA0006577617265732F54686972645F506172BF
:105EB00074792F4C7749502F7372632F6E65746914
:105EC000662F65746865726E65742E63000000004D
:105ED0006E657469662D3E6877616464725F6C6597
:105EE0006E206D757374206265203620666F722097
:105EF00065746865726E65745F6F75747075742112
:105F000000000000417373657274696F6E20222572
:105F10007322206661696C6564206174206C696E0F
:105F20006520256420696E2025730A0010B504469B
:105F300000BF44B900BF0CA340F26F1211A115A01D
:105F4000FEF7CEFC00BF00BF732084F82E00742142
:105F50002F200155194860611948A061204601F0C1
:105F6000E3FB002010BD00002E2E2F4C5749502F70
:105F70005461726765742F65746865726E657469C3
:105F8000662E63006E6574696620213D204E554C77
:105F90004C000000417373657274696F6E20222596
:105FA0007322206661696C6564206174206C696E7F
:105FB0006520256420696E2025730A005D52000863
:105FC0005D78000870B50446002500BF204601F04A
:105FD00033FC05463DB1214628462269904710B161
:105FE000284603F07FFC002DF0D170BD70B52DED7B
:105FF000048B05460C4614F84A0F617800EB01202B
:10600000A17800EB0140E1784A3C00EB01661221E7
:106010002046FEF77DFDB0425CD1A0782870207943
:106020006870A07900EE100AB8EE400A85ED020A09
:10603000E07900EE100AB8EE400A85ED030AB4F9E3
:106040000C00FAF7B1F941EC190B9FED230B53EC5F
:10605000102BFAF73AF941EC180BFAF7C9F9686016
:10606000B4F90E00FAF7A0F941EC190B9FED1C0BE7
:1060700053EC102BFAF729F941EC180BFAF7B8F9A1
:106080002861B4F91A0000EE100AB8EEC00A85EDD6
:10609000060AD4F81E00400000EE100AB8EEC00A4E
:1060A000DFED110A20EE200A10EE101A0846FAF76A
:1060B0008CF941EC180B9FED0D0B53EC102BFAF7FC
:1060C00004F941EC190BFAF793F968610120BDEC72
:1060D000048B70BD0020FAE7000000000000704053
:1060E0000000000000006040DB0F4940000000009D
:1060F0000000D04038B504468DF800006946032002
:10610000ABBE204638BD70B505460C46224603217D
:10611000284600F039F970BD2DE9FF5F05468A4633
:10612000654880680390039800780007860E142E57
:1061300000DAB7E06889042800D2B3E06868047820
:1061400014B1082C70D100E0A6E0DFF86C9109F1E1
:1061500014095948007D00F0F000E02800D1A5E0C6
:10616000554A1168506900F0A6F900B19EE02889EF
:10617000082800D296E006F10E01284602F096FEAD
:10618000002840D0288930441FFA80FB28895845D0
:1061900000DD8BE04FF4207259460E2002F004FF20
:1061A000074607B982E0798906F10800814203D2E7
:1061B000384603F097FB79E0324678680399FAF79E
:1061C00045F83146384603F09BFD00280DD000BF4E
:1061D00000BF3AA3B62247A154A0FEF781FB00BF3F
:1061E00000BF384603F07EFB60E02946384603F0E6
:1061F000C5F918B1384603F075FB57E0284603F09F
:1062000071FB3D4611E006F10E01284603F078FDD2
:1062100058B100BF00BF29A3C7224EA143A0FEF77B
:106220005FFB00BF00BF41E024E0D5F804803146A9
:10623000284602F03BFEE0B96F68D9F80000F8602C
:106240001D4800693861002088F80000A8F80200A5
:10625000FF2038720020788101200021FF230A46A8
:10626000CDE9010A00914946284600F099FB834692
:1062700000BF11E0032C0ED00B2C0CD00C2C0AD03C
:10628000042C08D0052C06D00D2C04D00E2C02D0E6
:10629000112C00D000BF00BF00BF284603F022FB36
:1062A000BDE8FF9F284603F01DFBF9E7284603F0F1
:1062B00019FB00BFF4E700000C5400202E2E2F4DD8
:1062C0006964646C6577617265732F546869726480
:1062D0005F50617274792F4C7749502F7372632F1E
:1062E000636F72652F697076342F69636D702E63EA
:1062F0000000000069636D705F696E7075743A200C
:106300006D6F76696E6720722D3E7061796C6F617A
:106310006420746F2069636D7020686561646572C4
:10632000206661696C65640A000000004173736552
:106330007274696F6E2022257322206661696C6514
:1063400064206174206C696E6520256420696E206C
:1063500025730A0069636D705F696E7075743A2009
:10636000726573746F72696E67206F726967696EA8
:10637000616C20702D3E7061796C6F616420666184
:10638000696C65640A0000002DE9FF4707468846EE
:1063900091464FF420722421222002F005FE05468A
:1063A0000DB9BDE8FF8700BF6889242808D200BF67
:1063B00019A34FF4B47226A130A0FEF791FA00BFE2
:1063C00000BFD7F804A06C6884F8008084F80190BE
:1063D0000020A080E08079686A6802F108001C2231
:1063E000F9F734FFDAF80C00039003A800F040FD41
:1063F00006465EB10020608001200021FF2303AA31
:10640000CDE901060091284600F0CAFA284603F0BB
:1064100069FA00BFC5E700002E2E2F4D6964646C39
:106420006577617265732F54686972645F50617239
:1064300074792F4C7749502F7372632F636F726595
:106440002F697076342F69636D702E630000000031
:10645000636865636B207468617420666972737425
:1064600020706275662063616E20686F6C642069BD
:10647000636D70206D65737361676500417373654B
:106480007274696F6E2022257322206661696C65C3
:1064900064206174206C696E6520256420696E201B
:1064A00025730A0070B505460C4622460B21284686
:1064B000FFF76AFF70BD18B502460092D04300B1E5
:1064C0000AB9012018BD91F82D0000F0020008B9AA
:1064D0000020F7E74868904201D10020F2E70098D9
:1064E0008B681840D1E901342340984208D188686C
:1064F00022EA00008C68E343984201D10120E1E7E1
:106500000020DFE72DE9F74F8CB004460F464FF02F
:106510000008B98CA1F11400C11700EB5171C1F34F
:10652000CF0A1420059060680990DDF8249099F84E
:10653000000000F00F001421B1EB800F04D06FF0C9
:1065400005000FB0BDE8F08F00BF608914280BDA9A
:1065500000BF72A34FF43F727FA186A0FEF7C0F97F
:1065600000BF6FF00500ECE700BFB9F8060001F0CE
:10657000FAF904900498C0F30C000790049800F412
:1065800000500390208914381FFA80FBBDE04FF6BD
:10659000FF7000EACA00584501DD584603E04FF697
:1065A000FF7000EACA0008904FF4207214210E20F8
:1065B00002F0FAFC054605B9ADE000BF6889142871
:1065C00008DA00BF55A34FF4497274A169A0FEF721
:1065D00087F900BF00BF142268680999F9F736FEF1
:1065E000D5F8049008980A9054E061890598081A33
:1065F00080B2029000BF61890598814208DA00BF2D
:1066000046A340F22D326DA15AA0FEF769F900BFF2
:1066100000BF02990A98884201DA0A9800E00298BD
:106620008046B8F1000F03D100200590246831E0C6
:1066300000F068FC06461EB9284603F053F96AE0EC
:10664000616805980844334641224146CDE9000877
:10665000002002F055FE0B900B9830B9304600F048
:1066600057FC284603F03EF955E0204603F0FAFABD
:1066700074615648306128460B9902F06BFE0A9807
:10668000A0EB080080B20A900A9810B10020059093
:10669000246800BF0A980028A7D10598404480B21A
:1066A0000590B88C1438584501DB012000E000202B
:1066B00006900798C0F30C000490069808B1039860
:1066C00018B1049840F400500490049801F04BF97C
:1066D000A9F806000899143188B201F044F9A9F824
:1066E00002000020A9F80A007B69294638460E9A64
:1066F0009847284603F0F6F80898ABEB00001FFA1D
:1067000080FB0798504480B20790BBF1000F7FF4E4
:106710003EAF002015E74FF0FF3012E72E2E2F4D31
:106720006964646C6577617265732F54686972641B
:106730005F50617274792F4C7749502F7372632FB9
:10674000636F72652F697076342F6970345F66727B
:1067500061672E63000000006970345F66726167D4
:1067600028293A207062756620746F6F2073686FF5
:1067700072740000417373657274696F6E20222514
:106780007322206661696C6564206174206C696E97
:106790006520256420696E2025730A00746869737A
:1067A000206E656564732061207062756620696E75
:1067B000206F6E652070696563652100702D3E6CE9
:1067C000656E203E3D20706F6666000061760008B1
:1067D0002DE9F04707460E467D6828780421B1EB85
:1067E000201F05D0384603F07DF80020BDE8F08773
:1067F000287800074FEA9068688801F0B4F881466D
:106800003989494503DD4946384603F077F97889E7
:10681000404505DB3889484502DBB8F1140F04DA3E
:10682000384603F05FF80020E0E728694D494861E9
:10683000E86808610846007D00F0F000E0280AD111
:1068400096F82D0000F0010018B1706808B13446C8
:106850001CE000241AE0304600F088F808B1344605
:1068600014E000243F48007D7F280FD03E48046894
:1068700009E0B44200D105E0204600F077F800B10D
:1068800003E000BF2468002CF3D100BF354908693C
:106890003146FFF710FE28B93248007C00F0F000C6
:1068A000E02804D1384603F01DF800209EE724B903
:1068B000384603F017F8002098E7E8884FF63F7154
:1068C000084038B1384600F055F907460FB90020A6
:1068D0008CE77D682348046046608560287800075F
:1068E000800E204988814146384603F009FA687ACB
:1068F00001280DD0062806D011280ED13146384681
:1069000009F000FC22E03146384604F0B1FE1DE0FB
:1069100031463846FFF700FC18E012494869214625
:10692000FFF7C9FD70B90F48007D00F0F000E028C6
:1069300008D00FFA88F1384603F0B6F8022138463D
:10694000FFF7E1FB384602F0CDFF00BF00BF00209B
:10695000044908604860886088810861486100BF18
:1069600044E700000C5400207C00002010B50446D1
:1069700094F82D0000F0010070B1606860B1074824
:1069800040696168884205D0044948692146FFF79B
:1069900092FD08B1012010BD0020FCE70C5400203E
:1069A0002DE9FE4F07460C4615469846DDE90C9A40
:1069B0000E9EA34625B10CB1206808B906F1040B60
:1069C00043462A4659463846CDE9009A029600F0D9
:1069D00003F8BDE8FE8F00002DE9F84F05460F468D
:1069E00090469A46DDF828B00C9E00BFA87B01288F
:1069F00008D000BF37A34FF4557243A145A0FDF75F
:106A00006FFF00BF00BFB8F1000F46D04FF0140970
:106A10001421284602F04AFA18B16FF00100BDE8CF
:106A2000F88F6C6800BF6889142808D200BF29A3BA
:106A30004FF4627241A137A0FDF752FF00BF00BFC3
:106A400084F808A00B986072D8F8000020614846CE
:106A50004FEAE97109EB9171C1F3870141F04001FF
:106A6000217084F801B0288900F07DFF608000204B
:106A7000E0803E48008800F076FFA0803B48008818
:106A8000401C3A4908801FB939480068E06001E0BD
:106A90003868E0600020608109E06889142802DA23
:106AA0006FF00100BBE76C6820690090E846B08C8D
:106AB00048B12889B18C884205DD424631462846D6
:106AC000FFF720FDABE742462946304673699847F9
:106AD000A5E700002E2E2F4D6964646C6577617206
:106AE00065732F54686972645F50617274792F4CBA
:106AF0007749502F7372632F636F72652F697076B9
:106B0000342F6970342E6300702D3E726566203D0F
:106B10003D203100417373657274696F6E202225C8
:106B20007322206661696C6564206174206C696EF3
:106B30006520256420696E2025730A0063686563FB
:106B40006B2074686174206669727374207062755A
:106B5000662063616E20686F6C6420737472756365
:106B6000742069705F68647200000000E600002015
:106B7000B00D01082DE9F14F84B0049845682878DC
:106B800000F00F001421B1EB800F00D011E1E88874
:106B900000F0E9FEC0F30C004FF6FF7101EAC00AF5
:106BA000688800F0E0FE074628780007810E029111
:106BB0000299B94200DDFCE00298381A87B20498C5
:106BC00002F07BFC06467D48018888190A280ADD08
:106BD0003146284600F0E6FC20B178480088304471
:106BE0000A2800DDE5E07648046811E06069E9689C
:106BF000884209D1A0692969884205D1A089A9885C
:106C0000884201D1012000E0002000B102E02468A8
:106C1000002CEBD100BF34B93146284600F0A8FB68
:106C2000044694B9C5E0E88800F09DFEC0F30C006E
:106C300058B9E08900F097FEC0F30C0028B1142287
:106C4000294604F10800F9F701FBE888012121EA4F
:106C500050100190019850B10AEB070188B25045DD
:106C600003DB4FF6EB71884200DD80E000BF204679
:106C7000019A049900F098F983460BF1010000B9DC
:106C800075E04E48008830444C490880019840B176
:106C90000AEB070188B2A083A17F41F00101A1772F
:106CA00000BFBBF1010F60D1A08B143080B2009007
:106CB00060684068D0F8009060684568142204F16C
:106CC00008012846F9F7C2FA009800F04CFE6880E7
:106CD0000020E8806881606804900DE0D9F8040025
:106CE00003901421484603F00BF84946049802F03B
:106CF00031FB0398D0F80090B9F1000FEED1304885
:106D00000068844202D14FF000080EE02C48D0F811
:106D1000008006E0D8F80000A04200D104E0D8F8D6
:106D20000080B8F1000FF5D100BF4146204600F0C9
:106D3000BDFA049802F0C1FB064600BF1F48008858
:106D4000B04208DA00BF1FA340F29B222CA133A05F
:106D5000FDF7C6FD00BF00BF18480088801B17491B
:106D60000880049805B0BDE8F08F0020FAE700BF66
:106D700044B900BF13A34FF42A7232A127A0FDF734
:106D8000AFFD00BF00BF606890B900BF0C4800684D
:106D9000844208D000BF0BA340F2AB222CA11FA05D
:106DA000FDF79EFD00BF00BF0021204600F07EFAE7
:106DB00000BF049802F096FD0020D3E7EC0000200D
:106DC000E80000202E2E2F4D6964646C6577617297
:106DD00065732F54686972645F50617274792F4CC7
:106DE0007749502F7372632F636F72652F697076C6
:106DF000342F6970345F667261672E630000000093
:106E000069705F72656173735F70627566636F75D9
:106E10006E74203E3D20636C656E000041737365A7
:106E20007274696F6E2022257322206661696C6519
:106E300064206174206C696E6520256420696E2071
:106E400025730A0069707220213D204E554C4C007C
:106E50006E6F74206669727374616C74686F7567A5
:106E600068206A75737420656E7175657565640058
:106E700010B502462148016821E091F82D0000F08C
:106E80000100D8B191F82D00C0F38000B0B148687E
:106E9000A0B110688B681840D1E9013423409842B2
:106EA00001D1084610BD91F82D0000F0020028B96C
:106EB0001068CB68984201D10846F3E709680029B9
:106EC000DBD10F480068A0B10D48006890F82D0094
:106ED00000F0010068B10A48006890F82D00C0F386
:106EE000800030B106480068406810B110787F28F3
:106EF00001D10020D6E702480068D3E77C000020DB
:106F00008000002010B5052001F036FA10BD000009
:106F100010B5044600BF002C08D100BF06A34FF4F3
:106F2000317214A116A0FDF7DBFC00BF00BF2146A3
:106F3000052001F053F910BD2E2E2F4D6964646CAD
:106F40006577617265732F54686972645F5061720E
:106F500074792F4C7749502F7372632F636F72656A
:106F60002F697076342F6970345F667261672E63A3
:106F7000000000007020213D204E554C4C000000C8
:106F8000417373657274696F6E20222573222066C7
:106F900061696C6564206174206C696E652025648C
:106FA00020696E2025730A002DE9F74F84B006464C
:106FB0008846002501200190D8F80400029002992B
:106FC000488800F0D0FC8346029800780007800EC5
:106FD00003900398584503DD681E07B0BDE8F08FA5
:106FE0000398ABEB00001FFA80FB0299C88800F001
:106FF000BAFCC0F30C004FF6FF7101EAC00A00BFF3
:1070000000BFD8F8044000202060A4F804A00AEBD8
:107010000B00E080E088504502DA4FF0FF30DCE7FB
:10702000D6F804903EE0D9F80470A088B988884268
:1070300020DAC4F800909DB1A088E988884203DB7B
:10704000E088B988884202DD4FF0FF30C5E7C5F817
:107050000080E888A18888420BD00020019008E0D9
:10706000E088B988884202DD4FF0FF30B5E7C6F806
:1070700004801AE0A088B988884202D14FF0FF301E
:10708000ABE7A088F988884202DA4FF0FF30A4E726
:107090002DB1E888B988884201D000200190D7F846
:1070A00000903D46B9F1000FBDD100BFB9F1000F0E
:1070B00028D1002D17D000BFE888A188884208DDBC
:1070C00000BF3EA34FF4DB724BA153A0FDF708FCB9
:1070D00000BF00BFC5F80080E888A188884211D0B1
:1070E000002001900EE000BF706840B100BF33A3E4
:1070F0004FF4DF7252A148A0FDF7F2FB00BF00BFC2
:10710000C6F80480069820B9B07F00F0010000287E
:1071100051D00198002848D0706818B17068406854
:10712000808810B1002001903FE02546D4F80090FF
:107130000BE0D9F80440E888A188884202D00020FA
:10714000019005E02546D4F80090B9F1000FF0D188
:1071500000BF0198002828D000BF706840B900BF68
:1071600016A340F2DF1244A12BA0FDF7B9FB00BF2C
:1071700000BF00BF70684068A04208D100BF0FA3E5
:107180004FF4F0723CA124A0FDF7AAFB00BF00BFA2
:1071900000BF206840B100BF08A34FF4F1723AA1CC
:1071A0001DA0FDF79DFB00BF00BF019808B10120A5
:1071B00013E7002011E700200FE700002E2E2F4DCF
:1071C0006964646C6577617265732F546869726471
:1071D0005F50617274792F4C7749502F7372632F0F
:1071E000636F72652F697076342F6970345F6672D1
:1071F00061672E6300000000636865636B20667240
:1072000061676D656E747320646F6E2774206F768E
:1072100065726C6170000000417373657274696F10
:107220006E2022257322206661696C65642061747A
:10723000206C696E6520256420696E2025730A0024
:107240006E6F2070726576696F7573206672616704
:107250006D656E742C2074686973206D757374206D
:107260006265207468652066697273742066726155
:10727000676D656E7421000073616E6974792063B7
:107280006865636B0000000076616C696461746519
:107290005F646174616772616D3A6E6578745F7086
:1072A000627566213D4E554C4C00000070B5044699
:1072B0000D460E480068A04203D10C4920680860C2
:1072C0000EE000BF002D08D100BF09A340F2451217
:1072D00016A11DA0FDF704FB00BF00BF20682860B9
:1072E0002146042000F07AFF70BD0000E800002075
:1072F0002E2E2F4D6964646C6577617265732F540F
:10730000686972645F50617274792F4C7749502FAD
:107310007372632F636F72652F697076342F697093
:10732000345F667261672E630000000073616E69EE
:10733000747920636865636B206C696E6B6564208B
:107340006C69737400000000417373657274696F37
:107350006E2022257322206661696C656420617449
:10736000206C696E6520256420696E2025730A00F3
:1073700070B505460E46042000F0FEFF044664B9D1
:107380003146284600F00EF9B04203DB042000F03D
:10739000F3FF04460CB9002070BD20212046F8F709
:1073A0007CFF0F20E07706480068206004480460F6
:1073B0001422294604F10800F8F748FF2046EBE7BD
:1073C000E80000202DE9F04704468846002500BF6C
:1073D000A04507D100BF40A3AB224EA150A0FDF7AE
:1073E0007FFA00BF00BFB8F1000F0DD000BFD8F882
:1073F0000000A04207D000BF37A3AD2252A148A091
:10740000FDF76EFA00BF00BF6068D0F80490B9F8CD
:107410000400002824D16768D9F8000060601422B5
:1074200004F108017868F8F711FF01213846FFF7E9
:1074300039F8384602F041F8064600BFA819B0F501
:10744000803F07DB00BF24A3BC2244A134A0FDF78A
:1074500047FA00BF00BFA81985B2384602F042FAC9
:1074600067681CE0D7F80490BA46D9F80070504617
:1074700002F023F8064600BFA819B0F5803F07DBED
:1074800000BF15A3CC2235A125A0FDF729FA00BF26
:1074900000BFA81985B2504602F024FA00BF002FA1
:1074A000E0D141462046FFF701FF00BF3348008886
:1074B000A84207DA00BF08A3D22231A118A0FDF725
:1074C0000FFA00BF00BF2D480088401B2B490880E1
:1074D0002846BDE8F08700002E2E2F4D6964646CAD
:1074E0006577617265732F54686972645F50617269
:1074F00074792F4C7749502F7372632F636F7265C5
:107500002F697076342F6970345F667261672E63FD
:10751000000000007072657620213D2069707200C5
:10752000417373657274696F6E2022257322206621
:1075300061696C6564206174206C696E65202564E6
:1075400020696E2025730A00707265762D3E6E6587
:107550007874203D3D20697072000000706275668D
:10756000735F6672656564202B20636C656E203CDA
:107570003D2030786666666600000000EC00002062
:1075800069705F72656173735F70627566636F7552
:107590006E74203E3D2070627566735F667265652D
:1075A000640000002DE9F84F05468946002700BF1A
:1075B0000026B2460020009083461B48046821E064
:1075C0006069E968884207D1A0692969884203D1C6
:1075D000A089A988884201D0012000E0002068B17C
:1075E0000BF1010B1EB92646CDF800A006E0E07FA6
:1075F000F17F884202DC2646CDF800A0206800B169
:10760000A2462468002CDBD12EB130460099FFF74A
:10761000D9FE804647444F4502DABBF1010FC7DC73
:107620003846BDE8F88F0000E800002070B500255E
:107630000A4804680FE0E07F002805DDE07F401E77
:10764000E0772546246806E0264624682946304629
:10765000FFF7B8FE00BF002CEDD170BDE8000020A0
:1076600070B505462C4600BF002C08D100BF0FA303
:1076700040F2CE221CA11FA0FDF732F900BF00BFCF
:1076800000BFAC4208D000BF08A340F2CF2223A124
:1076900018A0FDF725F900BF00BF606910B160694F
:1076A00002F020F92046FFF733FC70BD2E2E2F4D3F
:1076B0006964646C6577617265732F54686972647C
:1076C0005F50617274792F4C7749502F7372632F1A
:1076D000636F72652F697076342F6970345F6672DC
:1076E00061672E630000000070637220213D204E10
:1076F000554C4C00417373657274696F6E2022257E
:107700007322206661696C6564206174206C696E07
:107710006520256420696E2025730A00706372203D
:107720003D3D2070000000007CB5044600253A482D
:107730003A49086000208DF8000080208DF8010093
:10774000E1208DF8020000208DF803008DF8040080
:107750008DF80500C1F804D04FF400012F48816076
:107760002F49C1602F4901614FF4C0614161F9F7B0
:10777000DDFE054638212C48F8F78FFD21202A49E7
:1077800008604FF44000486100200861274800F07D
:10779000DDFD062084F82C0020484068007884F83D
:1077A00026001E4840684178272001551B48406844
:1077B00081782820015519484068C1782920015551
:1077C0001648406801792A200155144840684179DB
:1077D0002B20015540F2DC50A08494F82D0040F09D
:1077E0000A0084F82D0012491248FCF7C4F8114829
:1077F000FCF790F830B1204601F028FA204601F05D
:10780000BBF97CBD1DB92046FEF7A6FA01E0F9F7E9
:1078100019FB00BFF5E7000000800240D0520020B5
:107820003052002090510020805300207C0C010831
:107830000C000020B853002038B50446002000900A
:107840000448007818B969460348F9F79CFF009886
:1078500038BD000008000020D05200202DE9F04182
:107860008CB080460E460024002500273021684653
:10787000F8F713FD30216846F8F70FFD354629E08B
:10788000042C04D36FF00B000CB0BDE8F08104EBC6
:10789000440168684DF82100688904EB44016A4698
:1078A00002EB8101486054B104EB4400694601EBEE
:1078B0008001601E00EB400002EB800081602868C0
:1078C00030B9002004EB44016A4602EB8101886074
:1078D000641C2D68002DD3D1308906494860C1F859
:1078E00008D00846466314220348FAF731F93846AF
:1078F000CAE7000080530020D05200202DE9F0415B
:10790000044625466868804702F0E2FD06460D49B8
:10791000286809684718B81BB0F1004F01D301204F
:1079200000E0002030B1296888192246064902F09B
:107930003BFE04E022460449384602F035FEBDE82D
:10794000F0810000D4000020FD7800080146080600
:1079500001F47F4240EA022001F47F0240EA122053
:1079600040EA1160704701460806000C40EA112009
:107970007047000008B50020009000BF68468042B4
:1079800008D000BF0BA340F25112164916A0FCF715
:10799000A7FF00BF00BF00BF00BF00F04FF900F01D
:1079A000C5FC01F041F808F0A1FB03F055FE02F020
:1079B0009BFE08BD2E2E2F4D6964646C6577617245
:1079C00065732F54686972645F50617274792F4CCB
:1079D0007749502F7372632F636F72652F696E69D9
:1079E000742E6300B80D0108417373657274696F7A
:1079F0006E2022257322206661696C6564206174A3
:107A0000206C696E6520256420696E2025730A004C
:107A1000FAF758FAFCF7C8FAFCF728F8FBF7C2FFA8
:107A2000FCF724FAFCF740FAFCF778FAFCF794FA32
:107A3000FCF7E4F9FCF7C0F8FCF754FAFAF7D2FBCC
:107A40000B49B0FBF1F0C4B22046FDF793F80948AA
:107A5000FAF776FF08F050FA02F0DEFB06E0FCF7DA
:107A6000C1F909F0EFF80A20FDF78EF8F7E70000FA
:107A700040420F005C03002070B5054605B970BD9B
:107A800005F0030000280DD000BF00BF2BA340F27B
:107A9000732236A13EA0FCF723FF00BF00BF00BF4A
:107AA00000BFECE7A5F1080443480068844205D311
:107AB00005F10C004149096888420DD900BF00BF9B
:107AC0001EA340F27F223EA131A0FCF709FF00BFB8
:107AD00000BF00BF00BFD2E7207900280DD100BF52
:107AE00000BF16A34FF423723CA129A0FCF7F8FEB7
:107AF00000BF00BF00BF00BFC1E7204600F0CCF8C8
:107B000000280DD100BF00BF0CA340F295223DA17B
:107B10001FA0FCF7E5FE00BF00BF00BF00BFAEE73F
:107B20000020207144480068844201D24248046029
:107B3000204602F043FA00BFA1E700002E2E2F4D91
:107B40006964646C6577617265732F5468697264E7
:107B50005F50617274792F4C7749502F7372632F85
:107B6000636F72652F6D656D2E6300006D656D5FCF
:107B7000667265653A2073616E6974792063686521
:107B8000636B20616C69676E6D656E740000000048
:107B9000417373657274696F6E20222573222066AB
:107BA00061696C6564206174206C696E6520256470
:107BB00020696E2025730A004C0000205000002030
:107BC0006D656D5F667265653A20696C6C656761AD
:107BD0006C206D656D6F7279000000006D656D5FE2
:107BE000667265653A20696C6C6567616C206D65CD
:107BF0006D6F72793A20646F75626C65206672658C
:107C0000650000006D656D5F667265653A20696CA0
:107C10006C6567616C206D656D6F72793A206E6F6F
:107C20006E2D6C696E6B65643A20646F75626C656D
:107C300020667265650000005400002010B500BF8A
:107C400000BF114820F0030010490860084604688E
:107C50004FF4C86020800020608020714FF4C8601D
:107C600002F098FA0A4908600120096808714FF487
:107C7000C8600749096808800549096848800348C1
:107C800000680449086010BD275400204C00002003
:107C900050000020540000202DE9F0410446204609
:107CA00000F07AF90546208802F074FA06466088EA
:107CB00002F070FA07462088B0F5C86F10D86088C7
:107CC000B0F5C86F0CD86088A84202D03888A842A6
:107CD00006D106480068864205D07088A84202D0C6
:107CE0000020BDE8F0810120FBE7000050000020EB
:107CF0002DE9F0478146B9F1000F02D10020BDE81F
:107D0000F08709F1030020F0030085B20C2D00D2AA
:107D10000C25B5F5C86F01D84D4501DA0020EEE716
:107D20005848006800F038F90646A3E0304602F0F3
:107D300031FA0446207900287ED1218806F1080016
:107D4000081AA84278D3218806F10800091A05F11B
:107D50001400814229D306F1080028441FFA80F854
:107D600000BFB8F5C86F08D100BF47A340F2873203
:107D700051A156A0FCF7B4FD00BF00BF404602F081
:107D800009FA074600213971218839807E80A4F8DC
:107D90000080012020713888B0F5C86F07D038887E
:107DA00002F0F8F9A0F8028001E0012020713548C6
:107DB0000068844227D13348D0F800A004E0BAF824
:107DC000000002F0E7F982469AF8040018B1494829
:107DD00000688245F3D12B48C0F800A000BF0068BE
:107DE0004449096888420CD026480068007940B1AF
:107DF00000BF25A340F2B5323FA134A0FCF770FDCF
:107E000000BF00BF00BF00BF04F10800284439498B
:107E10000968884208D900BF1BA340F2B9323DA1CE
:107E20002AA0FCF75DFD00BF00BF00BF04F0030007
:107E300050B100BF14A300E018E040F2BB3241A1F2
:107E400022A0FCF74DFD00BF00BF00BF04F00300FF
:107E500040B100BF0CA340F2BD3246A11BA0FCF70D
:107E60003FFD00BF00BF04F1080048E7304602F0C4
:107E700091F90688C5F5C860B0423FF657AF0020BB
:107E80003DE70000540000202E2E2F4D6964646CE5
:107E90006577617265732F54686972645F506172AF
:107EA00074792F4C7749502F7372632F636F72650B
:107EB0002F6D656D2E630000696E76616C696420BC
:107EC0006E657874207074720000000041737365F1
:107ED0007274696F6E2022257322206661696C6559
:107EE00064206174206C696E6520256420696E20B1
:107EF00025730A00500000206D656D5F6D616C6C2C
:107F00006F633A20216C667265652D3E75736564FA
:107F1000000000006D656D5F6D616C6C6F633A20F1
:107F2000616C6C6F6361746564206D656D6F7279EF
:107F3000206E6F742061626F76652072616D5F657F
:107F40006E642E006D656D5F6D616C6C6F633A20C1
:107F5000616C6C6F6361746564206D656D6F7279BF
:107F60002070726F7065726C7920616C69676E65E4
:107F7000642E00006D656D5F6D616C6C6F633A20FF
:107F800073616E69747920636865636B20616C69E5
:107F9000676E6D656E740000014602480088081A1D
:107FA00080B270474C0000202DE9F84F81468B4687
:107FB0000BF1030020F0030085B20C2D00D20C253C
:107FC000B5F5C86F01D85D4502DA0020BDE8F88F2D
:107FD00000BF56480068814503D355480068814575
:107FE00008D300BF53A340F2D1225EA163A0FCF7E7
:107FF00077FC00BF00BF4D480068814503D34C4863
:108000000068814503D300BF00BF4846DEE7A9F101
:1080100008063046FFF7C0FF07463188C81B0838FE
:108020001FFA80FA00BF554508DD00BF41A34FF499
:1080300039725CA151A0FCF753FC00BF00BF55454D
:1080400001DD0020C2E7554501D14846BEE7308832
:1080500002F0A0F804462079002833D100BF308810
:10806000B0F5C86F08D100BF32A340F2F52255A188
:1080700042A0FCF735FC00BF00BF2088009007F14C
:10808000080028441FFA80F853480068A04204D131
:10809000404602F07FF850490860404602F07AF806
:1080A000044600202071009820806780A6F8008098
:1080B0002088B0F5C86F04D0208802F06BF8A0F8D3
:1080C000028031E005F1140050452DD807F1080079
:1080D00028441FFA80F800BF3088B0F5C86F08D177
:1080E00000BF14A340F2163236A124A0FCF7F8FB1F
:1080F00000BF00BF404602F04DF804463648006815
:10810000844201D2344804600020207130882080ED
:108110006780A6F800802088B0F5C86F04D020885A
:1081200002F038F8A0F8028048464FE74C000020E3
:10813000500000202E2E2F4D6964646C65776172AB
:1081400065732F54686972645F50617274792F4C43
:108150007749502F7372632F636F72652F6D656D52
:108160002E6300006D656D5F7472696D3A206C65F9
:1081700067616C206D656D6F727900004173736586
:108180007274696F6E2022257322206661696C65A6
:1081900064206174206C696E6520256420696E20FE
:1081A00025730A006D656D5F7472696D2063616E81
:1081B000206F6E6C7920736872696E6B206D656DCF
:1081C0006F727900696E76616C6964206E6578748F
:1081D00020707472000000005400002070B5044646
:1081E0000D4600BF092C09DB00BF0AA34FF4D5726E
:1081F00014A11BA0FCF774FB00BF70BD00BF05B944
:10820000FBE7214951F824002946FCF7FFFC00BF99
:10821000F3E700002E2E2F4D6964646C6577617260
:1082200065732F54686972645F50617274792F4C62
:108230007749502F7372632F636F72652F6D656D71
:10824000702E63006D656D705F667265653A2074AF
:10825000797065203C204D454D505F4D41580000E0
:10826000417373657274696F6E20222573222066D4
:1082700061696C6564206174206C696E6520256499
:1082800020696E2025730A00200D010870B5044690
:108290000D4600BF002C08D100BF09A340F2951283
:1082A00013A118A0FCF71CFB00BF00BF04B105B967
:1082B00070BD29462046FCF7A9FC00BFF8E7000086
:1082C0002E2E2F4D6964646C6577617265732F542F
:1082D000686972645F50617274792F4C7749502FCE
:1082E0007372632F636F72652F6D656D702E6300FF
:1082F000696E76616C696420706F6F6C2064657361
:1083000063000000417373657274696F6E202225EB
:108310007322206661696C6564206174206C696EEB
:108320006520256420696E2025730A0010B500249D
:1083300006E0054951F8240000F008F8601C84B2FA
:10834000092CF6D310BD0000200D010810B5002344
:10835000846823604368DB1C23F00301002207E0EC
:1083600083681B680B608368196003881944521C7A
:1083700043889342F4DC10BD70B5044600BF092C5D
:108380000ADB00BF09A340F2571214A11BA0FCF79F
:10839000A7FA00BF002070BD00BF224951F8240099
:1083A000FCF78AFC05462846F5E700002E2E2F4DE7
:1083B0006964646C6577617265732F54686972646F
:1083C0005F50617274792F4C7749502F7372632F0D
:1083D000636F72652F6D656D702E63006D656D70D6
:1083E0005F6D616C6C6F633A2074797065203C201E
:1083F0004D454D505F4D415800000000417373657D
:108400007274696F6E2022257322206661696C6523
:1084100064206174206C696E6520256420696E207B
:1084200025730A00200D010810B5044600BF002C7A
:1084300008D100BF07A34FF49E7212A116A0FCF74B
:108440004FFA00BF00BF0CB9002010BD2046FCF75A
:1084500033FCFAE72E2E2F4D6964646C65776172E8
:1084600065732F54686972645F50617274792F4C20
:108470007749502F7372632F636F72652F6D656D2F
:10848000702E6300696E76616C696420706F6F6C2A
:108490002064657363000000417373657274696FD3
:1084A0006E2022257322206661696C6564206174E8
:1084B000206C696E6520256420696E2025730A0092
:1084C00070B505460C46FE202070EE2060702878BE
:1084D000A0700020E07068782071FF20607100209B
:1084E000A071E07120726072A072E07295ED010AD5
:1084F000DFED5F0A20EE200ABDEEC00A10EE100A82
:10850000207395ED010ADFED5A0A20EE200ABDEE38
:10851000C00A10EE100A000A607395ED020ADFED42
:10852000550A20EE200ABDEEC00A10EE100AA07314
:1085300095ED020ADFED4F0A20EE200ABDEEC00ADB
:1085400010EE100A000AE07395ED030ADFED4A0A07
:1085500060EE200AB0EE001A80EE810ADFED470AD5
:1085600080EE201ABDEEC10A10EE100A207495EDBF
:10857000030ADFED410A60EE200AB0EE001A80EE39
:10858000810ADFED3E0A80EE201ABDEEC10A10EE30
:10859000100A000A607495ED030ADFED370A60EEF9
:1085A000200AB0EE001A80EE810ADFED340A80EE78
:1085B000201ABDEEC10A10EE100A000CA07495ED51
:1085C000030ADFED2D0A60EE200AB0EE001A80EEFD
:1085D000810ADFED2A0A80EE201ABDEEC10A10EEF4
:1085E000100A000EE07495ED040ADFED250A20EE76
:1085F000200ABDEEC00A10EE100A207595ED040A9F
:10860000DFED1F0A20EE200ABDEEC00A10EE100AB0
:10861000000A607595ED050ADFED1A0A20EE200AC2
:10862000BDEEC00A10EE100AA07595ED050ADFED4B
:10863000150A20EE200ABDEEC00A10EE100A000A4C
:10864000E075002020766076A076E076207760776F
:1086500007212046FCF75CFA0646A677300AE07749
:10866000300C84F82000300E84F8210070BD00002A
:10867000000080430000004300008046DB0F4940BB
:1086800000000045000080442DE9F05F04460E46DE
:1086900017469846DDE90AB900BF002C0BD100BF90
:1086A00049A340F2271255A15BA0FCF719F900BFBE
:1086B0000020BDE8F09F00BF00BFB9F1000F0AD154
:1086C00000BF41A34FF494725DA153A0FCF708F9D9
:1086D00000BF0020EDE700BF06B9624E07B9614F49
:1086E000B8F1000F01D1DFF87C8100206060A0604C
:1086F000E0605D4860610020A08484F82D00E061A6
:10870000C4F820B05948007884F830000C982061F3
:1087100043463A463146204600F0F8F92046C8471D
:1087200008B10020C5E700BF94F83000FF2802D14F
:10873000002084F830004FF0000A4D48056829E019
:1087400000BFA54208D100BF1FA340F28B1249A170
:1087500031A0FCF7C5F800BF00BF0AF1010A00BF55
:10876000BAF1FF0F08DD00BF17A340F28D1246A13A
:1087700029A0FCF7B5F800BF00BF95F8300094F8C9
:108780003010884205D194F83000401C84F8300045
:1087900002E02D68002DD3D100BF002DC4D194F884
:1087A0003000FE2803D100203049087004E094F81E
:1087B0003000401C2D4908702D48006820602C486E
:1087C0000460204675E700002E2E2F4D6964646C0E
:1087D0006577617265732F54686972645F50617266
:1087E00074792F4C7749502F7372632F636F7265C2
:1087F0002F6E657469662E63000000006E657469F3
:10880000665F6164643A20696E76616C6964206EAB
:108810006574696600000000417373657274696F66
:108820006E2022257322206661696C656420617464
:10883000206C696E6520256420696E2025730A000E
:108840006E657469665F6164643A204E6F20696E7C
:1088500069742066756E6374696F6E2067697665EA
:108860006E000000B00D0108058B00088400002098
:108870007C0000206E6574696620616C72656164BD
:108880007920616464656400746F6F206D616E7936
:10889000206E65746966732C206D61782E20737567
:1088A00070706F72746564206E756D626572206998
:1088B000732032353500000070B504460D46294658
:1088C000204603F0DFFD2946204607F0E9FD70BD94
:1088D00010B503460868DC68A04201D1012000E021
:1088E000002030B909B9002000E00868D8600120F4
:1088F00010BD0020FCE70000F8B505460C46164602
:1089000000BF002C08D100BF18A340F2CB1224A155
:1089100027A0FBF7E5FF00BF00BF00BF46B900BFBF
:1089200012A34FF4E6721EA121A0FBF7D9FF00BFEE
:1089300000BF20686968884201D1012000E0002062
:1089400090B9206800906868306069463046FFF74B
:10895000B3FF0CB9002000E02068686001212846C0
:1089600000F064F80120F8BD0020FCE72E2E2F4D0A
:108970006964646C6577617265732F5468697264A9
:108980005F50617274792F4C7749502F7372632F47
:10899000636F72652F6E657469662E630000000058
:1089A000696E76616C696420706F696E74657200BF
:1089B000417373657274696F6E202225732220667D
:1089C00061696C6564206174206C696E6520256442
:1089D00020696E2025730A0010B5034608689C685C
:1089E000A04201D1012000E0002030B909B90020E7
:1089F00000E008689860012010BD0020FCE700003E
:108A000002466AB10748016808E091F83000401C4E
:108A1000C0B2904201D10846704709680029F4D1DC
:108A20000020F9E77C0000207047000070B5044684
:108A30000D4600BF002C08D100BF12A340F26D32DA
:108A40001DA126A0FBF74CFF00BF00BF94F82D002E
:108A500000F0040020B194F82D0000F0010000B9EE
:108A600070BD05F0010050B1606840B194F82D0070
:108A700000F0080018B1211D2046FCF7CDFF00BF13
:108A8000EEE700002E2E2F4D6964646C65776172ED
:108A900065732F54686972645F50617274792F4CEA
:108AA0007749502F7372632F636F72652F6E6574F1
:108AB00069662E63000000006E657469665F697305
:108AC0007375655F7265706F7274733A20696E7644
:108AD000616C6964206E657469660000417373653A
:108AE0007274696F6E2022257322206661696C653D
:108AF00064206174206C696E6520256420696E2095
:108B000025730A0003466FF00B0070472DE9F84FFC
:108B100080460C4615461E464FF00009CA4604B969
:108B2000114C05B9104D06B90F4E0CB1206808B9AB
:108B3000012000E00020074627B16A462146404652
:108B4000FFF7DAFE4A4629464046FFF745FF524600
:108B500031464046FFF7BCFE27B96A4621464046EB
:108B6000FFF7CAFEBDE8F88FB00D010801490860A3
:108B7000704700008000002010B5044600BF002CA4
:108B800009D100BF10A340F29B321CA123A0FBF728
:108B9000A7FE00BF10BD00BF94F82D0000F001003B
:108BA00078B100BF94F82D0000F0FE0084F82D008D
:108BB00000BF94F82D0000F0080010B12046FCF72B
:108BC000F3F800BFE6E700002E2E2F4D6964646CB9
:108BD0006577617265732F54686972645F50617262
:108BE00074792F4C7749502F7372632F636F7265BE
:108BF0002F6E657469662E63000000006E657469EF
:108C0000665F7365745F646F776E3A20696E766134
:108C10006C6964206E657469660000004173736559
:108C20007274696F6E2022257322206661696C65FB
:108C300064206174206C696E6520256420696E2053
:108C400025730A0000B1C1617047000010B50446E9
:108C500000BF002C09D100BF0FA340F206421BA1A8
:108C600023A0FBF73DFE00BF10BD00BF94F82D0010
:108C700000F0040070B100BF94F82D0000F0FB007C
:108C800084F82D0000BF00BFE06910B12046E16903
:108C9000884700BF00BFE7E72E2E2F4D6964646C44
:108CA0006577617265732F54686972645F50617291
:108CB00074792F4C7749502F7372632F636F7265ED
:108CC0002F6E657469662E63000000006E6574691E
:108CD000665F7365745F6C696E6B5F646F776E3A25
:108CE00020696E76616C6964206E65746966000047
:108CF000417373657274696F6E202225732220663A
:108D000061696C6564206174206C696E65202564FE
:108D100020696E2025730A0010B5044600BF002CA0
:108D200009D100BF11A34FF478721DA125A0FBF754
:108D3000D7FD00BF10BD00BF94F82D0000F0040067
:108D400090B900BF94F82D0040F0040084F82D0085
:108D500000BF03212046FFF769FE00BFE06910B1A4
:108D60002046E169884700BF00BFE3E72E2E2F4D64
:108D70006964646C6577617265732F5468697264A5
:108D80005F50617274792F4C7749502F7372632F43
:108D9000636F72652F6E657469662E630000000054
:108DA0006E657469665F7365745F6C696E6B5F7521
:108DB000703A20696E76616C6964206E65746966CC
:108DC00000000000417373657274696F6E20222584
:108DD0007322206661696C6564206174206C696E21
:108DE0006520256420696E2025730A0010B50446AD
:108DF00000BF002C09D100BF0EA34FF454721AA17A
:108E000020A0FBF76DFD00BF10BD00BF94F82D0042
:108E100000F0010058B900BF94F82D0040F00100A7
:108E200084F82D0000BF03212046FFF7FFFD00BF9F
:108E3000EAE700002E2E2F4D6964646C657761723D
:108E400065732F54686972645F50617274792F4C36
:108E50007749502F7372632F636F72652F6E65743D
:108E600069662E63000000006E657469665F736555
:108E7000745F75703A20696E76616C6964206E6506
:108E800074696600417373657274696F6E20222580
:108E90007322206661696C6564206174206C696E60
:108EA0006520256420696E2025730A0070B504468C
:108EB0000D4600222946204600F002F870BD000051
:108EC0002DE9F04704460D46904600BF44B900BF67
:108ED0001CA340F2DF1227A129A0FBF701FD00BF70
:108EE00000BF14B1B5F5803F02D30120BDE8F08783
:108EF0000DB90020FAE7AEB22089304480B2B0420A
:108F000001DA0120F2E794F80C9009F0800038B102
:108F10006068471B04F11000874209D20120E5E791
:108F2000B8F1000F02D06068471B01E00120DDE7C7
:108F3000676060893044608120893044208100204E
:108F4000D4E700002E2E2F4D6964646C6577617242
:108F500065732F54686972645F50617274792F4C25
:108F60007749502F7372632F636F72652F7062752C
:108F7000662E63007020213D204E554C4C000000B1
:108F8000417373657274696F6E20222573222066A7
:108F900061696C6564206174206C696E652025646C
:108FA00020696E2025730A002DE9FE4F82460E4689
:108FB00090465746B8F1010F0AD0B8F1410F06D0DC
:108FC000B8F5C17F0BD0B8F5207F7CD168E000BF39
:108FD00042463146002000F035F90446ACE000245A
:108FE00000200290B14600BF0820FFF7C5F90546F2
:108FF00035B914B1204600F075FC0020BDE8FE8FA5
:10900000F81C20F00300C0F5147080B2484501DD63
:10901000484605E0F81C20F00300C0F5147080B24B
:1090200083460020CDE9008005F110003844C01CC3
:1090300020F003015B464A46284600F04FFD00BF82
:10904000287900F00300002808D000BF3CA34FF4AB
:10905000807247A152A0FBF743FC00BF00BF00BFD6
:10906000F81C20F00300C0F51470002808D100BFE0
:1090700033A34FF4817254A149A0FBF731FC00BF28
:1090800000BF0CB92C4601E0029805600295A9EBDF
:109090000B001FFA80F90027B9F1000FA4DC4BE0A8
:1090A000F81C20F00301F01C20F00300084485B2F6
:1090B00005F110001FFA80F9F01C20F00300A8420F
:1090C00006D8F01C00E02AE020F00300484501D952
:1090D000002093E74846FEF70BFE04460CB900203B
:1090E0008CE70020CDE9008004F110003844C01C5A
:1090F00020F0030133463246204600F0EFFC00BF6B
:10910000207900F0030040B100BF0DA34FF491722D
:109110003AA123A0FBF7E4FB00BF00BF0CE000BFB7
:1091200000BF07A340F227123FA11DA0FBF7D8FB09
:1091300000BF00BF002061E700BF20465EE70000DF
:109140002E2E2F4D6964646C6577617265732F54A0
:10915000686972645F50617274792F4C7749502F3F
:109160007372632F636F72652F706275662E630072
:10917000706275665F616C6C6F633A2070627566D1
:1091800020712D3E7061796C6F61642070726F7018
:1091900065726C7920616C69676E6564000000001F
:1091A000417373657274696F6E2022257322206685
:1091B00061696C6564206174206C696E652025644A
:1091C00020696E2025730A00504255465F504F4F6C
:1091D0004C5F42554653495A45206D757374206261
:1091E0006520626967676572207468616E204D450D
:1091F0004D5F414C49474E4D454E54007062756677
:109200005F616C6C6F633A20706275662D3E7061B1
:10921000796C6F61642070726F7065726C79206117
:109220006C69676E65640000706275665F616C6C86
:109230006F633A206572726F6E656F757320747913
:10924000706500002DE9FC4107460D46144600BF3D
:10925000412C0AD0012C08D000BF0EA34FF4A572F8
:1092600018A11DA0FBF73CFB00BF00BF0720FFF7C4
:1092700083F8064616B90020BDE8FC8100202B4685
:109280002A463946CDE90040304600F027FC3046FA
:10929000F2E700002E2E2F4D6964646C65776172D1
:1092A00065732F54686972645F50617274792F4CD2
:1092B0007749502F7372632F636F72652F706275D9
:1092C000662E6300696E76616C69642070627566F3
:1092D0005F74797065000000417373657274696F23
:1092E0006E2022257322206661696C65642061749A
:1092F000206C696E6520256420696E2025730A0044
:109300002DE9FC5F05460C4617469846DDE90C9BA7
:10931000AA460AF1030020F003002044584502D970
:109320000020BDE8FC9FB9F1000F06D00AF1030050
:1093300020F0030000EB090600E00026022023468F
:1093400022463146CDE90070404600F0C7FB40465A
:10935000E7E7000070B506460D4600BF0EB1002DD0
:1093600009D100BF1BA340F2593226A133A0FBF75D
:10937000B7FA00BF70BD00BF344604E020892989D8
:1093800008442081246820680028F7D100BF208984
:109390006189884208D000BF0EA340F2623231A139
:1093A00026A0FBF79DFA00BF00BF00BF206840B1B8
:1093B00000BF08A340F2633236A120A0FBF790FA69
:1093C00000BF00BF2089298908442081256000BF93
:1093D000D0E700002E2E2F4D6964646C65776172B2
:1093E00065732F54686972645F50617274792F4C91
:1093F0007749502F7372632F636F72652F70627598
:10940000662E6300286820213D204E554C4C2920B3
:10941000262620287420213D204E554C4C292028FA
:1094200070726F6772616D6D65722076696F6C61C5
:109430007465732041504929000000004173736531
:109440007274696F6E2022257322206661696C65D3
:1094500064206174206C696E6520256420696E202B
:1094600025730A00702D3E746F745F6C656E203D2D
:109470003D20702D3E6C656E20286F66206C6173F8
:1094800074207062756620696E20636861696E2958
:1094900000000000702D3E6E657874203D3D204E2A
:1094A000554C4C0070B505460C4621462846FFF742
:1094B00051FF204600F0D6FB70BD0146002002E0BF
:1094C000421C90B209680029FAD170472DE9F04199
:1094D00080460E461446218932464046FFF764FD19
:1094E000074617B90020BDE8F0812146384600F054
:1094F00045F8054600BF45B100BF05A340F2245220
:109500000FA114A0FBF7ECF900BF00BF3846EAE753
:109510002E2E2F4D6964646C6577617265732F54CC
:10952000686972645F50617274792F4C7749502F6B
:109530007372632F636F72652F706275662E63009E
:10954000706275665F636F7079206661696C6564CF
:1095500000000000417373657274696F6E202225EC
:109560007322206661696C6564206174206C696E89
:109570006520256420696E2025730A002DE9F041DD
:1095800005460C460026002700BF25B11CB12889DE
:10959000218988420CDA00BF44A340F2C9324FA1AE
:1095A0005AA0FBF79DF900BF6FF00F00BDE8F081F6
:1095B00000BF00BF6889801B6189C91B884203D333
:1095C0006089A0EB070802E06889A0EB06086268E2
:1095D000D1196A6890194246F6F738FE4644474466
:1095E00000BF6889B04208D200BF30A340F2D93230
:1095F00050A146A0FBF774F900BF00BF00BF60890F
:10960000B84208D200BF29A340F2DA324FA13FA0EE
:10961000FBF766F900BF00BF6089B84201D8002798
:1096200024686889B04211D100262D6800BF65B951
:109630005CB100BF1DA34FF479724BA133A0FBF7BF
:109640004FF900BF6FF00F00B0E700BF002C13D040
:109650006089218988420FD100BF206858B100BFBE
:1096600012A340F2E93244A128A0FBF739F900BF68
:109670006FF005009AE700BF002D13D06889298993
:1096800088420FD100BF286858B100BF07A340F23D
:10969000EE3239A11DA0FBF723F900BF6FF00500E2
:1096A00084E700BF002C85D100207FE72E2E2F4DB0
:1096B0006964646C6577617265732F54686972645C
:1096C0005F50617274792F4C7749502F7372632FFA
:1096D000636F72652F706275662E630070627566C7
:1096E0005F636F70793A20746172676574206E6F82
:1096F000742062696720656E6F75676820746F20DB
:10970000686F6C6420736F75726365004173736575
:109710007274696F6E2022257322206661696C6500
:1097200064206174206C696E6520256420696E2058
:1097300025730A006F66667365745F746F203C3D25
:1097400020705F746F2D3E6C656E00006F666673EF
:1097500065745F66726F6D203C3D20705F66726F4E
:109760006D2D3E6C656E0000705F746F20213D2092
:109770004E554C4C00000000706275665F636F7060
:1097800079282920646F6573206E6F7420616C6C7A
:109790006F77207061636B65742071756575657393
:1097A000210000002DE9F05F8046894616461D46DF
:1097B0004FF0000AD34600BFB8F1000F0BD100BF35
:1097C00021A340F20A422CA133A0FBF789F800BF85
:1097D0000020BDE8F09F00BF00BFB9F1000F0AD123
:1097E00000BF19A340F20B4235A12BA0FBF778F87C
:1097F00000BF0020EDE700BF444620E035B160899E
:10980000A84203DC6089281A85B217E06089401BF2
:1098100087B2B74200DD37466268511909EB0A008A
:109820003A46F6F713FD0BEB07001FFA80FB0AEB35
:1098300007001FFA80FAF01B86B2002524680EB1DB
:10984000002CDBD15846C4E72E2E2F4D6964646C82
:109850006577617265732F54686972645F506172D5
:1098600074792F4C7749502F7372632F636F726531
:109870002F706275662E6300706275665F636F702D
:10988000795F7061727469616C3A20696E76616C9F
:109890006964206275660000417373657274696F54
:1098A0006E2022257322206661696C6564206174D4
:1098B000206C696E6520256420696E2025730A007E
:1098C000706275665F636F70795F706172746961F1
:1098D0006C3A20696E76616C6964206461746170B1
:1098E000747200002DE9F0470446002C0ED100BF31
:1098F00044B900BF35A34FF4377240A142A0FAF734
:10990000EFFF00BF00BF0020BDE8F087002658E051
:1099100000BFA07B002808DC00BF2CA340F2F1228E
:1099200043A139A0FAF7DCFF00BF00BFA07B401EB7
:1099300000F0FF0884F80E80B8F1000F3FD12768CF
:10994000207B00F00F05607B00F00200002814D09F
:10995000A14600BFD9F81000002808D100BF1BA302
:1099600040F2FF2238A128A0FAF7BAFF00BF00BFDB
:109970002046D9F8101088471DE0022D04D1214659
:109980000820FEF72BFC16E0012D04D1214607200C
:10999000FEF724FC0FE01DB92046FEF76DF80AE043
:1099A00000BF00BF09A340F20F3230A116A0FAF7A2
:1099B00097FF00BF00BF701CC6B23C4600E0002409
:1099C00000BF002CA4D130469EE700002E2E2F4D64
:1099D0006964646C6577617265732F546869726439
:1099E0005F50617274792F4C7749502F7372632FD7
:1099F000636F72652F706275662E63007020213D63
:109A0000204E554C4C000000417373657274696FB1
:109A10006E2022257322206661696C656420617462
:109A2000206C696E6520256420696E2025730A000C
:109A3000706275665F667265653A20702D3E72656C
:109A400066203E203000000070632D3E6375737405
:109A50006F6D5F667265655F66756E6374696F6E64
:109A600020213D204E554C4C00000000696E76616F
:109A70006C696420706275662074797065000000FE
:109A800070B50446254629460548FEF7FFFB054804
:109A90000078012802D100200249087070BD000042
:109AA0007C0C01080800002070B504460D46012218
:109AB0002946204600F001F870BD70B505460C46F9
:109AC0001646002C04DA6142284600F019F970BDF0
:109AD000324621462846FFF7F3F9F8E770B5DDE98D
:109AE000044500260660416002814381047345738A
:109AF000012686730026C67370BD00002DE9F04173
:109B000006460F4600BF002E08D100BF2CA34FF41D
:109B1000CC7237A13CA0FAF7E3FE00BF00BF30894A
:109B2000B84201DCBDE8F0813089C01B1FFA80F823
:109B30003D46344613E06089281A85B22089A0EB9F
:109B400008002081246800BF44B900BF1CA340F274
:109B5000AF1237A12CA0FAF7C3FE00BF00BF608987
:109B6000A842E8DB207B00F00F0000281BD16089B1
:109B7000A84218D0607B00F00200002813D1A08812
:109B8000001B284481B22046FEF70EFA044600BFAF
:109B900044B900BF0AA340F2BD122BA11AA0FAF7E4
:109BA0009FFE00BF00BF658160892081206810B1E1
:109BB0002068FFF797FE0020206000BFB2E700009A
:109BC0002E2E2F4D6964646C6577617265732F5416
:109BD000686972645F50617274792F4C7749502FB5
:109BE0007372632F636F72652F706275662E6300E8
:109BF000706275665F7265616C6C6F633A2070208D
:109C0000213D204E554C4C00417373657274696F51
:109C10006E2022257322206661696C656420617460
:109C2000206C696E6520256420696E2025730A000A
:109C3000706275665F7265616C6C6F633A2071204B
:109C4000213D204E554C4C006D656D5F7472696D01
:109C50002072657475726E65642071203D3D204EE2
:109C6000554C4C0010B50446002C12D000BFA07B10
:109C7000401CA07300BF00BFA07B002808DC00BF11
:109C800004A340F242320FA113A0FAF729FE00BF4D
:109C900000BF10BD2E2E2F4D6964646C6577617214
:109CA00065732F54686972645F50617274792F4CC8
:109CB0007749502F7372632F636F72652F706275CF
:109CC000662E63007062756620726566206F766529
:109CD00072666C6F77000000417373657274696F10
:109CE0006E2022257322206661696C656420617490
:109CF000206C696E6520256420696E2025730A003A
:109D00002DE9F04104460D4600BF44B900BF18A339
:109D100040F24B2222A125A0FAF7E2FD00BF00BFCE
:109D200014B1B5F5803F02D30120BDE8F0810DB933
:109D30000020FAE7AEB200BF6089B0420ADA00BF85
:109D40000BA340F2552223A118A0FAF7C9FD00BFCA
:109D50000120EAE700BF67686068284460606089A6
:109D6000801B60812089801B20810020DDE70000AE
:109D70002E2E2F4D6964646C6577617265732F5464
:109D8000686972645F50617274792F4C7749502F03
:109D90007372632F636F72652F706275662E630036
:109DA0007020213D204E554C4C00000041737365DE
:109DB0007274696F6E2022257322206661696C655A
:109DC00064206174206C696E6520256420696E20B2
:109DD00025730A00696E6372656D656E745F6D61EF
:109DE000676E6974756465203C3D20702D3E6C651E
:109DF0006E0000002DE9F0470446884616463746B7
:109E00004FF0000A00BF002C0CD100BF34A340F279
:109E1000B3423FA144A0FAF763FD00BF6FF00F000B
:109E2000BDE8F08700BF00BFB8F1000F0BD100BF45
:109E30002BA340F2B44246A13BA0FAF751FD00BF6C
:109E40006FF00F00ECE700BF00BF2089B0420BDAD3
:109E500000BF23A340F2B54244A133A0FAF740FD6E
:109E600000BF4FF0FF30DBE700BF2CB1B8F1000FAF
:109E700002D02089B04202DA6FF00F00D0E7254609
:109E80001BE000BF45B900BF15A340F2BD423FA192
:109E900025A0FAF725FD00BF00BFB94668894845EF
:109EA00001D2B5F80A9008EB0A014A466868F6F74D
:109EB000CDF9A7EB0907CA442D68002FE1D100BFF7
:109EC0000FB9B24508D000BF05A34FF4996235A180
:109ED00015A0FAF705FD00BF00BF0020A0E70000B5
:109EE0002E2E2F4D6964646C6577617265732F54F3
:109EF000686972645F50617274792F4C7749502F92
:109F00007372632F636F72652F706275662E6300C4
:109F1000706275665F74616B653A20696E76616C1C
:109F20006964206275660000417373657274696FBD
:109F30006E2022257322206661696C65642061743D
:109F4000206C696E6520256420696E2025730A00E7
:109F5000706275665F74616B653A20696E76616CDC
:109F60006964206461746170747200007062756667
:109F70005F74616B653A20627566206E6F74206C49
:109F80006172676520656E6F7567680070627566DF
:109F90005F74616B653A20696E76616C69642070EC
:109FA00062756600646964206E6F7420636F7079F7
:109FB00020616C6C20646174610000002DE9F04147
:109FC000044600BF3B480068844208D200BF3AA361
:109FD00040F2DF1244A14AA0FAF782FC00BF00BFA2
:109FE00000BF51480068844208D300BF32A34FF439
:109FF000F0724EA142A0FAF773FC00BF00BF00BF91
:10A000002079002808D000BF2BA340F2E1124EA116
:10A010003BA0FAF765FC00BF00BF00BF2088B0F589
:10A02000C86F08D900BF24A34FF4F2724DA134A029
:10A03000FAF756FC00BF00BF208800F0ABF80546D9
:10A04000AC4219D02879B8B937480068854213D096
:10A050004F480068A84201D14D48046028882080FC
:10A060002888B0F5C86F07D02046FDF795FF074652
:10A07000288800F08FF84780608800F08BF806464B
:10A08000A64215D0307998B941480068A04201D164
:10A090003F480660208830802088B0F5C86F07D020
:10A0A0003046FDF779FF0746208800F073F84780B7
:10A0B000BDE8F0814C0000202E2E2F4D6964646CA9
:10A0C0006577617265732F54686972645F5061725D
:10A0D00074792F4C7749502F7372632F636F7265B9
:10A0E0002F6D656D2E630000706C75675F686F6C17
:10A0F00065733A206D656D203E3D2072616D0000F4
:10A10000417373657274696F6E2022257322206615
:10A1100061696C6564206174206C696E65202564DA
:10A1200020696E2025730A0050000020706C75674E
:10A130005F686F6C65733A206D656D203C207261BD
:10A140006D5F656E64000000706C75675F686F6CB2
:10A1500065733A206D656D2D3E75736564203D3DD8
:10A1600020300000706C75675F686F6C65733A2013
:10A170006D656D2D3E6E657874203C3D204D454DDE
:10A180005F53495A455F414C49474E4544000000E2
:10A19000540000200146024800680844704700004F
:10A1A0004C0000204A6902600A6942608A69826044
:10A1B0004A68C2608A680261CA688261704730B5C5
:10A1C0008FB0044604F5A1716846FBF70FFF9DF8B8
:10A1D0000050C5EBC50101EB051204F10C0101EBC8
:10A1E000820101F118003C226946F6F72FF8C5EB11
:10A1F000C50000EB051104F10C0000EB8100406D7F
:10A20000401CC5EBC50101EB051204F10C0101EB8B
:10A21000820148650FB030BD10B5334833494860FE
:10A22000801408813248086032493048C0F89411DF
:10A230008915A0F8981130482C49C1F890012F4990
:10A240002A48C0F824134FF40041A0F828132C48E2
:10A250002649C1F820032B492448C0F8B4144FF410
:10A260000041A0F8B81428482049C1F8B0040024DF
:10A2700036E000201EE004EBC40101EB04111B4B8F
:10A2800003EB01110C31C0EBC00303EB001301F829
:10A290002300002204EBC40101EB0411134B03EB78
:10A2A00001110C31C0EBC00303EB001301EB830180
:10A2B0004A70401C0328DEDB04EBC40202EB0412EC
:10A2C0000A4B03EB021202F5A17104EBC40202EB8C
:10A2D000041203EB021210684E22F9F7E3F9641C32
:10A2E000042CC6DB10BD000000080240248A0020B8
:10A2F000A403002000000240EC030020000C0240F8
:10A30000C4040020000402407C04002070B5044610
:10A310000D46C5EBC50101EB051204F10C0101EB83
:10A32000820004F59071FEF7CBF821890122606864
:10A33000F7F7B0FD222204F590712068F9F7FEF9D5
:10A3400070BD000010B500206FE000216AE00A2314
:10A3500000EBC00202EB0012354C04EB02120C328F
:10A36000C1EBC10404EB011402EB840253709FEDB6
:10A37000310A00EBC00202EB00122D4B03EB02127C
:10A380000C32C1EBC10303EB011302EB830282ED3C
:10A39000040AB1EE0C0A00EBC00202EB0012244BDF
:10A3A00003EB02120C32C1EBC10303EB011302EB0E
:10A3B000830282ED050A9FED1F0A00EBC00202EB4B
:10A3C00000121B4B03EB02120C32C1EBC10303EB77
:10A3D000011302EB830282ED030A9FED160A00EBE4
:10A3E000C00202EB0012124B03EB02120C32C1EB63
:10A3F000C10303EB011302EB830282ED010A9FED1F
:10A400000D0A00EBC00202EB0012094B03EB021233
:10A410000C32C1EBC10303EB011302EB830282EDAB
:10A42000020A491C032992DB401C04288DDB10BD65
:10A43000248A00200000000010B5044624B1012C3D
:10A4400009D0022C15D10DE000200B4981F84006FF
:10A45000FAF7BEFB0EE00120074981F84006FFF73E
:10A4600071FF07E00220044981F84006FAF77EFCFC
:10A4700000E000BF00BF10BD248A00202DE9F0419C
:10A4800000F026F8074600BF0F4804680CB9BDE885
:10A49000F0816068381AB0F1004F01D3012000E06C
:10A4A000002000B1F3E7084920680860A568E66865
:10A4B00006496068086021460620FDF78FFE0DB151
:10A4C0003046A847E0E70000D0000020D40000207C
:10A4D00010B5F7F7E5FC10BD2DE9F04104460E4636
:10A4E000174600BFB4F1804F08D300BF09A340F264
:10A4F000291215A122A0FAF7F3F900BF00BFFFF758
:10A50000E7FF05193A463146284600F04DF8BDE808
:10A51000F08100002E2E2F4D6964646C65776172A6
:10A5200065732F54686972645F50617274792F4C3F
:10A530007749502F7372632F636F72652F74696D43
:10A54000656F7574732E630054696D656F75742043
:10A5500074696D6520746F6F206C6F6E672C206D51
:10A560006178206973204C5749505F55494E5433E8
:10A57000325F4D41582F34206D73656373000000C6
:10A58000417373657274696F6E2022257322206691
:10A5900061696C6564206174206C696E6520256456
:10A5A00020696E2025730A002DE9F04106460F460A
:10A5B00090460620FDF7E0FE0446002C0CD100BFBB
:10A5C00007D100BF20A3BE222CA13CA0FAF788F936
:10A5D00000BF00BFBDE8F08100202060A760C4F884
:10A5E0000C8066603F48006810B93E480460F1E79F
:10A5F0003C49606809684968401AB0F1004F01D3CE
:10A60000012000E0002028B136480068206035486D
:10A61000046017E03348056811E0286850B16068AD
:10A6200029684968401AB0F1004F01D3012000E0C9
:10A63000002018B1286820602C6002E02D68002DF1
:10A64000EBD100BF00BFC5E72E2E2F4D6964646CAF
:10A650006577617265732F54686972645F506172C7
:10A6600074792F4C7749502F7372632F636F726523
:10A670002F74696D656F7574732E63007379735FE2
:10A6800074696D656F75743A2074696D656F757462
:10A6900020213D204E554C4C2C20706F6F6C204D6E
:10A6A000454D505F5359535F54494D454F555420C4
:10A6B000697320656D7074790000000041737365E3
:10A6C0007274696F6E2022257322206661696C6541
:10A6D00064206174206C696E6520256420696E2099
:10A6E00025730A00D000002010B5012408E00649B7
:10A6F00001EBC40251F834000449FFF7EDFE641C7D
:10A70000032CF4D310BD0000940D0108FD7800085F
:10A710002DE9FF5F04460E4600BF002C0AD100BFA2
:10A7200040A340F23D224BA151A0FAF7D9F800BF57
:10A73000BDE8FF9F00BF00BF207D012808D100BFFA
:10A7400038A34FF4107254A149A0FAF7C9F800BF1A
:10A7500000BF207D0A2807D121465C4802F0BCFDDD
:10A76000204600F0F5FD5AE04FF0000AD346276D71
:10A77000D4F82480D4F88C50D4F81090207DE8B917
:10A78000E08A38B300BF52480068A04205D1504863
:10A790000068C0684E4908600DE04D49086806E051
:10A7A000C168A14202D1E168C16002E0C06800282E
:10A7B000F6D100BF00BF0020E0600BE0B246B4F865
:10A7C00016B000BF2146434802F086FD01204249F1
:10A7D000087000BF206F10B1206F04F0B2FAE06E75
:10A7E00010B1E06E04F0ADFABAF1000F0AD0208B80
:10A7F000211D23464246CDE9001B029039462046E2
:10A8000004F0FEF9207D0390204600F0A1FD00BF7A
:10A810001DB16FF00C014846A84700BF00BF00BF44
:10A8200086E700002E2E2F4D6964646C6577617297
:10A8300065732F54686972645F50617274792F4C2C
:10A840007749502F7372632F636F72652F74637033
:10A850002E6300007463705F6162616E646F6E3AB4
:10A8600020696E76616C696420706362000000008C
:10A87000417373657274696F6E202225732220669E
:10A8800061696C6564206174206C696E6520256463
:10A8900020696E2025730A00646F6E27742063613F
:10A8A0006C6C207463705F61626F72742F7463707C
:10A8B0005F6162616E646F6E20666F72206C697397
:10A8C00074656E2D70636273000000009C000020B0
:10A8D0009000002098000020A000002010B5044641
:10A8E00001212046FFF714FF10BD000070B505469A
:10A8F0000120FDF741FD04461CBB00F093FE01F072
:10A900003FFC0120FDF738FD0446CCB9092001F0D9
:10A91000CFFB0120FDF730FD044684B9082001F08B
:10A92000C7FB0120FDF728FD04463CB9284601F08D
:10A930008BFB0120FDF720FD044600BF00BF00BFD8
:10A9400000BF3CB398212046F5F7A7FC143465708E
:10A950004FF48660A4F850004000E082A082FF20FF
:10A9600004F8090C4FF40670E0830620A08560858A
:10A97000C01FA0830120A08607480068E060074848
:10A980000078A0724FF48660E0860548E0660548CE
:10A99000E067143C204670BD8C000020A20000201F
:10A9A000C5E4000800DD6D0010B5044600BF002CB2
:10A9B0000BD100BF0CA34FF4F47217A11CA0F9F740
:10A9C0008FFF00BF6FF00F0010BD00BF207D01287A
:10A9D00005D000BF608B40F01000608300BF0121F4
:10A9E000204600F039F8EFE72E2E2F4D6964646C95
:10A9F0006577617265732F54686972645F50617224
:10AA000074792F4C7749502F7372632F636F72657F
:10AA10002F7463702E6300007463705F636C6F73D8
:10AA2000653A20696E76616C69642070636200002B
:10AA3000417373657274696F6E20222573222066DC
:10AA400061696C6564206174206C696E65202564A1
:10AA500020696E2025730A003EB504460D4600BFEE
:10AA6000002C08D100BF55A34FF4AF725FA167A0BF
:10AA7000F9F736FF00BF00BF002D56D0207D042817
:10AA800002D0207D072850D1606F18B9208DB0F515
:10AA9000066F4AD000BFA07E00F0100040B900BF92
:10AAA00046A34FF4B27263A158A0F9F719FF00BF93
:10AAB00000BF208BE18A221DCDE9002102902346B0
:10AAC0002046626A216D04F09BF8204602F09AFB52
:10AAD00000BF00BF5E480068A04205D15C48006826
:10AAE000C0685B4908600DE05949086806E0C16824
:10AAF000A14202D1E168C16002E0C0680028F6D13D
:10AB000000BF00BF0020E06000BF01205149087075
:10AB100000BF51480068A04202D104F0F1FF02E0FA
:10AB2000204600F015FC00203EBD207D20B101280C
:10AB300024D002283AD12CE0E08AD8B100BF47489F
:10AB40000068A04205D145480068C06843490860D4
:10AB50000DE04249086806E0C168A14202D1E168FF
:10AB6000C16002E0C0680028F6D100BF00BF00202D
:10AB7000E06000BF204600F0EBFB1BE0204601F048
:10AB80001DFB2146364802F0A7FB204600F0D8FC0A
:10AB900010E000BF21462E4802F09EFB01202D4907
:10ABA000087000BF204600F0D3FB03E0204600F011
:10ABB00059F8B9E700BF0020B6E700002E2E2F4D50
:10ABC0006964646C6577617265732F546869726437
:10ABD0005F50617274792F4C7749502F7372632FD5
:10ABE000636F72652F7463702E6300007463705F0F
:10ABF000636C6F73655F73687574646F776E3A200A
:10AC0000696E76616C69642070636200417373657C
:10AC10007274696F6E2022257322206661696C65EB
:10AC200064206174206C696E6520256420696E2043
:10AC300025730A007063622D3E666C61677320267F
:10AC40002054465F5258434C4F5345440000000087
:10AC500098000020A0000020CC00002090000020E0
:10AC60009400002070B5054600BF45B900BF1EA383
:10AC70004FF4CE7228A12BA0F9F732FE00BF00BF1F
:10AC8000287D032804D004280AD0072818D10FE013
:10AC9000284604F003F904460CB90520287511E094
:10ACA000284604F0FBF804460CB90520287509E095
:10ACB000284604F0F3F804460CB90920287501E091
:10ACC000002070BD00BF1CB9284601F0C1FC09E09E
:10ACD000601C38B900BF688B40F00800688300BF73
:10ACE0000020EEE72046ECE72E2E2F4D6964646CC1
:10ACF0006577617265732F54686972645F50617221
:10AD000074792F4C7749502F7372632F636F72657C
:10AD10002F7463702E63000070636220213D204E0B
:10AD2000554C4C00417373657274696F6E20222517
:10AD30007322206661696C6564206174206C696EA1
:10AD40006520256420696E2025730A002DE9F05FD7
:10AD500080460D4691469A460A9F00BFB8F1000F03
:10AD600007D100BF40A3A3224CA154A0F9F7B8FD1E
:10AD700000BF00BF00BF002D07D100BF3AA3A4222F
:10AD800058A14EA0F9F7ACFD00BF00BF07F00100CD
:10AD900008B1042000E0002007F0020109B1002101
:10ADA00000E00021084407F0080109B1002100E09B
:10ADB0000021084407F0100109B1002100E0002142
:10ADC00046180320FDF7D8FA041E05D12846FEF7E1
:10ADD00089FD0020BDE8F09FA7720020206065601B
:10ADE00000BF2889B04207DA00BF1FA3B02246A1E6
:10ADF00032A0F9F775FD00BF00BF2889801B2081B4
:10AE000014212846FEF752F820B1204603F08CFFAB
:10AE10000020DFE760684068E060B8F81600FCF7E3
:10AE2000A2FDE1680880B8F81800FCF79CFDE16815
:10AE300048805046FCF78AFDE1684860B346F11748
:10AE400006EB91718910491D4FF6FF7202EA01313C
:10AE500041EA0900FCF787FDE16888810020E1688C
:10AE600048822046B6E700002E2E2F4D6964646CA0
:10AE70006577617265732F54686972645F5061729F
:10AE800074792F4C7749502F7372632F636F7265FB
:10AE90002F7463705F6F75742E6300007463705F4E
:10AEA0006372656174655F7365676D656E743A2082
:10AEB000696E76616C6964207063620041737365CA
:10AEC0007274696F6E2022257322206661696C6539
:10AED00064206174206C696E6520256420696E2091
:10AEE00025730A007463705F6372656174655F73D4
:10AEF00065676D656E743A20696E76616C69642071
:10AF00007062756600000000702D3E746F745F6C97
:10AF1000656E203E3D206F70746C656E0000000011
:10AF20002DE9F04106460D46174600BF002F08D117
:10AF300000BF10A340F6C5021AA124A0F9F7D0FC67
:10AF400000BF00BF15B93046BDE8F081AC8C74B1CC
:10AF50002820844202DD211A89B200E000218846BF
:10AF6000464501DA314600E041460E4600BF304614
:10AF7000EAE700002E2E2F4D6964646C65776172DC
:10AF800065732F54686972645F50617274792F4CD5
:10AF90007749502F7372632F636F72652F746370DC
:10AFA0002E6300007463705F6566665F73656E6430
:10AFB0005F6D73735F6E657469663A20696E766162
:10AFC0006C6964206473745F697000004173736519
:10AFD0007274696F6E2022257322206661696C6528
:10AFE00064206174206C696E6520256420696E2080
:10AFF00025730A002DE9F84304460D460027B9469B
:10B0000000BF05F0030040B900BF60A340F2114249
:10B010006B496CA0F9F764FC00BF00BF00BF002CB7
:10B0200008D100BF59A340F2134270A165A0F9F7FF
:10B0300057FC00BF00BF05F0020000B1012707F078
:10B04000010008B1042000E0002007F0020109B16E
:10B05000002100E00021084407F0080109B10021A7
:10B0600000E00021084407F0100109B1002100E0D0
:10B07000002100EB01094FF4207249463620FDF70C
:10B0800093FFB0F1000809D100BF608B40F0800051
:10B09000608300BF4FF0FF30BDE8F88300BFB8F811
:10B0A0000A00484508DA00BF38A340F2394257A1E8
:10B0B00044A0F9F715FC00BF00BF00972A4641469F
:10B0C0002046E36DFFF742FE061E07D100BF608BEE
:10B0D00040F08000608300BF701EDDE700BF307B62
:10B0E00000F0030040B100BF28A340F2424256A145
:10B0F00034A0F9F7F5FB00BF00BF00BF308940B1B5
:10B1000000BF22A340F2434255A12EA0F9F7E8FB6D
:10B1100000BF00BFE06E08B9E66607E0E06E00E041
:10B12000006801680029FBD1066000BF0020A4F878
:10B13000680005F0020010B905F0010010B1E06DE3
:10B14000401CE06505F0010028B100BF608B40F0B5
:10B150002000608300BF7068FEF7AFF934F8661F07
:10B160000844208034F8660970B100BF206F50B9E0
:10B17000E06E40B900BF05A340F2654243A111A0B3
:10B18000F9F7AEFB00BF00BF002085E72E2E2F4D44
:10B190006964646C6577617265732F546869726461
:10B1A0005F50617274792F4C7749502F7372632FFF
:10B1B000636F72652F7463705F6F75742E63000028
:10B1C000740E0108417373657274696F6E202225D5
:10B1D0007322206661696C6564206174206C696EFD
:10B1E0006520256420696E2025730A007463705FF2
:10B1F000656E71756575655F666C6167733A206928
:10B200006E76616C69642070636200007463705FC5
:10B21000656E71756575655F666C6167733A20630D
:10B220006865636B2074686174206669727374204A
:10B23000706275662063616E20686F6C64206F7049
:10B24000746C656E000000007365672D3E7463705A
:10B25000686472206E6F7420616C69676E6564004B
:10B260007463705F656E71756575655F666C616747
:10B27000733A20696E76616C6964207365676D65E9
:10B280006E74206C656E6774680000007463705F94
:10B29000656E71756575655F666C6167733A206987
:10B2A0006E76616C6964207175657565206C656E7C
:10B2B0006774680070B523480078401C2149087005
:10B2C00000BF2148046839E0A07F1E490978884200
:10B2D00033D01C480078A077A07E00F0010078B140
:10B2E00000BF608B40F00200608300BF204601F089
:10B2F000AFF900BF608B4FF6FC710840608300BF60
:10B30000A07E00F0080048B100BF608B4FF6F771D7
:10B310000840608300BF2046FFF7A4FCE568606F2B
:10B3200048B1002009490870204602F049FC07484E
:10B33000007800B1C5E72C4600E0E468002CC3D1DA
:10B3400070BD0000A200002098000020A000002096
:10B3500010B5044600BF207D012807D100BF06A319
:10B36000D42211A115A0F9F7BBFA00BF00BF2146F6
:10B370000120FCF733FF10BD2E2E2F4D6964646C45
:10B380006577617265732F54686972645F5061728A
:10B3900074792F4C7749502F7372632F636F7265E6
:10B3A0002F7463702E6300007463705F667265654E
:10B3B0003A204C495354454E0000000041737365D8
:10B3C0007274696F6E2022257322206661696C6534
:10B3D00064206174206C696E6520256420696E208C
:10B3E00025730A002DE9F04705460C46914698461C
:10B3F00035E0264624687068FEF75FF8074600BF10
:10B40000B5F86600B84208DA00BF22A340F25742FE
:10B410002DA137A0F9F764FA00BF00BF35F8660F19
:10B42000C01B288030893C49098808443A49088073
:10B43000304603F079FC35F8660900280FD000BFCC
:10B44000002C0BD1B8F1000F08D100BF11A340F2BE
:10B45000614232A126A0F9F743FA00BF00BFB4B1A0
:10B46000E1684868FCF772FA8246E1688889FCF76F
:10B470007AFA00F0030008B1012000E000202189E1
:10B48000084450442D490968401A0028B1DD20467F
:10B49000BDE8F0872E2E2F4D6964646C657761726C
:10B4A00065732F54686972645F50617274792F4CB0
:10B4B0007749502F7372632F636F72652F746370B7
:10B4C0005F696E2E630000007063622D3E736E64D0
:10B4D0005F71756575656C656E203E3D20706275A7
:10B4E000665F636C656E286E6578742D3E7029000A
:10B4F000417373657274696F6E2022257322206612
:10B5000061696C6564206174206C696E65202564D6
:10B5100020696E2025730A00C00000207463705FEC
:10B52000726563656976653A2076616C696420713D
:10B5300075657565206C656E67746800BC000020D9
:10B5400010B5044600BF207D012807D100BF06A327
:10B55000DF2211A117A0F9F7C3F900BF00BF2146F0
:10B560000220FCF73BFE10BD2E2E2F4D6964646C4B
:10B570006577617265732F54686972645F50617298
:10B5800074792F4C7749502F7372632F636F7265F4
:10B590002F7463702E6300007463705F667265655C
:10B5A0005F6C697374656E3A20214C495354454E63
:10B5B00000000000417373657274696F6E2022256C
:10B5C0007322206661696C6564206174206C696E09
:10B5D0006520256420696E2025730A000D480188C6
:10B5E0000088401C0B4A10800B48006818B10B48BB
:10B5F0000088814205DA0A48006800F11402505CB4
:10B60000704706480078081AC2B203480068805C98
:10B61000F6E70000B4000020B0000020AE000020DB
:10B62000A800002070B50B48046810E0E568A07E13
:10B6300000F0080048B100BF608B4FF6F77108407A
:10B64000608300BF2046FFF70DFB2C4600BF002C97
:10B65000ECD170BD9800002010B5F4F7E5FDC0F303
:10B660000D0000F540400149088010BD8800002011
:10B670002DE9FE4F05468B4600BF002D07D100BFC8
:10B68000E2A38322EEA1F4A0F9F72AF900BF00BFDC
:10B69000FB49686808606889142800DAC6E3F94A3B
:10B6A00011685069FAF707FF28B9F648007D00F0E5
:10B6B000F000E02800D1B9E3F14909688889FCF776
:10B6C00052F900138700142F02DB2889B84200DAF0
:10B6D000ACE3A7F11400EC4908800020EB490860B6
:10B6E0006889B84208DBE8480088E949088039469B
:10B6F0002846FEF705FB4AE000BF286838B900BFBE
:10B70000C2A3C222E3A1D4A0F9F7EAF800BF00BFA8
:10B7100014212846FEF7F4FA6889DD490880DA48E2
:10B7200000880988401A1FFA80FAD94801882846FB
:10B73000FEF7E6FA28684089504500DA76E3286883
:10B740004068D249086051462868FEF7D9FA28892E
:10B75000A0EB0A00288100BF688938B100BFABA305
:10B76000DF22D0A1BCA0F9F7BBF800BF00BF00BF2B
:10B77000288929680989884207D000BFA3A3E0224D
:10B78000CBA1B5A0F9F7ACF800BF00BF00BFBC4922
:10B7900009680888FCF7E7F8B94909680880B849DA
:10B7A00009684888FCF7DFF8B54909684880B4495A
:10B7B00009684868FCF7CAF8B14909684860C44993
:10B7C0000860AF4909688868FCF7C0F8AC490968A7
:10B7D0008860C0490860AA490968C889FCF7C3F8AD
:10B7E000A7490968C881A64909688889FCF7BBF898
:10B7F00000F03F00B84908702889B8490880B64869
:10B80000007800F0030040B108460088401C088022
:10B8100028890988884200DD08E34FF00009B04814
:10B82000046873E000BF207D38B900BF77A3FB2216
:10B83000ACA189A0F9F754F800BF00BF00BF207D7C
:10B840000A2807D100BF71A3FC22B0A182A0F9F79A
:10B8500047F800BF00BF00BF207D012807D100BF0F
:10B860006AA3FD22B4A17CA0F9F73AF800BF00BF9B
:10B87000207A50B1217A8348406890F83000401C0B
:10B88000C0B2814201D0A1463FE0208B7C490968CB
:10B890000988884237D1E08A79490968498888420D
:10B8A00031D178496068096988422CD1754920688E
:10B8B0004969884227D100BFE068A04208D100BF93
:10B8C00052A340F20D12A6A163A0F9F709F800BF38
:10B8D00000BFB9F1000F07D0E068C9F80C0080483C
:10B8E0000068E0607E48046000BFE068A04208D1C4
:10B8F00000BF46A340F21512A4A157A0F8F7F0FF2D
:10B9000000BF00BF04E0A14600BFE468002C89D15D
:10B9100000BF002C78D1A848046839E000BF207D22
:10B920000A2808D000BF39A340F21F12A3A14AA0E1
:10B93000F8F7D6FF00BF00BF207A48B1217A5148FE
:10B94000406890F83000401CC0B2814200D01EE038
:10B95000208B4B4909680988884217D1E08A4849F9
:10B9600009684988884211D1464960680969884256
:10B970000CD1444920684969884207D1204604F027
:10B980000BF82846FDF7AEFFBDE8FE8F00BFE46868
:10B99000002CC3D1A146954806681FE0307A50B10B
:10B9A000317A3848406890F83000401CC0B281427B
:10B9B00001D0B14611E0F08A3149096849888842CE
:10B9C00009D1304930684969884200D108E00EB198
:10B9D000306800B904E0B14600BFF668002EDDD142
:10B9E00000BF8EB1B9F1000F07D0F068C9F80C00A4
:10B9F0007E480068F0607D480660304600F048FCF4
:10BA00002846FDF76FFFBFE7F2E000002E2E2F4D16
:10BA10006964646C6577617265732F5468697264D8
:10BA20005F50617274792F4C7749502F7372632F76
:10BA3000636F72652F7463705F696E2E6300000020
:10BA40007463705F696E7075743A20696E76616CAC
:10BA50006964207062756600417373657274696F02
:10BA60006E2022257322206661696C6564206174F2
:10BA7000206C696E6520256420696E2025730A009C
:10BA8000A80000200C540020AC000020B0000020D2
:10BA9000AE000020702D3E6E65787420213D204E52
:10BAA000554C4C00702D3E6C656E203D3D203000A5
:10BAB000702D3E746F745F6C656E203D3D20702D5F
:10BAC0003E6E6578742D3E746F745F6C656E000019
:10BAD000B8000020BC000020C4000020C2000020EC
:10BAE000980000207463705F696E7075743A20610D
:10BAF0006374697665207063622D3E73746174654A
:10BB000020213D20434C4F53454400007463705F37
:10BB1000696E7075743A206163746976652070632C
:10BB2000622D3E737461746520213D2054494D455A
:10BB30002D574149540000007463705F696E707541
:10BB4000743A20616374697665207063622D3E7378
:10BB50007461746520213D204C495354454E0000CA
:10BB60007463705F696E7075743A207063622D3E05
:10BB70006E65787420213D207063622028626566BE
:10BB80006F72652063616368652900007463705F8C
:10BB9000696E7075743A207063622D3E6E657874BC
:10BBA00020213D20706362202861667465722063E5
:10BBB00061636865290000009C0000207463705F69
:10BBC000696E7075743A2054494D452D574149545A
:10BBD000207063622D3E7374617465203D3D205476
:10BBE000494D452D57414954000000009400002064
:10BBF000002C71D0002090490860288908810846EF
:10BC000045608E480068C86000208D4908608D49F5
:10BC100008708D4908808D48007800F0080018B140
:10BC2000687B40F001006873606F80B1204601F0CE
:10BC3000C7FF0D3028B1606F48B1854800880028E3
:10BC400005DD608D10B9204603F088F8BAE0814820
:10BC50000460204601F012FC804608F10D00002827
:10BC600016D07848007800F0080090B100BFD4F8F2
:10BC70008C0028B16FF00D01D4F88C20206990471A
:10BC800000BF2146744801F027FB2046FFF760FB08
:10BC900097E04FF000086C480088002817DD6A48DC
:10BCA000B0F800A000BFE06F30B152462146E36F0C
:10BCB00020699847804601E04FF0000800BF08F176
:10BCC0000D0000B97EE000205F49088000BF2046DB
:10BCD00000F0D8F808B175E084E059480068A8B3CE
:10BCE00000BF606F50B100BFAFF2E0234FF4F372BA
:10BCF0005AA1AFF29C20F8F7F3FD00BF00BFA07E71
:10BD000000F0100038B14E480068FDF7EBFD20460A
:10BD1000FEF7E4FD56E000BFD4F8800048B10023F0
:10BD20004749D4F880C020690A682146E047804628
:10BD300007E00023424821460268184602F0C2FB91
:10BD4000804600BF08F10D0008B93BE005E0B8F1FE
:10BD5000000F02D03A48006860673A48007800F067
:10BD6000200018B3606F30B1606F407B40F020005E
:10BD7000616F48731AE0208DB0F5066F02D0208DF8
:10BD8000401C208500BFD4F8800040B100231A4633
:10BD90002146D4F880C02069E047804601E04FF09A
:10BDA000000800BF08F10D0000B90BE00020294990
:10BDB0000860204600F066F800B103E0204600F07D
:10BDC00047FC00BF0020234908601D4908601A484D
:10BDD000406840B318494868FDF784FD00201649C3
:10BDE000486020E0154909688889FBF7BCFD00F030
:10BDF0000400A8B9114800680088104909684988FA
:10BE00001D4ACDE9002102901C48006810490988AC
:10BE10004218194B1B1D1A480168002002F0F0FE61
:10BE20002846FDF75FFD00BF00BFADE52846FDF7E2
:10BE300059FD00BFA8E5000024890020A8000020CB
:10BE4000C8000020C5000020C0000020C400002061
:10BE5000C2000020CC000020980000207063622DFA
:10BE60003E726566757365645F64617461203D3D13
:10BE7000204E554C4C0000001C540020B8000020FF
:10BE8000BC00002010B5044600BF002C08D100BF44
:10BE900013A340F25A221FA128A0F8F721FD00BFEA
:10BEA00000BF3048007800F01000B8B1A07E00F06C
:10BEB000100050B900BFD4F88C0028B16FF00E010B
:10BEC000D4F88C202069904700BF2146264801F015
:10BED00003FA2046FFF73CFA012010BD0020FCE7E2
:10BEE0002E2E2F4D6964646C6577617265732F54D3
:10BEF000686972645F50617274792F4C7749502F72
:10BF00007372632F636F72652F7463705F696E2E37
:10BF1000630000007463705F696E7075745F6465C0
:10BF20006C617965645F636C6F73653A20696E76E6
:10BF3000616C696420706362000000004173736586
:10BF40007274696F6E2022257322206661696C65A8
:10BF500064206174206C696E6520256420696E2000
:10BF600025730A00C5000020980000202DE9F0414B
:10BF70000446002600BF002C08D100BF14A340F6E1
:10BF8000240220A126A0F8F7ABFC00BF00BF216D62
:10BF9000481EFBF7DBFC8046434600223146204624
:10BFA00000F008FD05461DB94FF0FF30BDE8F081F7
:10BFB000334600222946204600F07AFE231D224601
:10BFC0002946204600F0F6FD07463846EEE7000019
:10BFD0002E2E2F4D6964646C6577617265732F54E2
:10BFE000686972645F50617274792F4C7749502F81
:10BFF0007372632F636F72652F7463705F6F7574F4
:10C000002E6300007463705F6B656570616C6976A8
:10C01000653A20696E76616C696420706362000025
:10C02000417373657274696F6E20222573222066D6
:10C0300061696C6564206174206C696E652025649B
:10C0400020696E2025730A002DE9F04107467F2FF5
:10C0500001DD7F2000E0384606460EB9BDE8F081DC
:10C06000701EC6B24FF0000800250F48046813E0A8
:10C07000607DB04208DB607DB0420CD10B49206A84
:10C080000968081A404506D30849206A0968A1EBE7
:10C0900000082546667DE468002CE9D115B12846E4
:10C0A000FEF71CFC00BFD9E7980000208C000020A0
:10C0B0002DE9F041054600BF082D0AD0092D08D012
:10C0C00000BF13A340F2DD621DA121A0F8F708FC18
:10C0D00000BF00BF00270026274804680EE0207D2F
:10C0E000A8420AD12549206A0968081AB84204D32F
:10C0F0002249206A09680F1A2646E468002CEED10E
:10C100001EB100213046FEF703FBBDE8F0810000C0
:10C110002E2E2F4D6964646C6577617265732F54A0
:10C12000686972645F50617274792F4C7749502F3F
:10C130007372632F636F72652F7463702E630000D8
:10C14000696E76616C6964207374617465000000C7
:10C15000417373657274696F6E20222573222066A5
:10C1600061696C6564206174206C696E652025646A
:10C1700020696E2025730A00980000208C000020A2
:10C1800070B5002600250B4804680BE00A49206AB8
:10C190000968081AB04204D30749206A09680E1AD0
:10C1A0002546E468002CF1D115B12846FEF796FB30
:10C1B00070BD00009C0000208C00002070B504467B
:10C1C00000BF44B900BF12A340F211121CA11FA06E
:10C1D000F8F786FB00BF00BF00BF207D012808D014
:10C1E00000BF0BA34FF4897222A118A0F8F778FBC7
:10C1F00000BF00BF012507E0244951F82510086859
:10C20000214602F04FFA6D1C042DF5D370BD0000DD
:10C210002E2E2F4D6964646C6577617265732F549F
:10C22000686972645F50617274792F4C7749502F3E
:10C230007372632F636F72652F7463702E630000D7
:10C2400070636220213D204E554C4C004173736554
:10C250007274696F6E2022257322206661696C6595
:10C2600064206174206C696E6520256420696E20ED
:10C2700025730A007063622D3E7374617465203DFE
:10C280003D204C495354454E00000000840D0108E8
:10C290002DE9FE4305465448007800F0040008B13B
:10C2A000BDE8FE8300BF002D08D100BF4FA340F2C0
:10C2B00081225BA162A0F8F713FB00BF00BF4A48D0
:10C2C000007800F01000B0B1674800680088664947
:10C2D00009684988654ACDE90021029064480068F0
:10C2E000644909884218614B1B1D63480168284650
:10C2F00002F086FC75E03C48007800F0020000285F
:10C300006FD0687DFEF7F2FA044674B900BFA869E1
:10C3100038B14FF0FF320021AB6928699847804659
:10C3200001E06FF00F0800BFBAE7504810384069CD
:10C3300020604E48103800696060E88AE0824A4810
:10C340000068008820830320207549480068401C4D
:10C350006062606AE062204600F022F90646A66547
:10C3600026656664E66542480068401E6065286987
:10C370002061A567687A00F00C006072287A20724C
:10C3800000BF00BF3D480068E0603C48046003F027
:10C39000E7FA00BF01203A49087000BF204600F0CC
:10C3A00099FE31480068C08924F8600F20886080B9
:10C3B000603C201DFAF75CFD8046608E221D4146E0
:10C3C000FEF7AEFD608612212046FEF713FE0746FB
:10C3D00027B100212046FEF79BF961E7204600F0D7
:10C3E00037F900BF5CE70000C40000202E2E2F4D5F
:10C3F0006964646C6577617265732F5468697264EF
:10C400005F50617274792F4C7749502F7372632F8C
:10C41000636F72652F7463705F696E2E6300000036
:10C420007463705F6C697374656E5F696E70757448
:10C430003A20696E76616C69642070636200000066
:10C44000417373657274696F6E20222573222066B2
:10C4500061696C6564206174206C696E6520256477
:10C4600020696E2025730A00A80000201C540020BB
:10C47000B8000020C2000020BC000020980000206E
:10C48000A000002070B506460D46D6B13068C0B198
:10C490000C480168304600F01BF80B480168304634
:10C4A00000F016F86DB1286858B10848046806E035
:10C4B00020683168884201D128682060E468002C37
:10C4C000F6D170BD9800002090000020940000205C
:10C4D0002DE9F04105460E46344600BF002D08D137
:10C4E00000BF0CA34FF4106216A123A0F8F7F8F9CF
:10C4F00000BF00BF0AE020682968884205D1E768CC
:10C500002046FEF7EBF93C4600E0E468002CF2D14F
:10C51000BDE8F0812E2E2F4D6964646C65776172E1
:10C5200065732F54686972645F50617274792F4C1F
:10C530007749502F7372632F636F72652F74637026
:10C540002E6300007463705F6E657469665F697066
:10C550005F616464725F6368616E6765645F706386
:10C56000626C6973743A20696E76616C6964206FDD
:10C570006C645F6164647200417373657274696FA7
:10C580006E2022257322206661696C6564206174C7
:10C59000206C696E6520256420696E2025730A0071
:10C5A00010B5044600BF002C08D100BF09A340F617
:10C5B000AF0214A11AA0F8F793F900BF00BF2248F8
:10C5C00000682249096808441F4908600846006855
:10C5D00010BD00002E2E2F4D6964646C657761726A
:10C5E00065732F54686972645F50617274792F4C5F
:10C5F0007749502F7372632F636F72652F74637066
:10C600002E6300007463705F6E6578745F69737386
:10C610003A20696E76616C69642070636200000084
:10C62000417373657274696F6E20222573222066D0
:10C6300061696C6564206174206C696E6520256495
:10C6400020696E2025730A00A40000208C000020C1
:10C650002DE9F84F044600BF002C08D100BFA7A366
:10C6600040F2E142B2A1B8A0F8F73AF900BF00BF2A
:10C6700000BF207D012808D100BFA0A340F2E34203
:10C68000BBA1B1A0F8F72CF900BF00BFC2480068F9
:10C69000A04202D10020BDE8F88FB4F86000B4F8E1
:10C6A0004810884202DAB4F8600001E0B4F84800AB
:10C6B0008146E56E45B9A07E00F0020018B1204623
:10C6C00002F04CFBE7E710E1221D2146204602F074
:10C6D00087FA074617B96FF00300DCE70CB1206852
:10C6E00058B90FB1381D00E00020014611B96FF0B4
:10C6F0000300D0E70868206000BFE9684868FBF7DE
:10C7000025F9616C401A29890844484519D9B4F8BB
:10C71000600048450CD1206F50B994F8950038B9A5
:10C72000002004F8940F012060700020A070943C59
:10C73000A07E00F0020018B1204602F00FFBAAE72D
:10C74000D3E0002084F89500266F26B100E036681B
:10C7500030680028FBD1B5E000BFE9688889FBF7A5
:10C7600002F900F0040040B100BF64A340F2365269
:10C770008AA175A0F8F7B4F800BF00BF206FA0B180
:10C78000A07E00F0440080B9E06E38B1E06E006831
:10C7900058B9E06E0089618E884206DAB4F8640008
:10C7A00018B1B4F86600092801DB012000E0002080
:10C7B00020B9A07E00F0A00000B98FE0207D022803
:10C7C00007D01020FBF7CFF8E96889890843E968AA
:10C7D00088813A462146284600F0FCFA00900098ED
:10C7E00038B100BF608B40F08000608300BF0098CC
:10C7F00051E72868E066207D022806D000BF608BE4
:10C800004FF6FC710840608300BFE9684868FBF799
:10C810009DF88046E9688889FBF7A5F800F00300D9
:10C8200008B1012000E000202989084408EB000A33
:10C83000206DB0EB0A0001D5C4F850A0E9688889E2
:10C84000FBF791F800F0030008B1012000E00020A0
:10C850002989084488B300202860206F10B9256713
:10C860002E462EE0E9684868FBF770F88046F168CC
:10C870004868FBF76BF8B8EB00001BD504F17008B3
:10C8800001E0D8F80080D8F8000068B1D8F80010AE
:10C89000C9684868FBF75AF88346E9684868FBF7B7
:10C8A00055F8BBEB0000ECD4D8F800002860C8F8BD
:10C8B000005006E03560366803E0FFE7284602F0E6
:10C8C00033FAE56E55B1E9684868FBF73FF8616CEB
:10C8D000401A2989084448457FF63EAF00BFE06E04
:10C8E00010B90020A4F8680000BF00BF608B4FF6AD
:10C8F0007F710840608300BF0020CCE62E2E2F4DB4
:10C900006964646C6577617265732F5468697264D9
:10C910005F50617274792F4C7749502F7372632F77
:10C92000636F72652F7463705F6F75742E630000A0
:10C930007463705F6F75747075743A20696E766198
:10C940006C69642070636200417373657274696F0F
:10C950006E2022257322206661696C6564206174F3
:10C96000206C696E6520256420696E2025730A009D
:10C97000646F6E27742063616C6C207463705F6FEA
:10C98000757470757420666F72206C697374656E4F
:10C990002D70636273000000CC00002052535420BD
:10C9A0006E6F742065787065637465642068657265
:10C9B000652100002DE9FF4104460E4617469846C2
:10C9C00000BF002C08D100BF10A340F242721CA18E
:10C9D00025A0F7F785FF00BF00BF608D1023218BD6
:10C9E000E28ACDE901130092039043463A4631466C
:10C9F000606A00F04DF805461DB1618D606A08441B
:10CA0000E062284604B0BDE8F08100002E2E2F4DD4
:10CA10006964646C6577617265732F5468697264C8
:10CA20005F50617274792F4C7749502F7372632F66
:10CA3000636F72652F7463705F6F75742E6300008F
:10CA40007463705F6F75747075745F616C6C6F6325
:10CA50005F6865616465723A20696E76616C6964CD
:10CA60002070636200000000417373657274696F27
:10CA70006E2022257322206661696C6564206174D2
:10CA8000206C696E6520256420696E2025730A007C
:10CA90002DE9F05F82460D4617469846DDF830B026
:10CAA00005F11400384481B24FF420722220FCF7C3
:10CAB0007BFA0646002E34D000BF718905F11400C0
:10CAC000814208DA00BF18A340F2237223A12FA0ED
:10CAD000F7F706FF00BF00BF74680A98FAF743FF34
:10CAE00020800B98FAF73FFF6080C4F8048050461E
:10CAF000FAF72CFFA060A946E91705EB91718910A0
:10CB0000491D4FF6FF7202EA013141EA0B00FAF7C4
:10CB10002AFFA0810D98FAF726FFE08100202082ED
:10CB200060823046BDE8F09F2E2E2F4D6964646C04
:10CB30006577617265732F54686972645F506172C2
:10CB400074792F4C7749502F7372632F636F72651E
:10CB50002F7463705F6F75742E6300006368656384
:10CB60006B207468617420666972737420706275DA
:10CB7000662063616E20686F6C64207374727563E5
:10CB800074207463705F68647200000041737365A1
:10CB90007274696F6E2022257322206661696C654C
:10CBA00064206174206C696E6520256420696E20A4
:10CBB00025730A002DE9FE4F04460E4692469B4619
:10CBC00000BF002E08D100BF17A340F2877223A137
:10CBD0002DA0F7F785FE00BF00BF5A4651462046FC
:10CBE00001F0FEFF054615B96FF0030715E024B10B
:10CBF00094F80B8094F80A9003E04FF0FF084FF090
:10CC00000009062043465A465146CDE90090029558
:10CC10003046F9F7C5FE074600BF3046FCF762FE16
:10CC20003846BDE8FE8F00002E2E2F4D6964646CDF
:10CC30006577617265732F54686972645F506172C1
:10CC400074792F4C7749502F7372632F636F72651D
:10CC50002F7463705F6F75742E6300007463705F70
:10CC60006F75747075745F636F6E74726F6C5F73E1
:10CC700065676D656E743A20696E76616C696420D3
:10CC80007062756600000000417373657274696FAD
:10CC90006E2022257322206661696C6564206174B0
:10CCA000206C696E6520256420696E2025730A005A
:10CCB0002DE9F04781460D4614469A464FF000088C
:10CCC00000BF002D08D100BF1CA340F2567228A15E
:10CCD00031A0F7F705FE00BF00BF6E6806F114072C
:10CCE00000BF384600EB880004F0010109B10421BF
:10CCF00000E00021084404F0020109B1002100E035
:10CD00000021084404F0080109B1002100E00021DD
:10CD1000084404F0100109B1002100E0002108449A
:10CD2000B84208D000BF05A340F2757224A11AA032
:10CD3000F7F7D6FD00BF00BFBDE8F0872E2E2F4DC0
:10CD40006964646C6577617265732F546869726495
:10CD50005F50617274792F4C7749502F7372632F33
:10CD6000636F72652F7463705F6F75742E6300005C
:10CD70007463705F6F75747075745F66696C6C5FF7
:10CD80006F7074696F6E733A20696E76616C696456
:10CD90002070627566000000417373657274696F7C
:10CDA0006E2022257322206661696C65642061749F
:10CDB000206C696E6520256420696E2025730A0049
:10CDC0006F7074696F6E73206E6F742066696C6C1F
:10CDD000656400002DE9FE4F04460D46164600BF6F
:10CDE000002C08D100BF58A34FF4B76263A16BA019
:10CDF000F7F776FD00BF00BF00BF002D08D100BFD0
:10CE000051A340F2B9526FA164A0F7F769FD00BFCA
:10CE100000BF00BF002E08D100BF4BA340F2BA52A2
:10CE200070A15EA0F7F75CFD00BF00BF204600F0D8
:10CE3000F7F810B10020BDE8FE8F686AFAF786FDAA
:10CE4000E1688860688DFAF78EFDE168C881698DB8
:10CE5000686A0844E862E06800F11407A07A00F00C
:10CE6000010068B12A1D31464FF40670FEF758F8EC
:10CE700082464AF00170FAF769FD38603F1D00BF35
:10CE8000B5F93000002801DA00202886686B38B92F
:10CE90005D4800686863E1684868FAF757FDA86371
:10CEA000A08961688988401A1FFA80F86068408903
:10CEB000A0EB08006168488160680089A0EB080069
:10CEC000616808816168E06848600020E168088264
:10CED00000BFE0681430A17A01F0010109B104211A
:10CEE00000E000210844A17A01F0020109B100210B
:10CEF00000E000210844A17A01F0080109B10021F5
:10CF000000E000210844A17A01F0100109B10021DC
:10CF100000E000210844B84208D000BF0AA340F254
:10CF20001C623AA11DA0F7F7DBFC00BF00BF062181
:10CF3000A87A8DE84300EB7A2A1D29466068F9F744
:10CF40002FFD8146484676E72E2E2F4D6964646C8E
:10CF50006577617265732F54686972645F5061729E
:10CF600074792F4C7749502F7372632F636F7265FA
:10CF70002F7463705F6F75742E6300007463705F4D
:10CF80006F75747075745F7365676D656E743A2044
:10CF9000696E76616C6964207365670041737365BF
:10CFA0007274696F6E2022257322206661696C6538
:10CFB00064206174206C696E6520256420696E2090
:10CFC00025730A007463705F6F75747075745F7396
:10CFD00065676D656E743A20696E76616C69642070
:10CFE000706362007463705F6F75747075745F73E3
:10CFF00065676D656E743A20696E76616C69642050
:10D000006E657469660000008C0000206F707469A2
:10D010006F6E73206E6F742066696C6C65640000BF
:10D0200010B5044600BF002C08D100BF08A340F291
:10D030009A5214A11DA0F7F753FC00BF00BF60680F
:10D04000807B012801D0012010BD0020FCE70000FA
:10D050002E2E2F4D6964646C6577617265732F5451
:10D06000686972645F50617274792F4C7749502FF0
:10D070007372632F636F72652F7463705F6F757463
:10D080002E6300007463705F6F75747075745F73E6
:10D0900065676D656E745F627573793A20696E7647
:10D0A000616C6964207365670000000041737365FB
:10D0B0007274696F6E2022257322206661696C6527
:10D0C00064206174206C696E6520256420696E207F
:10D0D00025730A002DE9F041054600BF002D08D157
:10D0E00000BF28A340F27D7233A13AA0F7F7F8FB06
:10D0F00000BF00BF41480088002840D000204049C0
:10D10000088036E0FEF76AFA074627B1012F04D0FF
:10D11000022F1FD102E0BDE8F08128E0FEF75EFAA1
:10D12000042806D136480088801C34490988884282
:10D1300000DDF0E7FEF752FA0602FEF74FFA06436B
:10D14000B6F5067F00DC16B94FF4067000E03046F5
:10D1500068860CE0FEF742FA0446022C00DADAE7B1
:10D16000A01E2749098808442549088000BF00BF40
:10D1700000BF23480088214909888842C2DB00BFDC
:10D18000C9E700002E2E2F4D6964646C65776172CB
:10D1900065732F54686972645F50617274792F4CA3
:10D1A0007749502F7372632F636F72652F746370AA
:10D1B0005F696E2E630000007463705F706172734C
:10D1C000656F70743A20696E76616C696420706373
:10D1D00062000000417373657274696F6E202225CE
:10D1E0007322206661696C6564206174206C696ECD
:10D1F0006520256420696E2025730A00AC0000209C
:10D20000B400002010B5044600BF002C09D100BFB7
:10D2100014A340F651021FA125A0F7F761FB00BF40
:10D2200010BD00BF207DD0B1207D0A2817D0207D01
:10D23000012814D0606F20B1606FFCF753FB002011
:10D2400060674FF0FF302086E06E01F07AFD206FBE
:10D2500001F077FD0020E0662067A4F8680000BFB9
:10D26000DEE700002E2E2F4D6964646C65776172D5
:10D2700065732F54686972645F50617274792F4CC2
:10D280007749502F7372632F636F72652F746370C9
:10D290002E6300007463705F7063625F7075726705
:10D2A000653A20696E76616C696420706362000083
:10D2B000417373657274696F6E2022257322206634
:10D2C00061696C6564206174206C696E65202564F9
:10D2D00020696E2025730A0070B505460C4600BF14
:10D2E000002C08D100BF33A340F683023DA144A027
:10D2F000F7F7F6FA00BF00BF00BF002D08D100BF4E
:10D300002CA340F6840248A13DA0F7F7E9FA00BF3C
:10D3100000BF00BF2868A04203D12868C068286009
:10D320000CE0286806E0C168A14202D1E168C16052
:10D3300002E0C0680028F6D100BF00BF0020E06016
:10D3400000BF2046FFF75EFF207D0A280FD0207D1A
:10D3500001280CD0A07E00F0010040B100BF608B1E
:10D3600040F00200608300BF2046FFF771F9207D86
:10D37000012819D000BFE06E40B100BF0DA340F6F8
:10D38000930231A11EA0F7F7ABFA00BF00BF00BFA8
:10D39000206F40B100BF07A340F6940230A118A04F
:10D3A000F7F79EFA00BF00BF00202075E08200BFA3
:10D3B00000BF70BD2E2E2F4D6964646C657761725D
:10D3C00065732F54686972645F50617274792F4C71
:10D3D0007749502F7372632F636F72652F74637078
:10D3E0002E6300007463705F7063625F72656D6FBF
:10D3F00076653A20696E76616C69642070636200BC
:10D40000417373657274696F6E20222573222066E2
:10D4100061696C6564206174206C696E65202564A7
:10D4200020696E2025730A007463705F7063625F09
:10D4300072656D6F76653A20696E76616C696420FD
:10D440007063626C69737400756E73656E742073BB
:10D4500065676D656E7473206C65616B696E6700DE
:10D46000756E61636B6564207365676D656E74735B
:10D47000206C65616B696E67000000002DE9FE435A
:10D4800004460027002600BF002C08D100BFE5A3FA
:10D490004FF44772F0A1F7A0F7F722FA00BF00BFE0
:10D4A000FE48007800F00400002845D0207D0228C6
:10D4B00006D1FB49206D096888421BD1012719E07C
:10D4C000F849606A0968884201D1012712E0F549EC
:10D4D000606A0968081A0DD4218D606A0844F14910
:10D4E0000968081A002805DC00BF608B40F00200C4
:10D4F000608300BF002F1DD000BF207D40B900BF5A
:10D50000C8A34FF44E72E8A1DAA0F7F7E9F900BF1B
:10D5100000BFED48007840F00800EB49087000BFFC
:10D52000608B4FF6FE710840608300BF6FF00D0006
:10D53000BDE8FE830020FBE7D848007800F0020039
:10D5400068B1207D02280AD0207D032807D000BFC3
:10D55000608B40F00200608300BF0020E8E7A07EFF
:10D5600000F0100010B9D94800682062002084F84B
:10D57000970084F896002046FFF7ACFD207D801EC2
:10D58000082875D2DFE800F004CDF4F3F2F1F0EFF3
:10D59000C248007800F0100000286AD0BF48007828
:10D5A00000F002000028F8D0606C401CBC490968FB
:10D5B00088425ED1BB480068401C6062606AE062DD
:10D5C000B74800686064C2480068C089A4F8600079
:10D5D000B4F86000A4F86200B2480068401E6065BC
:10D5E00004202075201DF9F743FC8046608E221D23
:10D5F0004146FDF795FC6086608E8100400041F257
:10D600001C12904202D9608E400001E041F21C10D1
:10D61000814202D2608E80000AE0608E400041F2BA
:10D620001C11884202D9608E400001E041F21C10BA
:10D63000A4F8480000BFB4F86600002808DC00BF6A
:10D6400078A34FF45B72A3A18AA0F7F749F900BF52
:10D6500000BFB4F86600401EA4F86600256F95B9B7
:10D66000E56E00BF5DB900BF6EA34FF45D7201E0CF
:10D670008DE231E09DA17FA0F7F732F900BF00BF36
:10D680002868E06601E028682067284601F04CFB26
:10D69000206F18B94FF0FF30208603E0002020866D
:10D6A00084F8420000BFD4F8840038B1002221463B
:10D6B000D4F8843020699847064600E0002600BF71
:10D6C00006F10D0010B96FF00C0031E700BF608B60
:10D6D00040F00200608323E07048007800F0100002
:10D6E000F0B17B4800680088794909684988844A14
:10D6F000CDE9002102906B480068824909884218F0
:10D700007F4B1B1D66480168204601F079FA94F8AA
:10D710004200062804DA00202086204601F024F981
:10D7200036E25E48007800F01000002876D0606C89
:10D73000401C5B490968081A71D45949206D096871
:10D74000081A00286BDC04202075A06F10B96FF058
:10D75000050623E000BFA06F806978B900BF31A340
:10D760004FF46A7205E0FCE1BCE107E17CE117E1FE
:10D7700005E165A13FA0F7F7B3F800BF00BF00BF08
:10D78000A06F806938B1A16F206900228B692146A2
:10D790009847064601E06FF00F0600BF46B106F15C
:10D7A0000D0010B12046FDF799F86FF00C00BFE6B0
:10D7B000204600F09FFA5C48008820B15A48008853
:10D7C000401E59490880608E8100400041F21C12C1
:10D7D000904202D9608E400001E041F21C1081426B
:10D7E00002D2608E80000AE0608E400041F21C117F
:10D7F000884202D9608E400001E041F21C10A4F87A
:10D8000048003148007800F0200048B100BF608B2C
:10D8100040F00200608300BF072087E09FE087E0C0
:10D82000ABE000002E2E2F4D6964646C6577617249
:10D8300065732F54686972645F50617274792F4CFC
:10D840007749502F7372632F636F72652F74637003
:10D850005F696E2E630000007463705F70726F63A7
:10D860006573733A20696E76616C696420706362D7
:10D8700000000000417373657274696F6E20222589
:10D880007322206661696C6564206174206C696E26
:10D890006520256420696E2025730A00C4000020DD
:10D8A000BC000020B80000207463705F696E707562
:10D8B000743A207063622D3E737461746520213D5B
:10D8C00020434C4F53454400C50000208C000020ED
:10D8D000A80000207063622D3E736E645F717565F1
:10D8E00075656C656E203E20300000006E6F207301
:10D8F00065676D656E7420746F20667265650000E3
:10D900001C540020C20000207063622D3E6C6973BD
:10D9100074656E65722D3E61636365707420213D90
:10D92000204E554C4C000000C0000020207524E023
:10D93000994800680188984800684088974ACDE96E
:10D940000020029196480068964909884218934B36
:10D950001B1D95480168204601F052F90DE09348DF
:10D96000007800F0020040B1606A401E8C490968EE
:10D97000884202D1204600F0EFFE09E100BF2046B8
:10D9800000F0B8F98A48007800F0200038B100BFF4
:10D99000608B40F00200608300BF07202075F7E035
:10D9A000204600F0A7F98248007800F02000E8B394
:10D9B0007E48007800F01000C8B37B49206D0968EC
:10D9C000884239D1E06E90BB00BF608B40F002000E
:10D9D000608300BF2046FFF715FC00BF00BF7548FD
:10D9E0000068A04205D173480068C06871490860AA
:10D9F0000DE07049086806E0C168A14202D1E16803
:10DA0000C16002E0C0680028F6D100BF00BF00205E
:10DA1000E06000BF01206849087000BF0A2020753F
:10DA200000BF66480068E060644801E00DE003E084
:10DA3000046001F095FF16E000BF608B40F002002B
:10DA4000608300BF082020750DE05848007800F082
:10DA5000100040B15449206D0968884203D1E06E3E
:10DA600008B90620207593E0204600F043F950489D
:10DA7000007800F02000A0B300BF608B40F00200EF
:10DA8000608300BF2046FFF7BDFB00BF00BF4948D1
:10DA90000068A04205D147480068C0684549086051
:10DAA0000DE04449086806E0C168A14202D1E1687E
:10DAB000C16002E0C0680028F6D100BF00BF0020AE
:10DAC000E06000BF01203C49087000BF0A202075BB
:10DAD00000BF3A480068E0603848046001F040FF49
:10DAE00000BF55E0204600F005F93048007800F00E
:10DAF0001000A8B32C49206D0968884230D1E06E2F
:10DB000070BB2046FFF77EFB00BF00BF29480068BE
:10DB1000A04205D127480068C068264908600DE08A
:10DB20002449086806E0C168A14202D1E168C160E9
:10DB300002E0C0680028F6D100BF00BF0020E0600E
:10DB400000BF01201C49087000BF0A20207500BFDB
:10DB50001A480068E0601948046001F001FF00BF46
:10DB600016E0204600F0C6F81048007800F01000DB
:10DB700060B10D49206D0968884207D1E06E28B96F
:10DB80000B48007840F010000949087000E000BF21
:10DB900000BF0020CCE40000A80000201C5400209E
:10DBA000B8000020C2000020BC000020C4000020FB
:10DBB000C500002098000020A00000209C0000204C
:10DBC0002DE9F041044600BF002C0CD100BF29A371
:10DBD00040F2096233A13DA0F6F782FE00BF6FF06C
:10DBE0000F00BDE8F08100BF606F477B666F0020CB
:10DBF000606700BFD4F8800040B100233246214660
:10DC0000D4F880C02069E047054606E0002332468C
:10DC10002146184600F056FC054600BFF5B907F04E
:10DC2000200028B3208DB0F5066F02D0208D401C57
:10DC3000208500BFD4F8800040B100231A46214659
:10DC4000D4F880C02069E047054600E0002500BF09
:10DC500005F10D0060B96FF00C00C2E705F10D0091
:10DC600010B96FF00C00BCE766676FF00400B8E70E
:10DC70000020B6E72E2E2F4D6964646C65776172C3
:10DC800065732F54686972645F50617274792F4CA8
:10DC90007749502F7372632F636F72652F746370AF
:10DCA0002E6300007463705F70726F636573735FDF
:10DCB000726566757365645F646174613A20696E4C
:10DCC00076616C6964207063620000004173736563
:10DCD0007274696F6E2022257322206661696C65FB
:10DCE00064206174206C696E6520256420696E2053
:10DCF00025730A002DE9F05F04464FF0000A00BFCB
:10DD0000002C08D100BFE5A340F27B42F0A1F7A0B0
:10DD1000F6F7E6FD00BF00BF00BF207D042808DA4B
:10DD200000BFDEA340F27C42FAA1F0A0F6F7D8FDD6
:10DD300000BF00BFFE48007800F01000002870D03F
:10DD4000B4F86000A16D00EB0108FA49606D096844
:10DD5000401A15D4F749606D0968884204D1F64924
:10DD6000A06D0968401A0BD4F349A06D0968884278
:10DD70001AD1F2480068C089B4F86010884213D9FB
:10DD8000EE480068C08924F8600F608834F8601994
:10DD9000884203DAB4F86000A4F86200E54800683D
:10DDA0006065E5480068A065E349606C0968081A89
:10DDB00000284ADCE248008890BBB4F86010A06DEF
:10DDC000084440453AD1B4F93000002836DBDA493E
:10DDD000606C0968884231D14FF0010A94F8430021
:10DDE000401CC0B294F84310884204DD94F843000C
:10DDF000401C84F8430094F84300032817DD00BF5B
:10DE0000B4F84800618E084480B2B4F848108842E3
:10DE100008DBB4F84800618E0844A4F8480005E027
:10DE20000CE02AE14FF6FF70A4F8480000BF94F818
:10DE30004300032802DB204600F010FDBAF1000F7A
:10DE400002D1002084F84300EBE0606C401CBA492A
:10DE50000968081A7ED4B849206D0968081A002894
:10DE600078DCA07E00F0040060B100BF608B4FF64C
:10DE7000FB710840608300BF483460882080002028
:10DE80006084483C00202434A077608BB4F91810DB
:10DE900000EBE10000B2A083208CA7490988081A92
:10DEA00085B20020E077A4480068206214F8100CC6
:10DEB000243C042865DBB4F84800B4F84A108842D2
:10DEC00027DA628B02F400620AB1012200E002222A
:10DED0001146628E4A4392B2AA4201DD2A4602E00E
:10DEE000628E4A4392B2104600BFB4F84820024402
:10DEF00092B2B4F848309A4205DBB4F848200244A4
:10DF0000A4F8482003E04FF6FF72A4F8482000BFB1
:10DF100037E000BFB4F86A00284480B2B4F86A1051
:10DF2000884205DBB4F86A002844A4F86A0003E0DC
:10DF30004FF6FF70A4F86A0000BFB4F86A00B4F8A6
:10DF4000481088421DDB4834608C2188401A608468
:10DF5000483C00E062E000BFB4F84800618E08442D
:10DF600080B2B4F84810884206DBB4F84800618EED
:10DF70000844A4F8480003E04FF6FF70A4F84800F6
:10DF800000BF70A22046D4E91B31FDF72BFA2067B1
:10DF90006EA22046D4E91B13FDF724FAE066206F39
:10DFA00018B94FF0FF30208601E0002020860020C5
:10DFB0002077E06E10B90020A4F86800B4F864007F
:10DFC000644909880844A4F86400608B00F4006088
:10DFD00018B3206F88B9E06E40B1E16EC968486837
:10DFE000F9F7B4FCE16C081A002816DC00BF608B5E
:10DFF0004FF2FF71084060830FE0216FC9684868E5
:10E00000F9F7A4FCE16C081A002806DC00BF608B5D
:10E010004FF2FF710840608300BF02E0204600F02D
:10E020009DFE606B48B34449A06B0968401A24D533
:10E03000A08E49490988081A06B2B4F93C00A6EB3B
:10E04000E00006B2A08F304400B2A087002E01DAB3
:10E05000704206B2B4F93E00A6EBA00006B2E08F13
:10E06000304400B2E087E08FB4F93C1000EBE100EF
:10E0700000B2A4F840000020606331480088002806
:10E080006CDD207D072869DA2A48616A0068401C37
:10E09000081A7CD42748616A006860E02E2E2F4D54
:10E0A0006964646C6577617265732F546869726422
:10E0B0005F50617274792F4C7749502F7372632FC0
:10E0C000636F72652F7463705F696E2E630000006A
:10E0D0007463705F726563656976653A20696E7610
:10E0E000616C6964207063620000000041737365B5
:10E0F0007274696F6E2022257322206661696C65D7
:10E1000064206174206C696E6520256420696E202E
:10E1100025730A007463705F726563656976653A9A
:10E120002077726F6E672073746174650000000061
:10E13000C4000020B8000020BC000020A80000207F
:10E14000C2000020756E61636B656400756E736557
:10E150006E740000C00000208C0000204DE1B24A27
:10E1600012881044401E081A00285FDCAF48476838
:10E17000AF49606A0968A0EB010900BFAB4840687D
:10E1800060B900BFAFF2EC0340F2945200E04DE002
:10E19000A8A1AFF2A800F6F7A3FB00BF00BF00BF25
:10E1A0004FF6FF7081450AD300BFAFF2101340F263
:10E1B0009552A4A1AFF2CC00F6F792FB00BF00BFCE
:10E1C0001FFA89F500BF994840680089A8420ADA19
:10E1D00000BFAFF2381340F297529EA1AFF2F400A5
:10E1E000F6F77EFB00BF00BF90480089401B8F49B7
:10E1F0000881084640680089401B1FFA80FB07E041
:10E200007889281A85B2A7F808B0002078813F687D
:10E210007889A842F4DB29463846FBF771FD84492A
:10E22000606A08608149C96848600AE08049606A9C
:10E230000968081A05D500BF608B40F002006083B2
:10E2400000BF7B49606A0968081A7DD4218D606A25
:10E250000844401E76490968081A002874DC74498D
:10E26000606A0968884270D17049C9688889F9F77D
:10E270007AFB00F0030008B1012000E000206B49A8
:10E280000989084468490880208D0988884256DA3F
:10E290006649C9688889F9F766FB00F0010098B102
:10E2A0006249C9688889F9F75EFB00F03E05284697
:10E2B000F9F759FB5D49C96889894CF2FF021140A1
:10E2C00008435A49C9688881208D58490881C9681E
:10E2D0008889F9F748FB00F0020020B15348008913
:10E2E000401E52490881514A11895068FBF706FCCB
:10E2F0004E49C9688889F9F736FB00F0030008B178
:10E30000012000E000204949098908444649088065
:10E3100000BF218D606A014445480068424A128866
:10E32000104481420AD000BFAFF2902340F2CB529A
:10E330004CA1AFF24820F6F7D3FA00BF00BF3C482B
:10E3400000683949098801E053E04EE00844606202
:10E3500000BF208D3449098888420ADA00BFAFF235
:10E36000C42340F207624DA1AFF28020F6F7B8FA5D
:10E3700000BF00BF208D2C490988401A2085204607
:10E3800001F0C8FB294840680089002806DD2748BD
:10E3900040684A4908600020244948602349C96808
:10E3A0008889F9F7E0FA00F0010028B144480078C4
:10E3B00040F020004249087000BFA07E00F001003C
:10E3C00060B100BF608B4FF6FE710840608300BFF4
:10E3D00000BF608B40F00200608305E000BF608BEF
:10E3E00040F00100608300BF1BE0204600F0B6FC57
:10E3F00017E0204600F0B2FC13E00D49606A09689E
:10E40000081A08D4218D606A0844401E084909682A
:10E41000081A002805DD00BF608B40F00200608311
:10E4200000BFBDE8F09F0000C2000020248900204A
:10E43000B8000020696E7365672E7020213D204E64
:10E44000554C4C00696E73616E65206F666673652E
:10E45000742100007062756620746F6F2073686F9E
:10E46000727421007463705F726563656976653AE2
:10E47000207365676D656E74206E6F7420747269A9
:10E480006D6D656420636F72726563746C7920745E
:10E490006F207263765F776E640A00007463705F4A
:10E4A000726563656976653A207463706C656E2089
:10E4B0003E207263765F776E640A0000C800002019
:10E4C000C50000202DE9F04107460D4614461E46C2
:10E4D00000BF002D0CD100BF0EA34FF4D36219A1D1
:10E4E0001FA0F6F7FDF900BF6FF00F00BDE8F08147
:10E4F00000BF3CB12189284600F046F82046FBF7D2
:10E50000F1F904E01EB92846FCF74EFAEEE70020C8
:10E51000ECE700002E2E2F4D6964646C6577617204
:10E5200065732F54686972645F50617274792F4CFF
:10E530007749502F7372632F636F72652F74637006
:10E540002E6300007463705F726563765F6E756C36
:10E550006C3A20696E76616C6964207063620000B9
:10E56000417373657274696F6E2022257322206671
:10E5700061696C6564206174206C696E6520256436
:10E5800020696E2025730A002DE9F04104460F46EC
:10E5900000BF002C0AD100BF1CA340F2CF3227A13C
:10E5A0002CA0F6F79DF900BFBDE8F08100BF00BFC9
:10E5B000207D012808D100BF14A340F2D2322FA140
:10E5C00024A0F6F78DF900BF00BF208D384485B236
:10E5D000B5F5066F02DC208DA84203DD4FF406601E
:10E5E000208500E02585204601F094FA0646B6F520
:10E5F000067F08D300BF608B40F00200608300BF3D
:10E600002046FEF725F800BFCEE700002E2E2F4D46
:10E610006964646C6577617265732F5468697264AC
:10E620005F50617274792F4C7749502F7372632F4A
:10E63000636F72652F7463702E6300007463705F84
:10E640007265637665643A20696E76616C696420F0
:10E6500070636200417373657274696F6E20222566
:10E660007322206661696C6564206174206C696E38
:10E670006520256420696E2025730A00646F6E276B
:10E68000742063616C6C207463705F72656376657F
:10E690006420666F72206C697374656E2D7063629E
:10E6A0007300000070B506460D4600BF002D07D16F
:10E6B00000BF09A3FF2214A11DA0F6F711F900BFA6
:10E6C00000BF344605E0A06FA84201D10020A0673A
:10E6D000E468002CF7D170BD2E2E2F4D6964646C58
:10E6E0006577617265732F54686972645F506172F7
:10E6F00074792F4C7749502F7372632F636F726553
:10E700002F7463702E6300007463705F72656D6FA9
:10E7100076655F6C697374656E65723A20696E76B2
:10E72000616C6964206C697374656E6572000000C9
:10E73000417373657274696F6E202225732220669F
:10E7400061696C6564206174206C696E6520256464
:10E7500020696E2025730A002DE9F041044600BFB0
:10E76000002C08D100BF20A340F2C1622BA131A030
:10E77000F6F7B6F800BF00BF206F18B96FF00500BC
:10E78000BDE8F081256F2846FEF74AFC10B16FF016
:10E790000500F5E72868206704F16C0600E036689C
:10E7A000306858B13168C9684868F9F7CFF807464A
:10E7B000E9684868F9F7CAF8381AF0D43068286070
:10E7C0003560286810B90020A4F8680094F8420069
:10E7D000FF2804DA94F84200401C84F8420000202C
:10E7E000606300BFCCE700002E2E2F4D6964646C7F
:10E7F0006577617265732F54686972645F506172E6
:10E8000074792F4C7749502F7372632F636F726541
:10E810002F7463705F6F75742E6300007463705F94
:10E820007265786D69743A20696E76616C696420EE
:10E8300070636200417373657274696F6E20222584
:10E840007322206661696C6564206174206C696E56
:10E850006520256420696E2025730A0010B50446E2
:10E8600000BF002C08D100BF20A340F2F9622CA108
:10E8700033A0F6F735F800BF00BF206FA0B3A07E2D
:10E8800000F0040080BB2046FFF766FF60BBB4F8D1
:10E890004810B4F86020914202DAB4F8481001E060
:10E8A000B4F86010084601EBD071C1F34F01A4F831
:10E8B0004A10B4F84A00618E4900884204D2608E42
:10E8C0004004000CA4F84A00B4F84A00618E032208
:10E8D00002FB0100A4F8480000BF608B40F0040078
:10E8E000608300BF0020208610BD00002E2E2F4D1B
:10E8F0006964646C6577617265732F5468697264CA
:10E900005F50617274792F4C7749502F7372632F67
:10E91000636F72652F7463705F6F75742E63000090
:10E920007463705F7265786D69745F666173743A61
:10E9300020696E76616C696420706362000000007B
:10E94000417373657274696F6E202225732220668D
:10E9500061696C6564206174206C696E6520256452
:10E9600020696E2025730A0010B5044600BF002CF4
:10E9700008D100BF08A340F2AD6214A11AA0F5F7B8
:10E98000AFFF00BF00BF204600F09EF810B9204640
:10E9900000F03EF810BD00002E2E2F4D6964646C0F
:10E9A0006577617265732F54686972645F50617234
:10E9B00074792F4C7749502F7372632F636F726590
:10E9C0002F7463705F6F75742E6300007463705FE3
:10E9D0007265786D69745F72746F3A20696E7661E2
:10E9E0006C69642070636200417373657274696F4F
:10E9F0006E2022257322206661696C656420617433
:10EA0000206C696E6520256420696E2025730A00DC
:10EA100010B5044600BF002C08D100BF0AA34FF474
:10EA2000D36216A11EA0F5F75BFF00BF00BF94F8EC
:10EA30004200FF2804DA94F84200401C84F84200A7
:10EA40002046FDF705FE10BD2E2E2F4D6964646C27
:10EA50006577617265732F54686972645F50617283
:10EA600074792F4C7749502F7372632F636F7265DF
:10EA70002F7463705F6F75742E6300007463705F32
:10EA80007265786D69745F72746F5F636F6D6D69C5
:10EA9000743A20696E76616C69642070636200006C
:10EAA000417373657274696F6E202225732220662C
:10EAB00061696C6564206174206C696E65202564F1
:10EAC00020696E2025730A0070B5044600BF002C33
:10EAD00008D100BF22A340F263622EA136A0F5F751
:10EAE000FFFE00BF00BF206F10B96FF0050070BDC2
:10EAF000256F07E02846FEF793FA10B16FF0050086
:10EB0000F5E72D6828680028F4D12846FEF788FA32
:10EB100010B16FF00500EAE7E06E2860206FE06654
:10EB20000020206700BF608B40F40060608300BF5E
:10EB3000E9684868F8F70AFF0646E9688889F8F73F
:10EB400012FF00F0030008B1012000E00020298935
:10EB500008443044E0640020606300BFC7E7000061
:10EB60002E2E2F4D6964646C6577617265732F5426
:10EB7000686972645F50617274792F4C7749502FC5
:10EB80007372632F636F72652F7463705F6F757438
:10EB90002E6300007463705F7265786D69745F72D4
:10EBA000746F5F707265706172653A20696E76612C
:10EBB0006C69642070636200417373657274696F7D
:10EBC0006E2022257322206661696C656420617461
:10EBD000206C696E6520256420696E2025730A000B
:10EBE00070B504460E4615462CB1207A18B1207A2D
:10EBF000F9F706FF70BD2846F8F73AF9FAE7000082
:10EC00002DE9F04F85B083460F4690461D46DDF84E
:10EC1000389000BF002D08D100BF1EA340F2C4727F
:10EC200029A130A0F5F75CFE00BF00BF00BFB9F11D
:10EC3000000F08D100BF17A340F2C57233A129A06D
:10EC4000F5F74EFE00BF00BF002646F2080A384620
:10EC5000F8F77CFE14220490DDE90F018DE807042B
:10EC6000002231464046049BFDF712FF044614B9CA
:10EC700005B0BDE8F08F3346002221465846FEF726
:10EC800017F84B462A4621465846FDF793FF00BF2A
:10EC9000EEE700002E2E2F4D6964646C657761727B
:10ECA00065732F54686972645F50617274792F4C78
:10ECB0007749502F7372632F636F72652F7463707F
:10ECC0005F6F75742E6300007463705F7273743AC3
:10ECD00020696E76616C6964206C6F63616C5F693A
:10ECE00070000000417373657274696F6E20222595
:10ECF0007322206661696C6564206174206C696EA2
:10ED00006520256420696E2025730A007463705F96
:10ED10007273743A20696E76616C69642072656DF5
:10ED20006F74655F6970000010B5044644B1606897
:10ED300010B16068FAF7D6FD21460320F9F74EFAC4
:10ED400010BD70B5044605E025682046FFF7ECFFCE
:10ED50002C4600BF002CF7D170BD00002DE9F04714
:10ED600004460025A94600BF002C08D100BF2CA3F3
:10ED700040F2EA7237A13FA0F5F7B2FD00BF00BF35
:10ED800005F0010008B1042000E0002005F00201B8
:10ED900009B1002100E00021084405F0080109B193
:10EDA000002100E00021084405F0100109B1002114
:10EDB00000E0002100EB0108206DF8F7C7FD824656
:10EDC0005346002241462046FDF7F4FD06464EB963
:10EDD00000BF608B40F00300608300BF6FF0010054
:10EDE000BDE8F0874B462A4631462046FDF760FFD6
:10EDF000231D224631462046FDF7DCFE07462FB193
:10EE000000BF608B40F00300608306E000BF608BB2
:10EE10004FF6FC710840608300BF3846E0E7000011
:10EE20002E2E2F4D6964646C6577617265732F5463
:10EE3000686972645F50617274792F4C7749502F02
:10EE40007372632F636F72652F7463705F6F757475
:10EE50002E6300007463705F73656E645F656D7030
:10EE600074795F61636B3A20696E76616C696420C6
:10EE700070636200417373657274696F6E2022253E
:10EE80007322206661696C6564206174206C696E10
:10EE90006520256420696E2025730A0070B504463C
:10EEA00000BF002C08D100BF16A340F2EB3222A114
:10EEB00028A0F5F715FD00BF00BFE06EE8B1E56ED4
:10EEC00000E02D6828680028FBD1E9688889F8F7F8
:10EED0004AFD00F0070078B90120F8F744FDE96821
:10EEE00089890843E968888100BF608B40F0200071
:10EEF000608300BF002070BD00BF01212046FCF7E9
:10EF000079F8F8E72E2E2F4D6964646C657761728D
:10EF100065732F54686972645F50617274792F4C05
:10EF20007749502F7372632F636F72652F7463700C
:10EF30005F6F75742E6300007463705F73656E6439
:10EF40005F66696E3A20696E76616C6964207063F1
:10EF500062000000417373657274696F6E20222530
:10EF60007322206661696C6564206174206C696E2F
:10EF70006520256420696E2025730A002DE9F04F75
:10EF800085B04FF00009E9480068401CE749086077
:10EF9000E7480078401CE649087000BF0025E548B6
:10EFA0000468D4E200BF207D002808D100BFE2A39E
:10EFB00040F2BE42ECA1F7A0F5F792FC00BF00BF03
:10EFC00000BF207D012808D100BFDBA340F2BF4273
:10EFD000FAA1F0A0F5F784FC00BF00BF00BF207DC0
:10EFE0000A2808D100BFD4A34FF49862FEA1E9A07B
:10EFF000F5F776FC00BF00BFA07FCD4909788842B5
:10F0000002D12546E468A2E2C9480078A07700262C
:10F01000B046207D022806D194F84200062802DB83
:10F02000701CC6B2D1E094F842000C2802DB701CC0
:10F03000C6B2CAE094F8950000285DDD00BF206FDD
:10F04000002808D000BFBCA340F2D442F2A1D1A056
:10F05000F5F746FC00BF00BF00BFE06E002808D1F6
:10F0600000BFB5A340F2D542F8A1CAA0F5F738FC1D
:10F0700000BF00BF94F896000C2802DB701CC6B2DB
:10F08000A3E094F89500401EFE490F5C94F89400AC
:10F09000B84204DA94F89400401C84F8940094F880
:10F0A0009400B84227DB4FF0010AB4F8600030B991
:10F0B000204600F0BBFD70B14FF0000A0BE0B4F841
:10F0C0006010204600F0E4FA28B92046FDF7C0FAA7
:10F0D00008B94FF0000ABAF1000F0BD0002084F8F5
:10F0E000940094F89500072804D294F89500401CE9
:10F0F00084F8950000BF68E0B4F93000002809DB0F
:10F10000B4F9300047F6FF71884203DA208E401CC4
:10F1100000B22086B4F93000B4F94010884254DBC4
:10F120002046FFF7D1FC18B1206F70BBE06E60B3D2
:10F13000207D02281ED094F842200C2A02D294F896
:10F14000422000E00C221146B4F93E20B4F93C30D4
:10F1500002EBE302CC4B5B5C02FA03F047F6FF7272
:10F16000904201DA024601E047F6FF7212B2A4F8BB
:10F17000402000BF00202086B4F84800B4F860109A
:10F18000884203DAB4F8480002E01EE0B4F86000F8
:10F19000049004984010A4F84A00B4F84A00618E24
:10F1A0004FF6FF7202EA4101884205DA608E11468D
:10F1B00001EA4000A4F84A00608EA4F8480000204C
:10F1C000A4F86A002046FFF723FC207D06280BD117
:10F1D000A07E00F0100038B15449206A0968081A6E
:10F1E000282801D9701CC6B2607A00F00800D0B39C
:10F1F000207D042802D0207D072834D1A349D4F8EB
:10F20000900008444FF4FA71B0FBF1F0474A216ACC
:10F210001268511A884206D2701CC6B208F1010069
:10F2200000F0FF081FE094F8971042F29F4211FB94
:10F2300002F1D4F8900000EBC1004FF4FA71B0FB7A
:10F24000F1F03A4A216A1268511A88420BD22046DC
:10F25000FCF78CFE8146B9F1000F04D194F89700B9
:10F26000401C84F89700207D032807D12F49206A8D
:10F270000968081A282801D9701CC6B2207D0928FF
:10F2800007D12A49206A0968081AF02801D9701C98
:10F29000C6B2002E48D0D4F88CA02046FDF7B2FFAD
:10F2A0008DB100BF23480068844208D100BF22A36B
:10F2B00040F26D5276A137A0F5F712FB00BF00BFF8
:10F2C000E068E86011E000BF1A480068A04208D07A
:10F2D00000BF19A340F2715278A12EA0F5F700FBF0
:10F2E00000BF00BF1349E0680860B8F1000F0BD001
:10F2F000208BE18A221DCDE9002102902346204681
:10F30000626A216DFFF77CFCD4F810B0207D039079
:10F310002746E4683846FCF71BF80020724908705D
:10F3200000BFBAF1000FE1E0EBE000008C0000202C
:10F33000A2000020980000202E2E2F4D6964646CDE
:10F340006577617265732F54686972645F5061728A
:10F3500074792F4C7749502F7372632F636F7265E6
:10F360002F7463702E6300007463705F736C6F772B
:10F37000746D723A20616374697665207063622DE2
:10F380003E737461746520213D20434C4F534544C6
:10F390000A000000417373657274696F6E20222544
:10F3A0007322206661696C6564206174206C696EEB
:10F3B0006520256420696E2025730A007463705FE0
:10F3C000736C6F77746D723A20616374697665202F
:10F3D0007063622D3E737461746520213D204C4939
:10F3E0005354454E0A0000007463705F736C6F776E
:10F3F000746D723A20616374697665207063622D62
:10F400003E737461746520213D2054494D452D574C
:10F410004149540A000000007463705F736C6F7799
:10F4200074696D723A2070657273697374207469BF
:10F43000636B696E67207769746820696E2D666CEE
:10F440006967687420646174610000007463705FB0
:10F45000736C6F7774696D723A207065727369733B
:10F4600074207469636B696E6720776974682065BE
:10F470006D7074792073656E64206275666665725E
:10F48000000000007D0D0108700D0108B84C0A0055
:10F490007463705F736C6F77746D723A206D69641A
:10F4A000646C652074637020213D207463705F611B
:10F4B00063746976655F7063627300007463705F84
:10F4C000736C6F77746D723A206669727374207012
:10F4D0006362203D3D207463705F6163746976658B
:10F4E0005F70636273000000A000002003D06FF023
:10F4F0000C015846D04700BF4248007800B14DE5A6
:10F5000024E02546E468287F401C2877287F697F0F
:10F5100088421BDB002028773A49087000BFD5F8E5
:10F52000880030B12946D5F888202869904781465F
:10F5300001E04FF0000900BF3248007800B12DE52E
:10F54000B9F1000F02D12846FDF782F800BF002C68
:10F550007FF428AD00252C4804684EE000BF207DD4
:10F560000A280AD000BFAFF2302340F2A15227A1EF
:10F57000AFF2E010F5F7B4F900BF00BF00262F4945
:10F58000206A0968081AF02801D9701CC6B2002E3A
:10F5900031D02046FDF736FE9DB100BF1A48006805
:10F5A00084420AD100BFAFF2702340F2AF5224A1CF
:10F5B000AFF22020F5F794F900BF00BFE068E860E3
:10F5C00013E000BF10480068A0420AD000BFAFF2AD
:10F5D000982340F2B35224A1AFF24820F5F780F906
:10F5E00000BF00BF0849E06808602746E468384665
:10F5F000FBF7AEFE01E02546E468002CAED105B075
:10F60000BDE8F08FA00000209C0000207463705FB4
:10F61000736C6F77746D723A2054494D452D574184
:10F620004954207063622D3E7374617465203D3DC2
:10F630002054494D452D5741495400008C0000206D
:10F640007463705F736C6F77746D723A206D696468
:10F65000646C652074637020213D207463705F7456
:10F66000775F7063627300007463705F736C6F77B1
:10F67000746D723A20666972737420706362203D03
:10F680003D207463705F74775F7063627300000085
:10F690002DE9F04F85B005460E4600270024A3460D
:10F6A00000BF002D08D100BF79A340F24B3285A1E5
:10F6B0008DA0F5F715F900BF00BFEC6E24B94FF02F
:10F6C000FF3005B0BDE8F08F002E0CD100BF00BFA9
:10F6D0006FA340F253328EA183A0F5F701F900BF6A
:10F6E00000BFB01FEDE72089B04201DC0020E8E751
:10F6F00000BF688EB04208DA00BF65A340F25B32FB
:10F700008CA179A0F5F7ECF800BF00BF00BF2089FD
:10F71000002808DC00BF5EA34FF4577289A172A0D5
:10F72000F5F7DEF800BF00BF94F80A8008F001008A
:10F7300008B1042000E0002008F0020109B1002116
:10F7400000E00021084408F0080109B1002100E0B0
:10F750000021084408F0100109B1002100E0002157
:10F76000084404902089801B1FFA80FA04985044B2
:10F7700081B24FF420723620F9F716FC8346BBF1B4
:10F78000000F00D16EE0606800892189401A304482
:10F7900080B20290DBF80430049A991860685246EF
:10F7A000029BF9F7FFFF504500D05BE0E1688889D4
:10F7B000F8F7D9F800F03F090020039009F008009D
:10F7C00028B129F00809039840F00800039009F0D7
:10F7D000010028B129F00109039840F001000390CD
:10F7E000E1684868F8F7B2F830440346CDE9008094
:10F7F00059462846039AFBF7A9FA074607B931E0AC
:10F800006068F9F75AFE35F8661F081A28806268A2
:10F810001289A2EB0A0291B26068FAF76FF92089A7
:10F82000A0EB0A0020814846F8F79DF8E168898935
:10F830000843E16888816068F9F73FFE2988084439
:10F8400028807868F9F739FE2988084425F8660980
:10F85000206838602760386810B90020A5F8680073
:10F8600000202EE700BF47B100BF09A34FF4767216
:10F8700038A11DA0F5F734F800BF00BFBBF1000FA1
:10F8800002D05846FAF72EF84FF0FF3019E7000083
:10F890002E2E2F4D6964646C6577617265732F54E9
:10F8A000686972645F50617274792F4C7749502F88
:10F8B0007372632F636F72652F7463705F6F7574FB
:10F8C0002E6300007463705F73706C69745F756E93
:10F8D00073656E745F7365673A20696E76616C69F3
:10F8E0006420706362000000417373657274696F15
:10F8F0006E2022257322206661696C656420617424
:10F90000206C696E6520256420696E2025730A00CD
:10F9100043616E27742073706C6974207365676D22
:10F92000656E7420696E746F206C656E67746820F4
:10F930003000000073706C6974203C3D206D73735F
:10F9400000000000757365672D3E6C656E203E20DB
:10F9500030000000736567203D3D204E554C4C0043
:10F9600010B50948006868B90848006810B9084827
:10F97000006838B101200449086000220549FA20D6
:10F98000FAF7AAFD10BD0000D80000209800002062
:10F990009C0000209DFD00083EB5044629480078E3
:10F9A00000F0040000B13EBD00BF002C08D100BF34
:10F9B00025A340F2EE2231A138A0F4F791FF00BF59
:10F9C00000BF2048007800F0020018B33D49606A8B
:10F9D0000968081A26D4218D606A084439490968E3
:10F9E000081A00281EDC3848006800883649096873
:10F9F0004988364ACDE900210290324800683449EE
:10FA000009884218314B1B1D324801682046FFF718
:10FA1000F7F8C8E70B48007800F0010010B12E4855
:10FA2000006820622A480088002808DD00BF608B3B
:10FA300040F00200608300BF2046FCF709FE00BFD3
:10FA4000B1E70000C40000202E2E2F4D6964646CC5
:10FA50006577617265732F54686972645F50617273
:10FA600074792F4C7749502F7372632F636F7265CF
:10FA70002F7463705F696E2E630000007463705FA3
:10FA800074696D65776169745F696E7075743A2029
:10FA9000696E76616C69642070636200417373659E
:10FAA0007274696F6E2022257322206661696C650D
:10FAB00064206174206C696E6520256420696E2065
:10FAC00025730A00B8000020A80000201C54002064
:10FAD000C2000020BC0000208C00002010B5FBF705
:10FAE000E9FB06480078401CC0B20449087000F0E9
:10FAF000010008B1FFF742FA10BD0000A10000208C
:10FB00000348007840F01000014908707047000079
:10FB1000C500002070B5044600BF002C08D100BF0E
:10FB20001CA340F2A63227A12FA0F4F7D9FE00BFF4
:10FB300000BF218D606A4518608EE16AB0F5866F5E
:10FB400002DD4FF4866000E0608E0844281A04D479
:10FB5000208D6085E06A281A70BDE16A606A401AEB
:10FB6000002802DD0020608512E0616AE06A461A22
:10FB700000BFB6F5803F08D300BF06A340F2B632FF
:10FB800023A119A0F4F7ACFE00BF00BF668500BF3B
:10FB90000020E1E72E2E2F4D6964646C6577617259
:10FBA00065732F54686972645F50617274792F4C69
:10FBB0007749502F7372632F636F72652F74637070
:10FBC0002E6300007463705F7570646174655F72AA
:10FBD00063765F616E6E5F776E643A20696E766100
:10FBE0006C69642070636200417373657274696F3D
:10FBF0006E2022257322206661696C656420617421
:10FC0000206C696E6520256420696E2025730A00CA
:10FC10006E65775F7263765F616E6E5F776E64208C
:10FC20003C3D203078666666660000002DE9FC5F8A
:10FC300004464FF0000A00BF002C08D100BF37A3D4
:10FC400040F64F0242A14BA0F4F74AFE00BF00BFAE
:10FC5000E56E15B90020BDE8FC9F94F89600FF28DA
:10FC600004DA94F89600401C84F89600E9688889C4
:10FC7000F7F779FE00F0010018B1288908B90120D2
:10FC800000E000208146B9F1000F01D1012000E021
:10FC900000208346E86843685A4651462046FCF7F0
:10FCA00089FE064616B94FF0FF30D4E77768B9F100
:10FCB000000F09D01120F7F756FEB9894CF2FF0268
:10FCC00011400843B8810DE07068143000906968F5
:10FCD00009892A89891A8BB2012268680099F9F783
:10FCE00061FD00BFE9684868F7F730FE00F10108E0
:10FCF000206DB0EB080001D5C4F8508053460022B7
:10FD000031462046FCF7D4FF231D224631462046CB
:10FD1000FCF750FF019001989DE700002E2E2F4D1B
:10FD20006964646C6577617265732F546869726485
:10FD30005F50617274792F4C7749502F7372632F23
:10FD4000636F72652F7463705F6F75742E6300004C
:10FD50007463705F7A65726F5F77696E646F775FE7
:10FD600070726F62653A20696E76616C69642070AA
:10FD700063620000417373657274696F6E2022259F
:10FD80007322206661696C6564206174206C696E01
:10FD90006520256420696E2025730A0010B504468D
:10FDA000FFF79CFE0748006810B90748006828B1B3
:10FDB00000220649FA20FAF78FFB02E000200449EE
:10FDC000086010BD980000209C0000209DFD0008E8
:10FDD000D80000202DE9F04105460E46174606B929
:10FDE000274E00BF002D0CD100BF26A340F2B73232
:10FDF00030A136A0F4F774FD00BF6FF00F00BDE82E
:10FE0000F08100BF4FF000083A48046805E0A542C1
:10FE100002D14FF0010802E0E468002CF7D100BFE6
:10FE200037B900F063FB0746D7B96FF00700E6E784
:10FE30003048046812E0A5420FD0608AB8420CD165
:10FE400020683168884205D026B1306810B10CB105
:10FE5000206810B96FF00700D1E7E468002CEAD100
:10FE60000EB9002000E0306828606F82B8F1000F02
:10FE700004D120480068E8601E4805600020BEE705
:10FE8000B00D01082E2E2F4D6964646C6577617288
:10FE900065732F54686972645F50617274792F4C76
:10FEA0007749502F7372632F636F72652F7564707B
:10FEB0002E6300007564705F62696E643A20696E3B
:10FEC00076616C6964207063620000004173736541
:10FED0007274696F6E2022257322206661696C65D9
:10FEE00064206174206C696E6520256420696E2031
:10FEF00025730A00E000002070B500F0E9FA05461D
:10FF00008DB141F2893208492846FFF763FF044664
:10FF100034B9064806490268284600F013FB02E09F
:10FF2000284600F05DFB70BDB00D01084C030020B9
:10FF300035FF00082DE9F04781460E4614461F465E
:10FF4000DDF8208064480069401C63490861002096
:10FF5000624908706089F7280BD1606800786049B1
:10FF60000978884205D1606840785D4949788842BF
:10FF700000D048E062895A486168F0F767F93C218F
:10FF80005748F4F7C5FD5649D1F8F310884200D020
:10FF900039E00120514908704F484069401C4E49E2
:10FFA000486100231FE000251AE003EBC30202EBC7
:10FFB0000312DFF830C10CEB02120C32C5EBC50C9A
:10FFC0000CEB051C02EB8C0103EB43022A4402EB11
:10FFD000820C434AD21C02EB8C0000F055FA6D1CD7
:10FFE000032DE2DB5B1C042BDDDB3D4880783A49C6
:10FFF00081F83000084690F830003B498870384955
:020000040801F1
:100000008878FAF719FA2046F9F76CFC334800783B
:1000100000285ED000233AE0002535E003EBC30260
:1000200002EB0312DFF8BCC00CEB02120C32C5EB82
:10003000C50C0CEB051C02EB8C0202F1180103EB62
:1000400043022A44C2EBC20C274AD21C02EB8C00AA
:10005000FAF7A8F803EBC30000EB0310214901EB0A
:1000600000100C30C5EBC50101EB051100EB810060
:10007000816D03EB43002844C0EBC0021A48C01C4A
:1000800000EB820041616D1C032DC7DB5B1C042B60
:10009000C2DB54211448F4F73BFD1349C1F8530166
:1000A0004FF4C17240F257113620F8F77DFF8246B7
:1000B00040F257120C495046F9F79CFE40F2D243E9
:1000C0003A465146304600F0F5FA5046F9F70AFC38
:1000D00000BFBDE8F08700006890002050030020BA
:1000E000FD000020248A0020F401002010B5F0F764
:1000F0009BF8C0F30D0000F540400149088010BD99
:10010000DC0000202DE9FE4F05460E460020019040
:1001100000BF002D07D100BF61A3CF226CA172A048
:10012000F4F7DEFB00BF00BF00BF002E07D100BF09
:100130005BA3D02276A16CA0F4F7D2FB00BF00BF76
:100140006889082803DA2846F9F7CCFBA6E0D5F839
:1001500004A0764A11685069F6F7ADF98146BAF8FD
:100160000000F7F700FC8346BAF80200F7F7FBFB44
:10017000029000240027A0466D48046838E0618A98
:100180000298814232D14A463146204600F0E0F8DA
:1001900060B3207C00F00400A8B9B8F1000F01D1D1
:1001A000A04610E0B9F1000F0DD060484069401C36
:1001B00048B9D8F800007168884204D02068716896
:1001C000884200D1A046A08A58450FD1606820B16E
:1001D000564960680969884208D137B1E068F8601B
:1001E00053480068E0605248046003E02746E46832
:1001F000002CC4D100BF04B9444614B101200190C1
:1002000008E04A4970684969884201D1012000E04C
:1002100000200190019800283CD008212846F9F7D9
:100220006FFD70B100BF00BF1DA34FF4B87241A1B4
:100230002DA0F4F755FB00BF00BF2846F9F752FB8D
:100240002CE07CB1A06948B1CDF800B0374B103339
:100250002A462146D4E906C0E0471EE02846F9F7C1
:1002600041FB1BE0B9F1000F10D13048007D00F0D8
:10027000F000E0280AD02D488089083001B22846D5
:10028000F9F712FC03212846F5F73DFF2846F9F758
:1002900029FB02E02846F9F725FB00BFBDE8FE8FE9
:1002A0002E2E2F4D6964646C6577617265732F54CF
:1002B000686972645F50617274792F4C7749502F6E
:1002C0007372632F636F72652F7564702E63000005
:1002D0007564705F696E7075743A20696E76616CD2
:1002E0006964207062756600417373657274696F2A
:1002F0006E2022257322206661696C65642061741A
:10030000206C696E6520256420696E2025730A00C3
:100310007564705F696E7075743A20696E76616C91
:100320006964206E65746966000000000C5400204A
:10033000E0000020706275665F72656D6F76655FC4
:10034000686561646572206661696C65640A0000B5
:1003500070B504460D46164600BF002C07D100BFFD
:100360001FA387222AA133A0F4F7BAFA00BF00BF67
:1003700000BF002D07D100BF19A3882237A12DA0EF
:10038000F4F7AEFA00BF00BF207A50B1217A3D48A1
:10039000406890F83000401CC0B2814201D000207B
:1003A00070BD8EB174B1206860B136484069401CA0
:1003B00040B12068A968084032494969AA681140DB
:1003C00088420BD10120EBE734B1206820B12D49E0
:1003D00020684969884201D10120E1E70020DFE778
:1003E0002E2E2F4D6964646C6577617265732F548E
:1003F000686972645F50617274792F4C7749502F2D
:100400007372632F636F72652F7564702E630000C3
:100410007564705F696E7075745F6C6F63616C5F3B
:100420006D617463683A20696E76616C69642070EE
:1004300063620000417373657274696F6E202225D8
:100440007322206661696C6564206174206C696E3A
:100450006520256420696E2025730A007564705F2D
:10046000696E7075745F6C6F63616C5F6D617463EE
:10047000683A20696E76616C6964206E657469669D
:10048000000000000C540020C2680A6102694A6141
:100490008268CA6042688A6002684A6070470000E9
:1004A00010B5024682B1136873B169B10B685BB1D4
:1004B000064B186806E003681468A34201D10B6874
:1004C0000360C0680028F6D110BD0000E0000020E5
:1004D00010B50020F7F750FF04462CB1202120462C
:1004E000EFF7DBFEFF20E072204610BD10B50022C2
:1004F00000BF124803880088401C104C20804FF633
:10050000FF70834203D14FF44040234618800C48CB
:1005100001680EE0488A094B1B88984208D1501C9C
:1005200080B20246B0F5804F01DB002010BDE0E74D
:10053000C9680029EED101480088F7E7DC000020F7
:10054000E000002070B504460E46154600BF002CA2
:1005500009D100BF06A340F28A4211A116A0F4F708
:10056000BFF900BF70BD00BFA661E56100BFF9E73C
:100570002E2E2F4D6964646C6577617265732F54FC
:10058000686972645F50617274792F4C7749502F9B
:100590007372632F636F72652F7564702E63000032
:1005A0007564705F726563763A20696E76616C6916
:1005B0006420706362000000417373657274696F38
:1005C0006E2022257322206661696C656420617447
:1005D000206C696E6520256420696E2025730A00F1
:1005E00070B5054600BF002D09D100BF14A340F22D
:1005F000A1421FA124A0F4F773F900BF70BD00BF92
:100600002B480068A84205D129480068C0682849DD
:1006100008600EE02648046808E0E06828B1E06859
:10062000A84202D1E868E06002E0E468002CF4D15E
:1006300000BF29460020F7F7D1FD00BFDEE700002C
:100640002E2E2F4D6964646C6577617265732F542B
:10065000686972645F50617274792F4C7749502FCA
:100660007372632F636F72652F7564702E63000061
:100670007564705F72656D6F76653A20696E76613C
:100680006C69642070636200417373657274696F92
:100690006E2022257322206661696C656420617476
:1006A000206C696E6520256420696E2025730A0020
:1006B000E00000202DE9F84305460F46164698460F
:1006C00000BF002D0CD100BF21A34FF406722CA156
:1006D00031A0F4F705F900BF6FF00F00BDE8F88313
:1006E00000BF00BF002F0BD100BF19A340F2192299
:1006F00033A129A0F4F7F4F800BF6FF00F00EDE785
:1007000000BF00BF002E0BD100BF11A340F21A2280
:1007100032A121A0F4F7E4F800BF6FF00F00DDE78D
:1007200000BF287A20B1287AF8F76AF9044603E076
:100730003046F6F79DFB044614B96FF00300CDE791
:100740004346324639462846009400F055F8C5E73E
:100750002E2E2F4D6964646C6577617265732F541A
:10076000686972645F50617274792F4C7749502FB9
:100770007372632F636F72652F7564702E63000050
:100780007564705F73656E64746F3A20696E76612C
:100790006C69642070636200417373657274696F81
:1007A0006E2022257322206661696C656420617465
:1007B000206C696E6520256420696E2025730A000F
:1007C0007564705F73656E64746F3A20696E7661EC
:1007D0006C69642070627566000000007564705F6B
:1007E00073656E64746F3A20696E76616C6964201B
:1007F0006473745F697000002DE9FC4704460F467E
:10080000904699460A9D00BF002C0CD100BF2CA336
:100810004FF4207236A13DA0F4F762F800BF6FF0EC
:100820000F00BDE8FC8700BF00BF002F0BD100BF49
:1008300023A340F281223FA134A0F4F751F800BF76
:100840006FF00F00EDE700BF00BFB8F1000F0BD154
:1008500000BF1BA340F282223DA12CA0F4F740F878
:1008600000BF6FF00F00DCE700BF00BF002D0BD111
:1008700000BF13A340F283223DA124A0F4F730F877
:1008800000BF6FF00F00CCE700BF34B1206820B18B
:10089000207800F0F000E02801D12E1D07E020684C
:1008A0006968884202D06FF00300BAE726464B46DB
:1008B000424639462046CDE9005600F069F8B0E7D7
:1008C0002E2E2F4D6964646C6577617265732F54A9
:1008D000686972645F50617274792F4C7749502F48
:1008E0007372632F636F72652F7564702E630000DF
:1008F0007564705F73656E64746F5F69663A2069D2
:100900006E76616C69642070636200004173736588
:100910007274696F6E2022257322206661696C658E
:1009200064206174206C696E6520256420696E20E6
:1009300025730A007564705F73656E64746F5F6918
:10094000663A20696E76616C696420706275660033
:100950007564705F73656E64746F5F69663A206971
:100960006E76616C6964206473745F697000000066
:100970007564705F73656E64746F5F69663A206951
:100980006E76616C6964206E6574696600000000B3
:100990002DE9FF4F85B004460D469146DDE912ABC7
:1009A00000BF002C0DD100BF59A340F2D12264A199
:1009B0006BA0F3F795FF00BF6FF00F0009B0BDE823
:1009C000F08F00BF00BF002D0BD100BF50A340F23D
:1009D000D2226DA162A0F3F783FF00BF6FF00F007A
:1009E000ECE700BF00BFB9F1000F0BD100BF48A377
:1009F00040F2D3226CA15AA0F3F772FF00BF6FF050
:100A00000F00DBE700BF00BFBBF1000F0BD100BF41
:100A10003FA34FF435726DA151A0F3F761FF00BF02
:100A20006FF00F00CAE700BF00BFBAF1000F0BD193
:100A300000BF37A340F2D5226DA149A0F3F750FFC4
:100A400000BF6FF00F00B9E700BF608A50B9628A3B
:100A500021462046FFF7BEF98046B8F1000F01D0CD
:100A60004046ABE72889083080B22989884202DAFB
:100A70004FF0FF30A2E708212846F8F717FA88B1AF
:100A80004FF4207208212220F8F78EFA064616B994
:100A90004FF0FF3092E7288928B129463046F8F711
:100AA00001FD00E02E4600BF7089082808D200BF73
:100AB00017A340F20D3257A129A0F3F711FF00BF91
:100AC00000BF7768608AF6F74EFF38800898F6F71F
:100AD0004AFF78800020F8803089F6F744FFB8801C
:100AE00011200490E07A0390A17A0498CDE9010ADC
:100AF00000914A4659463046039BF5F76DFF804604
:100B0000AE4203D03046F8F7EDFE0026404655E7EA
:100B10002E2E2F4D6964646C6577617265732F5456
:100B2000686972645F50617274792F4C7749502FF5
:100B30007372632F636F72652F7564702E6300008C
:100B40007564705F73656E64746F5F69665F7372FE
:100B5000633A20696E76616C69642070636200009C
:100B6000417373657274696F6E202225732220664B
:100B700061696C6564206174206C696E6520256410
:100B800020696E2025730A007564705F73656E645A
:100B9000746F5F69665F7372633A20696E76616C29
:100BA00069642070627566007564705F73656E6459
:100BB000746F5F69665F7372633A20696E76616C09
:100BC0006964206473745F69700000007564705F0D
:100BD00073656E64746F5F69665F7372633A2069F0
:100BE0006E76616C6964207372635F6970000000E7
:100BF0007564705F73656E64746F5F69665F73724E
:100C0000633A20696E76616C6964206E657469660A
:100C100000000000636865636B207468617420667F
:100C20006972737420706275662063616E20686FEC
:100C30006C6420737472756374207564705F68648B
:100C40007200000070B5002413E000250AE0E1B254
:100C500005EBC50202EB0512074B03EB0210F9F797
:100C600055FB6D1C042DF2DB4FF4FA70F3F78CFF8B
:100C7000641C032CE9DB70BD248A002020060C00D4
:100C80000C080020040000200006101600061016B4
:100C9000000000000000000001020304060708092C
:100CA0000000000001020304FFFFFFFFFFFF000040
:100CB0000000000020000400775A002058000020A7
:100CC00098000500FA5A00205C0000201C00080073
:100CD000F55D00206000002010001000D85E0020AC
:100CE0006400002020000500DB5F00206800002079
:100CF00018000F007E6000206C0000201000030030
:100D0000E961002070000020100010001C6200202B
:100D100074000020600210001F6300207800002093
:100D2000B40C0108C00C0108CC0C0108D80C010857
:100D3000E40C0108F00C0108FC0C0108080D010886
:100D4000140D0108200E0108480E0108680E010864
:100D5000280E0108140E0108FC0D0108080E0108F8
:100D60005C0E0108340E01083C0E0108500E01080B
:100D70000102030405060707070707070703060C18
:100D80001830607894000020900000209800002027
:100D90009C000020FA000000DDFA0008E8030000D3
:100DA0002D760008E80300005D5A000803000000EB
:100DB00000000000FFFFFFFF4C5749505F434F4EBC
:100DC00053545F43415354206E6F7420696D706CAF
:100DD000656D656E74656420636F72726563746CB3
:100DE000792E20436865636B20796F7572206C776C
:100DF000495020706F72742E0000000046494E5F0B
:100E0000574149545F31000046494E5F57414954AC
:100E10005F32000045535441424C49534845440019
:100E2000434C4F534544000053594E5F5243564480
:100E300000000000434C4F53494E47004C4153546F
:100E40005F41434B000000004C495354454E0000A5
:100E500054494D455F57414954000000434C4F539E
:100E6000455F57414954000053594E5F53454E5416
:100E7000000000007463705F656E71756575655F75
:100E8000666C6167733A206E656564206569746895
:100E90006572205443505F53594E206F7220544363
:100EA000505F46494E20696E20666C61677320284A
:100EB00070726F6772616D6D65722076696F6C61BB
:100EC0007465732041504929000000006E65746903
:100ED000662D3E6877616464725F6C656E206D7527
:100EE0007374206265207468652073616D6520618C
:100EF00073204554485F4857414444525F4C454E27
:100F000020666F72206574686172702100000000B5
:100F10004920676574206120646174610A000000E3
:100F2000400F0108000000205C030000E0050008FD
:100F3000800F01085C0300205C9100004849000814
:100F4000C113DD091B08D10413110A1B08ED081A8F
:100F5000D504012032104201033E24F4021AC00BD2
:100F6000486E1954100D68656C6C6F20776F726C49
:100F7000642103F5FEEE09F5F70161C5100F0108C4
:040000050800018965
:00000001FF
