ISO-10303-21;
HEADER;
FILE_DESCRIPTION( ( 'STEP AP214' ), ' ' );
FILE_NAME( 'C:/Users/Administrator.MICROSO-9FK930V/Desktop/step/XPBK50-NBR.stp', '2019-10-15T07:32:55', ( '' ), ( '' ), ' ', 'PARTsolutions', ' ' );
FILE_SCHEMA( ( 'AUTOMOTIVE_DESIGN { 1 0 10303 214 1 1 1 1 }' ) );
ENDSEC;
DATA;
#1 = MECHANICAL_DESIGN_GEOMETRIC_PRESENTATION_REPRESENTATION( ' ', ( #10, #11, #12, #13, #14, #15, #16, #17, #18, #19, #20, #21, #22, #23, #24, #25, #26, #27, #28, #29, #30, #31, #32, #33, #34, #35, #36, #37, #38, #39, #40, #41, #42, #43, #44, #45, #46, #47, #48, #49, #50, #51, #52, #53, #54, #55, #56, #57, #58, #59, #60, #61, #62, #63, #64, #65, #66, #67, #68, #69, #70, #71, #72, #73, #74, #75, #76, #77, #78, #79, #80, #81, #82, #83, #84, #85, #86, #87 ), #6 );
#2 = PRODUCT_DEFINITION_CONTEXT( '', #88, 'design' );
#3 = APPLICATION_PROTOCOL_DEFINITION( 'international standard', 'automotive_design', 2001, #88 );
#4 = PRODUCT_CATEGORY_RELATIONSHIP( 'NONE', 'NONE', #89, #90 );
#5 = SHAPE_DEFINITION_REPRESENTATION( #91, #92 );
#6 =  ( GEOMETRIC_REPRESENTATION_CONTEXT( 3 )GLOBAL_UNCERTAINTY_ASSIGNED_CONTEXT( ( #95 ) )GLOBAL_UNIT_ASSIGNED_CONTEXT( ( #97, #98, #99 ) )REPRESENTATION_CONTEXT( 'NONE', 'WORKSPACE' ) );
#10 = STYLED_ITEM( '', ( #101 ), #102 );
#11 = STYLED_ITEM( '', ( #103 ), #104 );
#12 = STYLED_ITEM( '', ( #105 ), #106 );
#13 = STYLED_ITEM( '', ( #107 ), #108 );
#14 = STYLED_ITEM( '', ( #109 ), #110 );
#15 = STYLED_ITEM( '', ( #111 ), #112 );
#16 = STYLED_ITEM( '', ( #113 ), #114 );
#17 = STYLED_ITEM( '', ( #115 ), #116 );
#18 = STYLED_ITEM( '', ( #117 ), #118 );
#19 = STYLED_ITEM( '', ( #119 ), #120 );
#20 = STYLED_ITEM( '', ( #121 ), #122 );
#21 = STYLED_ITEM( '', ( #123 ), #124 );
#22 = STYLED_ITEM( '', ( #125 ), #126 );
#23 = STYLED_ITEM( '', ( #127 ), #128 );
#24 = STYLED_ITEM( '', ( #129 ), #130 );
#25 = STYLED_ITEM( '', ( #131 ), #132 );
#26 = STYLED_ITEM( '', ( #133 ), #134 );
#27 = STYLED_ITEM( '', ( #135 ), #136 );
#28 = STYLED_ITEM( '', ( #137 ), #138 );
#29 = STYLED_ITEM( '', ( #139 ), #140 );
#30 = STYLED_ITEM( '', ( #141 ), #142 );
#31 = STYLED_ITEM( '', ( #143 ), #144 );
#32 = STYLED_ITEM( '', ( #145 ), #146 );
#33 = STYLED_ITEM( '', ( #147 ), #148 );
#34 = STYLED_ITEM( '', ( #149 ), #150 );
#35 = STYLED_ITEM( '', ( #151 ), #152 );
#36 = STYLED_ITEM( '', ( #153 ), #154 );
#37 = STYLED_ITEM( '', ( #155 ), #156 );
#38 = STYLED_ITEM( '', ( #157 ), #158 );
#39 = STYLED_ITEM( '', ( #159 ), #160 );
#40 = STYLED_ITEM( '', ( #161 ), #162 );
#41 = STYLED_ITEM( '', ( #163 ), #164 );
#42 = STYLED_ITEM( '', ( #165 ), #166 );
#43 = STYLED_ITEM( '', ( #167 ), #168 );
#44 = STYLED_ITEM( '', ( #169 ), #170 );
#45 = STYLED_ITEM( '', ( #171 ), #172 );
#46 = STYLED_ITEM( '', ( #173 ), #174 );
#47 = STYLED_ITEM( '', ( #175 ), #176 );
#48 = STYLED_ITEM( '', ( #177 ), #178 );
#49 = STYLED_ITEM( '', ( #179 ), #180 );
#50 = STYLED_ITEM( '', ( #181 ), #182 );
#51 = STYLED_ITEM( '', ( #183 ), #184 );
#52 = STYLED_ITEM( '', ( #185 ), #186 );
#53 = STYLED_ITEM( '', ( #187 ), #188 );
#54 = STYLED_ITEM( '', ( #189 ), #190 );
#55 = STYLED_ITEM( '', ( #191 ), #192 );
#56 = STYLED_ITEM( '', ( #193 ), #194 );
#57 = STYLED_ITEM( '', ( #195 ), #196 );
#58 = STYLED_ITEM( '', ( #197 ), #198 );
#59 = STYLED_ITEM( '', ( #199 ), #200 );
#60 = STYLED_ITEM( '', ( #201 ), #202 );
#61 = STYLED_ITEM( '', ( #203 ), #204 );
#62 = STYLED_ITEM( '', ( #205 ), #206 );
#63 = STYLED_ITEM( '', ( #207 ), #208 );
#64 = STYLED_ITEM( '', ( #209 ), #210 );
#65 = STYLED_ITEM( '', ( #211 ), #212 );
#66 = STYLED_ITEM( '', ( #213 ), #214 );
#67 = STYLED_ITEM( '', ( #215 ), #216 );
#68 = STYLED_ITEM( '', ( #217 ), #218 );
#69 = STYLED_ITEM( '', ( #219 ), #220 );
#70 = STYLED_ITEM( '', ( #221 ), #222 );
#71 = STYLED_ITEM( '', ( #223 ), #224 );
#72 = STYLED_ITEM( '', ( #225 ), #226 );
#73 = STYLED_ITEM( '', ( #227 ), #228 );
#74 = STYLED_ITEM( '', ( #229 ), #230 );
#75 = STYLED_ITEM( '', ( #231 ), #232 );
#76 = STYLED_ITEM( '', ( #233 ), #234 );
#77 = STYLED_ITEM( '', ( #235 ), #236 );
#78 = STYLED_ITEM( '', ( #237 ), #238 );
#79 = STYLED_ITEM( '', ( #239 ), #240 );
#80 = STYLED_ITEM( '', ( #241 ), #242 );
#81 = STYLED_ITEM( '', ( #243 ), #244 );
#82 = STYLED_ITEM( '', ( #245 ), #246 );
#83 = STYLED_ITEM( '', ( #247 ), #248 );
#84 = STYLED_ITEM( '', ( #249 ), #250 );
#85 = STYLED_ITEM( '', ( #251 ), #252 );
#86 = STYLED_ITEM( '', ( #253 ), #254 );
#87 = STYLED_ITEM( '', ( #255 ), #256 );
#88 = APPLICATION_CONTEXT( 'core data for automotive mechanical design processes' );
#89 = PRODUCT_CATEGORY( 'part', 'NONE' );
#90 = PRODUCT_RELATED_PRODUCT_CATEGORY( 'detail', ' ', ( #257 ) );
#91 = PRODUCT_DEFINITION_SHAPE( 'NONE', 'NONE', #258 );
#92 = ADVANCED_BREP_SHAPE_REPRESENTATION( '_XPBK50-NBR', ( #259, #260 ), #6 );
#95 = UNCERTAINTY_MEASURE_WITH_UNIT( LENGTH_MEASURE( 0.00100000000000000 ), #97, '', '' );
#97 =  ( CONVERSION_BASED_UNIT( 'MILLIMETRE', #263 )LENGTH_UNIT(  )NAMED_UNIT( #266 ) );
#98 =  ( NAMED_UNIT( #268 )PLANE_ANGLE_UNIT(  )SI_UNIT( $, .RADIAN. ) );
#99 =  ( NAMED_UNIT( #268 )SI_UNIT( $, .STERADIAN. )SOLID_ANGLE_UNIT(  ) );
#101 = PRESENTATION_STYLE_ASSIGNMENT( ( #274 ) );
#102 = ADVANCED_FACE( '', ( #275 ), #276, .F. );
#103 = PRESENTATION_STYLE_ASSIGNMENT( ( #277 ) );
#104 = ADVANCED_FACE( '', ( #278 ), #279, .T. );
#105 = PRESENTATION_STYLE_ASSIGNMENT( ( #280 ) );
#106 = ADVANCED_FACE( '', ( #281, #282 ), #283, .F. );
#107 = PRESENTATION_STYLE_ASSIGNMENT( ( #284 ) );
#108 = ADVANCED_FACE( '', ( #285 ), #286, .T. );
#109 = PRESENTATION_STYLE_ASSIGNMENT( ( #287 ) );
#110 = ADVANCED_FACE( '', ( #288 ), #289, .T. );
#111 = PRESENTATION_STYLE_ASSIGNMENT( ( #290 ) );
#112 = ADVANCED_FACE( '', ( #291 ), #292, .T. );
#113 = PRESENTATION_STYLE_ASSIGNMENT( ( #293 ) );
#114 = ADVANCED_FACE( '', ( #294 ), #295, .F. );
#115 = PRESENTATION_STYLE_ASSIGNMENT( ( #296 ) );
#116 = ADVANCED_FACE( '', ( #297 ), #298, .T. );
#117 = PRESENTATION_STYLE_ASSIGNMENT( ( #299 ) );
#118 = ADVANCED_FACE( '', ( #300, #301 ), #302, .T. );
#119 = PRESENTATION_STYLE_ASSIGNMENT( ( #303 ) );
#120 = ADVANCED_FACE( '', ( #304, #305 ), #306, .T. );
#121 = PRESENTATION_STYLE_ASSIGNMENT( ( #307 ) );
#122 = ADVANCED_FACE( '', ( #308 ), #309, .T. );
#123 = PRESENTATION_STYLE_ASSIGNMENT( ( #310 ) );
#124 = ADVANCED_FACE( '', ( #311 ), #312, .T. );
#125 = PRESENTATION_STYLE_ASSIGNMENT( ( #313 ) );
#126 = ADVANCED_FACE( '', ( #314 ), #315, .F. );
#127 = PRESENTATION_STYLE_ASSIGNMENT( ( #316 ) );
#128 = ADVANCED_FACE( '', ( #317, #318 ), #319, .T. );
#129 = PRESENTATION_STYLE_ASSIGNMENT( ( #320 ) );
#130 = ADVANCED_FACE( '', ( #321 ), #322, .T. );
#131 = PRESENTATION_STYLE_ASSIGNMENT( ( #323 ) );
#132 = ADVANCED_FACE( '', ( #324 ), #325, .T. );
#133 = PRESENTATION_STYLE_ASSIGNMENT( ( #326 ) );
#134 = ADVANCED_FACE( '', ( #327 ), #328, .T. );
#135 = PRESENTATION_STYLE_ASSIGNMENT( ( #329 ) );
#136 = ADVANCED_FACE( '', ( #330, #331 ), #332, .F. );
#137 = PRESENTATION_STYLE_ASSIGNMENT( ( #333 ) );
#138 = ADVANCED_FACE( '', ( #334 ), #335, .T. );
#139 = PRESENTATION_STYLE_ASSIGNMENT( ( #336 ) );
#140 = ADVANCED_FACE( '', ( #337 ), #338, .T. );
#141 = PRESENTATION_STYLE_ASSIGNMENT( ( #339 ) );
#142 = ADVANCED_FACE( '', ( #340 ), #341, .T. );
#143 = PRESENTATION_STYLE_ASSIGNMENT( ( #342 ) );
#144 = ADVANCED_FACE( '', ( #343 ), #344, .F. );
#145 = PRESENTATION_STYLE_ASSIGNMENT( ( #345 ) );
#146 = ADVANCED_FACE( '', ( #346 ), #347, .T. );
#147 = PRESENTATION_STYLE_ASSIGNMENT( ( #348 ) );
#148 = ADVANCED_FACE( '', ( #349 ), #350, .T. );
#149 = PRESENTATION_STYLE_ASSIGNMENT( ( #351 ) );
#150 = ADVANCED_FACE( '', ( #352 ), #353, .F. );
#151 = PRESENTATION_STYLE_ASSIGNMENT( ( #354 ) );
#152 = ADVANCED_FACE( '', ( #355, #356 ), #357, .F. );
#153 = PRESENTATION_STYLE_ASSIGNMENT( ( #358 ) );
#154 = ADVANCED_FACE( '', ( #359 ), #360, .F. );
#155 = PRESENTATION_STYLE_ASSIGNMENT( ( #361 ) );
#156 = ADVANCED_FACE( '', ( #362, #363 ), #364, .T. );
#157 = PRESENTATION_STYLE_ASSIGNMENT( ( #365 ) );
#158 = ADVANCED_FACE( '', ( #366, #367 ), #368, .T. );
#159 = PRESENTATION_STYLE_ASSIGNMENT( ( #369 ) );
#160 = ADVANCED_FACE( '', ( #370 ), #371, .F. );
#161 = PRESENTATION_STYLE_ASSIGNMENT( ( #372 ) );
#162 = ADVANCED_FACE( '', ( #373 ), #374, .T. );
#163 = PRESENTATION_STYLE_ASSIGNMENT( ( #375 ) );
#164 = ADVANCED_FACE( '', ( #376 ), #377, .T. );
#165 = PRESENTATION_STYLE_ASSIGNMENT( ( #378 ) );
#166 = ADVANCED_FACE( '', ( #379 ), #380, .F. );
#167 = PRESENTATION_STYLE_ASSIGNMENT( ( #381 ) );
#168 = ADVANCED_FACE( '', ( #382 ), #383, .F. );
#169 = PRESENTATION_STYLE_ASSIGNMENT( ( #384 ) );
#170 = ADVANCED_FACE( '', ( #385 ), #386, .T. );
#171 = PRESENTATION_STYLE_ASSIGNMENT( ( #387 ) );
#172 = ADVANCED_FACE( '', ( #388 ), #389, .T. );
#173 = PRESENTATION_STYLE_ASSIGNMENT( ( #390 ) );
#174 = ADVANCED_FACE( '', ( #391 ), #392, .F. );
#175 = PRESENTATION_STYLE_ASSIGNMENT( ( #393 ) );
#176 = ADVANCED_FACE( '', ( #394 ), #395, .T. );
#177 = PRESENTATION_STYLE_ASSIGNMENT( ( #396 ) );
#178 = ADVANCED_FACE( '', ( #397, #398 ), #399, .F. );
#179 = PRESENTATION_STYLE_ASSIGNMENT( ( #400 ) );
#180 = ADVANCED_FACE( '', ( #401 ), #402, .F. );
#181 = PRESENTATION_STYLE_ASSIGNMENT( ( #403 ) );
#182 = ADVANCED_FACE( '', ( #404 ), #405, .T. );
#183 = PRESENTATION_STYLE_ASSIGNMENT( ( #406 ) );
#184 = ADVANCED_FACE( '', ( #407 ), #408, .T. );
#185 = PRESENTATION_STYLE_ASSIGNMENT( ( #409 ) );
#186 = ADVANCED_FACE( '', ( #410 ), #411, .T. );
#187 = PRESENTATION_STYLE_ASSIGNMENT( ( #412 ) );
#188 = ADVANCED_FACE( '', ( #413 ), #414, .F. );
#189 = PRESENTATION_STYLE_ASSIGNMENT( ( #415 ) );
#190 = ADVANCED_FACE( '', ( #416 ), #417, .T. );
#191 = PRESENTATION_STYLE_ASSIGNMENT( ( #418 ) );
#192 = ADVANCED_FACE( '', ( #419 ), #420, .T. );
#193 = PRESENTATION_STYLE_ASSIGNMENT( ( #421 ) );
#194 = ADVANCED_FACE( '', ( #422 ), #423, .T. );
#195 = PRESENTATION_STYLE_ASSIGNMENT( ( #424 ) );
#196 = ADVANCED_FACE( '', ( #425 ), #426, .T. );
#197 = PRESENTATION_STYLE_ASSIGNMENT( ( #427 ) );
#198 = ADVANCED_FACE( '', ( #428, #429 ), #430, .T. );
#199 = PRESENTATION_STYLE_ASSIGNMENT( ( #431 ) );
#200 = ADVANCED_FACE( '', ( #432, #433 ), #434, .F. );
#201 = PRESENTATION_STYLE_ASSIGNMENT( ( #435 ) );
#202 = ADVANCED_FACE( '', ( #436, #437 ), #438, .T. );
#203 = PRESENTATION_STYLE_ASSIGNMENT( ( #439 ) );
#204 = ADVANCED_FACE( '', ( #440 ), #441, .T. );
#205 = PRESENTATION_STYLE_ASSIGNMENT( ( #442 ) );
#206 = ADVANCED_FACE( '', ( #443, #444 ), #445, .F. );
#207 = PRESENTATION_STYLE_ASSIGNMENT( ( #446 ) );
#208 = ADVANCED_FACE( '', ( #447 ), #448, .F. );
#209 = PRESENTATION_STYLE_ASSIGNMENT( ( #449 ) );
#210 = ADVANCED_FACE( '', ( #450 ), #451, .T. );
#211 = PRESENTATION_STYLE_ASSIGNMENT( ( #452 ) );
#212 = ADVANCED_FACE( '', ( #453 ), #454, .F. );
#213 = PRESENTATION_STYLE_ASSIGNMENT( ( #455 ) );
#214 = ADVANCED_FACE( '', ( #456 ), #457, .T. );
#215 = PRESENTATION_STYLE_ASSIGNMENT( ( #458 ) );
#216 = ADVANCED_FACE( '', ( #459 ), #460, .T. );
#217 = PRESENTATION_STYLE_ASSIGNMENT( ( #461 ) );
#218 = ADVANCED_FACE( '', ( #462 ), #463, .T. );
#219 = PRESENTATION_STYLE_ASSIGNMENT( ( #464 ) );
#220 = ADVANCED_FACE( '', ( #465 ), #466, .F. );
#221 = PRESENTATION_STYLE_ASSIGNMENT( ( #467 ) );
#222 = ADVANCED_FACE( '', ( #468, #469 ), #470, .T. );
#223 = PRESENTATION_STYLE_ASSIGNMENT( ( #471 ) );
#224 = ADVANCED_FACE( '', ( #472, #473 ), #474, .F. );
#225 = PRESENTATION_STYLE_ASSIGNMENT( ( #475 ) );
#226 = ADVANCED_FACE( '', ( #476, #477 ), #478, .T. );
#227 = PRESENTATION_STYLE_ASSIGNMENT( ( #479 ) );
#228 = ADVANCED_FACE( '', ( #480, #481 ), #482, .T. );
#229 = PRESENTATION_STYLE_ASSIGNMENT( ( #483 ) );
#230 = ADVANCED_FACE( '', ( #484 ), #485, .T. );
#231 = PRESENTATION_STYLE_ASSIGNMENT( ( #486 ) );
#232 = ADVANCED_FACE( '', ( #487, #488 ), #489, .T. );
#233 = PRESENTATION_STYLE_ASSIGNMENT( ( #490 ) );
#234 = ADVANCED_FACE( '', ( #491 ), #492, .T. );
#235 = PRESENTATION_STYLE_ASSIGNMENT( ( #493 ) );
#236 = ADVANCED_FACE( '', ( #494 ), #495, .F. );
#237 = PRESENTATION_STYLE_ASSIGNMENT( ( #496 ) );
#238 = ADVANCED_FACE( '', ( #497, #498 ), #499, .T. );
#239 = PRESENTATION_STYLE_ASSIGNMENT( ( #500 ) );
#240 = ADVANCED_FACE( '', ( #501 ), #502, .T. );
#241 = PRESENTATION_STYLE_ASSIGNMENT( ( #503 ) );
#242 = ADVANCED_FACE( '', ( #504, #505 ), #506, .F. );
#243 = PRESENTATION_STYLE_ASSIGNMENT( ( #507 ) );
#244 = ADVANCED_FACE( '', ( #508, #509 ), #510, .T. );
#245 = PRESENTATION_STYLE_ASSIGNMENT( ( #511 ) );
#246 = ADVANCED_FACE( '', ( #512 ), #513, .F. );
#247 = PRESENTATION_STYLE_ASSIGNMENT( ( #514 ) );
#248 = ADVANCED_FACE( '', ( #515 ), #516, .F. );
#249 = PRESENTATION_STYLE_ASSIGNMENT( ( #517 ) );
#250 = ADVANCED_FACE( '', ( #518 ), #519, .T. );
#251 = PRESENTATION_STYLE_ASSIGNMENT( ( #520 ) );
#252 = ADVANCED_FACE( '', ( #521, #522 ), #523, .T. );
#253 = PRESENTATION_STYLE_ASSIGNMENT( ( #524 ) );
#254 = ADVANCED_FACE( '', ( #525 ), #526, .F. );
#255 = PRESENTATION_STYLE_ASSIGNMENT( ( #527 ) );
#256 = ADVANCED_FACE( '', ( #528 ), #529, .T. );
#257 = PRODUCT( '_XPBK50-NBR', '_XPBK50-NBR', 'PART-_XPBK50-NBR-DESC', ( #530 ) );
#258 = PRODUCT_DEFINITION( 'NONE', 'NONE', #531, #2 );
#259 = MANIFOLD_SOLID_BREP( '_XPBK50-NBR', #532 );
#260 = AXIS2_PLACEMENT_3D( '', #533, #534, #535 );
#263 = LENGTH_MEASURE_WITH_UNIT( LENGTH_MEASURE( 1.00000000000000 ), #536 );
#266 = DIMENSIONAL_EXPONENTS( 1.00000000000000, 0.000000000000000, 0.000000000000000, 0.000000000000000, 0.000000000000000, 0.000000000000000, 0.000000000000000 );
#268 = DIMENSIONAL_EXPONENTS( 0.000000000000000, 0.000000000000000, 0.000000000000000, 0.000000000000000, 0.000000000000000, 0.000000000000000, 0.000000000000000 );
#274 = SURFACE_STYLE_USAGE( .BOTH., #537 );
#275 = FACE_OUTER_BOUND( '', #538, .T. );
#276 = PLANE( '', #539 );
#277 = SURFACE_STYLE_USAGE( .BOTH., #540 );
#278 = FACE_OUTER_BOUND( '', #541, .T. );
#279 = CONICAL_SURFACE( '', #542, 7.00000000000000, 1.30899693899575 );
#280 = SURFACE_STYLE_USAGE( .BOTH., #543 );
#281 = FACE_BOUND( '', #544, .T. );
#282 = FACE_OUTER_BOUND( '', #545, .T. );
#283 = PLANE( '', #546 );
#284 = SURFACE_STYLE_USAGE( .BOTH., #547 );
#285 = FACE_OUTER_BOUND( '', #548, .T. );
#286 = CONICAL_SURFACE( '', #549, 15.9641016151378, 1.30899693899575 );
#287 = SURFACE_STYLE_USAGE( .BOTH., #550 );
#288 = FACE_OUTER_BOUND( '', #551, .T. );
#289 = CONICAL_SURFACE( '', #552, 7.00000000000000, 1.30899693899575 );
#290 = SURFACE_STYLE_USAGE( .BOTH., #553 );
#291 = FACE_OUTER_BOUND( '', #554, .T. );
#292 = CONICAL_SURFACE( '', #555, 15.9641016151378, 1.30899693899575 );
#293 = SURFACE_STYLE_USAGE( .BOTH., #556 );
#294 = FACE_OUTER_BOUND( '', #557, .T. );
#295 = PLANE( '', #558 );
#296 = SURFACE_STYLE_USAGE( .BOTH., #559 );
#297 = FACE_OUTER_BOUND( '', #560, .T. );
#298 = CONICAL_SURFACE( '', #561, 15.9641016151378, 1.30899693899575 );
#299 = SURFACE_STYLE_USAGE( .BOTH., #562 );
#300 = FACE_OUTER_BOUND( '', #563, .T. );
#301 = FACE_OUTER_BOUND( '', #564, .T. );
#302 = CYLINDRICAL_SURFACE( '', #565, 5.00000000000000 );
#303 = SURFACE_STYLE_USAGE( .BOTH., #566 );
#304 = FACE_BOUND( '', #567, .T. );
#305 = FACE_OUTER_BOUND( '', #568, .T. );
#306 = CONICAL_SURFACE( '', #569, 25.0000000000000, 1.01219701145133 );
#307 = SURFACE_STYLE_USAGE( .BOTH., #570 );
#308 = FACE_OUTER_BOUND( '', #571, .T. );
#309 = CONICAL_SURFACE( '', #572, 7.00000000000000, 1.30899693899575 );
#310 = SURFACE_STYLE_USAGE( .BOTH., #573 );
#311 = FACE_OUTER_BOUND( '', #574, .T. );
#312 = CONICAL_SURFACE( '', #575, 15.9641016151378, 1.30899693899575 );
#313 = SURFACE_STYLE_USAGE( .BOTH., #576 );
#314 = FACE_OUTER_BOUND( '', #577, .T. );
#315 = PLANE( '', #578 );
#316 = SURFACE_STYLE_USAGE( .BOTH., #579 );
#317 = FACE_BOUND( '', #580, .T. );
#318 = FACE_OUTER_BOUND( '', #581, .T. );
#319 = CONICAL_SURFACE( '', #582, 7.00000000000000, 0.785398163397446 );
#320 = SURFACE_STYLE_USAGE( .BOTH., #583 );
#321 = FACE_OUTER_BOUND( '', #584, .T. );
#322 = CONICAL_SURFACE( '', #585, 8.50000000000000, 1.30899693899575 );
#323 = SURFACE_STYLE_USAGE( .BOTH., #586 );
#324 = FACE_OUTER_BOUND( '', #587, .T. );
#325 = CONICAL_SURFACE( '', #588, 15.9641016151378, 1.30899693899575 );
#326 = SURFACE_STYLE_USAGE( .BOTH., #589 );
#327 = FACE_OUTER_BOUND( '', #590, .T. );
#328 = CONICAL_SURFACE( '', #591, 15.9641016151378, 1.30899693899575 );
#329 = SURFACE_STYLE_USAGE( .BOTH., #592 );
#330 = FACE_BOUND( '', #593, .T. );
#331 = FACE_OUTER_BOUND( '', #594, .T. );
#332 = PLANE( '', #595 );
#333 = SURFACE_STYLE_USAGE( .BOTH., #596 );
#334 = FACE_OUTER_BOUND( '', #597, .T. );
#335 = CONICAL_SURFACE( '', #598, 8.50000000000000, 1.30899693899575 );
#336 = SURFACE_STYLE_USAGE( .BOTH., #599 );
#337 = FACE_OUTER_BOUND( '', #600, .T. );
#338 = CONICAL_SURFACE( '', #601, 8.50000000000000, 1.30899693899575 );
#339 = SURFACE_STYLE_USAGE( .BOTH., #602 );
#340 = FACE_OUTER_BOUND( '', #603, .T. );
#341 = CONICAL_SURFACE( '', #604, 15.9641016151378, 1.30899693899575 );
#342 = SURFACE_STYLE_USAGE( .BOTH., #605 );
#343 = FACE_OUTER_BOUND( '', #606, .T. );
#344 = PLANE( '', #607 );
#345 = SURFACE_STYLE_USAGE( .BOTH., #608 );
#346 = FACE_OUTER_BOUND( '', #609, .T. );
#347 = CONICAL_SURFACE( '', #610, 8.50000000000000, 1.30899693899575 );
#348 = SURFACE_STYLE_USAGE( .BOTH., #611 );
#349 = FACE_OUTER_BOUND( '', #612, .T. );
#350 = CONICAL_SURFACE( '', #613, 12.5980762113533, 1.30899693899575 );
#351 = SURFACE_STYLE_USAGE( .BOTH., #614 );
#352 = FACE_OUTER_BOUND( '', #615, .T. );
#353 = PLANE( '', #616 );
#354 = SURFACE_STYLE_USAGE( .BOTH., #617 );
#355 = FACE_OUTER_BOUND( '', #618, .T. );
#356 = FACE_BOUND( '', #619, .T. );
#357 = PLANE( '', #620 );
#358 = SURFACE_STYLE_USAGE( .BOTH., #621 );
#359 = FACE_OUTER_BOUND( '', #622, .T. );
#360 = PLANE( '', #623 );
#361 = SURFACE_STYLE_USAGE( .BOTH., #624 );
#362 = FACE_OUTER_BOUND( '', #625, .T. );
#363 = FACE_BOUND( '', #626, .T. );
#364 = CONICAL_SURFACE( '', #627, 17.0000000000000, 1.21202565652432 );
#365 = SURFACE_STYLE_USAGE( .BOTH., #628 );
#366 = FACE_BOUND( '', #629, .T. );
#367 = FACE_OUTER_BOUND( '', #630, .T. );
#368 = CONICAL_SURFACE( '', #631, 25.0000000000000, 1.10714871779409 );
#369 = SURFACE_STYLE_USAGE( .BOTH., #632 );
#370 = FACE_OUTER_BOUND( '', #633, .T. );
#371 = PLANE( '', #634 );
#372 = SURFACE_STYLE_USAGE( .BOTH., #635 );
#373 = FACE_OUTER_BOUND( '', #636, .T. );
#374 = PLANE( '', #637 );
#375 = SURFACE_STYLE_USAGE( .BOTH., #638 );
#376 = FACE_OUTER_BOUND( '', #639, .T. );
#377 = CONICAL_SURFACE( '', #640, 15.9641016151378, 1.30899693899575 );
#378 = SURFACE_STYLE_USAGE( .BOTH., #641 );
#379 = FACE_OUTER_BOUND( '', #642, .T. );
#380 = PLANE( '', #643 );
#381 = SURFACE_STYLE_USAGE( .BOTH., #644 );
#382 = FACE_OUTER_BOUND( '', #645, .T. );
#383 = PLANE( '', #646 );
#384 = SURFACE_STYLE_USAGE( .BOTH., #647 );
#385 = FACE_OUTER_BOUND( '', #648, .T. );
#386 = CONICAL_SURFACE( '', #649, 15.9641016151378, 1.30899693899575 );
#387 = SURFACE_STYLE_USAGE( .BOTH., #650 );
#388 = FACE_OUTER_BOUND( '', #651, .T. );
#389 = CONICAL_SURFACE( '', #652, 8.50000000000000, 1.30899693899575 );
#390 = SURFACE_STYLE_USAGE( .BOTH., #653 );
#391 = FACE_OUTER_BOUND( '', #654, .T. );
#392 = PLANE( '', #655 );
#393 = SURFACE_STYLE_USAGE( .BOTH., #656 );
#394 = FACE_OUTER_BOUND( '', #657, .T. );
#395 = CONICAL_SURFACE( '', #658, 12.5980762113533, 1.30899693899575 );
#396 = SURFACE_STYLE_USAGE( .BOTH., #659 );
#397 = FACE_BOUND( '', #660, .T. );
#398 = FACE_OUTER_BOUND( '', #661, .T. );
#399 = PLANE( '', #662 );
#400 = SURFACE_STYLE_USAGE( .BOTH., #663 );
#401 = FACE_OUTER_BOUND( '', #664, .T. );
#402 = PLANE( '', #665 );
#403 = SURFACE_STYLE_USAGE( .BOTH., #666 );
#404 = FACE_OUTER_BOUND( '', #667, .T. );
#405 = CONICAL_SURFACE( '', #668, 8.50000000000000, 1.30899693899575 );
#406 = SURFACE_STYLE_USAGE( .BOTH., #669 );
#407 = FACE_OUTER_BOUND( '', #670, .T. );
#408 = CONICAL_SURFACE( '', #671, 8.50000000000000, 1.30899693899575 );
#409 = SURFACE_STYLE_USAGE( .BOTH., #672 );
#410 = FACE_OUTER_BOUND( '', #673, .T. );
#411 = CONICAL_SURFACE( '', #674, 12.5980762113533, 1.30899693899575 );
#412 = SURFACE_STYLE_USAGE( .BOTH., #675 );
#413 = FACE_OUTER_BOUND( '', #676, .T. );
#414 = PLANE( '', #677 );
#415 = SURFACE_STYLE_USAGE( .BOTH., #678 );
#416 = FACE_OUTER_BOUND( '', #679, .T. );
#417 = CONICAL_SURFACE( '', #680, 12.5980762113533, 1.30899693899575 );
#418 = SURFACE_STYLE_USAGE( .BOTH., #681 );
#419 = FACE_OUTER_BOUND( '', #682, .T. );
#420 = CONICAL_SURFACE( '', #683, 15.9641016151378, 1.30899693899575 );
#421 = SURFACE_STYLE_USAGE( .BOTH., #684 );
#422 = FACE_OUTER_BOUND( '', #685, .T. );
#423 = CONICAL_SURFACE( '', #686, 8.50000000000000, 1.30899693899575 );
#424 = SURFACE_STYLE_USAGE( .BOTH., #687 );
#425 = FACE_OUTER_BOUND( '', #688, .T. );
#426 = CONICAL_SURFACE( '', #689, 8.50000000000000, 1.30899693899575 );
#427 = SURFACE_STYLE_USAGE( .BOTH., #690 );
#428 = FACE_OUTER_BOUND( '', #691, .T. );
#429 = FACE_OUTER_BOUND( '', #692, .T. );
#430 = CYLINDRICAL_SURFACE( '', #693, 6.00000000000000 );
#431 = SURFACE_STYLE_USAGE( .BOTH., #694 );
#432 = FACE_OUTER_BOUND( '', #695, .T. );
#433 = FACE_OUTER_BOUND( '', #696, .T. );
#434 = CYLINDRICAL_SURFACE( '', #697, 3.00000000000000 );
#435 = SURFACE_STYLE_USAGE( .BOTH., #698 );
#436 = FACE_OUTER_BOUND( '', #699, .T. );
#437 = FACE_OUTER_BOUND( '', #700, .T. );
#438 = CYLINDRICAL_SURFACE( '', #701, 17.0000000000000 );
#439 = SURFACE_STYLE_USAGE( .BOTH., #702 );
#440 = FACE_OUTER_BOUND( '', #703, .T. );
#441 = CONICAL_SURFACE( '', #704, 15.9641016151378, 1.30899693899575 );
#442 = SURFACE_STYLE_USAGE( .BOTH., #705 );
#443 = FACE_BOUND( '', #706, .T. );
#444 = FACE_OUTER_BOUND( '', #707, .T. );
#445 = PLANE( '', #708 );
#446 = SURFACE_STYLE_USAGE( .BOTH., #709 );
#447 = FACE_OUTER_BOUND( '', #710, .T. );
#448 = PLANE( '', #711 );
#449 = SURFACE_STYLE_USAGE( .BOTH., #712 );
#450 = FACE_OUTER_BOUND( '', #713, .T. );
#451 = CONICAL_SURFACE( '', #714, 8.50000000000000, 1.30899693899575 );
#452 = SURFACE_STYLE_USAGE( .BOTH., #715 );
#453 = FACE_OUTER_BOUND( '', #716, .T. );
#454 = PLANE( '', #717 );
#455 = SURFACE_STYLE_USAGE( .BOTH., #718 );
#456 = FACE_OUTER_BOUND( '', #719, .T. );
#457 = CONICAL_SURFACE( '', #720, 12.5980762113533, 1.30899693899575 );
#458 = SURFACE_STYLE_USAGE( .BOTH., #721 );
#459 = FACE_OUTER_BOUND( '', #722, .T. );
#460 = CONICAL_SURFACE( '', #723, 7.00000000000000, 1.30899693899575 );
#461 = SURFACE_STYLE_USAGE( .BOTH., #724 );
#462 = FACE_OUTER_BOUND( '', #725, .T. );
#463 = CONICAL_SURFACE( '', #726, 8.50000000000000, 1.30899693899575 );
#464 = SURFACE_STYLE_USAGE( .BOTH., #727 );
#465 = FACE_OUTER_BOUND( '', #728, .T. );
#466 = PLANE( '', #729 );
#467 = SURFACE_STYLE_USAGE( .BOTH., #730 );
#468 = FACE_OUTER_BOUND( '', #731, .T. );
#469 = FACE_OUTER_BOUND( '', #732, .T. );
#470 = TOROIDAL_SURFACE( '', #733, 15.0000000000000, 1.99999999999999 );
#471 = SURFACE_STYLE_USAGE( .BOTH., #734 );
#472 = FACE_BOUND( '', #735, .T. );
#473 = FACE_OUTER_BOUND( '', #736, .T. );
#474 = PLANE( '', #737 );
#475 = SURFACE_STYLE_USAGE( .BOTH., #738 );
#476 = FACE_OUTER_BOUND( '', #739, .T. );
#477 = FACE_OUTER_BOUND( '', #740, .T. );
#478 = CYLINDRICAL_SURFACE( '', #741, 7.00000000000000 );
#479 = SURFACE_STYLE_USAGE( .BOTH., #742 );
#480 = FACE_OUTER_BOUND( '', #743, .T. );
#481 = FACE_OUTER_BOUND( '', #744, .T. );
#482 = CYLINDRICAL_SURFACE( '', #745, 7.00000000000000 );
#483 = SURFACE_STYLE_USAGE( .BOTH., #746 );
#484 = FACE_OUTER_BOUND( '', #747, .T. );
#485 = CONICAL_SURFACE( '', #748, 12.5980762113533, 1.30899693899575 );
#486 = SURFACE_STYLE_USAGE( .BOTH., #749 );
#487 = FACE_OUTER_BOUND( '', #750, .T. );
#488 = FACE_OUTER_BOUND( '', #751, .T. );
#489 = CYLINDRICAL_SURFACE( '', #752, 9.00000000000000 );
#490 = SURFACE_STYLE_USAGE( .BOTH., #753 );
#491 = FACE_OUTER_BOUND( '', #754, .T. );
#492 = CONICAL_SURFACE( '', #755, 15.9641016151378, 1.30899693899575 );
#493 = SURFACE_STYLE_USAGE( .BOTH., #756 );
#494 = FACE_OUTER_BOUND( '', #757, .T. );
#495 = PLANE( '', #758 );
#496 = SURFACE_STYLE_USAGE( .BOTH., #759 );
#497 = FACE_BOUND( '', #760, .T. );
#498 = FACE_OUTER_BOUND( '', #761, .T. );
#499 = PLANE( '', #762 );
#500 = SURFACE_STYLE_USAGE( .BOTH., #763 );
#501 = FACE_OUTER_BOUND( '', #764, .T. );
#502 = CONICAL_SURFACE( '', #765, 7.00000000000000, 1.30899693899575 );
#503 = SURFACE_STYLE_USAGE( .BOTH., #766 );
#504 = FACE_BOUND( '', #767, .T. );
#505 = FACE_OUTER_BOUND( '', #768, .T. );
#506 = PLANE( '', #769 );
#507 = SURFACE_STYLE_USAGE( .BOTH., #770 );
#508 = FACE_BOUND( '', #771, .T. );
#509 = FACE_OUTER_BOUND( '', #772, .T. );
#510 = PLANE( '', #773 );
#511 = SURFACE_STYLE_USAGE( .BOTH., #774 );
#512 = FACE_OUTER_BOUND( '', #775, .T. );
#513 = PLANE( '', #776 );
#514 = SURFACE_STYLE_USAGE( .BOTH., #777 );
#515 = FACE_OUTER_BOUND( '', #778, .T. );
#516 = PLANE( '', #779 );
#517 = SURFACE_STYLE_USAGE( .BOTH., #780 );
#518 = FACE_OUTER_BOUND( '', #781, .T. );
#519 = CONICAL_SURFACE( '', #782, 8.50000000000000, 1.30899693899575 );
#520 = SURFACE_STYLE_USAGE( .BOTH., #783 );
#521 = FACE_OUTER_BOUND( '', #784, .T. );
#522 = FACE_OUTER_BOUND( '', #785, .T. );
#523 = CYLINDRICAL_SURFACE( '', #786, 7.00000000000000 );
#524 = SURFACE_STYLE_USAGE( .BOTH., #787 );
#525 = FACE_OUTER_BOUND( '', #788, .T. );
#526 = PLANE( '', #789 );
#527 = SURFACE_STYLE_USAGE( .BOTH., #790 );
#528 = FACE_OUTER_BOUND( '', #791, .T. );
#529 = CONICAL_SURFACE( '', #792, 7.00000000000000, 1.30899693899575 );
#530 = PRODUCT_CONTEXT( '', #88, 'mechanical' );
#531 = PRODUCT_DEFINITION_FORMATION_WITH_SPECIFIED_SOURCE( ' ', 'NONE', #257, .NOT_KNOWN. );
#532 = CLOSED_SHELL( '', ( #218, #212, #102, #150, #110, #248, #112, #192, #164, #116, #244, #178, #242, #166, #170, #188, #114, #246, #180, #220, #208, #106, #238, #228, #138, #140, #130, #184, #126, #234, #204, #134, #142, #200, #162, #226, #128, #252, #186, #230, #148, #256, #104, #176, #214, #254, #236, #144, #190, #206, #232, #136, #222, #202, #158, #156, #120, #168, #216, #122, #240, #196, #250, #146, #194, #172, #154, #174, #160, #132, #124, #224, #118, #152, #198, #108, #210, #182 ) );
#533 = CARTESIAN_POINT( '', ( 0.000000000000000, 0.000000000000000, 0.000000000000000 ) );
#534 = DIRECTION( '', ( 0.000000000000000, 0.000000000000000, 1.00000000000000 ) );
#535 = DIRECTION( '', ( 1.00000000000000, 0.000000000000000, 0.000000000000000 ) );
#536 =  ( LENGTH_UNIT(  )NAMED_UNIT( #266 )SI_UNIT( .MILLI., .METRE. ) );
#537 = SURFACE_SIDE_STYLE( '', ( #794 ) );
#538 = EDGE_LOOP( '', ( #795, #796, #797, #798, #799, #800 ) );
#539 = AXIS2_PLACEMENT_3D( '', #801, #802, #803 );
#540 = SURFACE_SIDE_STYLE( '', ( #804 ) );
#541 = EDGE_LOOP( '', ( #805, #806, #807 ) );
#542 = AXIS2_PLACEMENT_3D( '', #808, #809, #810 );
#543 = SURFACE_SIDE_STYLE( '', ( #811 ) );
#544 = EDGE_LOOP( '', ( #812 ) );
#545 = EDGE_LOOP( '', ( #813, #814, #815, #816, #817, #818 ) );
#546 = AXIS2_PLACEMENT_3D( '', #819, #820, #821 );
#547 = SURFACE_SIDE_STYLE( '', ( #822 ) );
#548 = EDGE_LOOP( '', ( #823, #824, #825 ) );
#549 = AXIS2_PLACEMENT_3D( '', #826, #827, #828 );
#550 = SURFACE_SIDE_STYLE( '', ( #829 ) );
#551 = EDGE_LOOP( '', ( #830, #831, #832 ) );
#552 = AXIS2_PLACEMENT_3D( '', #833, #834, #835 );
#553 = SURFACE_SIDE_STYLE( '', ( #836 ) );
#554 = EDGE_LOOP( '', ( #837, #838, #839 ) );
#555 = AXIS2_PLACEMENT_3D( '', #840, #841, #842 );
#556 = SURFACE_SIDE_STYLE( '', ( #843 ) );
#557 = EDGE_LOOP( '', ( #844, #845, #846, #847, #848, #849 ) );
#558 = AXIS2_PLACEMENT_3D( '', #850, #851, #852 );
#559 = SURFACE_SIDE_STYLE( '', ( #853 ) );
#560 = EDGE_LOOP( '', ( #854, #855, #856 ) );
#561 = AXIS2_PLACEMENT_3D( '', #857, #858, #859 );
#562 = SURFACE_SIDE_STYLE( '', ( #860 ) );
#563 = EDGE_LOOP( '', ( #861 ) );
#564 = EDGE_LOOP( '', ( #862 ) );
#565 = AXIS2_PLACEMENT_3D( '', #863, #864, #865 );
#566 = SURFACE_SIDE_STYLE( '', ( #866 ) );
#567 = EDGE_LOOP( '', ( #867 ) );
#568 = EDGE_LOOP( '', ( #868 ) );
#569 = AXIS2_PLACEMENT_3D( '', #869, #870, #871 );
#570 = SURFACE_SIDE_STYLE( '', ( #872 ) );
#571 = EDGE_LOOP( '', ( #873, #874, #875 ) );
#572 = AXIS2_PLACEMENT_3D( '', #876, #877, #878 );
#573 = SURFACE_SIDE_STYLE( '', ( #879 ) );
#574 = EDGE_LOOP( '', ( #880, #881, #882 ) );
#575 = AXIS2_PLACEMENT_3D( '', #883, #884, #885 );
#576 = SURFACE_SIDE_STYLE( '', ( #886 ) );
#577 = EDGE_LOOP( '', ( #887, #888, #889, #890, #891, #892 ) );
#578 = AXIS2_PLACEMENT_3D( '', #893, #894, #895 );
#579 = SURFACE_SIDE_STYLE( '', ( #896 ) );
#580 = EDGE_LOOP( '', ( #897 ) );
#581 = EDGE_LOOP( '', ( #898 ) );
#582 = AXIS2_PLACEMENT_3D( '', #899, #900, #901 );
#583 = SURFACE_SIDE_STYLE( '', ( #902 ) );
#584 = EDGE_LOOP( '', ( #903, #904, #905 ) );
#585 = AXIS2_PLACEMENT_3D( '', #906, #907, #908 );
#586 = SURFACE_SIDE_STYLE( '', ( #909 ) );
#587 = EDGE_LOOP( '', ( #910, #911, #912 ) );
#588 = AXIS2_PLACEMENT_3D( '', #913, #914, #915 );
#589 = SURFACE_SIDE_STYLE( '', ( #916 ) );
#590 = EDGE_LOOP( '', ( #917, #918, #919 ) );
#591 = AXIS2_PLACEMENT_3D( '', #920, #921, #922 );
#592 = SURFACE_SIDE_STYLE( '', ( #923 ) );
#593 = EDGE_LOOP( '', ( #924 ) );
#594 = EDGE_LOOP( '', ( #925 ) );
#595 = AXIS2_PLACEMENT_3D( '', #926, #927, #928 );
#596 = SURFACE_SIDE_STYLE( '', ( #929 ) );
#597 = EDGE_LOOP( '', ( #930, #931, #932 ) );
#598 = AXIS2_PLACEMENT_3D( '', #933, #934, #935 );
#599 = SURFACE_SIDE_STYLE( '', ( #936 ) );
#600 = EDGE_LOOP( '', ( #937, #938, #939 ) );
#601 = AXIS2_PLACEMENT_3D( '', #940, #941, #942 );
#602 = SURFACE_SIDE_STYLE( '', ( #943 ) );
#603 = EDGE_LOOP( '', ( #944, #945, #946 ) );
#604 = AXIS2_PLACEMENT_3D( '', #947, #948, #949 );
#605 = SURFACE_SIDE_STYLE( '', ( #950 ) );
#606 = EDGE_LOOP( '', ( #951, #952, #953, #954, #955, #956 ) );
#607 = AXIS2_PLACEMENT_3D( '', #957, #958, #959 );
#608 = SURFACE_SIDE_STYLE( '', ( #960 ) );
#609 = EDGE_LOOP( '', ( #961, #962, #963 ) );
#610 = AXIS2_PLACEMENT_3D( '', #964, #965, #966 );
#611 = SURFACE_SIDE_STYLE( '', ( #967 ) );
#612 = EDGE_LOOP( '', ( #968, #969, #970 ) );
#613 = AXIS2_PLACEMENT_3D( '', #971, #972, #973 );
#614 = SURFACE_SIDE_STYLE( '', ( #974 ) );
#615 = EDGE_LOOP( '', ( #975, #976, #977, #978, #979, #980 ) );
#616 = AXIS2_PLACEMENT_3D( '', #981, #982, #983 );
#617 = SURFACE_SIDE_STYLE( '', ( #984 ) );
#618 = EDGE_LOOP( '', ( #985 ) );
#619 = EDGE_LOOP( '', ( #986 ) );
#620 = AXIS2_PLACEMENT_3D( '', #987, #988, #989 );
#621 = SURFACE_SIDE_STYLE( '', ( #990 ) );
#622 = EDGE_LOOP( '', ( #991, #992, #993, #994, #995, #996 ) );
#623 = AXIS2_PLACEMENT_3D( '', #997, #998, #999 );
#624 = SURFACE_SIDE_STYLE( '', ( #1000 ) );
#625 = EDGE_LOOP( '', ( #1001 ) );
#626 = EDGE_LOOP( '', ( #1002 ) );
#627 = AXIS2_PLACEMENT_3D( '', #1003, #1004, #1005 );
#628 = SURFACE_SIDE_STYLE( '', ( #1006 ) );
#629 = EDGE_LOOP( '', ( #1007 ) );
#630 = EDGE_LOOP( '', ( #1008 ) );
#631 = AXIS2_PLACEMENT_3D( '', #1009, #1010, #1011 );
#632 = SURFACE_SIDE_STYLE( '', ( #1012 ) );
#633 = EDGE_LOOP( '', ( #1013, #1014, #1015, #1016, #1017, #1018 ) );
#634 = AXIS2_PLACEMENT_3D( '', #1019, #1020, #1021 );
#635 = SURFACE_SIDE_STYLE( '', ( #1022 ) );
#636 = EDGE_LOOP( '', ( #1023 ) );
#637 = AXIS2_PLACEMENT_3D( '', #1024, #1025, #1026 );
#638 = SURFACE_SIDE_STYLE( '', ( #1027 ) );
#639 = EDGE_LOOP( '', ( #1028, #1029, #1030 ) );
#640 = AXIS2_PLACEMENT_3D( '', #1031, #1032, #1033 );
#641 = SURFACE_SIDE_STYLE( '', ( #1034 ) );
#642 = EDGE_LOOP( '', ( #1035, #1036, #1037, #1038, #1039, #1040 ) );
#643 = AXIS2_PLACEMENT_3D( '', #1041, #1042, #1043 );
#644 = SURFACE_SIDE_STYLE( '', ( #1044 ) );
#645 = EDGE_LOOP( '', ( #1045 ) );
#646 = AXIS2_PLACEMENT_3D( '', #1046, #1047, #1048 );
#647 = SURFACE_SIDE_STYLE( '', ( #1049 ) );
#648 = EDGE_LOOP( '', ( #1050, #1051, #1052 ) );
#649 = AXIS2_PLACEMENT_3D( '', #1053, #1054, #1055 );
#650 = SURFACE_SIDE_STYLE( '', ( #1056 ) );
#651 = EDGE_LOOP( '', ( #1057, #1058, #1059 ) );
#652 = AXIS2_PLACEMENT_3D( '', #1060, #1061, #1062 );
#653 = SURFACE_SIDE_STYLE( '', ( #1063 ) );
#654 = EDGE_LOOP( '', ( #1064, #1065, #1066, #1067, #1068, #1069 ) );
#655 = AXIS2_PLACEMENT_3D( '', #1070, #1071, #1072 );
#656 = SURFACE_SIDE_STYLE( '', ( #1073 ) );
#657 = EDGE_LOOP( '', ( #1074, #1075, #1076 ) );
#658 = AXIS2_PLACEMENT_3D( '', #1077, #1078, #1079 );
#659 = SURFACE_SIDE_STYLE( '', ( #1080 ) );
#660 = EDGE_LOOP( '', ( #1081 ) );
#661 = EDGE_LOOP( '', ( #1082 ) );
#662 = AXIS2_PLACEMENT_3D( '', #1083, #1084, #1085 );
#663 = SURFACE_SIDE_STYLE( '', ( #1086 ) );
#664 = EDGE_LOOP( '', ( #1087, #1088, #1089, #1090, #1091, #1092 ) );
#665 = AXIS2_PLACEMENT_3D( '', #1093, #1094, #1095 );
#666 = SURFACE_SIDE_STYLE( '', ( #1096 ) );
#667 = EDGE_LOOP( '', ( #1097, #1098, #1099 ) );
#668 = AXIS2_PLACEMENT_3D( '', #1100, #1101, #1102 );
#669 = SURFACE_SIDE_STYLE( '', ( #1103 ) );
#670 = EDGE_LOOP( '', ( #1104, #1105, #1106 ) );
#671 = AXIS2_PLACEMENT_3D( '', #1107, #1108, #1109 );
#672 = SURFACE_SIDE_STYLE( '', ( #1110 ) );
#673 = EDGE_LOOP( '', ( #1111, #1112, #1113 ) );
#674 = AXIS2_PLACEMENT_3D( '', #1114, #1115, #1116 );
#675 = SURFACE_SIDE_STYLE( '', ( #1117 ) );
#676 = EDGE_LOOP( '', ( #1118, #1119, #1120, #1121, #1122, #1123 ) );
#677 = AXIS2_PLACEMENT_3D( '', #1124, #1125, #1126 );
#678 = SURFACE_SIDE_STYLE( '', ( #1127 ) );
#679 = EDGE_LOOP( '', ( #1128, #1129, #1130 ) );
#680 = AXIS2_PLACEMENT_3D( '', #1131, #1132, #1133 );
#681 = SURFACE_SIDE_STYLE( '', ( #1134 ) );
#682 = EDGE_LOOP( '', ( #1135, #1136, #1137 ) );
#683 = AXIS2_PLACEMENT_3D( '', #1138, #1139, #1140 );
#684 = SURFACE_SIDE_STYLE( '', ( #1141 ) );
#685 = EDGE_LOOP( '', ( #1142, #1143, #1144 ) );
#686 = AXIS2_PLACEMENT_3D( '', #1145, #1146, #1147 );
#687 = SURFACE_SIDE_STYLE( '', ( #1148 ) );
#688 = EDGE_LOOP( '', ( #1149, #1150, #1151 ) );
#689 = AXIS2_PLACEMENT_3D( '', #1152, #1153, #1154 );
#690 = SURFACE_SIDE_STYLE( '', ( #1155 ) );
#691 = EDGE_LOOP( '', ( #1156 ) );
#692 = EDGE_LOOP( '', ( #1157 ) );
#693 = AXIS2_PLACEMENT_3D( '', #1158, #1159, #1160 );
#694 = SURFACE_SIDE_STYLE( '', ( #1161 ) );
#695 = EDGE_LOOP( '', ( #1162 ) );
#696 = EDGE_LOOP( '', ( #1163 ) );
#697 = AXIS2_PLACEMENT_3D( '', #1164, #1165, #1166 );
#698 = SURFACE_SIDE_STYLE( '', ( #1167 ) );
#699 = EDGE_LOOP( '', ( #1168 ) );
#700 = EDGE_LOOP( '', ( #1169 ) );
#701 = AXIS2_PLACEMENT_3D( '', #1170, #1171, #1172 );
#702 = SURFACE_SIDE_STYLE( '', ( #1173 ) );
#703 = EDGE_LOOP( '', ( #1174, #1175, #1176 ) );
#704 = AXIS2_PLACEMENT_3D( '', #1177, #1178, #1179 );
#705 = SURFACE_SIDE_STYLE( '', ( #1180 ) );
#706 = EDGE_LOOP( '', ( #1181, #1182, #1183, #1184, #1185, #1186 ) );
#707 = EDGE_LOOP( '', ( #1187 ) );
#708 = AXIS2_PLACEMENT_3D( '', #1188, #1189, #1190 );
#709 = SURFACE_SIDE_STYLE( '', ( #1191 ) );
#710 = EDGE_LOOP( '', ( #1192, #1193, #1194, #1195, #1196, #1197 ) );
#711 = AXIS2_PLACEMENT_3D( '', #1198, #1199, #1200 );
#712 = SURFACE_SIDE_STYLE( '', ( #1201 ) );
#713 = EDGE_LOOP( '', ( #1202, #1203, #1204 ) );
#714 = AXIS2_PLACEMENT_3D( '', #1205, #1206, #1207 );
#715 = SURFACE_SIDE_STYLE( '', ( #1208 ) );
#716 = EDGE_LOOP( '', ( #1209, #1210, #1211, #1212, #1213, #1214 ) );
#717 = AXIS2_PLACEMENT_3D( '', #1215, #1216, #1217 );
#718 = SURFACE_SIDE_STYLE( '', ( #1218 ) );
#719 = EDGE_LOOP( '', ( #1219, #1220, #1221 ) );
#720 = AXIS2_PLACEMENT_3D( '', #1222, #1223, #1224 );
#721 = SURFACE_SIDE_STYLE( '', ( #1225 ) );
#722 = EDGE_LOOP( '', ( #1226, #1227, #1228 ) );
#723 = AXIS2_PLACEMENT_3D( '', #1229, #1230, #1231 );
#724 = SURFACE_SIDE_STYLE( '', ( #1232 ) );
#725 = EDGE_LOOP( '', ( #1233, #1234, #1235 ) );
#726 = AXIS2_PLACEMENT_3D( '', #1236, #1237, #1238 );
#727 = SURFACE_SIDE_STYLE( '', ( #1239 ) );
#728 = EDGE_LOOP( '', ( #1240, #1241, #1242, #1243, #1244, #1245 ) );
#729 = AXIS2_PLACEMENT_3D( '', #1246, #1247, #1248 );
#730 = SURFACE_SIDE_STYLE( '', ( #1249 ) );
#731 = EDGE_LOOP( '', ( #1250 ) );
#732 = EDGE_LOOP( '', ( #1251 ) );
#733 = AXIS2_PLACEMENT_3D( '', #1252, #1253, #1254 );
#734 = SURFACE_SIDE_STYLE( '', ( #1255 ) );
#735 = EDGE_LOOP( '', ( #1256 ) );
#736 = EDGE_LOOP( '', ( #1257 ) );
#737 = AXIS2_PLACEMENT_3D( '', #1258, #1259, #1260 );
#738 = SURFACE_SIDE_STYLE( '', ( #1261 ) );
#739 = EDGE_LOOP( '', ( #1262 ) );
#740 = EDGE_LOOP( '', ( #1263 ) );
#741 = AXIS2_PLACEMENT_3D( '', #1264, #1265, #1266 );
#742 = SURFACE_SIDE_STYLE( '', ( #1267 ) );
#743 = EDGE_LOOP( '', ( #1268 ) );
#744 = EDGE_LOOP( '', ( #1269 ) );
#745 = AXIS2_PLACEMENT_3D( '', #1270, #1271, #1272 );
#746 = SURFACE_SIDE_STYLE( '', ( #1273 ) );
#747 = EDGE_LOOP( '', ( #1274, #1275, #1276 ) );
#748 = AXIS2_PLACEMENT_3D( '', #1277, #1278, #1279 );
#749 = SURFACE_SIDE_STYLE( '', ( #1280 ) );
#750 = EDGE_LOOP( '', ( #1281 ) );
#751 = EDGE_LOOP( '', ( #1282 ) );
#752 = AXIS2_PLACEMENT_3D( '', #1283, #1284, #1285 );
#753 = SURFACE_SIDE_STYLE( '', ( #1286 ) );
#754 = EDGE_LOOP( '', ( #1287, #1288, #1289 ) );
#755 = AXIS2_PLACEMENT_3D( '', #1290, #1291, #1292 );
#756 = SURFACE_SIDE_STYLE( '', ( #1293 ) );
#757 = EDGE_LOOP( '', ( #1294, #1295, #1296, #1297, #1298, #1299 ) );
#758 = AXIS2_PLACEMENT_3D( '', #1300, #1301, #1302 );
#759 = SURFACE_SIDE_STYLE( '', ( #1303 ) );
#760 = EDGE_LOOP( '', ( #1304 ) );
#761 = EDGE_LOOP( '', ( #1305, #1306, #1307, #1308, #1309, #1310 ) );
#762 = AXIS2_PLACEMENT_3D( '', #1311, #1312, #1313 );
#763 = SURFACE_SIDE_STYLE( '', ( #1314 ) );
#764 = EDGE_LOOP( '', ( #1315, #1316, #1317 ) );
#765 = AXIS2_PLACEMENT_3D( '', #1318, #1319, #1320 );
#766 = SURFACE_SIDE_STYLE( '', ( #1321 ) );
#767 = EDGE_LOOP( '', ( #1322 ) );
#768 = EDGE_LOOP( '', ( #1323, #1324, #1325, #1326, #1327, #1328 ) );
#769 = AXIS2_PLACEMENT_3D( '', #1329, #1330, #1331 );
#770 = SURFACE_SIDE_STYLE( '', ( #1332 ) );
#771 = EDGE_LOOP( '', ( #1333 ) );
#772 = EDGE_LOOP( '', ( #1334, #1335, #1336, #1337, #1338, #1339 ) );
#773 = AXIS2_PLACEMENT_3D( '', #1340, #1341, #1342 );
#774 = SURFACE_SIDE_STYLE( '', ( #1343 ) );
#775 = EDGE_LOOP( '', ( #1344, #1345, #1346, #1347, #1348, #1349 ) );
#776 = AXIS2_PLACEMENT_3D( '', #1350, #1351, #1352 );
#777 = SURFACE_SIDE_STYLE( '', ( #1353 ) );
#778 = EDGE_LOOP( '', ( #1354, #1355, #1356, #1357, #1358, #1359 ) );
#779 = AXIS2_PLACEMENT_3D( '', #1360, #1361, #1362 );
#780 = SURFACE_SIDE_STYLE( '', ( #1363 ) );
#781 = EDGE_LOOP( '', ( #1364, #1365, #1366 ) );
#782 = AXIS2_PLACEMENT_3D( '', #1367, #1368, #1369 );
#783 = SURFACE_SIDE_STYLE( '', ( #1370 ) );
#784 = EDGE_LOOP( '', ( #1371 ) );
#785 = EDGE_LOOP( '', ( #1372, #1373, #1374, #1375, #1376, #1377 ) );
#786 = AXIS2_PLACEMENT_3D( '', #1378, #1379, #1380 );
#787 = SURFACE_SIDE_STYLE( '', ( #1381 ) );
#788 = EDGE_LOOP( '', ( #1382, #1383, #1384, #1385, #1386, #1387 ) );
#789 = AXIS2_PLACEMENT_3D( '', #1388, #1389, #1390 );
#790 = SURFACE_SIDE_STYLE( '', ( #1391 ) );
#791 = EDGE_LOOP( '', ( #1392, #1393, #1394 ) );
#792 = AXIS2_PLACEMENT_3D( '', #1395, #1396, #1397 );
#794 = SURFACE_STYLE_FILL_AREA( #1398 );
#795 = ORIENTED_EDGE( '', *, *, #1399, .T. );
#796 = ORIENTED_EDGE( '', *, *, #1400, .T. );
#797 = ORIENTED_EDGE( '', *, *, #1401, .T. );
#798 = ORIENTED_EDGE( '', *, *, #1402, .F. );
#799 = ORIENTED_EDGE( '', *, *, #1403, .T. );
#800 = ORIENTED_EDGE( '', *, *, #1404, .T. );
#801 = CARTESIAN_POINT( '', ( 0.000000000000000, 24.0000000000000, -8.08290376865476 ) );
#802 = DIRECTION( '', ( 0.500000000000000, -0.000000000000000, 0.866025403784439 ) );
#803 = DIRECTION( '', ( 0.866025403784439, 0.000000000000000, -0.500000000000000 ) );
#804 = SURFACE_STYLE_FILL_AREA( #1405 );
#805 = ORIENTED_EDGE( '', *, *, #1406, .T. );
#806 = ORIENTED_EDGE( '', *, *, #1407, .F. );
#807 = ORIENTED_EDGE( '', *, *, #1408, .F. );
#808 = CARTESIAN_POINT( '', ( 0.000000000000000, 21.0000000000000, 0.000000000000000 ) );
#809 = DIRECTION( '', ( -0.000000000000000, 1.00000000000000, -0.000000000000000 ) );
#810 = DIRECTION( '', ( 0.000000000000000, 0.000000000000000, 1.00000000000000 ) );
#811 = SURFACE_STYLE_FILL_AREA( #1409 );
#812 = ORIENTED_EDGE( '', *, *, #1410, .T. );
#813 = ORIENTED_EDGE( '', *, *, #1411, .T. );
#814 = ORIENTED_EDGE( '', *, *, #1412, .F. );
#815 = ORIENTED_EDGE( '', *, *, #1413, .T. );
#816 = ORIENTED_EDGE( '', *, *, #1414, .T. );
#817 = ORIENTED_EDGE( '', *, *, #1415, .T. );
#818 = ORIENTED_EDGE( '', *, *, #1416, .T. );
#819 = CARTESIAN_POINT( '', ( 0.000000000000000, 25.0000000000000, 0.000000000000000 ) );
#820 = DIRECTION( '', ( 0.000000000000000, 1.00000000000000, 0.000000000000000 ) );
#821 = DIRECTION( '', ( 0.000000000000000, -0.000000000000000, 1.00000000000000 ) );
#822 = SURFACE_STYLE_FILL_AREA( #1417 );
#823 = ORIENTED_EDGE( '', *, *, #1418, .F. );
#824 = ORIENTED_EDGE( '', *, *, #1419, .T. );
#825 = ORIENTED_EDGE( '', *, *, #1420, .F. );
#826 = CARTESIAN_POINT( '', ( 0.000000000000000, 41.1000000000000, 0.000000000000000 ) );
#827 = DIRECTION( '', ( 0.000000000000000, -1.00000000000000, -0.000000000000000 ) );
#828 = DIRECTION( '', ( 0.000000000000000, 0.000000000000000, -1.00000000000000 ) );
#829 = SURFACE_STYLE_FILL_AREA( #1421 );
#830 = ORIENTED_EDGE( '', *, *, #1401, .F. );
#831 = ORIENTED_EDGE( '', *, *, #1422, .T. );
#832 = ORIENTED_EDGE( '', *, *, #1423, .F. );
#833 = CARTESIAN_POINT( '', ( 0.000000000000000, 21.0000000000000, 0.000000000000000 ) );
#834 = DIRECTION( '', ( -0.000000000000000, 1.00000000000000, -0.000000000000000 ) );
#835 = DIRECTION( '', ( 0.000000000000000, 0.000000000000000, 1.00000000000000 ) );
#836 = SURFACE_STYLE_FILL_AREA( #1424 );
#837 = ORIENTED_EDGE( '', *, *, #1425, .F. );
#838 = ORIENTED_EDGE( '', *, *, #1426, .T. );
#839 = ORIENTED_EDGE( '', *, *, #1427, .F. );
#840 = CARTESIAN_POINT( '', ( 0.000000000000000, 27.0000000000000, 0.000000000000000 ) );
#841 = DIRECTION( '', ( 0.000000000000000, -1.00000000000000, -0.000000000000000 ) );
#842 = DIRECTION( '', ( 0.000000000000000, 0.000000000000000, -1.00000000000000 ) );
#843 = SURFACE_STYLE_FILL_AREA( #1428 );
#844 = ORIENTED_EDGE( '', *, *, #1429, .T. );
#845 = ORIENTED_EDGE( '', *, *, #1430, .T. );
#846 = ORIENTED_EDGE( '', *, *, #1431, .T. );
#847 = ORIENTED_EDGE( '', *, *, #1432, .F. );
#848 = ORIENTED_EDGE( '', *, *, #1433, .T. );
#849 = ORIENTED_EDGE( '', *, *, #1434, .T. );
#850 = CARTESIAN_POINT( '', ( 8.50000000000000, 43.1000000000000, 4.90747728811182 ) );
#851 = DIRECTION( '', ( -1.00000000000000, 0.000000000000000, 0.000000000000000 ) );
#852 = DIRECTION( '', ( 0.000000000000000, 0.000000000000000, 1.00000000000000 ) );
#853 = SURFACE_STYLE_FILL_AREA( #1435 );
#854 = ORIENTED_EDGE( '', *, *, #1436, .F. );
#855 = ORIENTED_EDGE( '', *, *, #1437, .T. );
#856 = ORIENTED_EDGE( '', *, *, #1438, .F. );
#857 = CARTESIAN_POINT( '', ( 0.000000000000000, 27.0000000000000, 0.000000000000000 ) );
#858 = DIRECTION( '', ( 0.000000000000000, -1.00000000000000, -0.000000000000000 ) );
#859 = DIRECTION( '', ( 0.000000000000000, 0.000000000000000, -1.00000000000000 ) );
#860 = SURFACE_STYLE_FILL_AREA( #1439 );
#861 = ORIENTED_EDGE( '', *, *, #1440, .F. );
#862 = ORIENTED_EDGE( '', *, *, #1441, .T. );
#863 = CARTESIAN_POINT( '', ( 0.000000000000000, 49.8000000000000, 0.000000000000000 ) );
#864 = DIRECTION( '', ( 0.000000000000000, -1.00000000000000, -0.000000000000000 ) );
#865 = DIRECTION( '', ( 0.000000000000000, 0.000000000000000, 1.00000000000000 ) );
#866 = SURFACE_STYLE_FILL_AREA( #1442 );
#867 = ORIENTED_EDGE( '', *, *, #1443, .F. );
#868 = ORIENTED_EDGE( '', *, *, #1444, .T. );
#869 = CARTESIAN_POINT( '', ( 0.000000000000000, 0.000000000000000, 0.000000000000000 ) );
#870 = DIRECTION( '', ( 0.000000000000000, -1.00000000000000, -0.000000000000000 ) );
#871 = DIRECTION( '', ( 0.000000000000000, 0.000000000000000, -1.00000000000000 ) );
#872 = SURFACE_STYLE_FILL_AREA( #1445 );
#873 = ORIENTED_EDGE( '', *, *, #1446, .T. );
#874 = ORIENTED_EDGE( '', *, *, #1447, .F. );
#875 = ORIENTED_EDGE( '', *, *, #1448, .F. );
#876 = CARTESIAN_POINT( '', ( 0.000000000000000, 21.0000000000000, 0.000000000000000 ) );
#877 = DIRECTION( '', ( -0.000000000000000, 1.00000000000000, -0.000000000000000 ) );
#878 = DIRECTION( '', ( 0.000000000000000, 0.000000000000000, 1.00000000000000 ) );
#879 = SURFACE_STYLE_FILL_AREA( #1449 );
#880 = ORIENTED_EDGE( '', *, *, #1450, .T. );
#881 = ORIENTED_EDGE( '', *, *, #1451, .F. );
#882 = ORIENTED_EDGE( '', *, *, #1452, .F. );
#883 = CARTESIAN_POINT( '', ( 0.000000000000000, 27.0000000000000, 0.000000000000000 ) );
#884 = DIRECTION( '', ( 0.000000000000000, -1.00000000000000, -0.000000000000000 ) );
#885 = DIRECTION( '', ( 0.000000000000000, 0.000000000000000, -1.00000000000000 ) );
#886 = SURFACE_STYLE_FILL_AREA( #1453 );
#887 = ORIENTED_EDGE( '', *, *, #1454, .T. );
#888 = ORIENTED_EDGE( '', *, *, #1455, .T. );
#889 = ORIENTED_EDGE( '', *, *, #1456, .T. );
#890 = ORIENTED_EDGE( '', *, *, #1457, .F. );
#891 = ORIENTED_EDGE( '', *, *, #1458, .T. );
#892 = ORIENTED_EDGE( '', *, *, #1459, .T. );
#893 = CARTESIAN_POINT( '', ( -8.50000000000000, 43.1000000000000, -4.90747728811182 ) );
#894 = DIRECTION( '', ( 1.00000000000000, 0.000000000000000, 0.000000000000000 ) );
#895 = DIRECTION( '', ( 0.000000000000000, 0.000000000000000, -1.00000000000000 ) );
#896 = SURFACE_STYLE_FILL_AREA( #1460 );
#897 = ORIENTED_EDGE( '', *, *, #1461, .F. );
#898 = ORIENTED_EDGE( '', *, *, #1462, .T. );
#899 = CARTESIAN_POINT( '', ( 0.000000000000000, 45.5730000000000, 0.000000000000000 ) );
#900 = DIRECTION( '', ( 0.000000000000000, -1.00000000000000, -0.000000000000000 ) );
#901 = DIRECTION( '', ( 0.000000000000000, 0.000000000000000, -1.00000000000000 ) );
#902 = SURFACE_STYLE_FILL_AREA( #1463 );
#903 = ORIENTED_EDGE( '', *, *, #1464, .F. );
#904 = ORIENTED_EDGE( '', *, *, #1465, .F. );
#905 = ORIENTED_EDGE( '', *, *, #1466, .F. );
#906 = CARTESIAN_POINT( '', ( 0.000000000000000, 39.1000000000000, 0.000000000000000 ) );
#907 = DIRECTION( '', ( -0.000000000000000, 1.00000000000000, -0.000000000000000 ) );
#908 = DIRECTION( '', ( 0.000000000000000, 0.000000000000000, 1.00000000000000 ) );
#909 = SURFACE_STYLE_FILL_AREA( #1467 );
#910 = ORIENTED_EDGE( '', *, *, #1468, .F. );
#911 = ORIENTED_EDGE( '', *, *, #1469, .F. );
#912 = ORIENTED_EDGE( '', *, *, #1470, .F. );
#913 = CARTESIAN_POINT( '', ( 0.000000000000000, 27.0000000000000, 0.000000000000000 ) );
#914 = DIRECTION( '', ( 0.000000000000000, -1.00000000000000, -0.000000000000000 ) );
#915 = DIRECTION( '', ( 0.000000000000000, 0.000000000000000, -1.00000000000000 ) );
#916 = SURFACE_STYLE_FILL_AREA( #1471 );
#917 = ORIENTED_EDGE( '', *, *, #1472, .F. );
#918 = ORIENTED_EDGE( '', *, *, #1473, .T. );
#919 = ORIENTED_EDGE( '', *, *, #1433, .F. );
#920 = CARTESIAN_POINT( '', ( 0.000000000000000, 41.1000000000000, 0.000000000000000 ) );
#921 = DIRECTION( '', ( 0.000000000000000, -1.00000000000000, -0.000000000000000 ) );
#922 = DIRECTION( '', ( 0.000000000000000, 0.000000000000000, -1.00000000000000 ) );
#923 = SURFACE_STYLE_FILL_AREA( #1474 );
#924 = ORIENTED_EDGE( '', *, *, #1475, .F. );
#925 = ORIENTED_EDGE( '', *, *, #1476, .T. );
#926 = CARTESIAN_POINT( '', ( -15.0000000000000, 20.0000000000000, 0.000000000000000 ) );
#927 = DIRECTION( '', ( 0.000000000000000, -1.00000000000000, 0.000000000000000 ) );
#928 = DIRECTION( '', ( 0.000000000000000, 0.000000000000000, -1.00000000000000 ) );
#929 = SURFACE_STYLE_FILL_AREA( #1477 );
#930 = ORIENTED_EDGE( '', *, *, #1478, .T. );
#931 = ORIENTED_EDGE( '', *, *, #1479, .F. );
#932 = ORIENTED_EDGE( '', *, *, #1456, .F. );
#933 = CARTESIAN_POINT( '', ( 0.000000000000000, 39.1000000000000, 0.000000000000000 ) );
#934 = DIRECTION( '', ( -0.000000000000000, 1.00000000000000, -0.000000000000000 ) );
#935 = DIRECTION( '', ( 0.000000000000000, 0.000000000000000, 1.00000000000000 ) );
#936 = SURFACE_STYLE_FILL_AREA( #1480 );
#937 = ORIENTED_EDGE( '', *, *, #1481, .F. );
#938 = ORIENTED_EDGE( '', *, *, #1482, .F. );
#939 = ORIENTED_EDGE( '', *, *, #1455, .F. );
#940 = CARTESIAN_POINT( '', ( 0.000000000000000, 39.1000000000000, 0.000000000000000 ) );
#941 = DIRECTION( '', ( -0.000000000000000, 1.00000000000000, -0.000000000000000 ) );
#942 = DIRECTION( '', ( 0.000000000000000, 0.000000000000000, 1.00000000000000 ) );
#943 = SURFACE_STYLE_FILL_AREA( #1483 );
#944 = ORIENTED_EDGE( '', *, *, #1484, .T. );
#945 = ORIENTED_EDGE( '', *, *, #1485, .F. );
#946 = ORIENTED_EDGE( '', *, *, #1486, .F. );
#947 = CARTESIAN_POINT( '', ( 0.000000000000000, 41.1000000000000, 0.000000000000000 ) );
#948 = DIRECTION( '', ( 0.000000000000000, -1.00000000000000, -0.000000000000000 ) );
#949 = DIRECTION( '', ( 0.000000000000000, 0.000000000000000, -1.00000000000000 ) );
#950 = SURFACE_STYLE_FILL_AREA( #1487 );
#951 = ORIENTED_EDGE( '', *, *, #1488, .T. );
#952 = ORIENTED_EDGE( '', *, *, #1489, .T. );
#953 = ORIENTED_EDGE( '', *, *, #1408, .T. );
#954 = ORIENTED_EDGE( '', *, *, #1490, .F. );
#955 = ORIENTED_EDGE( '', *, *, #1491, .T. );
#956 = ORIENTED_EDGE( '', *, *, #1492, .T. );
#957 = CARTESIAN_POINT( '', ( 7.00000000000000, 24.0000000000000, 4.04145188432738 ) );
#958 = DIRECTION( '', ( -1.00000000000000, 0.000000000000000, 0.000000000000000 ) );
#959 = DIRECTION( '', ( 0.000000000000000, 0.000000000000000, 1.00000000000000 ) );
#960 = SURFACE_STYLE_FILL_AREA( #1493 );
#961 = ORIENTED_EDGE( '', *, *, #1415, .F. );
#962 = ORIENTED_EDGE( '', *, *, #1494, .F. );
#963 = ORIENTED_EDGE( '', *, *, #1495, .F. );
#964 = CARTESIAN_POINT( '', ( 0.000000000000000, 25.0000000000000, 0.000000000000000 ) );
#965 = DIRECTION( '', ( -0.000000000000000, 1.00000000000000, -0.000000000000000 ) );
#966 = DIRECTION( '', ( 0.000000000000000, 0.000000000000000, 1.00000000000000 ) );
#967 = SURFACE_STYLE_FILL_AREA( #1496 );
#968 = ORIENTED_EDGE( '', *, *, #1492, .F. );
#969 = ORIENTED_EDGE( '', *, *, #1497, .T. );
#970 = ORIENTED_EDGE( '', *, *, #1498, .F. );
#971 = CARTESIAN_POINT( '', ( 0.000000000000000, 22.5000000000000, 0.000000000000000 ) );
#972 = DIRECTION( '', ( 0.000000000000000, -1.00000000000000, -0.000000000000000 ) );
#973 = DIRECTION( '', ( 0.000000000000000, 0.000000000000000, -1.00000000000000 ) );
#974 = SURFACE_STYLE_FILL_AREA( #1499 );
#975 = ORIENTED_EDGE( '', *, *, #1490, .T. );
#976 = ORIENTED_EDGE( '', *, *, #1407, .T. );
#977 = ORIENTED_EDGE( '', *, *, #1500, .T. );
#978 = ORIENTED_EDGE( '', *, *, #1399, .F. );
#979 = ORIENTED_EDGE( '', *, *, #1501, .T. );
#980 = ORIENTED_EDGE( '', *, *, #1502, .T. );
#981 = CARTESIAN_POINT( '', ( 7.00000000000000, 24.0000000000000, -4.04145188432738 ) );
#982 = DIRECTION( '', ( -0.500000000000000, 0.000000000000000, 0.866025403784439 ) );
#983 = DIRECTION( '', ( 0.866025403784439, 0.000000000000000, 0.500000000000000 ) );
#984 = SURFACE_STYLE_FILL_AREA( #1503 );
#985 = ORIENTED_EDGE( '', *, *, #1504, .F. );
#986 = ORIENTED_EDGE( '', *, *, #1440, .T. );
#987 = CARTESIAN_POINT( '', ( -5.00000000000000, 48.8000000000000, 0.000000000000000 ) );
#988 = DIRECTION( '', ( -0.000000000000000, 1.00000000000000, 0.000000000000000 ) );
#989 = DIRECTION( '', ( 0.000000000000000, 0.000000000000000, 1.00000000000000 ) );
#990 = SURFACE_STYLE_FILL_AREA( #1505 );
#991 = ORIENTED_EDGE( '', *, *, #1506, .T. );
#992 = ORIENTED_EDGE( '', *, *, #1507, .T. );
#993 = ORIENTED_EDGE( '', *, *, #1508, .T. );
#994 = ORIENTED_EDGE( '', *, *, #1509, .F. );
#995 = ORIENTED_EDGE( '', *, *, #1469, .T. );
#996 = ORIENTED_EDGE( '', *, *, #1452, .T. );
#997 = CARTESIAN_POINT( '', ( -8.50000000000000, 29.0000000000000, -4.90747728811182 ) );
#998 = DIRECTION( '', ( 1.00000000000000, 0.000000000000000, 0.000000000000000 ) );
#999 = DIRECTION( '', ( 0.000000000000000, 0.000000000000000, -1.00000000000000 ) );
#1000 = SURFACE_STYLE_FILL_AREA( #1510 );
#1001 = ORIENTED_EDGE( '', *, *, #1511, .F. );
#1002 = ORIENTED_EDGE( '', *, *, #1443, .T. );
#1003 = CARTESIAN_POINT( '', ( 0.000000000000000, 5.00000000000000, 0.000000000000000 ) );
#1004 = DIRECTION( '', ( -0.000000000000000, 1.00000000000000, -0.000000000000000 ) );
#1005 = DIRECTION( '', ( 0.000000000000000, 0.000000000000000, 1.00000000000000 ) );
#1006 = SURFACE_STYLE_FILL_AREA( #1512 );
#1007 = ORIENTED_EDGE( '', *, *, #1513, .F. );
#1008 = ORIENTED_EDGE( '', *, *, #1511, .T. );
#1009 = CARTESIAN_POINT( '', ( 0.000000000000000, 8.00000000000000, 0.000000000000000 ) );
#1010 = DIRECTION( '', ( 0.000000000000000, -1.00000000000000, -0.000000000000000 ) );
#1011 = DIRECTION( '', ( 0.000000000000000, 0.000000000000000, -1.00000000000000 ) );
#1012 = SURFACE_STYLE_FILL_AREA( #1514 );
#1013 = ORIENTED_EDGE( '', *, *, #1515, .T. );
#1014 = ORIENTED_EDGE( '', *, *, #1516, .T. );
#1015 = ORIENTED_EDGE( '', *, *, #1495, .T. );
#1016 = ORIENTED_EDGE( '', *, *, #1517, .F. );
#1017 = ORIENTED_EDGE( '', *, *, #1518, .T. );
#1018 = ORIENTED_EDGE( '', *, *, #1425, .T. );
#1019 = CARTESIAN_POINT( '', ( 8.50000000000000, 29.0000000000000, 4.90747728811182 ) );
#1020 = DIRECTION( '', ( -1.00000000000000, 0.000000000000000, 0.000000000000000 ) );
#1021 = DIRECTION( '', ( 0.000000000000000, 0.000000000000000, 1.00000000000000 ) );
#1022 = SURFACE_STYLE_FILL_AREA( #1519 );
#1023 = ORIENTED_EDGE( '', *, *, #1520, .T. );
#1024 = CARTESIAN_POINT( '', ( 0.000000000000000, 33.2000000000000, 0.000000000000000 ) );
#1025 = DIRECTION( '', ( -0.000000000000000, 1.00000000000000, 0.000000000000000 ) );
#1026 = DIRECTION( '', ( 0.000000000000000, 0.000000000000000, 1.00000000000000 ) );
#1027 = SURFACE_STYLE_FILL_AREA( #1521 );
#1028 = ORIENTED_EDGE( '', *, *, #1522, .T. );
#1029 = ORIENTED_EDGE( '', *, *, #1523, .F. );
#1030 = ORIENTED_EDGE( '', *, *, #1524, .F. );
#1031 = CARTESIAN_POINT( '', ( 0.000000000000000, 27.0000000000000, 0.000000000000000 ) );
#1032 = DIRECTION( '', ( 0.000000000000000, -1.00000000000000, -0.000000000000000 ) );
#1033 = DIRECTION( '', ( 0.000000000000000, 0.000000000000000, -1.00000000000000 ) );
#1034 = SURFACE_STYLE_FILL_AREA( #1525 );
#1035 = ORIENTED_EDGE( '', *, *, #1526, .T. );
#1036 = ORIENTED_EDGE( '', *, *, #1527, .T. );
#1037 = ORIENTED_EDGE( '', *, *, #1481, .T. );
#1038 = ORIENTED_EDGE( '', *, *, #1454, .F. );
#1039 = ORIENTED_EDGE( '', *, *, #1528, .T. );
#1040 = ORIENTED_EDGE( '', *, *, #1418, .T. );
#1041 = CARTESIAN_POINT( '', ( 0.000000000000000, 43.1000000000000, -9.81495457622364 ) );
#1042 = DIRECTION( '', ( 0.500000000000000, -0.000000000000000, 0.866025403784439 ) );
#1043 = DIRECTION( '', ( 0.866025403784439, 0.000000000000000, -0.500000000000000 ) );
#1044 = SURFACE_STYLE_FILL_AREA( #1529 );
#1045 = ORIENTED_EDGE( '', *, *, #1444, .F. );
#1046 = CARTESIAN_POINT( '', ( 0.000000000000000, 0.000000000000000, 0.000000000000000 ) );
#1047 = DIRECTION( '', ( -0.000000000000000, 1.00000000000000, 0.000000000000000 ) );
#1048 = DIRECTION( '', ( 0.000000000000000, 0.000000000000000, 1.00000000000000 ) );
#1049 = SURFACE_STYLE_FILL_AREA( #1530 );
#1050 = ORIENTED_EDGE( '', *, *, #1434, .F. );
#1051 = ORIENTED_EDGE( '', *, *, #1531, .T. );
#1052 = ORIENTED_EDGE( '', *, *, #1532, .F. );
#1053 = CARTESIAN_POINT( '', ( 0.000000000000000, 41.1000000000000, 0.000000000000000 ) );
#1054 = DIRECTION( '', ( 0.000000000000000, -1.00000000000000, -0.000000000000000 ) );
#1055 = DIRECTION( '', ( 0.000000000000000, 0.000000000000000, -1.00000000000000 ) );
#1056 = SURFACE_STYLE_FILL_AREA( #1533 );
#1057 = ORIENTED_EDGE( '', *, *, #1411, .F. );
#1058 = ORIENTED_EDGE( '', *, *, #1534, .F. );
#1059 = ORIENTED_EDGE( '', *, *, #1535, .F. );
#1060 = CARTESIAN_POINT( '', ( 0.000000000000000, 25.0000000000000, 0.000000000000000 ) );
#1061 = DIRECTION( '', ( -0.000000000000000, 1.00000000000000, -0.000000000000000 ) );
#1062 = DIRECTION( '', ( 0.000000000000000, 0.000000000000000, 1.00000000000000 ) );
#1063 = SURFACE_STYLE_FILL_AREA( #1536 );
#1064 = ORIENTED_EDGE( '', *, *, #1509, .T. );
#1065 = ORIENTED_EDGE( '', *, *, #1537, .T. );
#1066 = ORIENTED_EDGE( '', *, *, #1535, .T. );
#1067 = ORIENTED_EDGE( '', *, *, #1538, .F. );
#1068 = ORIENTED_EDGE( '', *, *, #1523, .T. );
#1069 = ORIENTED_EDGE( '', *, *, #1470, .T. );
#1070 = CARTESIAN_POINT( '', ( -8.50000000000000, 29.0000000000000, 4.90747728811182 ) );
#1071 = DIRECTION( '', ( 0.500000000000000, 0.000000000000000, -0.866025403784439 ) );
#1072 = DIRECTION( '', ( -0.866025403784439, 0.000000000000000, -0.500000000000000 ) );
#1073 = SURFACE_STYLE_FILL_AREA( #1539 );
#1074 = ORIENTED_EDGE( '', *, *, #1404, .F. );
#1075 = ORIENTED_EDGE( '', *, *, #1540, .T. );
#1076 = ORIENTED_EDGE( '', *, *, #1501, .F. );
#1077 = CARTESIAN_POINT( '', ( 0.000000000000000, 22.5000000000000, 0.000000000000000 ) );
#1078 = DIRECTION( '', ( 0.000000000000000, -1.00000000000000, -0.000000000000000 ) );
#1079 = DIRECTION( '', ( 0.000000000000000, 0.000000000000000, -1.00000000000000 ) );
#1080 = SURFACE_STYLE_FILL_AREA( #1541 );
#1081 = ORIENTED_EDGE( '', *, *, #1542, .F. );
#1082 = ORIENTED_EDGE( '', *, *, #1543, .T. );
#1083 = CARTESIAN_POINT( '', ( -6.00000000000000, 49.8000000000000, 0.000000000000000 ) );
#1084 = DIRECTION( '', ( 0.000000000000000, -1.00000000000000, 0.000000000000000 ) );
#1085 = DIRECTION( '', ( 0.000000000000000, 0.000000000000000, -1.00000000000000 ) );
#1086 = SURFACE_STYLE_FILL_AREA( #1544 );
#1087 = ORIENTED_EDGE( '', *, *, #1432, .T. );
#1088 = ORIENTED_EDGE( '', *, *, #1545, .T. );
#1089 = ORIENTED_EDGE( '', *, *, #1546, .T. );
#1090 = ORIENTED_EDGE( '', *, *, #1526, .F. );
#1091 = ORIENTED_EDGE( '', *, *, #1420, .T. );
#1092 = ORIENTED_EDGE( '', *, *, #1472, .T. );
#1093 = CARTESIAN_POINT( '', ( 8.50000000000000, 43.1000000000000, -4.90747728811182 ) );
#1094 = DIRECTION( '', ( -0.500000000000000, 0.000000000000000, 0.866025403784439 ) );
#1095 = DIRECTION( '', ( 0.866025403784439, 0.000000000000000, 0.500000000000000 ) );
#1096 = SURFACE_STYLE_FILL_AREA( #1547 );
#1097 = ORIENTED_EDGE( '', *, *, #1548, .F. );
#1098 = ORIENTED_EDGE( '', *, *, #1527, .F. );
#1099 = ORIENTED_EDGE( '', *, *, #1546, .F. );
#1100 = CARTESIAN_POINT( '', ( 0.000000000000000, 39.1000000000000, 0.000000000000000 ) );
#1101 = DIRECTION( '', ( -0.000000000000000, 1.00000000000000, -0.000000000000000 ) );
#1102 = DIRECTION( '', ( 0.000000000000000, 0.000000000000000, 1.00000000000000 ) );
#1103 = SURFACE_STYLE_FILL_AREA( #1549 );
#1104 = ORIENTED_EDGE( '', *, *, #1550, .F. );
#1105 = ORIENTED_EDGE( '', *, *, #1430, .F. );
#1106 = ORIENTED_EDGE( '', *, *, #1551, .F. );
#1107 = CARTESIAN_POINT( '', ( 0.000000000000000, 39.1000000000000, 0.000000000000000 ) );
#1108 = DIRECTION( '', ( -0.000000000000000, 1.00000000000000, -0.000000000000000 ) );
#1109 = DIRECTION( '', ( 0.000000000000000, 0.000000000000000, 1.00000000000000 ) );
#1110 = SURFACE_STYLE_FILL_AREA( #1552 );
#1111 = ORIENTED_EDGE( '', *, *, #1553, .T. );
#1112 = ORIENTED_EDGE( '', *, *, #1554, .F. );
#1113 = ORIENTED_EDGE( '', *, *, #1555, .F. );
#1114 = CARTESIAN_POINT( '', ( 0.000000000000000, 22.5000000000000, 0.000000000000000 ) );
#1115 = DIRECTION( '', ( 0.000000000000000, -1.00000000000000, -0.000000000000000 ) );
#1116 = DIRECTION( '', ( 0.000000000000000, 0.000000000000000, -1.00000000000000 ) );
#1117 = SURFACE_STYLE_FILL_AREA( #1556 );
#1118 = ORIENTED_EDGE( '', *, *, #1457, .T. );
#1119 = ORIENTED_EDGE( '', *, *, #1479, .T. );
#1120 = ORIENTED_EDGE( '', *, *, #1466, .T. );
#1121 = ORIENTED_EDGE( '', *, *, #1557, .F. );
#1122 = ORIENTED_EDGE( '', *, *, #1485, .T. );
#1123 = ORIENTED_EDGE( '', *, *, #1558, .T. );
#1124 = CARTESIAN_POINT( '', ( -8.50000000000000, 43.1000000000000, 4.90747728811182 ) );
#1125 = DIRECTION( '', ( 0.500000000000000, 0.000000000000000, -0.866025403784439 ) );
#1126 = DIRECTION( '', ( -0.866025403784439, 0.000000000000000, -0.500000000000000 ) );
#1127 = SURFACE_STYLE_FILL_AREA( #1559 );
#1128 = ORIENTED_EDGE( '', *, *, #1502, .F. );
#1129 = ORIENTED_EDGE( '', *, *, #1560, .T. );
#1130 = ORIENTED_EDGE( '', *, *, #1491, .F. );
#1131 = CARTESIAN_POINT( '', ( 0.000000000000000, 22.5000000000000, 0.000000000000000 ) );
#1132 = DIRECTION( '', ( 0.000000000000000, -1.00000000000000, -0.000000000000000 ) );
#1133 = DIRECTION( '', ( 0.000000000000000, 0.000000000000000, -1.00000000000000 ) );
#1134 = SURFACE_STYLE_FILL_AREA( #1561 );
#1135 = ORIENTED_EDGE( '', *, *, #1562, .F. );
#1136 = ORIENTED_EDGE( '', *, *, #1563, .T. );
#1137 = ORIENTED_EDGE( '', *, *, #1518, .F. );
#1138 = CARTESIAN_POINT( '', ( 0.000000000000000, 27.0000000000000, 0.000000000000000 ) );
#1139 = DIRECTION( '', ( 0.000000000000000, -1.00000000000000, -0.000000000000000 ) );
#1140 = DIRECTION( '', ( 0.000000000000000, 0.000000000000000, -1.00000000000000 ) );
#1141 = SURFACE_STYLE_FILL_AREA( #1564 );
#1142 = ORIENTED_EDGE( '', *, *, #1416, .F. );
#1143 = ORIENTED_EDGE( '', *, *, #1516, .F. );
#1144 = ORIENTED_EDGE( '', *, *, #1565, .F. );
#1145 = CARTESIAN_POINT( '', ( 0.000000000000000, 25.0000000000000, 0.000000000000000 ) );
#1146 = DIRECTION( '', ( -0.000000000000000, 1.00000000000000, -0.000000000000000 ) );
#1147 = DIRECTION( '', ( 0.000000000000000, 0.000000000000000, 1.00000000000000 ) );
#1148 = SURFACE_STYLE_FILL_AREA( #1566 );
#1149 = ORIENTED_EDGE( '', *, *, #1412, .T. );
#1150 = ORIENTED_EDGE( '', *, *, #1537, .F. );
#1151 = ORIENTED_EDGE( '', *, *, #1508, .F. );
#1152 = CARTESIAN_POINT( '', ( 0.000000000000000, 25.0000000000000, 0.000000000000000 ) );
#1153 = DIRECTION( '', ( -0.000000000000000, 1.00000000000000, -0.000000000000000 ) );
#1154 = DIRECTION( '', ( 0.000000000000000, 0.000000000000000, 1.00000000000000 ) );
#1155 = SURFACE_STYLE_FILL_AREA( #1567 );
#1156 = ORIENTED_EDGE( '', *, *, #1543, .F. );
#1157 = ORIENTED_EDGE( '', *, *, #1504, .T. );
#1158 = CARTESIAN_POINT( '', ( 0.000000000000000, 49.8000000000000, 0.000000000000000 ) );
#1159 = DIRECTION( '', ( 0.000000000000000, -1.00000000000000, -0.000000000000000 ) );
#1160 = DIRECTION( '', ( 0.000000000000000, 0.000000000000000, 1.00000000000000 ) );
#1161 = SURFACE_STYLE_FILL_AREA( #1568 );
#1162 = ORIENTED_EDGE( '', *, *, #1542, .T. );
#1163 = ORIENTED_EDGE( '', *, *, #1520, .F. );
#1164 = CARTESIAN_POINT( '', ( 0.000000000000000, 49.8000000000000, 0.000000000000000 ) );
#1165 = DIRECTION( '', ( 0.000000000000000, -1.00000000000000, -0.000000000000000 ) );
#1166 = DIRECTION( '', ( 0.000000000000000, 0.000000000000000, 1.00000000000000 ) );
#1167 = SURFACE_STYLE_FILL_AREA( #1569 );
#1168 = ORIENTED_EDGE( '', *, *, #1570, .F. );
#1169 = ORIENTED_EDGE( '', *, *, #1513, .T. );
#1170 = CARTESIAN_POINT( '', ( 0.000000000000000, 21.0000000000000, 0.000000000000000 ) );
#1171 = DIRECTION( '', ( 0.000000000000000, -1.00000000000000, -0.000000000000000 ) );
#1172 = DIRECTION( '', ( 0.000000000000000, 0.000000000000000, 1.00000000000000 ) );
#1173 = SURFACE_STYLE_FILL_AREA( #1571 );
#1174 = ORIENTED_EDGE( '', *, *, #1572, .T. );
#1175 = ORIENTED_EDGE( '', *, *, #1528, .F. );
#1176 = ORIENTED_EDGE( '', *, *, #1459, .F. );
#1177 = CARTESIAN_POINT( '', ( 0.000000000000000, 41.1000000000000, 0.000000000000000 ) );
#1178 = DIRECTION( '', ( 0.000000000000000, -1.00000000000000, -0.000000000000000 ) );
#1179 = DIRECTION( '', ( 0.000000000000000, 0.000000000000000, -1.00000000000000 ) );
#1180 = SURFACE_STYLE_FILL_AREA( #1573 );
#1181 = ORIENTED_EDGE( '', *, *, #1574, .F. );
#1182 = ORIENTED_EDGE( '', *, *, #1422, .F. );
#1183 = ORIENTED_EDGE( '', *, *, #1575, .F. );
#1184 = ORIENTED_EDGE( '', *, *, #1406, .F. );
#1185 = ORIENTED_EDGE( '', *, *, #1576, .F. );
#1186 = ORIENTED_EDGE( '', *, *, #1446, .F. );
#1187 = ORIENTED_EDGE( '', *, *, #1577, .T. );
#1188 = CARTESIAN_POINT( '', ( -9.00000000000000, 21.0000000000000, 0.000000000000000 ) );
#1189 = DIRECTION( '', ( 0.000000000000000, -1.00000000000000, 0.000000000000000 ) );
#1190 = DIRECTION( '', ( 0.000000000000000, 0.000000000000000, -1.00000000000000 ) );
#1191 = SURFACE_STYLE_FILL_AREA( #1578 );
#1192 = ORIENTED_EDGE( '', *, *, #1579, .T. );
#1193 = ORIENTED_EDGE( '', *, *, #1580, .T. );
#1194 = ORIENTED_EDGE( '', *, *, #1581, .T. );
#1195 = ORIENTED_EDGE( '', *, *, #1506, .F. );
#1196 = ORIENTED_EDGE( '', *, *, #1451, .T. );
#1197 = ORIENTED_EDGE( '', *, *, #1436, .T. );
#1198 = CARTESIAN_POINT( '', ( 0.000000000000000, 29.0000000000000, -9.81495457622364 ) );
#1199 = DIRECTION( '', ( 0.500000000000000, -0.000000000000000, 0.866025403784439 ) );
#1200 = DIRECTION( '', ( 0.866025403784439, 0.000000000000000, -0.500000000000000 ) );
#1201 = SURFACE_STYLE_FILL_AREA( #1582 );
#1202 = ORIENTED_EDGE( '', *, *, #1583, .F. );
#1203 = ORIENTED_EDGE( '', *, *, #1545, .F. );
#1204 = ORIENTED_EDGE( '', *, *, #1431, .F. );
#1205 = CARTESIAN_POINT( '', ( 0.000000000000000, 39.1000000000000, 0.000000000000000 ) );
#1206 = DIRECTION( '', ( -0.000000000000000, 1.00000000000000, -0.000000000000000 ) );
#1207 = DIRECTION( '', ( 0.000000000000000, 0.000000000000000, 1.00000000000000 ) );
#1208 = SURFACE_STYLE_FILL_AREA( #1584 );
#1209 = ORIENTED_EDGE( '', *, *, #1538, .T. );
#1210 = ORIENTED_EDGE( '', *, *, #1534, .T. );
#1211 = ORIENTED_EDGE( '', *, *, #1565, .T. );
#1212 = ORIENTED_EDGE( '', *, *, #1515, .F. );
#1213 = ORIENTED_EDGE( '', *, *, #1427, .T. );
#1214 = ORIENTED_EDGE( '', *, *, #1524, .T. );
#1215 = CARTESIAN_POINT( '', ( 0.000000000000000, 29.0000000000000, 9.81495457622364 ) );
#1216 = DIRECTION( '', ( -0.500000000000000, 0.000000000000000, -0.866025403784439 ) );
#1217 = DIRECTION( '', ( -0.866025403784439, 0.000000000000000, 0.500000000000000 ) );
#1218 = SURFACE_STYLE_FILL_AREA( #1585 );
#1219 = ORIENTED_EDGE( '', *, *, #1586, .T. );
#1220 = ORIENTED_EDGE( '', *, *, #1403, .F. );
#1221 = ORIENTED_EDGE( '', *, *, #1587, .F. );
#1222 = CARTESIAN_POINT( '', ( 0.000000000000000, 22.5000000000000, 0.000000000000000 ) );
#1223 = DIRECTION( '', ( 0.000000000000000, -1.00000000000000, -0.000000000000000 ) );
#1224 = DIRECTION( '', ( 0.000000000000000, 0.000000000000000, -1.00000000000000 ) );
#1225 = SURFACE_STYLE_FILL_AREA( #1588 );
#1226 = ORIENTED_EDGE( '', *, *, #1575, .T. );
#1227 = ORIENTED_EDGE( '', *, *, #1400, .F. );
#1228 = ORIENTED_EDGE( '', *, *, #1500, .F. );
#1229 = CARTESIAN_POINT( '', ( 0.000000000000000, 21.0000000000000, 0.000000000000000 ) );
#1230 = DIRECTION( '', ( -0.000000000000000, 1.00000000000000, -0.000000000000000 ) );
#1231 = DIRECTION( '', ( 0.000000000000000, 0.000000000000000, 1.00000000000000 ) );
#1232 = SURFACE_STYLE_FILL_AREA( #1589 );
#1233 = ORIENTED_EDGE( '', *, *, #1581, .F. );
#1234 = ORIENTED_EDGE( '', *, *, #1413, .F. );
#1235 = ORIENTED_EDGE( '', *, *, #1507, .F. );
#1236 = CARTESIAN_POINT( '', ( 0.000000000000000, 25.0000000000000, 0.000000000000000 ) );
#1237 = DIRECTION( '', ( -0.000000000000000, 1.00000000000000, -0.000000000000000 ) );
#1238 = DIRECTION( '', ( 0.000000000000000, 0.000000000000000, 1.00000000000000 ) );
#1239 = SURFACE_STYLE_FILL_AREA( #1590 );
#1240 = ORIENTED_EDGE( '', *, *, #1517, .T. );
#1241 = ORIENTED_EDGE( '', *, *, #1494, .T. );
#1242 = ORIENTED_EDGE( '', *, *, #1591, .T. );
#1243 = ORIENTED_EDGE( '', *, *, #1579, .F. );
#1244 = ORIENTED_EDGE( '', *, *, #1438, .T. );
#1245 = ORIENTED_EDGE( '', *, *, #1562, .T. );
#1246 = CARTESIAN_POINT( '', ( 8.50000000000000, 29.0000000000000, -4.90747728811182 ) );
#1247 = DIRECTION( '', ( -0.500000000000000, 0.000000000000000, 0.866025403784439 ) );
#1248 = DIRECTION( '', ( 0.866025403784439, 0.000000000000000, 0.500000000000000 ) );
#1249 = SURFACE_STYLE_FILL_AREA( #1592 );
#1250 = ORIENTED_EDGE( '', *, *, #1570, .T. );
#1251 = ORIENTED_EDGE( '', *, *, #1476, .F. );
#1252 = CARTESIAN_POINT( '', ( 0.000000000000000, 18.0000000000000, 0.000000000000000 ) );
#1253 = DIRECTION( '', ( -0.000000000000000, 1.00000000000000, 0.000000000000000 ) );
#1254 = DIRECTION( '', ( 0.000000000000000, 0.000000000000000, 1.00000000000000 ) );
#1255 = SURFACE_STYLE_FILL_AREA( #1593 );
#1256 = ORIENTED_EDGE( '', *, *, #1441, .F. );
#1257 = ORIENTED_EDGE( '', *, *, #1461, .T. );
#1258 = CARTESIAN_POINT( '', ( -5.77300000000000, 46.8000000000000, 0.000000000000000 ) );
#1259 = DIRECTION( '', ( 0.000000000000000, -1.00000000000000, 0.000000000000000 ) );
#1260 = DIRECTION( '', ( 0.000000000000000, 0.000000000000000, -1.00000000000000 ) );
#1261 = SURFACE_STYLE_FILL_AREA( #1594 );
#1262 = ORIENTED_EDGE( '', *, *, #1462, .F. );
#1263 = ORIENTED_EDGE( '', *, *, #1595, .T. );
#1264 = CARTESIAN_POINT( '', ( 0.000000000000000, 46.8000000000000, 0.000000000000000 ) );
#1265 = DIRECTION( '', ( 0.000000000000000, -1.00000000000000, -0.000000000000000 ) );
#1266 = DIRECTION( '', ( 0.000000000000000, 0.000000000000000, 1.00000000000000 ) );
#1267 = SURFACE_STYLE_FILL_AREA( #1596 );
#1268 = ORIENTED_EDGE( '', *, *, #1597, .F. );
#1269 = ORIENTED_EDGE( '', *, *, #1598, .T. );
#1270 = CARTESIAN_POINT( '', ( 0.000000000000000, 46.8000000000000, 0.000000000000000 ) );
#1271 = DIRECTION( '', ( 0.000000000000000, -1.00000000000000, -0.000000000000000 ) );
#1272 = DIRECTION( '', ( 0.000000000000000, 0.000000000000000, 1.00000000000000 ) );
#1273 = SURFACE_STYLE_FILL_AREA( #1599 );
#1274 = ORIENTED_EDGE( '', *, *, #1600, .F. );
#1275 = ORIENTED_EDGE( '', *, *, #1601, .F. );
#1276 = ORIENTED_EDGE( '', *, *, #1602, .F. );
#1277 = CARTESIAN_POINT( '', ( 0.000000000000000, 22.5000000000000, 0.000000000000000 ) );
#1278 = DIRECTION( '', ( 0.000000000000000, -1.00000000000000, -0.000000000000000 ) );
#1279 = DIRECTION( '', ( 0.000000000000000, 0.000000000000000, -1.00000000000000 ) );
#1280 = SURFACE_STYLE_FILL_AREA( #1603 );
#1281 = ORIENTED_EDGE( '', *, *, #1577, .F. );
#1282 = ORIENTED_EDGE( '', *, *, #1475, .T. );
#1283 = CARTESIAN_POINT( '', ( 0.000000000000000, 21.0000000000000, 0.000000000000000 ) );
#1284 = DIRECTION( '', ( 0.000000000000000, -1.00000000000000, -0.000000000000000 ) );
#1285 = DIRECTION( '', ( 0.000000000000000, 0.000000000000000, 1.00000000000000 ) );
#1286 = SURFACE_STYLE_FILL_AREA( #1604 );
#1287 = ORIENTED_EDGE( '', *, *, #1605, .F. );
#1288 = ORIENTED_EDGE( '', *, *, #1458, .F. );
#1289 = ORIENTED_EDGE( '', *, *, #1558, .F. );
#1290 = CARTESIAN_POINT( '', ( 0.000000000000000, 41.1000000000000, 0.000000000000000 ) );
#1291 = DIRECTION( '', ( 0.000000000000000, -1.00000000000000, -0.000000000000000 ) );
#1292 = DIRECTION( '', ( 0.000000000000000, 0.000000000000000, -1.00000000000000 ) );
#1293 = SURFACE_STYLE_FILL_AREA( #1606 );
#1294 = ORIENTED_EDGE( '', *, *, #1607, .T. );
#1295 = ORIENTED_EDGE( '', *, *, #1447, .T. );
#1296 = ORIENTED_EDGE( '', *, *, #1608, .T. );
#1297 = ORIENTED_EDGE( '', *, *, #1488, .F. );
#1298 = ORIENTED_EDGE( '', *, *, #1498, .T. );
#1299 = ORIENTED_EDGE( '', *, *, #1555, .T. );
#1300 = CARTESIAN_POINT( '', ( 0.000000000000000, 24.0000000000000, 8.08290376865476 ) );
#1301 = DIRECTION( '', ( -0.500000000000000, 0.000000000000000, -0.866025403784439 ) );
#1302 = DIRECTION( '', ( -0.866025403784439, 0.000000000000000, 0.500000000000000 ) );
#1303 = SURFACE_STYLE_FILL_AREA( #1609 );
#1304 = ORIENTED_EDGE( '', *, *, #1598, .F. );
#1305 = ORIENTED_EDGE( '', *, *, #1468, .T. );
#1306 = ORIENTED_EDGE( '', *, *, #1522, .F. );
#1307 = ORIENTED_EDGE( '', *, *, #1426, .F. );
#1308 = ORIENTED_EDGE( '', *, *, #1563, .F. );
#1309 = ORIENTED_EDGE( '', *, *, #1437, .F. );
#1310 = ORIENTED_EDGE( '', *, *, #1450, .F. );
#1311 = CARTESIAN_POINT( '', ( 0.000000000000000, 29.0000000000000, 0.000000000000000 ) );
#1312 = DIRECTION( '', ( 0.000000000000000, 1.00000000000000, 0.000000000000000 ) );
#1313 = DIRECTION( '', ( 0.000000000000000, -0.000000000000000, 1.00000000000000 ) );
#1314 = SURFACE_STYLE_FILL_AREA( #1610 );
#1315 = ORIENTED_EDGE( '', *, *, #1574, .T. );
#1316 = ORIENTED_EDGE( '', *, *, #1611, .F. );
#1317 = ORIENTED_EDGE( '', *, *, #1612, .F. );
#1318 = CARTESIAN_POINT( '', ( 0.000000000000000, 21.0000000000000, 0.000000000000000 ) );
#1319 = DIRECTION( '', ( -0.000000000000000, 1.00000000000000, -0.000000000000000 ) );
#1320 = DIRECTION( '', ( 0.000000000000000, 0.000000000000000, 1.00000000000000 ) );
#1321 = SURFACE_STYLE_FILL_AREA( #1613 );
#1322 = ORIENTED_EDGE( '', *, *, #1597, .T. );
#1323 = ORIENTED_EDGE( '', *, *, #1464, .T. );
#1324 = ORIENTED_EDGE( '', *, *, #1478, .F. );
#1325 = ORIENTED_EDGE( '', *, *, #1482, .T. );
#1326 = ORIENTED_EDGE( '', *, *, #1548, .T. );
#1327 = ORIENTED_EDGE( '', *, *, #1583, .T. );
#1328 = ORIENTED_EDGE( '', *, *, #1550, .T. );
#1329 = CARTESIAN_POINT( '', ( 0.000000000000000, 39.1000000000000, 0.000000000000000 ) );
#1330 = DIRECTION( '', ( 0.000000000000000, 1.00000000000000, 0.000000000000000 ) );
#1331 = DIRECTION( '', ( 0.000000000000000, -0.000000000000000, 1.00000000000000 ) );
#1332 = SURFACE_STYLE_FILL_AREA( #1614 );
#1333 = ORIENTED_EDGE( '', *, *, #1595, .F. );
#1334 = ORIENTED_EDGE( '', *, *, #1605, .T. );
#1335 = ORIENTED_EDGE( '', *, *, #1484, .F. );
#1336 = ORIENTED_EDGE( '', *, *, #1531, .F. );
#1337 = ORIENTED_EDGE( '', *, *, #1473, .F. );
#1338 = ORIENTED_EDGE( '', *, *, #1419, .F. );
#1339 = ORIENTED_EDGE( '', *, *, #1572, .F. );
#1340 = CARTESIAN_POINT( '', ( 0.000000000000000, 43.1000000000000, 0.000000000000000 ) );
#1341 = DIRECTION( '', ( 0.000000000000000, 1.00000000000000, 0.000000000000000 ) );
#1342 = DIRECTION( '', ( 0.000000000000000, -0.000000000000000, 1.00000000000000 ) );
#1343 = SURFACE_STYLE_FILL_AREA( #1615 );
#1344 = ORIENTED_EDGE( '', *, *, #1557, .T. );
#1345 = ORIENTED_EDGE( '', *, *, #1465, .T. );
#1346 = ORIENTED_EDGE( '', *, *, #1551, .T. );
#1347 = ORIENTED_EDGE( '', *, *, #1429, .F. );
#1348 = ORIENTED_EDGE( '', *, *, #1532, .T. );
#1349 = ORIENTED_EDGE( '', *, *, #1486, .T. );
#1350 = CARTESIAN_POINT( '', ( 0.000000000000000, 43.1000000000000, 9.81495457622364 ) );
#1351 = DIRECTION( '', ( -0.500000000000000, 0.000000000000000, -0.866025403784439 ) );
#1352 = DIRECTION( '', ( -0.866025403784439, 0.000000000000000, 0.500000000000000 ) );
#1353 = SURFACE_STYLE_FILL_AREA( #1616 );
#1354 = ORIENTED_EDGE( '', *, *, #1617, .T. );
#1355 = ORIENTED_EDGE( '', *, *, #1611, .T. );
#1356 = ORIENTED_EDGE( '', *, *, #1448, .T. );
#1357 = ORIENTED_EDGE( '', *, *, #1607, .F. );
#1358 = ORIENTED_EDGE( '', *, *, #1554, .T. );
#1359 = ORIENTED_EDGE( '', *, *, #1602, .T. );
#1360 = CARTESIAN_POINT( '', ( -7.00000000000000, 24.0000000000000, 4.04145188432738 ) );
#1361 = DIRECTION( '', ( 0.500000000000000, 0.000000000000000, -0.866025403784439 ) );
#1362 = DIRECTION( '', ( -0.866025403784439, 0.000000000000000, -0.500000000000000 ) );
#1363 = SURFACE_STYLE_FILL_AREA( #1618 );
#1364 = ORIENTED_EDGE( '', *, *, #1414, .F. );
#1365 = ORIENTED_EDGE( '', *, *, #1580, .F. );
#1366 = ORIENTED_EDGE( '', *, *, #1591, .F. );
#1367 = CARTESIAN_POINT( '', ( 0.000000000000000, 25.0000000000000, 0.000000000000000 ) );
#1368 = DIRECTION( '', ( -0.000000000000000, 1.00000000000000, -0.000000000000000 ) );
#1369 = DIRECTION( '', ( 0.000000000000000, 0.000000000000000, 1.00000000000000 ) );
#1370 = SURFACE_STYLE_FILL_AREA( #1619 );
#1371 = ORIENTED_EDGE( '', *, *, #1410, .F. );
#1372 = ORIENTED_EDGE( '', *, *, #1586, .F. );
#1373 = ORIENTED_EDGE( '', *, *, #1600, .T. );
#1374 = ORIENTED_EDGE( '', *, *, #1553, .F. );
#1375 = ORIENTED_EDGE( '', *, *, #1497, .F. );
#1376 = ORIENTED_EDGE( '', *, *, #1560, .F. );
#1377 = ORIENTED_EDGE( '', *, *, #1540, .F. );
#1378 = CARTESIAN_POINT( '', ( 0.000000000000000, 46.8000000000000, 0.000000000000000 ) );
#1379 = DIRECTION( '', ( 0.000000000000000, -1.00000000000000, -0.000000000000000 ) );
#1380 = DIRECTION( '', ( 0.000000000000000, 0.000000000000000, 1.00000000000000 ) );
#1381 = SURFACE_STYLE_FILL_AREA( #1620 );
#1382 = ORIENTED_EDGE( '', *, *, #1402, .T. );
#1383 = ORIENTED_EDGE( '', *, *, #1423, .T. );
#1384 = ORIENTED_EDGE( '', *, *, #1612, .T. );
#1385 = ORIENTED_EDGE( '', *, *, #1617, .F. );
#1386 = ORIENTED_EDGE( '', *, *, #1601, .T. );
#1387 = ORIENTED_EDGE( '', *, *, #1587, .T. );
#1388 = CARTESIAN_POINT( '', ( -7.00000000000000, 24.0000000000000, -4.04145188432738 ) );
#1389 = DIRECTION( '', ( 1.00000000000000, 0.000000000000000, 0.000000000000000 ) );
#1390 = DIRECTION( '', ( 0.000000000000000, 0.000000000000000, -1.00000000000000 ) );
#1391 = SURFACE_STYLE_FILL_AREA( #1621 );
#1392 = ORIENTED_EDGE( '', *, *, #1576, .T. );
#1393 = ORIENTED_EDGE( '', *, *, #1489, .F. );
#1394 = ORIENTED_EDGE( '', *, *, #1608, .F. );
#1395 = CARTESIAN_POINT( '', ( 0.000000000000000, 21.0000000000000, 0.000000000000000 ) );
#1396 = DIRECTION( '', ( -0.000000000000000, 1.00000000000000, -0.000000000000000 ) );
#1397 = DIRECTION( '', ( 0.000000000000000, 0.000000000000000, 1.00000000000000 ) );
#1398 = FILL_AREA_STYLE( '', ( #1622 ) );
#1399 = EDGE_CURVE( '', #1623, #1624, #1625, .T. );
#1400 = EDGE_CURVE( '', #1624, #1626, #1627, .T. );
#1401 = EDGE_CURVE( '', #1626, #1628, #1629, .T. );
#1402 = EDGE_CURVE( '', #1630, #1628, #1631, .T. );
#1403 = EDGE_CURVE( '', #1630, #1632, #1633, .T. );
#1404 = EDGE_CURVE( '', #1632, #1623, #1634, .T. );
#1405 = FILL_AREA_STYLE( '', ( #1635 ) );
#1406 = EDGE_CURVE( '', #1636, #1637, #1638, .T. );
#1407 = EDGE_CURVE( '', #1639, #1637, #1640, .T. );
#1408 = EDGE_CURVE( '', #1636, #1639, #1641, .F. );
#1409 = FILL_AREA_STYLE( '', ( #1642 ) );
#1410 = EDGE_CURVE( '', #1643, #1643, #1644, .T. );
#1411 = EDGE_CURVE( '', #1645, #1646, #1647, .F. );
#1412 = EDGE_CURVE( '', #1648, #1646, #1649, .T. );
#1413 = EDGE_CURVE( '', #1648, #1650, #1651, .F. );
#1414 = EDGE_CURVE( '', #1650, #1652, #1653, .F. );
#1415 = EDGE_CURVE( '', #1652, #1654, #1655, .F. );
#1416 = EDGE_CURVE( '', #1654, #1645, #1656, .F. );
#1417 = FILL_AREA_STYLE( '', ( #1657 ) );
#1418 = EDGE_CURVE( '', #1658, #1659, #1660, .T. );
#1419 = EDGE_CURVE( '', #1658, #1661, #1662, .F. );
#1420 = EDGE_CURVE( '', #1659, #1661, #1663, .T. );
#1421 = FILL_AREA_STYLE( '', ( #1664 ) );
#1422 = EDGE_CURVE( '', #1626, #1665, #1666, .T. );
#1423 = EDGE_CURVE( '', #1628, #1665, #1667, .T. );
#1424 = FILL_AREA_STYLE( '', ( #1668 ) );
#1425 = EDGE_CURVE( '', #1669, #1670, #1671, .T. );
#1426 = EDGE_CURVE( '', #1669, #1672, #1673, .F. );
#1427 = EDGE_CURVE( '', #1670, #1672, #1674, .T. );
#1428 = FILL_AREA_STYLE( '', ( #1675 ) );
#1429 = EDGE_CURVE( '', #1676, #1677, #1678, .T. );
#1430 = EDGE_CURVE( '', #1677, #1679, #1680, .F. );
#1431 = EDGE_CURVE( '', #1679, #1681, #1682, .F. );
#1432 = EDGE_CURVE( '', #1683, #1681, #1684, .T. );
#1433 = EDGE_CURVE( '', #1683, #1685, #1686, .T. );
#1434 = EDGE_CURVE( '', #1685, #1676, #1687, .T. );
#1435 = FILL_AREA_STYLE( '', ( #1688 ) );
#1436 = EDGE_CURVE( '', #1689, #1690, #1691, .T. );
#1437 = EDGE_CURVE( '', #1689, #1692, #1693, .F. );
#1438 = EDGE_CURVE( '', #1690, #1692, #1694, .T. );
#1439 = FILL_AREA_STYLE( '', ( #1695 ) );
#1440 = EDGE_CURVE( '', #1696, #1696, #1697, .T. );
#1441 = EDGE_CURVE( '', #1698, #1698, #1699, .T. );
#1442 = FILL_AREA_STYLE( '', ( #1700 ) );
#1443 = EDGE_CURVE( '', #1701, #1701, #1702, .T. );
#1444 = EDGE_CURVE( '', #1703, #1703, #1704, .T. );
#1445 = FILL_AREA_STYLE( '', ( #1705 ) );
#1446 = EDGE_CURVE( '', #1706, #1707, #1708, .T. );
#1447 = EDGE_CURVE( '', #1709, #1707, #1710, .T. );
#1448 = EDGE_CURVE( '', #1706, #1709, #1711, .T. );
#1449 = FILL_AREA_STYLE( '', ( #1712 ) );
#1450 = EDGE_CURVE( '', #1713, #1689, #1714, .F. );
#1451 = EDGE_CURVE( '', #1715, #1689, #1716, .T. );
#1452 = EDGE_CURVE( '', #1713, #1715, #1717, .F. );
#1453 = FILL_AREA_STYLE( '', ( #1718 ) );
#1454 = EDGE_CURVE( '', #1719, #1720, #1721, .T. );
#1455 = EDGE_CURVE( '', #1720, #1722, #1723, .T. );
#1456 = EDGE_CURVE( '', #1722, #1724, #1725, .T. );
#1457 = EDGE_CURVE( '', #1726, #1724, #1727, .T. );
#1458 = EDGE_CURVE( '', #1726, #1728, #1729, .F. );
#1459 = EDGE_CURVE( '', #1728, #1719, #1730, .F. );
#1460 = FILL_AREA_STYLE( '', ( #1731 ) );
#1461 = EDGE_CURVE( '', #1732, #1732, #1733, .T. );
#1462 = EDGE_CURVE( '', #1734, #1734, #1735, .T. );
#1463 = FILL_AREA_STYLE( '', ( #1736 ) );
#1464 = EDGE_CURVE( '', #1737, #1738, #1739, .F. );
#1465 = EDGE_CURVE( '', #1740, #1737, #1741, .T. );
#1466 = EDGE_CURVE( '', #1738, #1740, #1742, .T. );
#1467 = FILL_AREA_STYLE( '', ( #1743 ) );
#1468 = EDGE_CURVE( '', #1713, #1744, #1745, .T. );
#1469 = EDGE_CURVE( '', #1746, #1713, #1747, .F. );
#1470 = EDGE_CURVE( '', #1744, #1746, #1748, .T. );
#1471 = FILL_AREA_STYLE( '', ( #1749 ) );
#1472 = EDGE_CURVE( '', #1661, #1683, #1750, .T. );
#1473 = EDGE_CURVE( '', #1661, #1685, #1751, .F. );
#1474 = FILL_AREA_STYLE( '', ( #1752 ) );
#1475 = EDGE_CURVE( '', #1753, #1753, #1754, .T. );
#1476 = EDGE_CURVE( '', #1755, #1755, #1756, .T. );
#1477 = FILL_AREA_STYLE( '', ( #1757 ) );
#1478 = EDGE_CURVE( '', #1722, #1738, #1758, .T. );
#1479 = EDGE_CURVE( '', #1724, #1738, #1759, .T. );
#1480 = FILL_AREA_STYLE( '', ( #1760 ) );
#1481 = EDGE_CURVE( '', #1761, #1720, #1762, .T. );
#1482 = EDGE_CURVE( '', #1722, #1761, #1763, .F. );
#1483 = FILL_AREA_STYLE( '', ( #1764 ) );
#1484 = EDGE_CURVE( '', #1765, #1766, #1767, .F. );
#1485 = EDGE_CURVE( '', #1768, #1766, #1769, .T. );
#1486 = EDGE_CURVE( '', #1765, #1768, #1770, .T. );
#1487 = FILL_AREA_STYLE( '', ( #1771 ) );
#1488 = EDGE_CURVE( '', #1772, #1773, #1774, .T. );
#1489 = EDGE_CURVE( '', #1773, #1636, #1775, .F. );
#1490 = EDGE_CURVE( '', #1776, #1639, #1777, .T. );
#1491 = EDGE_CURVE( '', #1776, #1778, #1779, .T. );
#1492 = EDGE_CURVE( '', #1778, #1772, #1780, .T. );
#1493 = FILL_AREA_STYLE( '', ( #1781 ) );
#1494 = EDGE_CURVE( '', #1782, #1652, #1783, .T. );
#1495 = EDGE_CURVE( '', #1654, #1782, #1784, .F. );
#1496 = FILL_AREA_STYLE( '', ( #1785 ) );
#1497 = EDGE_CURVE( '', #1778, #1786, #1787, .F. );
#1498 = EDGE_CURVE( '', #1772, #1786, #1788, .T. );
#1499 = FILL_AREA_STYLE( '', ( #1789 ) );
#1500 = EDGE_CURVE( '', #1637, #1624, #1790, .T. );
#1501 = EDGE_CURVE( '', #1623, #1791, #1792, .T. );
#1502 = EDGE_CURVE( '', #1791, #1776, #1793, .T. );
#1503 = FILL_AREA_STYLE( '', ( #1794 ) );
#1504 = EDGE_CURVE( '', #1795, #1795, #1796, .T. );
#1505 = FILL_AREA_STYLE( '', ( #1797 ) );
#1506 = EDGE_CURVE( '', #1715, #1798, #1799, .T. );
#1507 = EDGE_CURVE( '', #1798, #1648, #1800, .T. );
#1508 = EDGE_CURVE( '', #1648, #1801, #1802, .T. );
#1509 = EDGE_CURVE( '', #1746, #1801, #1803, .T. );
#1510 = FILL_AREA_STYLE( '', ( #1804 ) );
#1511 = EDGE_CURVE( '', #1805, #1805, #1806, .T. );
#1512 = FILL_AREA_STYLE( '', ( #1807 ) );
#1513 = EDGE_CURVE( '', #1808, #1808, #1809, .T. );
#1514 = FILL_AREA_STYLE( '', ( #1810 ) );
#1515 = EDGE_CURVE( '', #1670, #1811, #1812, .T. );
#1516 = EDGE_CURVE( '', #1811, #1654, #1813, .F. );
#1517 = EDGE_CURVE( '', #1814, #1782, #1815, .T. );
#1518 = EDGE_CURVE( '', #1814, #1669, #1816, .T. );
#1519 = FILL_AREA_STYLE( '', ( #1817 ) );
#1520 = EDGE_CURVE( '', #1818, #1818, #1819, .T. );
#1521 = FILL_AREA_STYLE( '', ( #1820 ) );
#1522 = EDGE_CURVE( '', #1672, #1744, #1821, .F. );
#1523 = EDGE_CURVE( '', #1822, #1744, #1823, .T. );
#1524 = EDGE_CURVE( '', #1672, #1822, #1824, .T. );
#1525 = FILL_AREA_STYLE( '', ( #1825 ) );
#1526 = EDGE_CURVE( '', #1659, #1826, #1827, .T. );
#1527 = EDGE_CURVE( '', #1826, #1761, #1828, .T. );
#1528 = EDGE_CURVE( '', #1719, #1658, #1829, .T. );
#1529 = FILL_AREA_STYLE( '', ( #1830 ) );
#1530 = FILL_AREA_STYLE( '', ( #1831 ) );
#1531 = EDGE_CURVE( '', #1685, #1765, #1832, .F. );
#1532 = EDGE_CURVE( '', #1676, #1765, #1833, .T. );
#1533 = FILL_AREA_STYLE( '', ( #1834 ) );
#1534 = EDGE_CURVE( '', #1835, #1645, #1836, .T. );
#1535 = EDGE_CURVE( '', #1646, #1835, #1837, .T. );
#1536 = FILL_AREA_STYLE( '', ( #1838 ) );
#1537 = EDGE_CURVE( '', #1801, #1646, #1839, .T. );
#1538 = EDGE_CURVE( '', #1822, #1835, #1840, .T. );
#1539 = FILL_AREA_STYLE( '', ( #1841 ) );
#1540 = EDGE_CURVE( '', #1632, #1791, #1842, .F. );
#1541 = FILL_AREA_STYLE( '', ( #1843 ) );
#1542 = EDGE_CURVE( '', #1844, #1844, #1845, .T. );
#1543 = EDGE_CURVE( '', #1846, #1846, #1847, .T. );
#1544 = FILL_AREA_STYLE( '', ( #1848 ) );
#1545 = EDGE_CURVE( '', #1681, #1849, #1850, .T. );
#1546 = EDGE_CURVE( '', #1849, #1826, #1851, .T. );
#1547 = FILL_AREA_STYLE( '', ( #1852 ) );
#1548 = EDGE_CURVE( '', #1761, #1849, #1853, .F. );
#1549 = FILL_AREA_STYLE( '', ( #1854 ) );
#1550 = EDGE_CURVE( '', #1679, #1737, #1855, .F. );
#1551 = EDGE_CURVE( '', #1737, #1677, #1856, .T. );
#1552 = FILL_AREA_STYLE( '', ( #1857 ) );
#1553 = EDGE_CURVE( '', #1786, #1858, #1859, .F. );
#1554 = EDGE_CURVE( '', #1860, #1858, #1861, .T. );
#1555 = EDGE_CURVE( '', #1786, #1860, #1862, .T. );
#1556 = FILL_AREA_STYLE( '', ( #1863 ) );
#1557 = EDGE_CURVE( '', #1768, #1740, #1864, .T. );
#1558 = EDGE_CURVE( '', #1766, #1726, #1865, .T. );
#1559 = FILL_AREA_STYLE( '', ( #1866 ) );
#1560 = EDGE_CURVE( '', #1791, #1778, #1867, .F. );
#1561 = FILL_AREA_STYLE( '', ( #1868 ) );
#1562 = EDGE_CURVE( '', #1692, #1814, #1869, .T. );
#1563 = EDGE_CURVE( '', #1692, #1669, #1870, .F. );
#1564 = FILL_AREA_STYLE( '', ( #1871 ) );
#1565 = EDGE_CURVE( '', #1645, #1811, #1872, .T. );
#1566 = FILL_AREA_STYLE( '', ( #1873 ) );
#1567 = FILL_AREA_STYLE( '', ( #1874 ) );
#1568 = FILL_AREA_STYLE( '', ( #1875 ) );
#1569 = FILL_AREA_STYLE( '', ( #1876 ) );
#1570 = EDGE_CURVE( '', #1877, #1877, #1878, .T. );
#1571 = FILL_AREA_STYLE( '', ( #1879 ) );
#1572 = EDGE_CURVE( '', #1728, #1658, #1880, .F. );
#1573 = FILL_AREA_STYLE( '', ( #1881 ) );
#1574 = EDGE_CURVE( '', #1665, #1706, #1882, .T. );
#1575 = EDGE_CURVE( '', #1637, #1626, #1883, .T. );
#1576 = EDGE_CURVE( '', #1707, #1636, #1884, .T. );
#1577 = EDGE_CURVE( '', #1885, #1885, #1886, .T. );
#1578 = FILL_AREA_STYLE( '', ( #1887 ) );
#1579 = EDGE_CURVE( '', #1690, #1888, #1889, .T. );
#1580 = EDGE_CURVE( '', #1888, #1650, #1890, .T. );
#1581 = EDGE_CURVE( '', #1650, #1798, #1891, .T. );
#1582 = FILL_AREA_STYLE( '', ( #1892 ) );
#1583 = EDGE_CURVE( '', #1849, #1679, #1893, .F. );
#1584 = FILL_AREA_STYLE( '', ( #1894 ) );
#1585 = FILL_AREA_STYLE( '', ( #1895 ) );
#1586 = EDGE_CURVE( '', #1896, #1632, #1897, .F. );
#1587 = EDGE_CURVE( '', #1896, #1630, #1898, .F. );
#1588 = FILL_AREA_STYLE( '', ( #1899 ) );
#1589 = FILL_AREA_STYLE( '', ( #1900 ) );
#1590 = FILL_AREA_STYLE( '', ( #1901 ) );
#1591 = EDGE_CURVE( '', #1652, #1888, #1902, .T. );
#1592 = FILL_AREA_STYLE( '', ( #1903 ) );
#1593 = FILL_AREA_STYLE( '', ( #1904 ) );
#1594 = FILL_AREA_STYLE( '', ( #1905 ) );
#1595 = EDGE_CURVE( '', #1906, #1906, #1907, .T. );
#1596 = FILL_AREA_STYLE( '', ( #1908 ) );
#1597 = EDGE_CURVE( '', #1909, #1909, #1910, .T. );
#1598 = EDGE_CURVE( '', #1911, #1911, #1912, .T. );
#1599 = FILL_AREA_STYLE( '', ( #1913 ) );
#1600 = EDGE_CURVE( '', #1896, #1858, #1914, .T. );
#1601 = EDGE_CURVE( '', #1915, #1896, #1916, .F. );
#1602 = EDGE_CURVE( '', #1858, #1915, #1917, .T. );
#1603 = FILL_AREA_STYLE( '', ( #1918 ) );
#1604 = FILL_AREA_STYLE( '', ( #1919 ) );
#1605 = EDGE_CURVE( '', #1728, #1766, #1920, .T. );
#1606 = FILL_AREA_STYLE( '', ( #1921 ) );
#1607 = EDGE_CURVE( '', #1860, #1709, #1922, .T. );
#1608 = EDGE_CURVE( '', #1707, #1773, #1923, .T. );
#1609 = FILL_AREA_STYLE( '', ( #1924 ) );
#1610 = FILL_AREA_STYLE( '', ( #1925 ) );
#1611 = EDGE_CURVE( '', #1926, #1706, #1927, .T. );
#1612 = EDGE_CURVE( '', #1665, #1926, #1928, .T. );
#1613 = FILL_AREA_STYLE( '', ( #1929 ) );
#1614 = FILL_AREA_STYLE( '', ( #1930 ) );
#1615 = FILL_AREA_STYLE( '', ( #1931 ) );
#1616 = FILL_AREA_STYLE( '', ( #1932 ) );
#1617 = EDGE_CURVE( '', #1915, #1926, #1933, .T. );
#1618 = FILL_AREA_STYLE( '', ( #1934 ) );
#1619 = FILL_AREA_STYLE( '', ( #1935 ) );
#1620 = FILL_AREA_STYLE( '', ( #1936 ) );
#1621 = FILL_AREA_STYLE( '', ( #1937 ) );
#1622 = FILL_AREA_STYLE_COLOUR( '', #1938 );
#1623 = VERTEX_POINT( '', #1939 );
#1624 = VERTEX_POINT( '', #1940 );
#1625 = LINE( '', #1941, #1942 );
#1626 = VERTEX_POINT( '', #1943 );
#1627 = B_SPLINE_CURVE_WITH_KNOTS( '', 3, ( #1944, #1945, #1946, #1947 ), .UNSPECIFIED., .F., .F., ( 4, 4 ), ( 2.30940107676186E-007, 0.00404168282443505 ), .UNSPECIFIED. );
#1628 = VERTEX_POINT( '', #1948 );
#1629 = B_SPLINE_CURVE_WITH_KNOTS( '', 3, ( #1949, #1950, #1951, #1952 ), .UNSPECIFIED., .F., .F., ( 4, 4 ), ( 0.00404168282443505, 0.00808313470876243 ), .UNSPECIFIED. );
#1630 = VERTEX_POINT( '', #1953 );
#1631 = LINE( '', #1954, #1955 );
#1632 = VERTEX_POINT( '', #1956 );
#1633 = B_SPLINE_CURVE_WITH_KNOTS( '', 3, ( #1957, #1958, #1959, #1960 ), .UNSPECIFIED., .F., .F., ( 4, 4 ), ( 2.30940107675636E-007, 0.00404168282443506 ), .UNSPECIFIED. );
#1634 = B_SPLINE_CURVE_WITH_KNOTS( '', 3, ( #1961, #1962, #1963, #1964 ), .UNSPECIFIED., .F., .F., ( 4, 4 ), ( 0.00404168282443506, 0.00808313470876243 ), .UNSPECIFIED. );
#1635 = FILL_AREA_STYLE_COLOUR( '', #1965 );
#1636 = VERTEX_POINT( '', #1966 );
#1637 = VERTEX_POINT( '', #1967 );
#1638 = CIRCLE( '', #1968, 7.00000000000000 );
#1639 = VERTEX_POINT( '', #1969 );
#1640 = B_SPLINE_CURVE_WITH_KNOTS( '', 3, ( #1970, #1971, #1972, #1973 ), .UNSPECIFIED., .F., .F., ( 4, 4 ), ( 2.30940107675636E-007, 0.00404168282443506 ), .UNSPECIFIED. );
#1641 = B_SPLINE_CURVE_WITH_KNOTS( '', 3, ( #1974, #1975, #1976, #1977, #1978, #1979 ), .UNSPECIFIED., .F., .F., ( 4, 2, 4 ), ( 0.00685067648944197, 0.00888138159993534, 0.0109120867104287 ), .UNSPECIFIED. );
#1642 = FILL_AREA_STYLE_COLOUR( '', #1980 );
#1643 = VERTEX_POINT( '', #1981 );
#1644 = CIRCLE( '', #1982, 7.00000000000000 );
#1645 = VERTEX_POINT( '', #1983 );
#1646 = VERTEX_POINT( '', #1984 );
#1647 = CIRCLE( '', #1985, 8.50000000000000 );
#1648 = VERTEX_POINT( '', #1986 );
#1649 = CIRCLE( '', #1987, 8.50000000000000 );
#1650 = VERTEX_POINT( '', #1988 );
#1651 = CIRCLE( '', #1989, 8.50000000000000 );
#1652 = VERTEX_POINT( '', #1990 );
#1653 = CIRCLE( '', #1991, 8.50000000000000 );
#1654 = VERTEX_POINT( '', #1992 );
#1655 = CIRCLE( '', #1993, 8.50000000000000 );
#1656 = CIRCLE( '', #1994, 8.50000000000000 );
#1657 = FILL_AREA_STYLE_COLOUR( '', #1995 );
#1658 = VERTEX_POINT( '', #1996 );
#1659 = VERTEX_POINT( '', #1997 );
#1660 = B_SPLINE_CURVE_WITH_KNOTS( '', 3, ( #1998, #1999, #2000, #2001 ), .UNSPECIFIED., .F., .F., ( 4, 4 ), ( 0.00490770822821950, 0.00981518551633131 ), .UNSPECIFIED. );
#1661 = VERTEX_POINT( '', #2002 );
#1662 = CIRCLE( '', #2003, 8.49999999999997 );
#1663 = B_SPLINE_CURVE_WITH_KNOTS( '', 3, ( #2004, #2005, #2006, #2007 ), .UNSPECIFIED., .F., .F., ( 4, 4 ), ( 2.30940107675961E-007, 0.00490770822821949 ), .UNSPECIFIED. );
#1664 = FILL_AREA_STYLE_COLOUR( '', #2008 );
#1665 = VERTEX_POINT( '', #2009 );
#1666 = CIRCLE( '', #2010, 7.00000000000000 );
#1667 = B_SPLINE_CURVE_WITH_KNOTS( '', 3, ( #2011, #2012, #2013, #2014, #2015, #2016 ), .UNSPECIFIED., .F., .F., ( 4, 2, 4 ), ( 0.00685067648944197, 0.00888138159993534, 0.0109120867104287 ), .UNSPECIFIED. );
#1668 = FILL_AREA_STYLE_COLOUR( '', #2017 );
#1669 = VERTEX_POINT( '', #2018 );
#1670 = VERTEX_POINT( '', #2019 );
#1671 = B_SPLINE_CURVE_WITH_KNOTS( '', 3, ( #2020, #2021, #2022, #2023 ), .UNSPECIFIED., .F., .F., ( 4, 4 ), ( 0.0132637345686173, 0.0182119942427650 ), .UNSPECIFIED. );
#1672 = VERTEX_POINT( '', #2024 );
#1673 = CIRCLE( '', #2025, 8.50000000000000 );
#1674 = B_SPLINE_CURVE_WITH_KNOTS( '', 3, ( #2026, #2027, #2028, #2029 ), .UNSPECIFIED., .F., .F., ( 4, 4 ), ( 2.30940107676387E-007, 0.00490770822821950 ), .UNSPECIFIED. );
#1675 = FILL_AREA_STYLE_COLOUR( '', #2030 );
#1676 = VERTEX_POINT( '', #2031 );
#1677 = VERTEX_POINT( '', #2032 );
#1678 = LINE( '', #2033, #2034 );
#1679 = VERTEX_POINT( '', #2035 );
#1680 = B_SPLINE_CURVE_WITH_KNOTS( '', 3, ( #2036, #2037, #2038, #2039 ), .UNSPECIFIED., .F., .F., ( 4, 4 ), ( 0.0132637345686173, 0.0182119942427650 ), .UNSPECIFIED. );
#1681 = VERTEX_POINT( '', #2040 );
#1682 = B_SPLINE_CURVE_WITH_KNOTS( '', 3, ( #2041, #2042, #2043, #2044, #2045, #2046 ), .UNSPECIFIED., .F., .F., ( 4, 2, 4 ), ( 0.00833192995471435, 0.0107978322616658, 0.0132637345686173 ), .UNSPECIFIED. );
#1683 = VERTEX_POINT( '', #2047 );
#1684 = LINE( '', #2048, #2049 );
#1685 = VERTEX_POINT( '', #2050 );
#1686 = B_SPLINE_CURVE_WITH_KNOTS( '', 3, ( #2051, #2052, #2053, #2054, #2055, #2056 ), .UNSPECIFIED., .F., .F., ( 4, 2, 4 ), ( 0.00833192995471435, 0.0107978322616658, 0.0132637345686173 ), .UNSPECIFIED. );
#1687 = B_SPLINE_CURVE_WITH_KNOTS( '', 3, ( #2057, #2058, #2059, #2060 ), .UNSPECIFIED., .F., .F., ( 4, 4 ), ( 0.0132637345686173, 0.0182119942427650 ), .UNSPECIFIED. );
#1688 = FILL_AREA_STYLE_COLOUR( '', #2061 );
#1689 = VERTEX_POINT( '', #2062 );
#1690 = VERTEX_POINT( '', #2063 );
#1691 = B_SPLINE_CURVE_WITH_KNOTS( '', 3, ( #2064, #2065, #2066, #2067 ), .UNSPECIFIED., .F., .F., ( 4, 4 ), ( 0.00490770822821950, 0.00981518551633132 ), .UNSPECIFIED. );
#1692 = VERTEX_POINT( '', #2068 );
#1693 = CIRCLE( '', #2069, 8.50000000000000 );
#1694 = B_SPLINE_CURVE_WITH_KNOTS( '', 3, ( #2070, #2071, #2072, #2073 ), .UNSPECIFIED., .F., .F., ( 4, 4 ), ( 2.30940107675961E-007, 0.00490770822821949 ), .UNSPECIFIED. );
#1695 = FILL_AREA_STYLE_COLOUR( '', #2074 );
#1696 = VERTEX_POINT( '', #2075 );
#1697 = CIRCLE( '', #2076, 5.00000000000000 );
#1698 = VERTEX_POINT( '', #2077 );
#1699 = CIRCLE( '', #2078, 5.00000000000000 );
#1700 = FILL_AREA_STYLE_COLOUR( '', #2079 );
#1701 = VERTEX_POINT( '', #2080 );
#1702 = CIRCLE( '', #2081, 17.0000000000000 );
#1703 = VERTEX_POINT( '', #2082 );
#1704 = CIRCLE( '', #2083, 25.0000000000000 );
#1705 = FILL_AREA_STYLE_COLOUR( '', #2084 );
#1706 = VERTEX_POINT( '', #2085 );
#1707 = VERTEX_POINT( '', #2086 );
#1708 = CIRCLE( '', #2087, 7.00000000000000 );
#1709 = VERTEX_POINT( '', #2088 );
#1710 = B_SPLINE_CURVE_WITH_KNOTS( '', 3, ( #2089, #2090, #2091, #2092 ), .UNSPECIFIED., .F., .F., ( 4, 4 ), ( 2.30940107676186E-007, 0.00404168282443505 ), .UNSPECIFIED. );
#1711 = B_SPLINE_CURVE_WITH_KNOTS( '', 3, ( #2093, #2094, #2095, #2096 ), .UNSPECIFIED., .F., .F., ( 4, 4 ), ( 0.00404168282443506, 0.00808313470876244 ), .UNSPECIFIED. );
#1712 = FILL_AREA_STYLE_COLOUR( '', #2097 );
#1713 = VERTEX_POINT( '', #2098 );
#1714 = CIRCLE( '', #2099, 8.50000000000000 );
#1715 = VERTEX_POINT( '', #2100 );
#1716 = B_SPLINE_CURVE_WITH_KNOTS( '', 3, ( #2101, #2102, #2103, #2104 ), .UNSPECIFIED., .F., .F., ( 4, 4 ), ( 2.30940107676387E-007, 0.00490770822821950 ), .UNSPECIFIED. );
#1717 = B_SPLINE_CURVE_WITH_KNOTS( '', 3, ( #2105, #2106, #2107, #2108, #2109, #2110 ), .UNSPECIFIED., .F., .F., ( 4, 2, 4 ), ( 0.00833192995471434, 0.0107978322616658, 0.0132637345686173 ), .UNSPECIFIED. );
#1718 = FILL_AREA_STYLE_COLOUR( '', #2111 );
#1719 = VERTEX_POINT( '', #2112 );
#1720 = VERTEX_POINT( '', #2113 );
#1721 = LINE( '', #2114, #2115 );
#1722 = VERTEX_POINT( '', #2116 );
#1723 = B_SPLINE_CURVE_WITH_KNOTS( '', 3, ( #2117, #2118, #2119, #2120, #2121, #2122 ), .UNSPECIFIED., .F., .F., ( 4, 2, 4 ), ( 0.00833192995471435, 0.0107978322616658, 0.0132637345686173 ), .UNSPECIFIED. );
#1724 = VERTEX_POINT( '', #2123 );
#1725 = B_SPLINE_CURVE_WITH_KNOTS( '', 3, ( #2124, #2125, #2126, #2127 ), .UNSPECIFIED., .F., .F., ( 4, 4 ), ( 0.0132637345686173, 0.0182119942427650 ), .UNSPECIFIED. );
#1726 = VERTEX_POINT( '', #2128 );
#1727 = LINE( '', #2129, #2130 );
#1728 = VERTEX_POINT( '', #2131 );
#1729 = B_SPLINE_CURVE_WITH_KNOTS( '', 3, ( #2132, #2133, #2134, #2135 ), .UNSPECIFIED., .F., .F., ( 4, 4 ), ( 0.0132637345686173, 0.0182119942427650 ), .UNSPECIFIED. );
#1730 = B_SPLINE_CURVE_WITH_KNOTS( '', 3, ( #2136, #2137, #2138, #2139, #2140, #2141 ), .UNSPECIFIED., .F., .F., ( 4, 2, 4 ), ( 0.00833192995471435, 0.0107978322616658, 0.0132637345686173 ), .UNSPECIFIED. );
#1731 = FILL_AREA_STYLE_COLOUR( '', #2142 );
#1732 = VERTEX_POINT( '', #2143 );
#1733 = CIRCLE( '', #2144, 5.77300000000000 );
#1734 = VERTEX_POINT( '', #2145 );
#1735 = CIRCLE( '', #2146, 7.00000000000000 );
#1736 = FILL_AREA_STYLE_COLOUR( '', #2147 );
#1737 = VERTEX_POINT( '', #2148 );
#1738 = VERTEX_POINT( '', #2149 );
#1739 = CIRCLE( '', #2150, 8.50000000000000 );
#1740 = VERTEX_POINT( '', #2151 );
#1741 = B_SPLINE_CURVE_WITH_KNOTS( '', 3, ( #2152, #2153, #2154, #2155 ), .UNSPECIFIED., .F., .F., ( 4, 4 ), ( 2.30940107675987E-007, 0.00490770822821950 ), .UNSPECIFIED. );
#1742 = B_SPLINE_CURVE_WITH_KNOTS( '', 3, ( #2156, #2157, #2158, #2159 ), .UNSPECIFIED., .F., .F., ( 4, 4 ), ( 0.00490770822821950, 0.00981518551633132 ), .UNSPECIFIED. );
#1743 = FILL_AREA_STYLE_COLOUR( '', #2160 );
#1744 = VERTEX_POINT( '', #2161 );
#1745 = CIRCLE( '', #2162, 8.50000000000000 );
#1746 = VERTEX_POINT( '', #2163 );
#1747 = B_SPLINE_CURVE_WITH_KNOTS( '', 3, ( #2164, #2165, #2166, #2167 ), .UNSPECIFIED., .F., .F., ( 4, 4 ), ( 0.0132637345686173, 0.0182119942427650 ), .UNSPECIFIED. );
#1748 = B_SPLINE_CURVE_WITH_KNOTS( '', 3, ( #2168, #2169, #2170, #2171 ), .UNSPECIFIED., .F., .F., ( 4, 4 ), ( 0.00490770822821949, 0.00981518551633132 ), .UNSPECIFIED. );
#1749 = FILL_AREA_STYLE_COLOUR( '', #2172 );
#1750 = B_SPLINE_CURVE_WITH_KNOTS( '', 3, ( #2173, #2174, #2175, #2176 ), .UNSPECIFIED., .F., .F., ( 4, 4 ), ( 0.00490770822821949, 0.00981518551633131 ), .UNSPECIFIED. );
#1751 = CIRCLE( '', #2177, 8.49999999999997 );
#1752 = FILL_AREA_STYLE_COLOUR( '', #2178 );
#1753 = VERTEX_POINT( '', #2179 );
#1754 = CIRCLE( '', #2180, 9.00000000000000 );
#1755 = VERTEX_POINT( '', #2181 );
#1756 = CIRCLE( '', #2182, 15.0000000000000 );
#1757 = FILL_AREA_STYLE_COLOUR( '', #2183 );
#1758 = CIRCLE( '', #2184, 8.50000000000000 );
#1759 = B_SPLINE_CURVE_WITH_KNOTS( '', 3, ( #2185, #2186, #2187, #2188 ), .UNSPECIFIED., .F., .F., ( 4, 4 ), ( 2.30940107676387E-007, 0.00490770822821950 ), .UNSPECIFIED. );
#1760 = FILL_AREA_STYLE_COLOUR( '', #2189 );
#1761 = VERTEX_POINT( '', #2190 );
#1762 = B_SPLINE_CURVE_WITH_KNOTS( '', 3, ( #2191, #2192, #2193, #2194 ), .UNSPECIFIED., .F., .F., ( 4, 4 ), ( 0.00490770822821950, 0.00981518551633132 ), .UNSPECIFIED. );
#1763 = CIRCLE( '', #2195, 8.50000000000000 );
#1764 = FILL_AREA_STYLE_COLOUR( '', #2196 );
#1765 = VERTEX_POINT( '', #2197 );
#1766 = VERTEX_POINT( '', #2198 );
#1767 = CIRCLE( '', #2199, 8.49999999999997 );
#1768 = VERTEX_POINT( '', #2200 );
#1769 = B_SPLINE_CURVE_WITH_KNOTS( '', 3, ( #2201, #2202, #2203, #2204 ), .UNSPECIFIED., .F., .F., ( 4, 4 ), ( 2.30940107675742E-007, 0.00490770822821949 ), .UNSPECIFIED. );
#1770 = B_SPLINE_CURVE_WITH_KNOTS( '', 3, ( #2205, #2206, #2207, #2208 ), .UNSPECIFIED., .F., .F., ( 4, 4 ), ( 0.00490770822821950, 0.00981518551633131 ), .UNSPECIFIED. );
#1771 = FILL_AREA_STYLE_COLOUR( '', #2209 );
#1772 = VERTEX_POINT( '', #2210 );
#1773 = VERTEX_POINT( '', #2211 );
#1774 = LINE( '', #2212, #2213 );
#1775 = B_SPLINE_CURVE_WITH_KNOTS( '', 3, ( #2214, #2215, #2216, #2217 ), .UNSPECIFIED., .F., .F., ( 4, 4 ), ( 0.0109120867104287, 0.0149871218384071 ), .UNSPECIFIED. );
#1776 = VERTEX_POINT( '', #2218 );
#1777 = LINE( '', #2219, #2220 );
#1778 = VERTEX_POINT( '', #2221 );
#1779 = B_SPLINE_CURVE_WITH_KNOTS( '', 3, ( #2222, #2223, #2224, #2225, #2226, #2227 ), .UNSPECIFIED., .F., .F., ( 4, 2, 4 ), ( 0.00685067648944197, 0.00888138159993534, 0.0109120867104287 ), .UNSPECIFIED. );
#1780 = B_SPLINE_CURVE_WITH_KNOTS( '', 3, ( #2228, #2229, #2230, #2231 ), .UNSPECIFIED., .F., .F., ( 4, 4 ), ( 0.0109120867104287, 0.0149871218384071 ), .UNSPECIFIED. );
#1781 = FILL_AREA_STYLE_COLOUR( '', #2232 );
#1782 = VERTEX_POINT( '', #2233 );
#1783 = B_SPLINE_CURVE_WITH_KNOTS( '', 3, ( #2234, #2235, #2236, #2237 ), .UNSPECIFIED., .F., .F., ( 4, 4 ), ( 2.30940107676387E-007, 0.00490770822821950 ), .UNSPECIFIED. );
#1784 = B_SPLINE_CURVE_WITH_KNOTS( '', 3, ( #2238, #2239, #2240, #2241, #2242, #2243 ), .UNSPECIFIED., .F., .F., ( 4, 2, 4 ), ( 0.00833192995471434, 0.0107978322616658, 0.0132637345686173 ), .UNSPECIFIED. );
#1785 = FILL_AREA_STYLE_COLOUR( '', #2244 );
#1786 = VERTEX_POINT( '', #2245 );
#1787 = CIRCLE( '', #2246, 7.00000000000000 );
#1788 = B_SPLINE_CURVE_WITH_KNOTS( '', 3, ( #2247, #2248, #2249, #2250 ), .UNSPECIFIED., .F., .F., ( 4, 4 ), ( 2.30940107675636E-007, 0.00404168282443506 ), .UNSPECIFIED. );
#1789 = FILL_AREA_STYLE_COLOUR( '', #2251 );
#1790 = B_SPLINE_CURVE_WITH_KNOTS( '', 3, ( #2252, #2253, #2254, #2255 ), .UNSPECIFIED., .F., .F., ( 4, 4 ), ( 0.00404168282443506, 0.00808313470876244 ), .UNSPECIFIED. );
#1791 = VERTEX_POINT( '', #2256 );
#1792 = B_SPLINE_CURVE_WITH_KNOTS( '', 3, ( #2257, #2258, #2259, #2260 ), .UNSPECIFIED., .F., .F., ( 4, 4 ), ( 2.30940107676142E-007, 0.00404168282443506 ), .UNSPECIFIED. );
#1793 = B_SPLINE_CURVE_WITH_KNOTS( '', 3, ( #2261, #2262, #2263, #2264 ), .UNSPECIFIED., .F., .F., ( 4, 4 ), ( 0.00404168282443506, 0.00808313470876244 ), .UNSPECIFIED. );
#1794 = FILL_AREA_STYLE_COLOUR( '', #2265 );
#1795 = VERTEX_POINT( '', #2266 );
#1796 = CIRCLE( '', #2267, 6.00000000000000 );
#1797 = FILL_AREA_STYLE_COLOUR( '', #2268 );
#1798 = VERTEX_POINT( '', #2269 );
#1799 = LINE( '', #2270, #2271 );
#1800 = B_SPLINE_CURVE_WITH_KNOTS( '', 3, ( #2272, #2273, #2274, #2275, #2276, #2277 ), .UNSPECIFIED., .F., .F., ( 4, 2, 4 ), ( 0.00833192995471434, 0.0107978322616658, 0.0132637345686173 ), .UNSPECIFIED. );
#1801 = VERTEX_POINT( '', #2278 );
#1802 = B_SPLINE_CURVE_WITH_KNOTS( '', 3, ( #2279, #2280, #2281, #2282 ), .UNSPECIFIED., .F., .F., ( 4, 4 ), ( 0.0132637345686173, 0.0182119942427650 ), .UNSPECIFIED. );
#1803 = LINE( '', #2283, #2284 );
#1804 = FILL_AREA_STYLE_COLOUR( '', #2285 );
#1805 = VERTEX_POINT( '', #2286 );
#1806 = CIRCLE( '', #2287, 25.0000000000000 );
#1807 = FILL_AREA_STYLE_COLOUR( '', #2288 );
#1808 = VERTEX_POINT( '', #2289 );
#1809 = CIRCLE( '', #2290, 17.0000000000000 );
#1810 = FILL_AREA_STYLE_COLOUR( '', #2291 );
#1811 = VERTEX_POINT( '', #2292 );
#1812 = LINE( '', #2293, #2294 );
#1813 = B_SPLINE_CURVE_WITH_KNOTS( '', 3, ( #2295, #2296, #2297, #2298 ), .UNSPECIFIED., .F., .F., ( 4, 4 ), ( 0.0132637345686173, 0.0182119942427650 ), .UNSPECIFIED. );
#1814 = VERTEX_POINT( '', #2299 );
#1815 = LINE( '', #2300, #2301 );
#1816 = B_SPLINE_CURVE_WITH_KNOTS( '', 3, ( #2302, #2303, #2304, #2305, #2306, #2307 ), .UNSPECIFIED., .F., .F., ( 4, 2, 4 ), ( 0.00833192995471434, 0.0107978322616658, 0.0132637345686173 ), .UNSPECIFIED. );
#1817 = FILL_AREA_STYLE_COLOUR( '', #2308 );
#1818 = VERTEX_POINT( '', #2309 );
#1819 = CIRCLE( '', #2310, 3.00000000000000 );
#1820 = FILL_AREA_STYLE_COLOUR( '', #2311 );
#1821 = CIRCLE( '', #2312, 8.50000000000000 );
#1822 = VERTEX_POINT( '', #2313 );
#1823 = B_SPLINE_CURVE_WITH_KNOTS( '', 3, ( #2314, #2315, #2316, #2317 ), .UNSPECIFIED., .F., .F., ( 4, 4 ), ( 2.30940107675809E-007, 0.00490770822821949 ), .UNSPECIFIED. );
#1824 = B_SPLINE_CURVE_WITH_KNOTS( '', 3, ( #2318, #2319, #2320, #2321 ), .UNSPECIFIED., .F., .F., ( 4, 4 ), ( 0.00490770822821950, 0.00981518551633132 ), .UNSPECIFIED. );
#1825 = FILL_AREA_STYLE_COLOUR( '', #2322 );
#1826 = VERTEX_POINT( '', #2323 );
#1827 = LINE( '', #2324, #2325 );
#1828 = B_SPLINE_CURVE_WITH_KNOTS( '', 3, ( #2326, #2327, #2328, #2329 ), .UNSPECIFIED., .F., .F., ( 4, 4 ), ( 2.30940107675987E-007, 0.00490770822821950 ), .UNSPECIFIED. );
#1829 = B_SPLINE_CURVE_WITH_KNOTS( '', 3, ( #2330, #2331, #2332, #2333 ), .UNSPECIFIED., .F., .F., ( 4, 4 ), ( 2.30940107676387E-007, 0.00490770822821950 ), .UNSPECIFIED. );
#1830 = FILL_AREA_STYLE_COLOUR( '', #2334 );
#1831 = FILL_AREA_STYLE_COLOUR( '', #2335 );
#1832 = CIRCLE( '', #2336, 8.49999999999997 );
#1833 = B_SPLINE_CURVE_WITH_KNOTS( '', 3, ( #2337, #2338, #2339, #2340 ), .UNSPECIFIED., .F., .F., ( 4, 4 ), ( 2.30940107676387E-007, 0.00490770822821950 ), .UNSPECIFIED. );
#1834 = FILL_AREA_STYLE_COLOUR( '', #2341 );
#1835 = VERTEX_POINT( '', #2342 );
#1836 = B_SPLINE_CURVE_WITH_KNOTS( '', 3, ( #2343, #2344, #2345, #2346 ), .UNSPECIFIED., .F., .F., ( 4, 4 ), ( 2.30940107675983E-007, 0.00490770822821950 ), .UNSPECIFIED. );
#1837 = B_SPLINE_CURVE_WITH_KNOTS( '', 3, ( #2347, #2348, #2349, #2350 ), .UNSPECIFIED., .F., .F., ( 4, 4 ), ( 0.00490770822821950, 0.00981518551633131 ), .UNSPECIFIED. );
#1838 = FILL_AREA_STYLE_COLOUR( '', #2351 );
#1839 = B_SPLINE_CURVE_WITH_KNOTS( '', 3, ( #2352, #2353, #2354, #2355 ), .UNSPECIFIED., .F., .F., ( 4, 4 ), ( 2.30940107676387E-007, 0.00490770822821950 ), .UNSPECIFIED. );
#1840 = LINE( '', #2356, #2357 );
#1841 = FILL_AREA_STYLE_COLOUR( '', #2358 );
#1842 = CIRCLE( '', #2359, 7.00000000000000 );
#1843 = FILL_AREA_STYLE_COLOUR( '', #2360 );
#1844 = VERTEX_POINT( '', #2361 );
#1845 = CIRCLE( '', #2362, 3.00000000000000 );
#1846 = VERTEX_POINT( '', #2363 );
#1847 = CIRCLE( '', #2364, 6.00000000000000 );
#1848 = FILL_AREA_STYLE_COLOUR( '', #2365 );
#1849 = VERTEX_POINT( '', #2366 );
#1850 = B_SPLINE_CURVE_WITH_KNOTS( '', 3, ( #2367, #2368, #2369, #2370 ), .UNSPECIFIED., .F., .F., ( 4, 4 ), ( 2.30940107676387E-007, 0.00490770822821950 ), .UNSPECIFIED. );
#1851 = B_SPLINE_CURVE_WITH_KNOTS( '', 3, ( #2371, #2372, #2373, #2374 ), .UNSPECIFIED., .F., .F., ( 4, 4 ), ( 0.00490770822821950, 0.00981518551633132 ), .UNSPECIFIED. );
#1852 = FILL_AREA_STYLE_COLOUR( '', #2375 );
#1853 = CIRCLE( '', #2376, 8.50000000000000 );
#1854 = FILL_AREA_STYLE_COLOUR( '', #2377 );
#1855 = CIRCLE( '', #2378, 8.50000000000000 );
#1856 = B_SPLINE_CURVE_WITH_KNOTS( '', 3, ( #2379, #2380, #2381, #2382 ), .UNSPECIFIED., .F., .F., ( 4, 4 ), ( 0.00490770822821950, 0.00981518551633132 ), .UNSPECIFIED. );
#1857 = FILL_AREA_STYLE_COLOUR( '', #2383 );
#1858 = VERTEX_POINT( '', #2384 );
#1859 = CIRCLE( '', #2385, 7.00000000000000 );
#1860 = VERTEX_POINT( '', #2386 );
#1861 = B_SPLINE_CURVE_WITH_KNOTS( '', 3, ( #2387, #2388, #2389, #2390 ), .UNSPECIFIED., .F., .F., ( 4, 4 ), ( 2.30940107675981E-007, 0.00404168282443506 ), .UNSPECIFIED. );
#1862 = B_SPLINE_CURVE_WITH_KNOTS( '', 3, ( #2391, #2392, #2393, #2394 ), .UNSPECIFIED., .F., .F., ( 4, 4 ), ( 0.00404168282443506, 0.00808313470876243 ), .UNSPECIFIED. );
#1863 = FILL_AREA_STYLE_COLOUR( '', #2395 );
#1864 = LINE( '', #2396, #2397 );
#1865 = B_SPLINE_CURVE_WITH_KNOTS( '', 3, ( #2398, #2399, #2400, #2401 ), .UNSPECIFIED., .F., .F., ( 4, 4 ), ( 0.00490770822821949, 0.00981518551633131 ), .UNSPECIFIED. );
#1866 = FILL_AREA_STYLE_COLOUR( '', #2402 );
#1867 = CIRCLE( '', #2403, 7.00000000000000 );
#1868 = FILL_AREA_STYLE_COLOUR( '', #2404 );
#1869 = B_SPLINE_CURVE_WITH_KNOTS( '', 3, ( #2405, #2406, #2407, #2408 ), .UNSPECIFIED., .F., .F., ( 4, 4 ), ( 0.00490770822821949, 0.00981518551633132 ), .UNSPECIFIED. );
#1870 = CIRCLE( '', #2409, 8.50000000000000 );
#1871 = FILL_AREA_STYLE_COLOUR( '', #2410 );
#1872 = B_SPLINE_CURVE_WITH_KNOTS( '', 3, ( #2411, #2412, #2413, #2414 ), .UNSPECIFIED., .F., .F., ( 4, 4 ), ( 0.00490770822821950, 0.00981518551633132 ), .UNSPECIFIED. );
#1873 = FILL_AREA_STYLE_COLOUR( '', #2415 );
#1874 = FILL_AREA_STYLE_COLOUR( '', #2416 );
#1875 = FILL_AREA_STYLE_COLOUR( '', #2417 );
#1876 = FILL_AREA_STYLE_COLOUR( '', #2418 );
#1877 = VERTEX_POINT( '', #2419 );
#1878 = CIRCLE( '', #2420, 17.0000000000000 );
#1879 = FILL_AREA_STYLE_COLOUR( '', #2421 );
#1880 = CIRCLE( '', #2422, 8.49999999999997 );
#1881 = FILL_AREA_STYLE_COLOUR( '', #2423 );
#1882 = CIRCLE( '', #2424, 7.00000000000000 );
#1883 = CIRCLE( '', #2425, 7.00000000000000 );
#1884 = CIRCLE( '', #2426, 7.00000000000000 );
#1885 = VERTEX_POINT( '', #2427 );
#1886 = CIRCLE( '', #2428, 9.00000000000000 );
#1887 = FILL_AREA_STYLE_COLOUR( '', #2429 );
#1888 = VERTEX_POINT( '', #2430 );
#1889 = LINE( '', #2431, #2432 );
#1890 = B_SPLINE_CURVE_WITH_KNOTS( '', 3, ( #2433, #2434, #2435, #2436 ), .UNSPECIFIED., .F., .F., ( 4, 4 ), ( 2.30940107675983E-007, 0.00490770822821950 ), .UNSPECIFIED. );
#1891 = B_SPLINE_CURVE_WITH_KNOTS( '', 3, ( #2437, #2438, #2439, #2440 ), .UNSPECIFIED., .F., .F., ( 4, 4 ), ( 0.00490770822821950, 0.00981518551633132 ), .UNSPECIFIED. );
#1892 = FILL_AREA_STYLE_COLOUR( '', #2441 );
#1893 = CIRCLE( '', #2442, 8.50000000000000 );
#1894 = FILL_AREA_STYLE_COLOUR( '', #2443 );
#1895 = FILL_AREA_STYLE_COLOUR( '', #2444 );
#1896 = VERTEX_POINT( '', #2445 );
#1897 = CIRCLE( '', #2446, 7.00000000000000 );
#1898 = B_SPLINE_CURVE_WITH_KNOTS( '', 3, ( #2447, #2448, #2449, #2450, #2451, #2452 ), .UNSPECIFIED., .F., .F., ( 4, 2, 4 ), ( 0.00685067648944197, 0.00888138159993534, 0.0109120867104287 ), .UNSPECIFIED. );
#1899 = FILL_AREA_STYLE_COLOUR( '', #2453 );
#1900 = FILL_AREA_STYLE_COLOUR( '', #2454 );
#1901 = FILL_AREA_STYLE_COLOUR( '', #2455 );
#1902 = B_SPLINE_CURVE_WITH_KNOTS( '', 3, ( #2456, #2457, #2458, #2459 ), .UNSPECIFIED., .F., .F., ( 4, 4 ), ( 0.00490770822821950, 0.00981518551633131 ), .UNSPECIFIED. );
#1903 = FILL_AREA_STYLE_COLOUR( '', #2460 );
#1904 = FILL_AREA_STYLE_COLOUR( '', #2461 );
#1905 = FILL_AREA_STYLE_COLOUR( '', #2462 );
#1906 = VERTEX_POINT( '', #2463 );
#1907 = CIRCLE( '', #2464, 7.00000000000000 );
#1908 = FILL_AREA_STYLE_COLOUR( '', #2465 );
#1909 = VERTEX_POINT( '', #2466 );
#1910 = CIRCLE( '', #2467, 7.00000000000000 );
#1911 = VERTEX_POINT( '', #2468 );
#1912 = CIRCLE( '', #2469, 7.00000000000000 );
#1913 = FILL_AREA_STYLE_COLOUR( '', #2470 );
#1914 = CIRCLE( '', #2471, 7.00000000000000 );
#1915 = VERTEX_POINT( '', #2472 );
#1916 = B_SPLINE_CURVE_WITH_KNOTS( '', 3, ( #2473, #2474, #2475, #2476 ), .UNSPECIFIED., .F., .F., ( 4, 4 ), ( 0.0109120867104287, 0.0149871218384071 ), .UNSPECIFIED. );
#1917 = B_SPLINE_CURVE_WITH_KNOTS( '', 3, ( #2477, #2478, #2479, #2480 ), .UNSPECIFIED., .F., .F., ( 4, 4 ), ( 0.00404168282443506, 0.00808313470876244 ), .UNSPECIFIED. );
#1918 = FILL_AREA_STYLE_COLOUR( '', #2481 );
#1919 = FILL_AREA_STYLE_COLOUR( '', #2482 );
#1920 = CIRCLE( '', #2483, 8.50000000000000 );
#1921 = FILL_AREA_STYLE_COLOUR( '', #2484 );
#1922 = LINE( '', #2485, #2486 );
#1923 = B_SPLINE_CURVE_WITH_KNOTS( '', 3, ( #2487, #2488, #2489, #2490 ), .UNSPECIFIED., .F., .F., ( 4, 4 ), ( 0.00404168282443505, 0.00808313470876243 ), .UNSPECIFIED. );
#1924 = FILL_AREA_STYLE_COLOUR( '', #2491 );
#1925 = FILL_AREA_STYLE_COLOUR( '', #2492 );
#1926 = VERTEX_POINT( '', #2493 );
#1927 = B_SPLINE_CURVE_WITH_KNOTS( '', 3, ( #2494, #2495, #2496, #2497 ), .UNSPECIFIED., .F., .F., ( 4, 4 ), ( 2.30940107675636E-007, 0.00404168282443506 ), .UNSPECIFIED. );
#1928 = B_SPLINE_CURVE_WITH_KNOTS( '', 3, ( #2498, #2499, #2500, #2501 ), .UNSPECIFIED., .F., .F., ( 4, 4 ), ( 0.0109120867104287, 0.0149871218384071 ), .UNSPECIFIED. );
#1929 = FILL_AREA_STYLE_COLOUR( '', #2502 );
#1930 = FILL_AREA_STYLE_COLOUR( '', #2503 );
#1931 = FILL_AREA_STYLE_COLOUR( '', #2504 );
#1932 = FILL_AREA_STYLE_COLOUR( '', #2505 );
#1933 = LINE( '', #2506, #2507 );
#1934 = FILL_AREA_STYLE_COLOUR( '', #2508 );
#1935 = FILL_AREA_STYLE_COLOUR( '', #2509 );
#1936 = FILL_AREA_STYLE_COLOUR( '', #2510 );
#1937 = FILL_AREA_STYLE_COLOUR( '', #2511 );
#1938 = COLOUR_RGB( '', 0.689999997615814, 0.689999997615814, 0.689999997615814 );
#1939 = CARTESIAN_POINT( '', ( 0.000000000000000, 23.7098368097083, -8.08290376865476 ) );
#1940 = CARTESIAN_POINT( '', ( -1.73866081919039E-016, 21.2901631902917, -8.08290376865476 ) );
#1941 = CARTESIAN_POINT( '', ( 0.000000000000000, 24.0000000000000, -8.08290376865476 ) );
#1942 = VECTOR( '', #2512, 1000.00000000000 );
#1943 = CARTESIAN_POINT( '', ( -3.50000000000000, 21.0000000000000, -6.06217782649107 ) );
#1944 = CARTESIAN_POINT( '', ( -8.84818557635723E-017, 21.2901631902915, -8.08290376865476 ) );
#1945 = CARTESIAN_POINT( '', ( -1.16666666666667, 21.1096792288490, -7.40932845460020 ) );
#1946 = CARTESIAN_POINT( '', ( -2.33333333333333, 21.0000000000000, -6.73575314054563 ) );
#1947 = CARTESIAN_POINT( '', ( -3.50000000000000, 21.0000000000000, -6.06217782649107 ) );
#1948 = CARTESIAN_POINT( '', ( -7.00000000000000, 21.2901631902917, -4.04145188432738 ) );
#1949 = CARTESIAN_POINT( '', ( -3.50000000000000, 21.0000000000000, -6.06217782649107 ) );
#1950 = CARTESIAN_POINT( '', ( -4.66666666666666, 21.0000000000000, -5.38860251243651 ) );
#1951 = CARTESIAN_POINT( '', ( -5.83333333333333, 21.1096792288490, -4.71502719838195 ) );
#1952 = CARTESIAN_POINT( '', ( -7.00000000000000, 21.2901631902915, -4.04145188432738 ) );
#1953 = CARTESIAN_POINT( '', ( -7.00000000000000, 23.7098368097083, -4.04145188432738 ) );
#1954 = CARTESIAN_POINT( '', ( -7.00000000000000, 24.0000000000000, -4.04145188432738 ) );
#1955 = VECTOR( '', #2513, 1000.00000000000 );
#1956 = CARTESIAN_POINT( '', ( -3.50000000000000, 24.0000000000000, -6.06217782649107 ) );
#1957 = CARTESIAN_POINT( '', ( -7.00000000000000, 23.7098368097085, -4.04145188432738 ) );
#1958 = CARTESIAN_POINT( '', ( -5.83333333333333, 23.8903207711510, -4.71502719838194 ) );
#1959 = CARTESIAN_POINT( '', ( -4.66666666666667, 24.0000000000000, -5.38860251243651 ) );
#1960 = CARTESIAN_POINT( '', ( -3.50000000000000, 24.0000000000000, -6.06217782649107 ) );
#1961 = CARTESIAN_POINT( '', ( -3.50000000000000, 24.0000000000000, -6.06217782649107 ) );
#1962 = CARTESIAN_POINT( '', ( -2.33333333333333, 24.0000000000000, -6.73575314054563 ) );
#1963 = CARTESIAN_POINT( '', ( -1.16666666666667, 23.8903207711510, -7.40932845460020 ) );
#1964 = CARTESIAN_POINT( '', ( -1.95156391047391E-015, 23.7098368097085, -8.08290376865476 ) );
#1965 = COLOUR_RGB( '', 0.689999997615814, 0.689999997615814, 0.689999997615814 );
#1966 = CARTESIAN_POINT( '', ( 7.00000000000000, 21.0000000000000, 0.000000000000000 ) );
#1967 = CARTESIAN_POINT( '', ( 3.50000000000000, 21.0000000000000, -6.06217782649107 ) );
#1968 = AXIS2_PLACEMENT_3D( '', #2514, #2515, #2516 );
#1969 = CARTESIAN_POINT( '', ( 7.00000000000000, 21.2901631902917, -4.04145188432738 ) );
#1970 = CARTESIAN_POINT( '', ( 7.00000000000000, 21.2901631902915, -4.04145188432738 ) );
#1971 = CARTESIAN_POINT( '', ( 5.83333333333333, 21.1096792288490, -4.71502719838194 ) );
#1972 = CARTESIAN_POINT( '', ( 4.66666666666667, 21.0000000000000, -5.38860251243651 ) );
#1973 = CARTESIAN_POINT( '', ( 3.50000000000000, 21.0000000000000, -6.06217782649107 ) );
#1974 = CARTESIAN_POINT( '', ( 7.00000000000000, 21.2901631902917, -4.04145188432738 ) );
#1975 = CARTESIAN_POINT( '', ( 7.00000000000000, 21.2001830602638, -3.36983105045575 ) );
#1976 = CARTESIAN_POINT( '', ( 7.00000000000000, 21.1266206841025, -2.69415859577290 ) );
#1977 = CARTESIAN_POINT( '', ( 7.00000000000000, 21.0264637922290, -1.34605658018266 ) );
#1978 = CARTESIAN_POINT( '', ( 7.00000000000000, 21.0000000000000, -0.672661023835024 ) );
#1979 = CARTESIAN_POINT( '', ( 7.00000000000000, 21.0000000000000, 9.73288347698253E-016 ) );
#1980 = COLOUR_RGB( '', 0.689999997615814, 0.689999997615814, 0.689999997615814 );
#1981 = CARTESIAN_POINT( '', ( 0.000000000000000, 25.0000000000000, 7.00000000000000 ) );
#1982 = AXIS2_PLACEMENT_3D( '', #2517, #2518, #2519 );
#1983 = CARTESIAN_POINT( '', ( 4.25000000000000, 25.0000000000000, 7.36121593216773 ) );
#1984 = CARTESIAN_POINT( '', ( -4.25000000000000, 25.0000000000000, 7.36121593216773 ) );
#1985 = AXIS2_PLACEMENT_3D( '', #2520, #2521, #2522 );
#1986 = CARTESIAN_POINT( '', ( -8.50000000000000, 25.0000000000000, 0.000000000000000 ) );
#1987 = AXIS2_PLACEMENT_3D( '', #2523, #2524, #2525 );
#1988 = CARTESIAN_POINT( '', ( -4.25000000000000, 25.0000000000000, -7.36121593216773 ) );
#1989 = AXIS2_PLACEMENT_3D( '', #2526, #2527, #2528 );
#1990 = CARTESIAN_POINT( '', ( 4.25000000000000, 25.0000000000000, -7.36121593216773 ) );
#1991 = AXIS2_PLACEMENT_3D( '', #2529, #2530, #2531 );
#1992 = CARTESIAN_POINT( '', ( 8.50000000000000, 25.0000000000000, 0.000000000000000 ) );
#1993 = AXIS2_PLACEMENT_3D( '', #2532, #2533, #2534 );
#1994 = AXIS2_PLACEMENT_3D( '', #2535, #2536, #2537 );
#1995 = COLOUR_RGB( '', 0.689999997615814, 0.689999997615814, 0.689999997615814 );
#1996 = CARTESIAN_POINT( '', ( -4.25000000000000, 43.1000000000000, -7.36121593216773 ) );
#1997 = CARTESIAN_POINT( '', ( 0.000000000000000, 42.7476589832173, -9.81495457622364 ) );
#1998 = CARTESIAN_POINT( '', ( -4.25000000000000, 43.1000000000000, -7.36121593216773 ) );
#1999 = CARTESIAN_POINT( '', ( -2.83333333333333, 43.1000000000000, -8.17912881351970 ) );
#2000 = CARTESIAN_POINT( '', ( -1.41666666666667, 42.9668180792547, -8.99704169487167 ) );
#2001 = CARTESIAN_POINT( '', ( -2.05219953097772E-015, 42.7476589832174, -9.81495457622364 ) );
#2002 = CARTESIAN_POINT( '', ( 4.25000000000000, 43.1000000000000, -7.36121593216773 ) );
#2003 = AXIS2_PLACEMENT_3D( '', #2538, #2539, #2540 );
#2004 = CARTESIAN_POINT( '', ( -2.57121648786596E-016, 42.7476589832174, -9.81495457622364 ) );
#2005 = CARTESIAN_POINT( '', ( 1.41666666666667, 42.9668180792547, -8.99704169487167 ) );
#2006 = CARTESIAN_POINT( '', ( 2.83333333333333, 43.1000000000000, -8.17912881351970 ) );
#2007 = CARTESIAN_POINT( '', ( 4.25000000000000, 43.1000000000000, -7.36121593216773 ) );
#2008 = COLOUR_RGB( '', 0.689999997615814, 0.689999997615814, 0.689999997615814 );
#2009 = CARTESIAN_POINT( '', ( -7.00000000000000, 21.0000000000000, 0.000000000000000 ) );
#2010 = AXIS2_PLACEMENT_3D( '', #2541, #2542, #2543 );
#2011 = CARTESIAN_POINT( '', ( -7.00000000000000, 21.2901631902917, -4.04145188432738 ) );
#2012 = CARTESIAN_POINT( '', ( -7.00000000000000, 21.2001830602638, -3.36983105045575 ) );
#2013 = CARTESIAN_POINT( '', ( -7.00000000000000, 21.1266206841025, -2.69415859577290 ) );
#2014 = CARTESIAN_POINT( '', ( -7.00000000000000, 21.0264637922290, -1.34605658018266 ) );
#2015 = CARTESIAN_POINT( '', ( -7.00000000000000, 21.0000000000000, -0.672661023835024 ) );
#2016 = CARTESIAN_POINT( '', ( -7.00000000000000, 21.0000000000000, 9.73288347698253E-016 ) );
#2017 = COLOUR_RGB( '', 0.689999997615814, 0.689999997615814, 0.689999997615814 );
#2018 = CARTESIAN_POINT( '', ( 8.50000000000000, 29.0000000000000, 0.000000000000000 ) );
#2019 = CARTESIAN_POINT( '', ( 8.50000000000000, 28.6476589832173, 4.90747728811182 ) );
#2020 = CARTESIAN_POINT( '', ( 8.50000000000000, 29.0000000000000, 3.55383120463454E-016 ) );
#2021 = CARTESIAN_POINT( '', ( 8.50000000000000, 29.0000000000000, 1.63906169309018 ) );
#2022 = CARTESIAN_POINT( '', ( 8.50000000000000, 28.8664440099280, 3.27444361687205 ) );
#2023 = CARTESIAN_POINT( '', ( 8.50000000000000, 28.6476589832173, 4.90747728811182 ) );
#2024 = CARTESIAN_POINT( '', ( 4.25000000000000, 29.0000000000000, 7.36121593216773 ) );
#2025 = AXIS2_PLACEMENT_3D( '', #2544, #2545, #2546 );
#2026 = CARTESIAN_POINT( '', ( 8.50000000000000, 28.6476589832174, 4.90747728811182 ) );
#2027 = CARTESIAN_POINT( '', ( 7.08333333333333, 28.8668180792547, 5.72539016946379 ) );
#2028 = CARTESIAN_POINT( '', ( 5.66666666666667, 29.0000000000000, 6.54330305081576 ) );
#2029 = CARTESIAN_POINT( '', ( 4.25000000000000, 29.0000000000000, 7.36121593216773 ) );
#2030 = COLOUR_RGB( '', 0.689999997615814, 0.689999997615814, 0.689999997615814 );
#2031 = CARTESIAN_POINT( '', ( 8.50000000000000, 42.7476589832173, 4.90747728811182 ) );
#2032 = CARTESIAN_POINT( '', ( 8.50000000000000, 39.4523410167827, 4.90747728811182 ) );
#2033 = CARTESIAN_POINT( '', ( 8.50000000000000, 43.1000000000000, 4.90747728811182 ) );
#2034 = VECTOR( '', #2547, 1000.00000000000 );
#2035 = CARTESIAN_POINT( '', ( 8.50000000000000, 39.1000000000000, 0.000000000000000 ) );
#2036 = CARTESIAN_POINT( '', ( 8.50000000000000, 39.1000000000000, 9.72926147819074E-016 ) );
#2037 = CARTESIAN_POINT( '', ( 8.50000000000000, 39.1000000000000, 1.63906169309018 ) );
#2038 = CARTESIAN_POINT( '', ( 8.50000000000000, 39.2335559900720, 3.27444361687205 ) );
#2039 = CARTESIAN_POINT( '', ( 8.50000000000000, 39.4523410167827, 4.90747728811182 ) );
#2040 = CARTESIAN_POINT( '', ( 8.50000000000000, 39.4523410167827, -4.90747728811182 ) );
#2041 = CARTESIAN_POINT( '', ( 8.50000000000000, 39.4523410167827, -4.90747728811182 ) );
#2042 = CARTESIAN_POINT( '', ( 8.50000000000000, 39.3430767344240, -4.09191758168142 ) );
#2043 = CARTESIAN_POINT( '', ( 8.50000000000000, 39.2537519776823, -3.27145845121604 ) );
#2044 = CARTESIAN_POINT( '', ( 8.50000000000000, 39.1321347834015, -1.63449650430136 ) );
#2045 = CARTESIAN_POINT( '', ( 8.50000000000000, 39.1000000000000, -0.816805559203601 ) );
#2046 = CARTESIAN_POINT( '', ( 8.50000000000000, 39.1000000000000, 1.51702795090087E-015 ) );
#2047 = CARTESIAN_POINT( '', ( 8.50000000000000, 42.7476589832173, -4.90747728811182 ) );
#2048 = CARTESIAN_POINT( '', ( 8.50000000000000, 43.1000000000000, -4.90747728811182 ) );
#2049 = VECTOR( '', #2548, 1000.00000000000 );
#2050 = CARTESIAN_POINT( '', ( 8.50000000000000, 43.1000000000000, 0.000000000000000 ) );
#2051 = CARTESIAN_POINT( '', ( 8.50000000000000, 42.7476589832173, -4.90747728811182 ) );
#2052 = CARTESIAN_POINT( '', ( 8.50000000000000, 42.8569232655760, -4.09191758168142 ) );
#2053 = CARTESIAN_POINT( '', ( 8.50000000000000, 42.9462480223177, -3.27145845121603 ) );
#2054 = CARTESIAN_POINT( '', ( 8.50000000000000, 43.0678652165985, -1.63449650430136 ) );
#2055 = CARTESIAN_POINT( '', ( 8.50000000000000, 43.1000000000000, -0.816805559203602 ) );
#2056 = CARTESIAN_POINT( '', ( 8.50000000000000, 43.1000000000000, 2.09658127010359E-016 ) );
#2057 = CARTESIAN_POINT( '', ( 8.50000000000000, 43.1000000000000, -3.34443676071440E-016 ) );
#2058 = CARTESIAN_POINT( '', ( 8.50000000000000, 43.1000000000000, 1.63906169309018 ) );
#2059 = CARTESIAN_POINT( '', ( 8.50000000000000, 42.9664440099280, 3.27444361687205 ) );
#2060 = CARTESIAN_POINT( '', ( 8.50000000000000, 42.7476589832173, 4.90747728811182 ) );
#2061 = COLOUR_RGB( '', 0.689999997615814, 0.689999997615814, 0.689999997615814 );
#2062 = CARTESIAN_POINT( '', ( -4.25000000000000, 29.0000000000000, -7.36121593216773 ) );
#2063 = CARTESIAN_POINT( '', ( 0.000000000000000, 28.6476589832173, -9.81495457622364 ) );
#2064 = CARTESIAN_POINT( '', ( -4.25000000000000, 29.0000000000000, -7.36121593216773 ) );
#2065 = CARTESIAN_POINT( '', ( -2.83333333333333, 29.0000000000000, -8.17912881351970 ) );
#2066 = CARTESIAN_POINT( '', ( -1.41666666666667, 28.8668180792547, -8.99704169487167 ) );
#2067 = CARTESIAN_POINT( '', ( 0.000000000000000, 28.6476589832174, -9.81495457622364 ) );
#2068 = CARTESIAN_POINT( '', ( 4.25000000000000, 29.0000000000000, -7.36121593216773 ) );
#2069 = AXIS2_PLACEMENT_3D( '', #2549, #2550, #2551 );
#2070 = CARTESIAN_POINT( '', ( -2.57122062376902E-016, 28.6476589832174, -9.81495457622364 ) );
#2071 = CARTESIAN_POINT( '', ( 1.41666666666667, 28.8668180792547, -8.99704169487167 ) );
#2072 = CARTESIAN_POINT( '', ( 2.83333333333333, 29.0000000000000, -8.17912881351970 ) );
#2073 = CARTESIAN_POINT( '', ( 4.25000000000000, 29.0000000000000, -7.36121593216773 ) );
#2074 = COLOUR_RGB( '', 0.689999997615814, 0.689999997615814, 0.689999997615814 );
#2075 = CARTESIAN_POINT( '', ( 0.000000000000000, 48.8000000000000, 5.00000000000000 ) );
#2076 = AXIS2_PLACEMENT_3D( '', #2552, #2553, #2554 );
#2077 = CARTESIAN_POINT( '', ( 0.000000000000000, 46.8000000000000, 5.00000000000000 ) );
#2078 = AXIS2_PLACEMENT_3D( '', #2555, #2556, #2557 );
#2079 = COLOUR_RGB( '', 0.689999997615814, 0.689999997615814, 0.689999997615814 );
#2080 = CARTESIAN_POINT( '', ( 0.000000000000000, 5.00000000000000, 17.0000000000000 ) );
#2081 = AXIS2_PLACEMENT_3D( '', #2558, #2559, #2560 );
#2082 = CARTESIAN_POINT( '', ( 0.000000000000000, 0.000000000000000, 25.0000000000000 ) );
#2083 = AXIS2_PLACEMENT_3D( '', #2561, #2562, #2563 );
#2084 = COLOUR_RGB( '', 0.689999997615814, 0.689999997615814, 0.689999997615814 );
#2085 = CARTESIAN_POINT( '', ( -3.50000000000000, 21.0000000000000, 6.06217782649107 ) );
#2086 = CARTESIAN_POINT( '', ( 3.50000000000000, 21.0000000000000, 6.06217782649107 ) );
#2087 = AXIS2_PLACEMENT_3D( '', #2564, #2565, #2566 );
#2088 = CARTESIAN_POINT( '', ( 1.73866081919039E-016, 21.2901631902917, 8.08290376865476 ) );
#2089 = CARTESIAN_POINT( '', ( 8.84818557635723E-017, 21.2901631902915, 8.08290376865476 ) );
#2090 = CARTESIAN_POINT( '', ( 1.16666666666667, 21.1096792288490, 7.40932845460020 ) );
#2091 = CARTESIAN_POINT( '', ( 2.33333333333333, 21.0000000000000, 6.73575314054563 ) );
#2092 = CARTESIAN_POINT( '', ( 3.50000000000000, 21.0000000000000, 6.06217782649107 ) );
#2093 = CARTESIAN_POINT( '', ( -3.50000000000000, 21.0000000000000, 6.06217782649107 ) );
#2094 = CARTESIAN_POINT( '', ( -2.33333333333333, 21.0000000000000, 6.73575314054563 ) );
#2095 = CARTESIAN_POINT( '', ( -1.16666666666667, 21.1096792288490, 7.40932845460020 ) );
#2096 = CARTESIAN_POINT( '', ( 1.50495172696366E-016, 21.2901631902915, 8.08290376865476 ) );
#2097 = COLOUR_RGB( '', 0.689999997615814, 0.689999997615814, 0.689999997615814 );
#2098 = CARTESIAN_POINT( '', ( -8.50000000000000, 29.0000000000000, 0.000000000000000 ) );
#2099 = AXIS2_PLACEMENT_3D( '', #2567, #2568, #2569 );
#2100 = CARTESIAN_POINT( '', ( -8.50000000000000, 28.6476589832173, -4.90747728811182 ) );
#2101 = CARTESIAN_POINT( '', ( -8.50000000000000, 28.6476589832174, -4.90747728811182 ) );
#2102 = CARTESIAN_POINT( '', ( -7.08333333333333, 28.8668180792547, -5.72539016946379 ) );
#2103 = CARTESIAN_POINT( '', ( -5.66666666666667, 29.0000000000000, -6.54330305081576 ) );
#2104 = CARTESIAN_POINT( '', ( -4.25000000000000, 29.0000000000000, -7.36121593216773 ) );
#2105 = CARTESIAN_POINT( '', ( -8.50000000000000, 28.6476589832173, -4.90747728811182 ) );
#2106 = CARTESIAN_POINT( '', ( -8.50000000000000, 28.7569232655760, -4.09191758168142 ) );
#2107 = CARTESIAN_POINT( '', ( -8.50000000000000, 28.8462480223177, -3.27145845121603 ) );
#2108 = CARTESIAN_POINT( '', ( -8.50000000000000, 28.9678652165985, -1.63449650430136 ) );
#2109 = CARTESIAN_POINT( '', ( -8.50000000000000, 29.0000000000000, -0.816805559203602 ) );
#2110 = CARTESIAN_POINT( '', ( -8.50000000000000, 29.0000000000000, 8.99484923545253E-016 ) );
#2111 = COLOUR_RGB( '', 0.689999997615814, 0.689999997615814, 0.689999997615814 );
#2112 = CARTESIAN_POINT( '', ( -8.50000000000000, 42.7476589832173, -4.90747728811182 ) );
#2113 = CARTESIAN_POINT( '', ( -8.50000000000000, 39.4523410167827, -4.90747728811182 ) );
#2114 = CARTESIAN_POINT( '', ( -8.50000000000000, 43.1000000000000, -4.90747728811182 ) );
#2115 = VECTOR( '', #2570, 1000.00000000000 );
#2116 = CARTESIAN_POINT( '', ( -8.50000000000000, 39.1000000000000, 0.000000000000000 ) );
#2117 = CARTESIAN_POINT( '', ( -8.50000000000000, 39.4523410167827, -4.90747728811182 ) );
#2118 = CARTESIAN_POINT( '', ( -8.50000000000000, 39.3430767344240, -4.09191758168142 ) );
#2119 = CARTESIAN_POINT( '', ( -8.50000000000000, 39.2537519776823, -3.27145845121604 ) );
#2120 = CARTESIAN_POINT( '', ( -8.50000000000000, 39.1321347834015, -1.63449650430136 ) );
#2121 = CARTESIAN_POINT( '', ( -8.50000000000000, 39.1000000000000, -0.816805559203601 ) );
#2122 = CARTESIAN_POINT( '', ( -8.50000000000000, 39.1000000000000, 1.51702795090087E-015 ) );
#2123 = CARTESIAN_POINT( '', ( -8.50000000000000, 39.4523410167827, 4.90747728811182 ) );
#2124 = CARTESIAN_POINT( '', ( -8.50000000000000, 39.1000000000000, 9.72926147819074E-016 ) );
#2125 = CARTESIAN_POINT( '', ( -8.50000000000000, 39.1000000000000, 1.63906169309018 ) );
#2126 = CARTESIAN_POINT( '', ( -8.50000000000000, 39.2335559900720, 3.27444361687205 ) );
#2127 = CARTESIAN_POINT( '', ( -8.50000000000000, 39.4523410167827, 4.90747728811182 ) );
#2128 = CARTESIAN_POINT( '', ( -8.50000000000000, 42.7476589832173, 4.90747728811182 ) );
#2129 = CARTESIAN_POINT( '', ( -8.50000000000000, 43.1000000000000, 4.90747728811182 ) );
#2130 = VECTOR( '', #2571, 1000.00000000000 );
#2131 = CARTESIAN_POINT( '', ( -8.50000000000000, 43.1000000000000, 0.000000000000000 ) );
#2132 = CARTESIAN_POINT( '', ( -8.50000000000000, 43.1000000000000, -3.34443676071440E-016 ) );
#2133 = CARTESIAN_POINT( '', ( -8.50000000000000, 43.1000000000000, 1.63906169309018 ) );
#2134 = CARTESIAN_POINT( '', ( -8.50000000000000, 42.9664440099280, 3.27444361687205 ) );
#2135 = CARTESIAN_POINT( '', ( -8.50000000000000, 42.7476589832173, 4.90747728811182 ) );
#2136 = CARTESIAN_POINT( '', ( -8.50000000000000, 42.7476589832173, -4.90747728811182 ) );
#2137 = CARTESIAN_POINT( '', ( -8.50000000000000, 42.8569232655760, -4.09191758168142 ) );
#2138 = CARTESIAN_POINT( '', ( -8.50000000000000, 42.9462480223177, -3.27145845121603 ) );
#2139 = CARTESIAN_POINT( '', ( -8.50000000000000, 43.0678652165985, -1.63449650430136 ) );
#2140 = CARTESIAN_POINT( '', ( -8.50000000000000, 43.1000000000000, -0.816805559203602 ) );
#2141 = CARTESIAN_POINT( '', ( -8.50000000000000, 43.1000000000000, 2.09658127010359E-016 ) );
#2142 = COLOUR_RGB( '', 0.689999997615814, 0.689999997615814, 0.689999997615814 );
#2143 = CARTESIAN_POINT( '', ( 0.000000000000000, 46.8000000000000, 5.77300000000000 ) );
#2144 = AXIS2_PLACEMENT_3D( '', #2572, #2573, #2574 );
#2145 = CARTESIAN_POINT( '', ( 0.000000000000000, 45.5730000000000, 7.00000000000000 ) );
#2146 = AXIS2_PLACEMENT_3D( '', #2575, #2576, #2577 );
#2147 = COLOUR_RGB( '', 0.689999997615814, 0.689999997615814, 0.689999997615814 );
#2148 = CARTESIAN_POINT( '', ( 4.25000000000000, 39.1000000000000, 7.36121593216773 ) );
#2149 = CARTESIAN_POINT( '', ( -4.25000000000000, 39.1000000000000, 7.36121593216773 ) );
#2150 = AXIS2_PLACEMENT_3D( '', #2578, #2579, #2580 );
#2151 = CARTESIAN_POINT( '', ( -1.19126002149813E-016, 39.4523410167827, 9.81495457622364 ) );
#2152 = CARTESIAN_POINT( '', ( -3.08703804604790E-017, 39.4523410167826, 9.81495457622364 ) );
#2153 = CARTESIAN_POINT( '', ( 1.41666666666667, 39.2331819207453, 8.99704169487167 ) );
#2154 = CARTESIAN_POINT( '', ( 2.83333333333333, 39.1000000000000, 8.17912881351970 ) );
#2155 = CARTESIAN_POINT( '', ( 4.25000000000000, 39.1000000000000, 7.36121593216773 ) );
#2156 = CARTESIAN_POINT( '', ( -4.25000000000000, 39.1000000000000, 7.36121593216773 ) );
#2157 = CARTESIAN_POINT( '', ( -2.83333333333333, 39.1000000000000, 8.17912881351970 ) );
#2158 = CARTESIAN_POINT( '', ( -1.41666666666667, 39.2331819207453, 8.99704169487167 ) );
#2159 = CARTESIAN_POINT( '', ( 9.20684281815409E-016, 39.4523410167826, 9.81495457622364 ) );
#2160 = COLOUR_RGB( '', 0.689999997615814, 0.689999997615814, 0.689999997615814 );
#2161 = CARTESIAN_POINT( '', ( -4.25000000000000, 29.0000000000000, 7.36121593216773 ) );
#2162 = AXIS2_PLACEMENT_3D( '', #2581, #2582, #2583 );
#2163 = CARTESIAN_POINT( '', ( -8.50000000000000, 28.6476589832173, 4.90747728811182 ) );
#2164 = CARTESIAN_POINT( '', ( -8.50000000000000, 29.0000000000000, 3.55383120463454E-016 ) );
#2165 = CARTESIAN_POINT( '', ( -8.50000000000000, 29.0000000000000, 1.63906169309018 ) );
#2166 = CARTESIAN_POINT( '', ( -8.50000000000000, 28.8664440099280, 3.27444361687205 ) );
#2167 = CARTESIAN_POINT( '', ( -8.50000000000000, 28.6476589832173, 4.90747728811182 ) );
#2168 = CARTESIAN_POINT( '', ( -4.25000000000000, 29.0000000000000, 7.36121593216773 ) );
#2169 = CARTESIAN_POINT( '', ( -5.66666666666667, 29.0000000000000, 6.54330305081576 ) );
#2170 = CARTESIAN_POINT( '', ( -7.08333333333333, 28.8668180792547, 5.72539016946379 ) );
#2171 = CARTESIAN_POINT( '', ( -8.50000000000000, 28.6476589832174, 4.90747728811182 ) );
#2172 = COLOUR_RGB( '', 0.689999997615814, 0.689999997615814, 0.689999997615814 );
#2173 = CARTESIAN_POINT( '', ( 4.25000000000000, 43.1000000000000, -7.36121593216773 ) );
#2174 = CARTESIAN_POINT( '', ( 5.66666666666667, 43.1000000000000, -6.54330305081576 ) );
#2175 = CARTESIAN_POINT( '', ( 7.08333333333333, 42.9668180792547, -5.72539016946379 ) );
#2176 = CARTESIAN_POINT( '', ( 8.50000000000000, 42.7476589832174, -4.90747728811182 ) );
#2177 = AXIS2_PLACEMENT_3D( '', #2584, #2585, #2586 );
#2178 = COLOUR_RGB( '', 0.689999997615814, 0.689999997615814, 0.689999997615814 );
#2179 = CARTESIAN_POINT( '', ( 0.000000000000000, 20.0000000000000, 9.00000000000000 ) );
#2180 = AXIS2_PLACEMENT_3D( '', #2587, #2588, #2589 );
#2181 = CARTESIAN_POINT( '', ( 0.000000000000000, 20.0000000000000, 15.0000000000000 ) );
#2182 = AXIS2_PLACEMENT_3D( '', #2590, #2591, #2592 );
#2183 = COLOUR_RGB( '', 0.689999997615814, 0.689999997615814, 0.689999997615814 );
#2184 = AXIS2_PLACEMENT_3D( '', #2593, #2594, #2595 );
#2185 = CARTESIAN_POINT( '', ( -8.50000000000000, 39.4523410167826, 4.90747728811182 ) );
#2186 = CARTESIAN_POINT( '', ( -7.08333333333333, 39.2331819207453, 5.72539016946379 ) );
#2187 = CARTESIAN_POINT( '', ( -5.66666666666667, 39.1000000000000, 6.54330305081576 ) );
#2188 = CARTESIAN_POINT( '', ( -4.25000000000000, 39.1000000000000, 7.36121593216773 ) );
#2189 = COLOUR_RGB( '', 0.689999997615814, 0.689999997615814, 0.689999997615814 );
#2190 = CARTESIAN_POINT( '', ( -4.25000000000000, 39.1000000000000, -7.36121593216773 ) );
#2191 = CARTESIAN_POINT( '', ( -4.25000000000000, 39.1000000000000, -7.36121593216773 ) );
#2192 = CARTESIAN_POINT( '', ( -5.66666666666667, 39.1000000000000, -6.54330305081576 ) );
#2193 = CARTESIAN_POINT( '', ( -7.08333333333334, 39.2331819207453, -5.72539016946379 ) );
#2194 = CARTESIAN_POINT( '', ( -8.50000000000000, 39.4523410167826, -4.90747728811182 ) );
#2195 = AXIS2_PLACEMENT_3D( '', #2596, #2597, #2598 );
#2196 = COLOUR_RGB( '', 0.689999997615814, 0.689999997615814, 0.689999997615814 );
#2197 = CARTESIAN_POINT( '', ( 4.25000000000000, 43.1000000000000, 7.36121593216773 ) );
#2198 = CARTESIAN_POINT( '', ( -4.25000000000000, 43.1000000000000, 7.36121593216773 ) );
#2199 = AXIS2_PLACEMENT_3D( '', #2599, #2600, #2601 );
#2200 = CARTESIAN_POINT( '', ( 3.36717760861827E-016, 42.7476589832173, 9.81495457622364 ) );
#2201 = CARTESIAN_POINT( '', ( 4.45679123779283E-016, 42.7476589832174, 9.81495457622364 ) );
#2202 = CARTESIAN_POINT( '', ( -1.41666666666667, 42.9668180792547, 8.99704169487167 ) );
#2203 = CARTESIAN_POINT( '', ( -2.83333333333333, 43.1000000000000, 8.17912881351970 ) );
#2204 = CARTESIAN_POINT( '', ( -4.25000000000000, 43.1000000000000, 7.36121593216773 ) );
#2205 = CARTESIAN_POINT( '', ( 4.25000000000000, 43.1000000000000, 7.36121593216773 ) );
#2206 = CARTESIAN_POINT( '', ( 2.83333333333333, 43.1000000000000, 8.17912881351970 ) );
#2207 = CARTESIAN_POINT( '', ( 1.41666666666667, 42.9668180792547, 8.99704169487167 ) );
#2208 = CARTESIAN_POINT( '', ( 2.05219953097772E-015, 42.7476589832174, 9.81495457622364 ) );
#2209 = COLOUR_RGB( '', 0.689999997615814, 0.689999997615814, 0.689999997615814 );
#2210 = CARTESIAN_POINT( '', ( 7.00000000000000, 23.7098368097083, 4.04145188432738 ) );
#2211 = CARTESIAN_POINT( '', ( 7.00000000000000, 21.2901631902917, 4.04145188432738 ) );
#2212 = CARTESIAN_POINT( '', ( 7.00000000000000, 24.0000000000000, 4.04145188432738 ) );
#2213 = VECTOR( '', #2602, 1000.00000000000 );
#2214 = CARTESIAN_POINT( '', ( 7.00000000000000, 21.0000000000000, 5.25206093840508E-016 ) );
#2215 = CARTESIAN_POINT( '', ( 7.00000000000000, 21.0000000000000, 1.34983523072123 ) );
#2216 = CARTESIAN_POINT( '', ( 7.00000000000000, 21.1099895569600, 2.69661757677137 ) );
#2217 = CARTESIAN_POINT( '', ( 7.00000000000000, 21.2901631902917, 4.04145188432738 ) );
#2218 = CARTESIAN_POINT( '', ( 7.00000000000000, 23.7098368097083, -4.04145188432738 ) );
#2219 = CARTESIAN_POINT( '', ( 7.00000000000000, 24.0000000000000, -4.04145188432738 ) );
#2220 = VECTOR( '', #2603, 1000.00000000000 );
#2221 = CARTESIAN_POINT( '', ( 7.00000000000000, 24.0000000000000, 0.000000000000000 ) );
#2222 = CARTESIAN_POINT( '', ( 7.00000000000000, 23.7098368097083, -4.04145188432738 ) );
#2223 = CARTESIAN_POINT( '', ( 7.00000000000000, 23.7998169397362, -3.36983105045575 ) );
#2224 = CARTESIAN_POINT( '', ( 7.00000000000000, 23.8733793158975, -2.69415859577290 ) );
#2225 = CARTESIAN_POINT( '', ( 7.00000000000000, 23.9735362077710, -1.34605658018266 ) );
#2226 = CARTESIAN_POINT( '', ( 7.00000000000000, 24.0000000000000, -0.672661023835024 ) );
#2227 = CARTESIAN_POINT( '', ( 7.00000000000000, 24.0000000000000, 2.30595389293005E-016 ) );
#2228 = CARTESIAN_POINT( '', ( 7.00000000000000, 24.0000000000000, -2.17486864564740E-016 ) );
#2229 = CARTESIAN_POINT( '', ( 7.00000000000000, 24.0000000000000, 1.34983523072123 ) );
#2230 = CARTESIAN_POINT( '', ( 7.00000000000000, 23.8900104430400, 2.69661757677137 ) );
#2231 = CARTESIAN_POINT( '', ( 7.00000000000000, 23.7098368097083, 4.04145188432738 ) );
#2232 = COLOUR_RGB( '', 0.689999997615814, 0.689999997615814, 0.689999997615814 );
#2233 = CARTESIAN_POINT( '', ( 8.50000000000000, 25.3523410167827, -4.90747728811182 ) );
#2234 = CARTESIAN_POINT( '', ( 8.50000000000000, 25.3523410167826, -4.90747728811182 ) );
#2235 = CARTESIAN_POINT( '', ( 7.08333333333333, 25.1331819207453, -5.72539016946379 ) );
#2236 = CARTESIAN_POINT( '', ( 5.66666666666667, 25.0000000000000, -6.54330305081576 ) );
#2237 = CARTESIAN_POINT( '', ( 4.25000000000000, 25.0000000000000, -7.36121593216773 ) );
#2238 = CARTESIAN_POINT( '', ( 8.50000000000000, 25.3523410167827, -4.90747728811182 ) );
#2239 = CARTESIAN_POINT( '', ( 8.50000000000000, 25.2430767344240, -4.09191758168142 ) );
#2240 = CARTESIAN_POINT( '', ( 8.50000000000000, 25.1537519776823, -3.27145845121603 ) );
#2241 = CARTESIAN_POINT( '', ( 8.50000000000000, 25.0321347834015, -1.63449650430136 ) );
#2242 = CARTESIAN_POINT( '', ( 8.50000000000000, 25.0000000000000, -0.816805559203601 ) );
#2243 = CARTESIAN_POINT( '', ( 8.50000000000000, 25.0000000000000, 1.34015440206050E-015 ) );
#2244 = COLOUR_RGB( '', 0.689999997615814, 0.689999997615814, 0.689999997615814 );
#2245 = CARTESIAN_POINT( '', ( 3.50000000000000, 24.0000000000000, 6.06217782649107 ) );
#2246 = AXIS2_PLACEMENT_3D( '', #2604, #2605, #2606 );
#2247 = CARTESIAN_POINT( '', ( 7.00000000000000, 23.7098368097085, 4.04145188432738 ) );
#2248 = CARTESIAN_POINT( '', ( 5.83333333333333, 23.8903207711510, 4.71502719838194 ) );
#2249 = CARTESIAN_POINT( '', ( 4.66666666666667, 24.0000000000000, 5.38860251243651 ) );
#2250 = CARTESIAN_POINT( '', ( 3.50000000000000, 24.0000000000000, 6.06217782649107 ) );
#2251 = COLOUR_RGB( '', 0.689999997615814, 0.689999997615814, 0.689999997615814 );
#2252 = CARTESIAN_POINT( '', ( 3.50000000000000, 21.0000000000000, -6.06217782649107 ) );
#2253 = CARTESIAN_POINT( '', ( 2.33333333333333, 21.0000000000000, -6.73575314054563 ) );
#2254 = CARTESIAN_POINT( '', ( 1.16666666666667, 21.1096792288490, -7.40932845460020 ) );
#2255 = CARTESIAN_POINT( '', ( -1.50495172696366E-016, 21.2901631902915, -8.08290376865476 ) );
#2256 = CARTESIAN_POINT( '', ( 3.50000000000000, 24.0000000000000, -6.06217782649107 ) );
#2257 = CARTESIAN_POINT( '', ( -2.17300346917680E-017, 23.7098368097085, -8.08290376865476 ) );
#2258 = CARTESIAN_POINT( '', ( 1.16666666666667, 23.8903207711510, -7.40932845460020 ) );
#2259 = CARTESIAN_POINT( '', ( 2.33333333333333, 24.0000000000000, -6.73575314054563 ) );
#2260 = CARTESIAN_POINT( '', ( 3.50000000000000, 24.0000000000000, -6.06217782649107 ) );
#2261 = CARTESIAN_POINT( '', ( 3.50000000000000, 24.0000000000000, -6.06217782649107 ) );
#2262 = CARTESIAN_POINT( '', ( 4.66666666666667, 24.0000000000000, -5.38860251243651 ) );
#2263 = CARTESIAN_POINT( '', ( 5.83333333333333, 23.8903207711510, -4.71502719838194 ) );
#2264 = CARTESIAN_POINT( '', ( 7.00000000000000, 23.7098368097085, -4.04145188432738 ) );
#2265 = COLOUR_RGB( '', 0.689999997615814, 0.689999997615814, 0.689999997615814 );
#2266 = CARTESIAN_POINT( '', ( 0.000000000000000, 48.8000000000000, 6.00000000000000 ) );
#2267 = AXIS2_PLACEMENT_3D( '', #2607, #2608, #2609 );
#2268 = COLOUR_RGB( '', 0.689999997615814, 0.689999997615814, 0.689999997615814 );
#2269 = CARTESIAN_POINT( '', ( -8.50000000000000, 25.3523410167827, -4.90747728811182 ) );
#2270 = CARTESIAN_POINT( '', ( -8.50000000000000, 29.0000000000000, -4.90747728811182 ) );
#2271 = VECTOR( '', #2610, 1000.00000000000 );
#2272 = CARTESIAN_POINT( '', ( -8.50000000000000, 25.3523410167827, -4.90747728811182 ) );
#2273 = CARTESIAN_POINT( '', ( -8.50000000000000, 25.2430767344240, -4.09191758168142 ) );
#2274 = CARTESIAN_POINT( '', ( -8.50000000000000, 25.1537519776823, -3.27145845121603 ) );
#2275 = CARTESIAN_POINT( '', ( -8.50000000000000, 25.0321347834015, -1.63449650430136 ) );
#2276 = CARTESIAN_POINT( '', ( -8.50000000000000, 25.0000000000000, -0.816805559203601 ) );
#2277 = CARTESIAN_POINT( '', ( -8.50000000000000, 25.0000000000000, 1.34015440206050E-015 ) );
#2278 = CARTESIAN_POINT( '', ( -8.50000000000000, 25.3523410167827, 4.90747728811182 ) );
#2279 = CARTESIAN_POINT( '', ( -8.50000000000000, 25.0000000000000, 7.96052598978696E-016 ) );
#2280 = CARTESIAN_POINT( '', ( -8.50000000000000, 25.0000000000000, 1.63906169309018 ) );
#2281 = CARTESIAN_POINT( '', ( -8.50000000000000, 25.1335559900720, 3.27444361687205 ) );
#2282 = CARTESIAN_POINT( '', ( -8.50000000000000, 25.3523410167827, 4.90747728811182 ) );
#2283 = CARTESIAN_POINT( '', ( -8.50000000000000, 29.0000000000000, 4.90747728811182 ) );
#2284 = VECTOR( '', #2611, 1000.00000000000 );
#2285 = COLOUR_RGB( '', 0.689999997615814, 0.689999997615814, 0.689999997615814 );
#2286 = CARTESIAN_POINT( '', ( 0.000000000000000, 8.00000000000000, 25.0000000000000 ) );
#2287 = AXIS2_PLACEMENT_3D( '', #2612, #2613, #2614 );
#2288 = COLOUR_RGB( '', 0.689999997615814, 0.689999997615814, 0.689999997615814 );
#2289 = CARTESIAN_POINT( '', ( 0.000000000000000, 12.0000000000000, 17.0000000000000 ) );
#2290 = AXIS2_PLACEMENT_3D( '', #2615, #2616, #2617 );
#2291 = COLOUR_RGB( '', 0.689999997615814, 0.689999997615814, 0.689999997615814 );
#2292 = CARTESIAN_POINT( '', ( 8.50000000000000, 25.3523410167827, 4.90747728811182 ) );
#2293 = CARTESIAN_POINT( '', ( 8.50000000000000, 29.0000000000000, 4.90747728811182 ) );
#2294 = VECTOR( '', #2618, 1000.00000000000 );
#2295 = CARTESIAN_POINT( '', ( 8.50000000000000, 25.0000000000000, 7.96052598978696E-016 ) );
#2296 = CARTESIAN_POINT( '', ( 8.50000000000000, 25.0000000000000, 1.63906169309018 ) );
#2297 = CARTESIAN_POINT( '', ( 8.50000000000000, 25.1335559900720, 3.27444361687205 ) );
#2298 = CARTESIAN_POINT( '', ( 8.50000000000000, 25.3523410167827, 4.90747728811182 ) );
#2299 = CARTESIAN_POINT( '', ( 8.50000000000000, 28.6476589832173, -4.90747728811182 ) );
#2300 = CARTESIAN_POINT( '', ( 8.50000000000000, 29.0000000000000, -4.90747728811182 ) );
#2301 = VECTOR( '', #2619, 1000.00000000000 );
#2302 = CARTESIAN_POINT( '', ( 8.50000000000000, 28.6476589832173, -4.90747728811182 ) );
#2303 = CARTESIAN_POINT( '', ( 8.50000000000000, 28.7569232655760, -4.09191758168142 ) );
#2304 = CARTESIAN_POINT( '', ( 8.50000000000000, 28.8462480223177, -3.27145845121603 ) );
#2305 = CARTESIAN_POINT( '', ( 8.50000000000000, 28.9678652165985, -1.63449650430136 ) );
#2306 = CARTESIAN_POINT( '', ( 8.50000000000000, 29.0000000000000, -0.816805559203602 ) );
#2307 = CARTESIAN_POINT( '', ( 8.50000000000000, 29.0000000000000, 8.99484923545253E-016 ) );
#2308 = COLOUR_RGB( '', 0.689999997615814, 0.689999997615814, 0.689999997615814 );
#2309 = CARTESIAN_POINT( '', ( 0.000000000000000, 33.2000000000000, 3.00000000000000 ) );
#2310 = AXIS2_PLACEMENT_3D( '', #2620, #2621, #2622 );
#2311 = COLOUR_RGB( '', 0.689999997615814, 0.689999997615814, 0.689999997615814 );
#2312 = AXIS2_PLACEMENT_3D( '', #2623, #2624, #2625 );
#2313 = CARTESIAN_POINT( '', ( 2.34382727740993E-016, 28.6476589832173, 9.81495457622364 ) );
#2314 = CARTESIAN_POINT( '', ( 3.88392316866617E-016, 28.6476589832174, 9.81495457622364 ) );
#2315 = CARTESIAN_POINT( '', ( -1.41666666666667, 28.8668180792547, 8.99704169487167 ) );
#2316 = CARTESIAN_POINT( '', ( -2.83333333333333, 29.0000000000000, 8.17912881351970 ) );
#2317 = CARTESIAN_POINT( '', ( -4.25000000000000, 29.0000000000000, 7.36121593216773 ) );
#2318 = CARTESIAN_POINT( '', ( 4.25000000000000, 29.0000000000000, 7.36121593216773 ) );
#2319 = CARTESIAN_POINT( '', ( 2.83333333333333, 29.0000000000000, 8.17912881351970 ) );
#2320 = CARTESIAN_POINT( '', ( 1.41666666666667, 28.8668180792547, 8.99704169487167 ) );
#2321 = CARTESIAN_POINT( '', ( 0.000000000000000, 28.6476589832174, 9.81495457622364 ) );
#2322 = COLOUR_RGB( '', 0.689999997615814, 0.689999997615814, 0.689999997615814 );
#2323 = CARTESIAN_POINT( '', ( 1.19126002149813E-016, 39.4523410167827, -9.81495457622364 ) );
#2324 = CARTESIAN_POINT( '', ( 0.000000000000000, 43.1000000000000, -9.81495457622364 ) );
#2325 = VECTOR( '', #2626, 1000.00000000000 );
#2326 = CARTESIAN_POINT( '', ( 3.08703804604790E-017, 39.4523410167826, -9.81495457622364 ) );
#2327 = CARTESIAN_POINT( '', ( -1.41666666666667, 39.2331819207453, -8.99704169487167 ) );
#2328 = CARTESIAN_POINT( '', ( -2.83333333333333, 39.1000000000000, -8.17912881351970 ) );
#2329 = CARTESIAN_POINT( '', ( -4.25000000000000, 39.1000000000000, -7.36121593216773 ) );
#2330 = CARTESIAN_POINT( '', ( -8.50000000000000, 42.7476589832174, -4.90747728811182 ) );
#2331 = CARTESIAN_POINT( '', ( -7.08333333333333, 42.9668180792547, -5.72539016946379 ) );
#2332 = CARTESIAN_POINT( '', ( -5.66666666666667, 43.1000000000000, -6.54330305081576 ) );
#2333 = CARTESIAN_POINT( '', ( -4.25000000000000, 43.1000000000000, -7.36121593216773 ) );
#2334 = COLOUR_RGB( '', 0.689999997615814, 0.689999997615814, 0.689999997615814 );
#2335 = COLOUR_RGB( '', 0.689999997615814, 0.689999997615814, 0.689999997615814 );
#2336 = AXIS2_PLACEMENT_3D( '', #2627, #2628, #2629 );
#2337 = CARTESIAN_POINT( '', ( 8.50000000000000, 42.7476589832174, 4.90747728811182 ) );
#2338 = CARTESIAN_POINT( '', ( 7.08333333333333, 42.9668180792547, 5.72539016946379 ) );
#2339 = CARTESIAN_POINT( '', ( 5.66666666666667, 43.1000000000000, 6.54330305081576 ) );
#2340 = CARTESIAN_POINT( '', ( 4.25000000000000, 43.1000000000000, 7.36121593216773 ) );
#2341 = COLOUR_RGB( '', 0.689999997615814, 0.689999997615814, 0.689999997615814 );
#2342 = CARTESIAN_POINT( '', ( -1.95887728245695E-016, 25.3523410167827, 9.81495457622364 ) );
#2343 = CARTESIAN_POINT( '', ( -8.63373900255285E-017, 25.3523410167826, 9.81495457622364 ) );
#2344 = CARTESIAN_POINT( '', ( 1.41666666666667, 25.1331819207453, 8.99704169487167 ) );
#2345 = CARTESIAN_POINT( '', ( 2.83333333333333, 25.0000000000000, 8.17912881351970 ) );
#2346 = CARTESIAN_POINT( '', ( 4.25000000000000, 25.0000000000000, 7.36121593216773 ) );
#2347 = CARTESIAN_POINT( '', ( -4.25000000000000, 25.0000000000000, 7.36121593216773 ) );
#2348 = CARTESIAN_POINT( '', ( -2.83333333333333, 25.0000000000000, 8.17912881351970 ) );
#2349 = CARTESIAN_POINT( '', ( -1.41666666666667, 25.1331819207453, 8.99704169487167 ) );
#2350 = CARTESIAN_POINT( '', ( -1.84893106238108E-015, 25.3523410167826, 9.81495457622364 ) );
#2351 = COLOUR_RGB( '', 0.689999997615814, 0.689999997615814, 0.689999997615814 );
#2352 = CARTESIAN_POINT( '', ( -8.50000000000000, 25.3523410167826, 4.90747728811182 ) );
#2353 = CARTESIAN_POINT( '', ( -7.08333333333333, 25.1331819207453, 5.72539016946379 ) );
#2354 = CARTESIAN_POINT( '', ( -5.66666666666667, 25.0000000000000, 6.54330305081576 ) );
#2355 = CARTESIAN_POINT( '', ( -4.25000000000000, 25.0000000000000, 7.36121593216773 ) );
#2356 = CARTESIAN_POINT( '', ( 0.000000000000000, 29.0000000000000, 9.81495457622364 ) );
#2357 = VECTOR( '', #2630, 1000.00000000000 );
#2358 = COLOUR_RGB( '', 0.689999997615814, 0.689999997615814, 0.689999997615814 );
#2359 = AXIS2_PLACEMENT_3D( '', #2631, #2632, #2633 );
#2360 = COLOUR_RGB( '', 0.689999997615814, 0.689999997615814, 0.689999997615814 );
#2361 = CARTESIAN_POINT( '', ( 0.000000000000000, 49.8000000000000, 3.00000000000000 ) );
#2362 = AXIS2_PLACEMENT_3D( '', #2634, #2635, #2636 );
#2363 = CARTESIAN_POINT( '', ( 0.000000000000000, 49.8000000000000, 6.00000000000000 ) );
#2364 = AXIS2_PLACEMENT_3D( '', #2637, #2638, #2639 );
#2365 = COLOUR_RGB( '', 0.689999997615814, 0.689999997615814, 0.689999997615814 );
#2366 = CARTESIAN_POINT( '', ( 4.25000000000000, 39.1000000000000, -7.36121593216773 ) );
#2367 = CARTESIAN_POINT( '', ( 8.50000000000000, 39.4523410167826, -4.90747728811182 ) );
#2368 = CARTESIAN_POINT( '', ( 7.08333333333333, 39.2331819207453, -5.72539016946379 ) );
#2369 = CARTESIAN_POINT( '', ( 5.66666666666667, 39.1000000000000, -6.54330305081576 ) );
#2370 = CARTESIAN_POINT( '', ( 4.25000000000000, 39.1000000000000, -7.36121593216773 ) );
#2371 = CARTESIAN_POINT( '', ( 4.25000000000000, 39.1000000000000, -7.36121593216773 ) );
#2372 = CARTESIAN_POINT( '', ( 2.83333333333333, 39.1000000000000, -8.17912881351970 ) );
#2373 = CARTESIAN_POINT( '', ( 1.41666666666667, 39.2331819207453, -8.99704169487167 ) );
#2374 = CARTESIAN_POINT( '', ( -9.20684281815409E-016, 39.4523410167826, -9.81495457622364 ) );
#2375 = COLOUR_RGB( '', 0.689999997615814, 0.689999997615814, 0.689999997615814 );
#2376 = AXIS2_PLACEMENT_3D( '', #2640, #2641, #2642 );
#2377 = COLOUR_RGB( '', 0.689999997615814, 0.689999997615814, 0.689999997615814 );
#2378 = AXIS2_PLACEMENT_3D( '', #2643, #2644, #2645 );
#2379 = CARTESIAN_POINT( '', ( 4.25000000000000, 39.1000000000000, 7.36121593216773 ) );
#2380 = CARTESIAN_POINT( '', ( 5.66666666666667, 39.1000000000000, 6.54330305081576 ) );
#2381 = CARTESIAN_POINT( '', ( 7.08333333333334, 39.2331819207453, 5.72539016946379 ) );
#2382 = CARTESIAN_POINT( '', ( 8.50000000000000, 39.4523410167826, 4.90747728811182 ) );
#2383 = COLOUR_RGB( '', 0.689999997615814, 0.689999997615814, 0.689999997615814 );
#2384 = CARTESIAN_POINT( '', ( -3.50000000000000, 24.0000000000000, 6.06217782649107 ) );
#2385 = AXIS2_PLACEMENT_3D( '', #2646, #2647, #2648 );
#2386 = CARTESIAN_POINT( '', ( 2.49024318713031E-016, 23.7098368097083, 8.08290376865476 ) );
#2387 = CARTESIAN_POINT( '', ( 1.61179864668714E-016, 23.7098368097085, 8.08290376865476 ) );
#2388 = CARTESIAN_POINT( '', ( -1.16666666666667, 23.8903207711510, 7.40932845460020 ) );
#2389 = CARTESIAN_POINT( '', ( -2.33333333333333, 24.0000000000000, 6.73575314054563 ) );
#2390 = CARTESIAN_POINT( '', ( -3.50000000000000, 24.0000000000000, 6.06217782649107 ) );
#2391 = CARTESIAN_POINT( '', ( 3.50000000000000, 24.0000000000000, 6.06217782649107 ) );
#2392 = CARTESIAN_POINT( '', ( 2.33333333333333, 24.0000000000000, 6.73575314054563 ) );
#2393 = CARTESIAN_POINT( '', ( 1.16666666666667, 23.8903207711510, 7.40932845460020 ) );
#2394 = CARTESIAN_POINT( '', ( 1.95156391047391E-015, 23.7098368097085, 8.08290376865476 ) );
#2395 = COLOUR_RGB( '', 0.689999997615814, 0.689999997615814, 0.689999997615814 );
#2396 = CARTESIAN_POINT( '', ( 0.000000000000000, 43.1000000000000, 9.81495457622364 ) );
#2397 = VECTOR( '', #2649, 1000.00000000000 );
#2398 = CARTESIAN_POINT( '', ( -4.25000000000000, 43.1000000000000, 7.36121593216773 ) );
#2399 = CARTESIAN_POINT( '', ( -5.66666666666667, 43.1000000000000, 6.54330305081576 ) );
#2400 = CARTESIAN_POINT( '', ( -7.08333333333333, 42.9668180792547, 5.72539016946379 ) );
#2401 = CARTESIAN_POINT( '', ( -8.50000000000000, 42.7476589832174, 4.90747728811182 ) );
#2402 = COLOUR_RGB( '', 0.689999997615814, 0.689999997615814, 0.689999997615814 );
#2403 = AXIS2_PLACEMENT_3D( '', #2650, #2651, #2652 );
#2404 = COLOUR_RGB( '', 0.689999997615814, 0.689999997615814, 0.689999997615814 );
#2405 = CARTESIAN_POINT( '', ( 4.25000000000000, 29.0000000000000, -7.36121593216773 ) );
#2406 = CARTESIAN_POINT( '', ( 5.66666666666667, 29.0000000000000, -6.54330305081576 ) );
#2407 = CARTESIAN_POINT( '', ( 7.08333333333333, 28.8668180792547, -5.72539016946379 ) );
#2408 = CARTESIAN_POINT( '', ( 8.50000000000000, 28.6476589832174, -4.90747728811182 ) );
#2409 = AXIS2_PLACEMENT_3D( '', #2653, #2654, #2655 );
#2410 = COLOUR_RGB( '', 0.689999997615814, 0.689999997615814, 0.689999997615814 );
#2411 = CARTESIAN_POINT( '', ( 4.25000000000000, 25.0000000000000, 7.36121593216773 ) );
#2412 = CARTESIAN_POINT( '', ( 5.66666666666667, 25.0000000000000, 6.54330305081576 ) );
#2413 = CARTESIAN_POINT( '', ( 7.08333333333334, 25.1331819207453, 5.72539016946379 ) );
#2414 = CARTESIAN_POINT( '', ( 8.50000000000000, 25.3523410167826, 4.90747728811182 ) );
#2415 = COLOUR_RGB( '', 0.689999997615814, 0.689999997615814, 0.689999997615814 );
#2416 = COLOUR_RGB( '', 0.689999997615814, 0.689999997615814, 0.689999997615814 );
#2417 = COLOUR_RGB( '', 0.689999997615814, 0.689999997615814, 0.689999997615814 );
#2418 = COLOUR_RGB( '', 0.689999997615814, 0.689999997615814, 0.689999997615814 );
#2419 = CARTESIAN_POINT( '', ( 0.000000000000000, 18.0000000000000, 17.0000000000000 ) );
#2420 = AXIS2_PLACEMENT_3D( '', #2656, #2657, #2658 );
#2421 = COLOUR_RGB( '', 0.689999997615814, 0.689999997615814, 0.689999997615814 );
#2422 = AXIS2_PLACEMENT_3D( '', #2659, #2660, #2661 );
#2423 = COLOUR_RGB( '', 0.689999997615814, 0.689999997615814, 0.689999997615814 );
#2424 = AXIS2_PLACEMENT_3D( '', #2662, #2663, #2664 );
#2425 = AXIS2_PLACEMENT_3D( '', #2665, #2666, #2667 );
#2426 = AXIS2_PLACEMENT_3D( '', #2668, #2669, #2670 );
#2427 = CARTESIAN_POINT( '', ( 0.000000000000000, 21.0000000000000, 9.00000000000000 ) );
#2428 = AXIS2_PLACEMENT_3D( '', #2671, #2672, #2673 );
#2429 = COLOUR_RGB( '', 0.689999997615814, 0.689999997615814, 0.689999997615814 );
#2430 = CARTESIAN_POINT( '', ( 1.95887728245695E-016, 25.3523410167827, -9.81495457622364 ) );
#2431 = CARTESIAN_POINT( '', ( 0.000000000000000, 29.0000000000000, -9.81495457622364 ) );
#2432 = VECTOR( '', #2674, 1000.00000000000 );
#2433 = CARTESIAN_POINT( '', ( 8.63373900255285E-017, 25.3523410167826, -9.81495457622364 ) );
#2434 = CARTESIAN_POINT( '', ( -1.41666666666667, 25.1331819207453, -8.99704169487167 ) );
#2435 = CARTESIAN_POINT( '', ( -2.83333333333333, 25.0000000000000, -8.17912881351970 ) );
#2436 = CARTESIAN_POINT( '', ( -4.25000000000000, 25.0000000000000, -7.36121593216773 ) );
#2437 = CARTESIAN_POINT( '', ( -4.25000000000000, 25.0000000000000, -7.36121593216773 ) );
#2438 = CARTESIAN_POINT( '', ( -5.66666666666667, 25.0000000000000, -6.54330305081576 ) );
#2439 = CARTESIAN_POINT( '', ( -7.08333333333334, 25.1331819207453, -5.72539016946379 ) );
#2440 = CARTESIAN_POINT( '', ( -8.50000000000000, 25.3523410167826, -4.90747728811182 ) );
#2441 = COLOUR_RGB( '', 0.689999997615814, 0.689999997615814, 0.689999997615814 );
#2442 = AXIS2_PLACEMENT_3D( '', #2675, #2676, #2677 );
#2443 = COLOUR_RGB( '', 0.689999997615814, 0.689999997615814, 0.689999997615814 );
#2444 = COLOUR_RGB( '', 0.689999997615814, 0.689999997615814, 0.689999997615814 );
#2445 = CARTESIAN_POINT( '', ( -7.00000000000000, 24.0000000000000, 0.000000000000000 ) );
#2446 = AXIS2_PLACEMENT_3D( '', #2678, #2679, #2680 );
#2447 = CARTESIAN_POINT( '', ( -7.00000000000000, 23.7098368097083, -4.04145188432738 ) );
#2448 = CARTESIAN_POINT( '', ( -7.00000000000000, 23.7998169397362, -3.36983105045575 ) );
#2449 = CARTESIAN_POINT( '', ( -7.00000000000000, 23.8733793158975, -2.69415859577290 ) );
#2450 = CARTESIAN_POINT( '', ( -7.00000000000000, 23.9735362077710, -1.34605658018266 ) );
#2451 = CARTESIAN_POINT( '', ( -7.00000000000000, 24.0000000000000, -0.672661023835024 ) );
#2452 = CARTESIAN_POINT( '', ( -7.00000000000000, 24.0000000000000, 2.30595389293005E-016 ) );
#2453 = COLOUR_RGB( '', 0.689999997615814, 0.689999997615814, 0.689999997615814 );
#2454 = COLOUR_RGB( '', 0.689999997615814, 0.689999997615814, 0.689999997615814 );
#2455 = COLOUR_RGB( '', 0.689999997615814, 0.689999997615814, 0.689999997615814 );
#2456 = CARTESIAN_POINT( '', ( 4.25000000000000, 25.0000000000000, -7.36121593216773 ) );
#2457 = CARTESIAN_POINT( '', ( 2.83333333333333, 25.0000000000000, -8.17912881351970 ) );
#2458 = CARTESIAN_POINT( '', ( 1.41666666666667, 25.1331819207453, -8.99704169487167 ) );
#2459 = CARTESIAN_POINT( '', ( 1.84893106238108E-015, 25.3523410167826, -9.81495457622364 ) );
#2460 = COLOUR_RGB( '', 0.689999997615814, 0.689999997615814, 0.689999997615814 );
#2461 = COLOUR_RGB( '', 0.689999997615814, 0.689999997615814, 0.689999997615814 );
#2462 = COLOUR_RGB( '', 0.689999997615814, 0.689999997615814, 0.689999997615814 );
#2463 = CARTESIAN_POINT( '', ( 0.000000000000000, 43.1000000000000, 7.00000000000000 ) );
#2464 = AXIS2_PLACEMENT_3D( '', #2681, #2682, #2683 );
#2465 = COLOUR_RGB( '', 0.689999997615814, 0.689999997615814, 0.689999997615814 );
#2466 = CARTESIAN_POINT( '', ( 0.000000000000000, 39.1000000000000, 7.00000000000000 ) );
#2467 = AXIS2_PLACEMENT_3D( '', #2684, #2685, #2686 );
#2468 = CARTESIAN_POINT( '', ( 0.000000000000000, 29.0000000000000, 7.00000000000000 ) );
#2469 = AXIS2_PLACEMENT_3D( '', #2687, #2688, #2689 );
#2470 = COLOUR_RGB( '', 0.689999997615814, 0.689999997615814, 0.689999997615814 );
#2471 = AXIS2_PLACEMENT_3D( '', #2690, #2691, #2692 );
#2472 = CARTESIAN_POINT( '', ( -7.00000000000000, 23.7098368097083, 4.04145188432738 ) );
#2473 = CARTESIAN_POINT( '', ( -7.00000000000000, 24.0000000000000, -2.17486864564740E-016 ) );
#2474 = CARTESIAN_POINT( '', ( -7.00000000000000, 24.0000000000000, 1.34983523072123 ) );
#2475 = CARTESIAN_POINT( '', ( -7.00000000000000, 23.8900104430400, 2.69661757677137 ) );
#2476 = CARTESIAN_POINT( '', ( -7.00000000000000, 23.7098368097083, 4.04145188432738 ) );
#2477 = CARTESIAN_POINT( '', ( -3.50000000000000, 24.0000000000000, 6.06217782649107 ) );
#2478 = CARTESIAN_POINT( '', ( -4.66666666666667, 24.0000000000000, 5.38860251243651 ) );
#2479 = CARTESIAN_POINT( '', ( -5.83333333333333, 23.8903207711510, 4.71502719838194 ) );
#2480 = CARTESIAN_POINT( '', ( -7.00000000000000, 23.7098368097085, 4.04145188432738 ) );
#2481 = COLOUR_RGB( '', 0.689999997615814, 0.689999997615814, 0.689999997615814 );
#2482 = COLOUR_RGB( '', 0.689999997615814, 0.689999997615814, 0.689999997615814 );
#2483 = AXIS2_PLACEMENT_3D( '', #2693, #2694, #2695 );
#2484 = COLOUR_RGB( '', 0.689999997615814, 0.689999997615814, 0.689999997615814 );
#2485 = CARTESIAN_POINT( '', ( 0.000000000000000, 24.0000000000000, 8.08290376865476 ) );
#2486 = VECTOR( '', #2696, 1000.00000000000 );
#2487 = CARTESIAN_POINT( '', ( 3.50000000000000, 21.0000000000000, 6.06217782649107 ) );
#2488 = CARTESIAN_POINT( '', ( 4.66666666666666, 21.0000000000000, 5.38860251243651 ) );
#2489 = CARTESIAN_POINT( '', ( 5.83333333333333, 21.1096792288490, 4.71502719838195 ) );
#2490 = CARTESIAN_POINT( '', ( 7.00000000000000, 21.2901631902915, 4.04145188432738 ) );
#2491 = COLOUR_RGB( '', 0.689999997615814, 0.689999997615814, 0.689999997615814 );
#2492 = COLOUR_RGB( '', 0.689999997615814, 0.689999997615814, 0.689999997615814 );
#2493 = CARTESIAN_POINT( '', ( -7.00000000000000, 21.2901631902917, 4.04145188432738 ) );
#2494 = CARTESIAN_POINT( '', ( -7.00000000000000, 21.2901631902915, 4.04145188432738 ) );
#2495 = CARTESIAN_POINT( '', ( -5.83333333333333, 21.1096792288490, 4.71502719838194 ) );
#2496 = CARTESIAN_POINT( '', ( -4.66666666666667, 21.0000000000000, 5.38860251243651 ) );
#2497 = CARTESIAN_POINT( '', ( -3.50000000000000, 21.0000000000000, 6.06217782649107 ) );
#2498 = CARTESIAN_POINT( '', ( -7.00000000000000, 21.0000000000000, 5.25206093840508E-016 ) );
#2499 = CARTESIAN_POINT( '', ( -7.00000000000000, 21.0000000000000, 1.34983523072123 ) );
#2500 = CARTESIAN_POINT( '', ( -7.00000000000000, 21.1099895569600, 2.69661757677137 ) );
#2501 = CARTESIAN_POINT( '', ( -7.00000000000000, 21.2901631902917, 4.04145188432738 ) );
#2502 = COLOUR_RGB( '', 0.689999997615814, 0.689999997615814, 0.689999997615814 );
#2503 = COLOUR_RGB( '', 0.689999997615814, 0.689999997615814, 0.689999997615814 );
#2504 = COLOUR_RGB( '', 0.689999997615814, 0.689999997615814, 0.689999997615814 );
#2505 = COLOUR_RGB( '', 0.689999997615814, 0.689999997615814, 0.689999997615814 );
#2506 = CARTESIAN_POINT( '', ( -7.00000000000000, 24.0000000000000, 4.04145188432738 ) );
#2507 = VECTOR( '', #2697, 1000.00000000000 );
#2508 = COLOUR_RGB( '', 0.689999997615814, 0.689999997615814, 0.689999997615814 );
#2509 = COLOUR_RGB( '', 0.689999997615814, 0.689999997615814, 0.689999997615814 );
#2510 = COLOUR_RGB( '', 0.689999997615814, 0.689999997615814, 0.689999997615814 );
#2511 = COLOUR_RGB( '', 0.689999997615814, 0.689999997615814, 0.689999997615814 );
#2512 = DIRECTION( '', ( -0.000000000000000, -1.00000000000000, -0.000000000000000 ) );
#2513 = DIRECTION( '', ( -0.000000000000000, -1.00000000000000, -0.000000000000000 ) );
#2514 = CARTESIAN_POINT( '', ( 0.000000000000000, 21.0000000000000, 0.000000000000000 ) );
#2515 = DIRECTION( '', ( -0.000000000000000, 1.00000000000000, 0.000000000000000 ) );
#2516 = DIRECTION( '', ( 0.000000000000000, 0.000000000000000, 1.00000000000000 ) );
#2517 = CARTESIAN_POINT( '', ( 0.000000000000000, 25.0000000000000, 0.000000000000000 ) );
#2518 = DIRECTION( '', ( 0.000000000000000, 1.00000000000000, 0.000000000000000 ) );
#2519 = DIRECTION( '', ( 0.000000000000000, -0.000000000000000, 1.00000000000000 ) );
#2520 = CARTESIAN_POINT( '', ( 0.000000000000000, 25.0000000000000, 0.000000000000000 ) );
#2521 = DIRECTION( '', ( 0.000000000000000, 1.00000000000000, 0.000000000000000 ) );
#2522 = DIRECTION( '', ( 0.000000000000000, -0.000000000000000, 1.00000000000000 ) );
#2523 = CARTESIAN_POINT( '', ( 0.000000000000000, 25.0000000000000, 0.000000000000000 ) );
#2524 = DIRECTION( '', ( -0.000000000000000, 1.00000000000000, 0.000000000000000 ) );
#2525 = DIRECTION( '', ( 0.000000000000000, 0.000000000000000, 1.00000000000000 ) );
#2526 = CARTESIAN_POINT( '', ( 0.000000000000000, 25.0000000000000, 0.000000000000000 ) );
#2527 = DIRECTION( '', ( 0.000000000000000, 1.00000000000000, 0.000000000000000 ) );
#2528 = DIRECTION( '', ( 0.000000000000000, -0.000000000000000, 1.00000000000000 ) );
#2529 = CARTESIAN_POINT( '', ( 0.000000000000000, 25.0000000000000, 0.000000000000000 ) );
#2530 = DIRECTION( '', ( 0.000000000000000, 1.00000000000000, 0.000000000000000 ) );
#2531 = DIRECTION( '', ( 0.000000000000000, -0.000000000000000, 1.00000000000000 ) );
#2532 = CARTESIAN_POINT( '', ( 0.000000000000000, 25.0000000000000, 0.000000000000000 ) );
#2533 = DIRECTION( '', ( 0.000000000000000, 1.00000000000000, 0.000000000000000 ) );
#2534 = DIRECTION( '', ( 0.000000000000000, -0.000000000000000, 1.00000000000000 ) );
#2535 = CARTESIAN_POINT( '', ( 0.000000000000000, 25.0000000000000, 0.000000000000000 ) );
#2536 = DIRECTION( '', ( 0.000000000000000, 1.00000000000000, 0.000000000000000 ) );
#2537 = DIRECTION( '', ( 0.000000000000000, -0.000000000000000, 1.00000000000000 ) );
#2538 = CARTESIAN_POINT( '', ( 0.000000000000000, 43.1000000000000, 0.000000000000000 ) );
#2539 = DIRECTION( '', ( 0.000000000000000, 1.00000000000000, 0.000000000000000 ) );
#2540 = DIRECTION( '', ( 0.000000000000000, -0.000000000000000, 1.00000000000000 ) );
#2541 = CARTESIAN_POINT( '', ( 0.000000000000000, 21.0000000000000, 0.000000000000000 ) );
#2542 = DIRECTION( '', ( -0.000000000000000, 1.00000000000000, 0.000000000000000 ) );
#2543 = DIRECTION( '', ( 0.000000000000000, 0.000000000000000, 1.00000000000000 ) );
#2544 = CARTESIAN_POINT( '', ( 0.000000000000000, 29.0000000000000, 0.000000000000000 ) );
#2545 = DIRECTION( '', ( 0.000000000000000, 1.00000000000000, 0.000000000000000 ) );
#2546 = DIRECTION( '', ( 0.000000000000000, -0.000000000000000, 1.00000000000000 ) );
#2547 = DIRECTION( '', ( -0.000000000000000, -1.00000000000000, -0.000000000000000 ) );
#2548 = DIRECTION( '', ( -0.000000000000000, -1.00000000000000, -0.000000000000000 ) );
#2549 = CARTESIAN_POINT( '', ( 0.000000000000000, 29.0000000000000, 0.000000000000000 ) );
#2550 = DIRECTION( '', ( 0.000000000000000, 1.00000000000000, 0.000000000000000 ) );
#2551 = DIRECTION( '', ( 0.000000000000000, -0.000000000000000, 1.00000000000000 ) );
#2552 = CARTESIAN_POINT( '', ( 0.000000000000000, 48.8000000000000, 0.000000000000000 ) );
#2553 = DIRECTION( '', ( -0.000000000000000, 1.00000000000000, 0.000000000000000 ) );
#2554 = DIRECTION( '', ( 0.000000000000000, 0.000000000000000, 1.00000000000000 ) );
#2555 = CARTESIAN_POINT( '', ( 0.000000000000000, 46.8000000000000, 0.000000000000000 ) );
#2556 = DIRECTION( '', ( -0.000000000000000, 1.00000000000000, 0.000000000000000 ) );
#2557 = DIRECTION( '', ( 0.000000000000000, 0.000000000000000, 1.00000000000000 ) );
#2558 = CARTESIAN_POINT( '', ( 0.000000000000000, 5.00000000000000, 0.000000000000000 ) );
#2559 = DIRECTION( '', ( -0.000000000000000, 1.00000000000000, 0.000000000000000 ) );
#2560 = DIRECTION( '', ( 0.000000000000000, 0.000000000000000, 1.00000000000000 ) );
#2561 = CARTESIAN_POINT( '', ( 0.000000000000000, 0.000000000000000, 0.000000000000000 ) );
#2562 = DIRECTION( '', ( -0.000000000000000, 1.00000000000000, 0.000000000000000 ) );
#2563 = DIRECTION( '', ( 0.000000000000000, 0.000000000000000, 1.00000000000000 ) );
#2564 = CARTESIAN_POINT( '', ( 0.000000000000000, 21.0000000000000, 0.000000000000000 ) );
#2565 = DIRECTION( '', ( -0.000000000000000, 1.00000000000000, 0.000000000000000 ) );
#2566 = DIRECTION( '', ( 0.000000000000000, 0.000000000000000, 1.00000000000000 ) );
#2567 = CARTESIAN_POINT( '', ( 0.000000000000000, 29.0000000000000, 0.000000000000000 ) );
#2568 = DIRECTION( '', ( 0.000000000000000, 1.00000000000000, 0.000000000000000 ) );
#2569 = DIRECTION( '', ( 0.000000000000000, -0.000000000000000, 1.00000000000000 ) );
#2570 = DIRECTION( '', ( -0.000000000000000, -1.00000000000000, -0.000000000000000 ) );
#2571 = DIRECTION( '', ( -0.000000000000000, -1.00000000000000, -0.000000000000000 ) );
#2572 = CARTESIAN_POINT( '', ( 0.000000000000000, 46.8000000000000, 0.000000000000000 ) );
#2573 = DIRECTION( '', ( -0.000000000000000, 1.00000000000000, 0.000000000000000 ) );
#2574 = DIRECTION( '', ( 0.000000000000000, 0.000000000000000, 1.00000000000000 ) );
#2575 = CARTESIAN_POINT( '', ( 0.000000000000000, 45.5730000000000, 0.000000000000000 ) );
#2576 = DIRECTION( '', ( -0.000000000000000, 1.00000000000000, 0.000000000000000 ) );
#2577 = DIRECTION( '', ( 0.000000000000000, 0.000000000000000, 1.00000000000000 ) );
#2578 = CARTESIAN_POINT( '', ( 0.000000000000000, 39.1000000000000, 0.000000000000000 ) );
#2579 = DIRECTION( '', ( 0.000000000000000, 1.00000000000000, 0.000000000000000 ) );
#2580 = DIRECTION( '', ( 0.000000000000000, -0.000000000000000, 1.00000000000000 ) );
#2581 = CARTESIAN_POINT( '', ( 0.000000000000000, 29.0000000000000, 0.000000000000000 ) );
#2582 = DIRECTION( '', ( -0.000000000000000, 1.00000000000000, 0.000000000000000 ) );
#2583 = DIRECTION( '', ( 0.000000000000000, 0.000000000000000, 1.00000000000000 ) );
#2584 = CARTESIAN_POINT( '', ( 0.000000000000000, 43.1000000000000, 0.000000000000000 ) );
#2585 = DIRECTION( '', ( 0.000000000000000, 1.00000000000000, 0.000000000000000 ) );
#2586 = DIRECTION( '', ( 0.000000000000000, -0.000000000000000, 1.00000000000000 ) );
#2587 = CARTESIAN_POINT( '', ( 0.000000000000000, 20.0000000000000, 0.000000000000000 ) );
#2588 = DIRECTION( '', ( -0.000000000000000, 1.00000000000000, 0.000000000000000 ) );
#2589 = DIRECTION( '', ( 0.000000000000000, 0.000000000000000, 1.00000000000000 ) );
#2590 = CARTESIAN_POINT( '', ( 0.000000000000000, 20.0000000000000, 0.000000000000000 ) );
#2591 = DIRECTION( '', ( -0.000000000000000, 1.00000000000000, 0.000000000000000 ) );
#2592 = DIRECTION( '', ( 0.000000000000000, 0.000000000000000, 1.00000000000000 ) );
#2593 = CARTESIAN_POINT( '', ( 0.000000000000000, 39.1000000000000, 0.000000000000000 ) );
#2594 = DIRECTION( '', ( -0.000000000000000, 1.00000000000000, 0.000000000000000 ) );
#2595 = DIRECTION( '', ( 0.000000000000000, 0.000000000000000, 1.00000000000000 ) );
#2596 = CARTESIAN_POINT( '', ( 0.000000000000000, 39.1000000000000, 0.000000000000000 ) );
#2597 = DIRECTION( '', ( 0.000000000000000, 1.00000000000000, 0.000000000000000 ) );
#2598 = DIRECTION( '', ( 0.000000000000000, -0.000000000000000, 1.00000000000000 ) );
#2599 = CARTESIAN_POINT( '', ( 0.000000000000000, 43.1000000000000, 0.000000000000000 ) );
#2600 = DIRECTION( '', ( 0.000000000000000, 1.00000000000000, 0.000000000000000 ) );
#2601 = DIRECTION( '', ( 0.000000000000000, -0.000000000000000, 1.00000000000000 ) );
#2602 = DIRECTION( '', ( -0.000000000000000, -1.00000000000000, -0.000000000000000 ) );
#2603 = DIRECTION( '', ( -0.000000000000000, -1.00000000000000, -0.000000000000000 ) );
#2604 = CARTESIAN_POINT( '', ( 0.000000000000000, 24.0000000000000, 0.000000000000000 ) );
#2605 = DIRECTION( '', ( 0.000000000000000, 1.00000000000000, 0.000000000000000 ) );
#2606 = DIRECTION( '', ( 0.000000000000000, -0.000000000000000, 1.00000000000000 ) );
#2607 = CARTESIAN_POINT( '', ( 0.000000000000000, 48.8000000000000, 0.000000000000000 ) );
#2608 = DIRECTION( '', ( -0.000000000000000, 1.00000000000000, 0.000000000000000 ) );
#2609 = DIRECTION( '', ( 0.000000000000000, 0.000000000000000, 1.00000000000000 ) );
#2610 = DIRECTION( '', ( -0.000000000000000, -1.00000000000000, -0.000000000000000 ) );
#2611 = DIRECTION( '', ( -0.000000000000000, -1.00000000000000, -0.000000000000000 ) );
#2612 = CARTESIAN_POINT( '', ( 0.000000000000000, 8.00000000000000, 0.000000000000000 ) );
#2613 = DIRECTION( '', ( -0.000000000000000, 1.00000000000000, 0.000000000000000 ) );
#2614 = DIRECTION( '', ( 0.000000000000000, 0.000000000000000, 1.00000000000000 ) );
#2615 = CARTESIAN_POINT( '', ( 0.000000000000000, 12.0000000000000, 0.000000000000000 ) );
#2616 = DIRECTION( '', ( -0.000000000000000, 1.00000000000000, 0.000000000000000 ) );
#2617 = DIRECTION( '', ( 0.000000000000000, 0.000000000000000, 1.00000000000000 ) );
#2618 = DIRECTION( '', ( -0.000000000000000, -1.00000000000000, -0.000000000000000 ) );
#2619 = DIRECTION( '', ( -0.000000000000000, -1.00000000000000, -0.000000000000000 ) );
#2620 = CARTESIAN_POINT( '', ( 0.000000000000000, 33.2000000000000, 0.000000000000000 ) );
#2621 = DIRECTION( '', ( -0.000000000000000, 1.00000000000000, 0.000000000000000 ) );
#2622 = DIRECTION( '', ( 0.000000000000000, 0.000000000000000, 1.00000000000000 ) );
#2623 = CARTESIAN_POINT( '', ( 0.000000000000000, 29.0000000000000, 0.000000000000000 ) );
#2624 = DIRECTION( '', ( 0.000000000000000, 1.00000000000000, 0.000000000000000 ) );
#2625 = DIRECTION( '', ( 0.000000000000000, -0.000000000000000, 1.00000000000000 ) );
#2626 = DIRECTION( '', ( -0.000000000000000, -1.00000000000000, -0.000000000000000 ) );
#2627 = CARTESIAN_POINT( '', ( 0.000000000000000, 43.1000000000000, 0.000000000000000 ) );
#2628 = DIRECTION( '', ( 0.000000000000000, 1.00000000000000, 0.000000000000000 ) );
#2629 = DIRECTION( '', ( 0.000000000000000, -0.000000000000000, 1.00000000000000 ) );
#2630 = DIRECTION( '', ( -0.000000000000000, -1.00000000000000, -0.000000000000000 ) );
#2631 = CARTESIAN_POINT( '', ( 0.000000000000000, 24.0000000000000, 0.000000000000000 ) );
#2632 = DIRECTION( '', ( 0.000000000000000, 1.00000000000000, 0.000000000000000 ) );
#2633 = DIRECTION( '', ( 0.000000000000000, -0.000000000000000, 1.00000000000000 ) );
#2634 = CARTESIAN_POINT( '', ( 0.000000000000000, 49.8000000000000, 0.000000000000000 ) );
#2635 = DIRECTION( '', ( -0.000000000000000, 1.00000000000000, 0.000000000000000 ) );
#2636 = DIRECTION( '', ( 0.000000000000000, 0.000000000000000, 1.00000000000000 ) );
#2637 = CARTESIAN_POINT( '', ( 0.000000000000000, 49.8000000000000, 0.000000000000000 ) );
#2638 = DIRECTION( '', ( -0.000000000000000, 1.00000000000000, 0.000000000000000 ) );
#2639 = DIRECTION( '', ( 0.000000000000000, 0.000000000000000, 1.00000000000000 ) );
#2640 = CARTESIAN_POINT( '', ( 0.000000000000000, 39.1000000000000, 0.000000000000000 ) );
#2641 = DIRECTION( '', ( 0.000000000000000, 1.00000000000000, 0.000000000000000 ) );
#2642 = DIRECTION( '', ( 0.000000000000000, -0.000000000000000, 1.00000000000000 ) );
#2643 = CARTESIAN_POINT( '', ( 0.000000000000000, 39.1000000000000, 0.000000000000000 ) );
#2644 = DIRECTION( '', ( 0.000000000000000, 1.00000000000000, 0.000000000000000 ) );
#2645 = DIRECTION( '', ( 0.000000000000000, -0.000000000000000, 1.00000000000000 ) );
#2646 = CARTESIAN_POINT( '', ( 0.000000000000000, 24.0000000000000, 0.000000000000000 ) );
#2647 = DIRECTION( '', ( 0.000000000000000, 1.00000000000000, 0.000000000000000 ) );
#2648 = DIRECTION( '', ( 0.000000000000000, -0.000000000000000, 1.00000000000000 ) );
#2649 = DIRECTION( '', ( -0.000000000000000, -1.00000000000000, -0.000000000000000 ) );
#2650 = CARTESIAN_POINT( '', ( 0.000000000000000, 24.0000000000000, 0.000000000000000 ) );
#2651 = DIRECTION( '', ( 0.000000000000000, 1.00000000000000, 0.000000000000000 ) );
#2652 = DIRECTION( '', ( 0.000000000000000, -0.000000000000000, 1.00000000000000 ) );
#2653 = CARTESIAN_POINT( '', ( 0.000000000000000, 29.0000000000000, 0.000000000000000 ) );
#2654 = DIRECTION( '', ( 0.000000000000000, 1.00000000000000, 0.000000000000000 ) );
#2655 = DIRECTION( '', ( 0.000000000000000, -0.000000000000000, 1.00000000000000 ) );
#2656 = CARTESIAN_POINT( '', ( 0.000000000000000, 18.0000000000000, 0.000000000000000 ) );
#2657 = DIRECTION( '', ( -0.000000000000000, 1.00000000000000, 0.000000000000000 ) );
#2658 = DIRECTION( '', ( 0.000000000000000, 0.000000000000000, 1.00000000000000 ) );
#2659 = CARTESIAN_POINT( '', ( 0.000000000000000, 43.1000000000000, 0.000000000000000 ) );
#2660 = DIRECTION( '', ( 0.000000000000000, 1.00000000000000, 0.000000000000000 ) );
#2661 = DIRECTION( '', ( 0.000000000000000, -0.000000000000000, 1.00000000000000 ) );
#2662 = CARTESIAN_POINT( '', ( 0.000000000000000, 21.0000000000000, 0.000000000000000 ) );
#2663 = DIRECTION( '', ( -0.000000000000000, 1.00000000000000, 0.000000000000000 ) );
#2664 = DIRECTION( '', ( 0.000000000000000, 0.000000000000000, 1.00000000000000 ) );
#2665 = CARTESIAN_POINT( '', ( 0.000000000000000, 21.0000000000000, 0.000000000000000 ) );
#2666 = DIRECTION( '', ( -0.000000000000000, 1.00000000000000, 0.000000000000000 ) );
#2667 = DIRECTION( '', ( 0.000000000000000, 0.000000000000000, 1.00000000000000 ) );
#2668 = CARTESIAN_POINT( '', ( 0.000000000000000, 21.0000000000000, 0.000000000000000 ) );
#2669 = DIRECTION( '', ( -0.000000000000000, 1.00000000000000, 0.000000000000000 ) );
#2670 = DIRECTION( '', ( 0.000000000000000, 0.000000000000000, 1.00000000000000 ) );
#2671 = CARTESIAN_POINT( '', ( 0.000000000000000, 21.0000000000000, 0.000000000000000 ) );
#2672 = DIRECTION( '', ( -0.000000000000000, 1.00000000000000, 0.000000000000000 ) );
#2673 = DIRECTION( '', ( 0.000000000000000, 0.000000000000000, 1.00000000000000 ) );
#2674 = DIRECTION( '', ( -0.000000000000000, -1.00000000000000, -0.000000000000000 ) );
#2675 = CARTESIAN_POINT( '', ( 0.000000000000000, 39.1000000000000, 0.000000000000000 ) );
#2676 = DIRECTION( '', ( 0.000000000000000, 1.00000000000000, 0.000000000000000 ) );
#2677 = DIRECTION( '', ( 0.000000000000000, -0.000000000000000, 1.00000000000000 ) );
#2678 = CARTESIAN_POINT( '', ( 0.000000000000000, 24.0000000000000, 0.000000000000000 ) );
#2679 = DIRECTION( '', ( 0.000000000000000, 1.00000000000000, 0.000000000000000 ) );
#2680 = DIRECTION( '', ( 0.000000000000000, -0.000000000000000, 1.00000000000000 ) );
#2681 = CARTESIAN_POINT( '', ( 0.000000000000000, 43.1000000000000, 0.000000000000000 ) );
#2682 = DIRECTION( '', ( 0.000000000000000, 1.00000000000000, 0.000000000000000 ) );
#2683 = DIRECTION( '', ( 0.000000000000000, -0.000000000000000, 1.00000000000000 ) );
#2684 = CARTESIAN_POINT( '', ( 0.000000000000000, 39.1000000000000, 0.000000000000000 ) );
#2685 = DIRECTION( '', ( 0.000000000000000, 1.00000000000000, 0.000000000000000 ) );
#2686 = DIRECTION( '', ( 0.000000000000000, -0.000000000000000, 1.00000000000000 ) );
#2687 = CARTESIAN_POINT( '', ( 0.000000000000000, 29.0000000000000, 0.000000000000000 ) );
#2688 = DIRECTION( '', ( 0.000000000000000, 1.00000000000000, 0.000000000000000 ) );
#2689 = DIRECTION( '', ( 0.000000000000000, -0.000000000000000, 1.00000000000000 ) );
#2690 = CARTESIAN_POINT( '', ( 0.000000000000000, 24.0000000000000, 0.000000000000000 ) );
#2691 = DIRECTION( '', ( -0.000000000000000, 1.00000000000000, 0.000000000000000 ) );
#2692 = DIRECTION( '', ( 0.000000000000000, 0.000000000000000, 1.00000000000000 ) );
#2693 = CARTESIAN_POINT( '', ( 0.000000000000000, 43.1000000000000, 0.000000000000000 ) );
#2694 = DIRECTION( '', ( -0.000000000000000, 1.00000000000000, 0.000000000000000 ) );
#2695 = DIRECTION( '', ( 0.000000000000000, 0.000000000000000, 1.00000000000000 ) );
#2696 = DIRECTION( '', ( -0.000000000000000, -1.00000000000000, -0.000000000000000 ) );
#2697 = DIRECTION( '', ( -0.000000000000000, -1.00000000000000, -0.000000000000000 ) );
ENDSEC;
END-ISO-10303-21;
