:020000040800F2
:10000000806A00202903000805620008C158000822
:1000100011610008D9070008F5B1000800000000D0
:10002000000000000000000000000000690200085D
:100030002B13000800000000C502000865A5000899
:100040004303000843030008430300084303000878
:100050004303000843030008430300084303000868
:10006000430300084303000843030008811100080C
:10007000430300089111000843030008A111000880
:10008000B1110008C1110008430300084303000830
:100090002508000843030008430300084303000841
:1000A0004303000843030008430300084303000818
:1000B0004303000843030008F1A6000843030008B7
:1000C00043030008430300084303000843030008F8
:1000D000499F000809B00008A1B0000843030008C8
:1000E00043030008430300084303000843030008D8
:1000F000430300084303000843030008D11100082C
:10010000430300084303000801A700084303000855
:1001100071A80008C1A800084303000843030008B1
:1001200043030008E1110008F1110008430300082F
:100130004303000843030008430300084303000887
:100140007D08000843030008430300084303000838
:10015000430300080112000811120008A5B10008AD
:100160004303000843030008430300084303000857
:100170004303000843030008430300080000000095
:10018000430300084303000800F002F800F05CF8A5
:100190000AA090E8000C82448344AAF10107DA45E2
:1001A00001D100F051F8AFF2090EBAE80F0013F0D8
:1001B000010F18BFFB1A43F001031847181901007B
:1001C000381901000A444FF0000C10F8013B13F0FD
:1001D000070408BF10F8014B1D1108BF10F8015BA0
:1001E000641E05D010F8016B641E01F8016BF9D193
:1001F00013F0080F1EBF10F8014BAD1C0C1B09D1EA
:100200006D1E58BF01F801CBFAD505E014F8016B5B
:1002100001F8016B6D1EF9D59142D6D370470000ED
:100220000023002400250026103A28BF78C1FBD8FF
:10023000520728BF30C148BF0B6070471FB511F08F
:1002400070F91FBD10B510BD00F0E4F91146FFF7BD
:10025000F5FF0DF089FB00F002FA03B4FFF7F2FF9F
:1002600003BC00F005FA00002C4B19680868B0E8E0
:10027000F04F80F30988BFF36F8F4FF0000080F3D9
:10028000118870470000000008480068006880F38B
:1002900008884FF0000080F3148862B661B6BFF39F
:1002A0004F8FBFF36F8F00DF00BF00BF08ED00E08E
:1002B000DFF80C00016841F470010160704700BF75
:1002C00088ED00E0EFF30980BFF36F8F134B1A68DE
:1002D0001EF0100F08BF20ED108A20E9F04F1060CB
:1002E00009B44FF0500080F31188BFF34F8FBFF374
:1002F0006F8F0FF087FB4FF0000080F3118809BC6F
:1003000019680868B0E8F04F1EF0100F08BFB0EC95
:10031000108A80F30988BFF36F8F70473C0000207C
:10032000EFF30580704700000948804709480047FF
:10033000FEE7FEE7FEE7FEE7FEE7FEE7FEE7FEE795
:10034000FEE7FEE704480549054A064B70470000F2
:1003500031A600088901000880640020806A00201E
:10036000806600208066002053EA020C00F069805D
:100370002DE9F04B4FF00006002B1FBFB3FA83F5B9
:1003800003FA05F424FA05F65E4012BF1643B2FAEA
:1003900082F502FA05F4C5F120051EBF22FA05FC1C
:1003A00044EA0C04203556EA044C4FEA144418BFC2
:1003B000641C4FF000084FF00009904271EB030CF1
:1003C00039D3002919BFB1FA81F701FA07F6B0FA5B
:1003D00080F700FA07F6C7F120071EBF20FA07FCD6
:1003E00046EA0C062037B6FBF4FCA7EB0507103FE6
:1003F00007F01F0BCBF120060CFA0BFB2CFA06F6CC
:1004000044BFB3460026202FA4BF5E464FF0000B2A
:100410005BEA060C08BF4FF0010B19EB0B09ABFBB5
:10042000027C48EB0608C01B06FB02CC0BFB03CC8E
:1004300071EB0C01C1E70B46024641464846BDE858
:10044000F08B13B54FF000004FF00001AFF30080C8
:10045000BDE81C407047032A40F2308010F0030CC6
:1004600000F0158011F8013BBCF1020F624498BF07
:1004700011F801CB00F8013B38BF11F8013BA2F1A4
:10048000040298BF00F801CB38BF00F8013B11F01F
:10049000030300F02580083AC0F0088051F8043BBF
:1004A000083A51F804CBA0E80810F5E7121D5CBF2C
:1004B00051F8043B40F8043BAFF30080D20724BF5F
:1004C00011F8013B11F801CB48BF11F8012B24BFF3
:1004D00000F8013B00F801CB48BF00F8012B704742
:1004E00010B5203AC0F00B80B1E81850203AA0E8CF
:1004F0001850B1E81850A0E81850BFF4F5AF5FEA03
:10050000027C24BFB1E81850A0E8185044BF18C9B5
:1005100018C0BDE810405FEA827C24BF51F8043B5C
:1005200040F8043B08BF7047D20728BF31F8023BB0
:1005300048BF11F8012B28BF20F8023B48BF00F844
:10054000012B704702F0FF0343EA032242EA024212
:1005500000F002B84FF000020429C0F0128010F041
:10056000030C00F01B80CCF1040CBCF1020F18BF8F
:1005700000F8012BA8BF20F8022BA1EB0C0100F022
:100580000DB85FEAC17C24BF00F8012B00F8012BF5
:1005900048BF00F8012B70474FF0000200B513462A
:1005A00094469646203922BFA0E80C50A0E80C5093
:1005B000B1F12001BFF4F7AF090728BFA0E80C5044
:1005C00048BF0CC05DF804EB890028BF40F8042B3D
:1005D00008BF704748BF20F8022B11F0804F18BFAA
:1005E00000F8012B704770477047704710B500F056
:1005F00009F8006810BD10B5044600F003F8046067
:1006000010BD00000048704720640020004870477B
:10061000206400207546FFF7F9FFAE4605006946E5
:10062000534620F00700854618B020B5FFF78AFE34
:10063000BDE820404FF000064FF000074FF00008E3
:100640004FF0000B21F00701AC46ACE8C009ACE864
:10065000C009ACE8C009ACE8C0098D46704710B5C8
:100660000446AFF300802046BDE81040FFF7F5BD1B
:1006700001491820ABBEFEE726000200704710B506
:10068000026842600160D0E90023D21A82604269A8
:1006900002EBD2748368B3EB640F04DD43698268B4
:1006A000D21A82600BE0426902EBD2735B105B42AC
:1006B0008468A34203DD436982681A448260D0E9FA
:1006C00002321A44C26010BD10B52DED048B3548BE
:1006D00090ED080A344880ED000A324890ED1B0A7C
:1006E000324880ED000A304890ED000ADFED300A14
:1006F00030EEC00A2F4880ED000A2C4890ED000A29
:10070000DFED2D0A30EEC00A2C4880ED000A2948A2
:10071000D0ED000A294890ED000A0BF051F8DFED0A
:10072000280A80EE201A9FED270A31EE400A26485B
:1007300080ED000A19E0244890ED000AB5EEC00AE9
:10074000F1EE10FA08DB90ED000ADFED200A30EE42
:10075000600A80ED000A08E01B4890ED000ADFED1A
:100760001B0A30EE200A80ED000A1748006810F0DE
:1007700067FE41EC190BB0EE490AF0EE690A0BF086
:1007800083FAB0EE408AF0EE608A9FED110B53ECD5
:10079000102B51EC180B10F05BFCCCD9BDEC048B8A
:1007A00010BD000058020020A8060020AC06002062
:1007B0000000C842A006002000002F45A40600202B
:1007C00035FA8E3C0000B442540600200000B443C9
:1007D000000000000080664000BFFEE710B58AB050
:1007E00004460020059006900120079047F6FE7011
:1007F0000090002001900290039004900E20099038
:10080000012008906946064801F052FF044802F0B2
:10081000F2FC0221024801F035FF0AB010BD0000D1
:100820008407002010B5024802F09FF810BD0000B8
:100830008407002010B58AB004460E2005900020E1
:1008400006900120079047F6FE700090002001906E
:100850000290039004901C200990012008906946A2
:10086000054801F025FF044802F0C5FC02210248BA
:1008700001F008FF0AB010BDAC07002010B5024817
:1008800002F073F810BD0000AC07002010B502465E
:100890000020936803F08063B3F1806F00D110E013
:1008A000936803F00063B3F1006F01D1012008E009
:1008B000936803F08053B3F1805F01D1022000E020
:1008C000042004287ED002F5C07303EB00131B68DC
:1008D00003F0010402F5C07303EB00131C600B7AF4
:1008E0007BB94B7A0C8843EA445302F5C07404EB9D
:1008F00000142468234302F5C07404EB0014236041
:1009000010E00B7A4C6843EAC4034C7A234302F5A7
:10091000C07404EB00142468234302F5C07404EB94
:10092000001423608B7A03F00F038B7202F5C073FF
:1009300003EB00135B6823F00F0402F5C07303EBB5
:1009400000135C6002F5C07303EB00135B688C7AE4
:10095000234302F5C07404EB0014636002F5C07316
:1009600003EB00135B6823F4807402F5C07303EBA0
:1009700000135C608B7B1C064B7B44EA03440B7BBF
:1009800044EA0323CC7A234302F5C07404EB001439
:10099000A3608B7C1C064B7C44EA03440B7C44EA3A
:1009A0000323CC7B234302F5C07404EB0014E36003
:1009B00002F5C07303EB00131B6843F0010402F55A
:1009C000C07300E002E003EB00131C6010BD0000E8
:1009D0002DE9F0472DED0C8B8046894614461D46C7
:1009E000149EDDED159A169F9DED17AAB3EE0E0A23
:1009F000F0EE40AAB8F81200A0F6CC0000EE100A03
:100A0000B8EEC00AB0EE409A204610F0D3F941EC9F
:100A10001B0B19EE100A10F013FD41EC1D0BB0EE8C
:100A20004D0AF0EE6D0A0BF02FF9B0EE40CAF0EE71
:100A300060CA53EC1B2B51EC1C0B10F0CFF905D204
:100A40009FED820A824880ED020A30E0B5EEC09A3E
:100A5000F1EE10FA13DD00EE104AB8EE400A79EE1E
:100A6000400A00EE105AB8EEC00A20EE800ADFED10
:100A7000790A80EE201A764880ED021A17E0B5EE6A
:100A8000C09AF1EE10FA12D200EE104AB8EE400A07
:100A900079EE000A00EE105AB8EEC00A20EE800A85
:100AA000DFED6D0A80EE201A694880ED021AB8F871
:100AB0001400A0F2AC7000EE100AB8EEC08A304606
:100AC00010F078F941EC1B0B18EE100A10F0B8FC8E
:100AD00041EC1D0BB0EE4D0AF0EE6D0A0BF0D4F8B0
:100AE000B0EE40CAF0EE60CA53EC1B2B51EC1C0B6D
:100AF00010F074F905D29FED550A584880ED020AAE
:100B00002CE0B5EEC08AF1EE10FA11DD00EE106AAD
:100B1000B8EE400A38EE400AF8EEE90A20EE200A64
:100B2000DFED4F0A80EE201A4C4880ED021A15E0E6
:100B3000B5EEC08AF1EE10FA10D200EE106AB8EEEF
:100B4000400A38EE000AF8EEE90A20EE200ADFED4E
:100B5000450A80EE201A414880ED021AB8F81600C6
:100B6000A0F5076000EE100AF8EEC08A384610F0D3
:100B700021F941EC1B0B18EE900A10F061FC41ECDE
:100B80001D0BB0EE4D0AF0EE6D0A0BF07DF8B0EEE5
:100B900040CAF0EE60CA53EC1B2B51EC1C0B10F05A
:100BA0001DF905D29FED290A2F4880ED020A2CE09D
:100BB000F5EEC08AF1EE10FA11DD00EE107AB8EE13
:100BC000400A38EEC00AF8EECA0A20EE200ADFED2D
:100BD000270A80EE201A244880ED021A15E0F5EE6F
:100BE000C08AF1EE10FA10D200EE107AB8EE400A88
:100BF00038EE800AF8EECA0A20EE200ADFED1C0A61
:100C000080EE201A184880ED021A114804F07EFF89
:100C1000124804F07BFF144804F078FF0C4890ED74
:100C2000010A89ED010A0D4890ED010AB1EE400A72
:100C300089ED020A0C4890ED010AB1EE400A89EDF7
:100C4000030ABDEC0C8BBDE8F0870000000000003B
:100C5000B40600200060E64400600145C80600209C
:100C600000D004450080ED44DC0600200060F14423
:100C70000080FC4491F83425654B1B789A421FDDB7
:100C800001F2E442624B1B7802EB830292ED000A10
:100C9000604AD2ED000AB4EEE00AF1EE10FA0FD885
:100CA0005B4A1278521C5A4B1A700023C0F80C3160
:100CB0009FED590A80ED0B0A9FED570A80ED1E0A41
:100CC00091F83525554B1B789A421BDD01F20C52E9
:100CD000524B1B7802EB830292ED000A504AD2ED90
:100CE000000AB4EEE00AF1EE10FA0BD84B4A127883
:100CF000521C4A4B1A700023C0F814319FED460A6B
:100D000080ED310A91F83425414B1B789A427DD110
:100D1000444A12784AB1434A1278012A76D191F8AE
:100D200035253E4B1B789A4270D13A4A92ED000A23
:100D3000DFED3D0AB4EEE00AF1EE10FA51D2344A8A
:100D40001278521E02EB420201EBC20292ED000A3F
:100D50002F4A1278521E02EB420301F1F00202EB1D
:100D6000C302D2ED000A30EE200A80ED070A284ABD
:100D70001278521E02EB420201EBC20292ED010A0E
:100D8000234A1278521E02EB420301F1F00202EBF9
:100D9000C302D2ED010A30EE200A80ED1A0A1F4A82
:100DA0001278521E01F5707303EB820292ED000A75
:100DB0001A4A1278521E283303EB8202D2ED000A3F
:100DC00030EE200A80ED2D0A9FED130A80ED400AD7
:100DD0009FED110A80ED410A9FED0F0A80ED420A56
:100DE00014E000220A4B1A700C4B1A700023C0F852
:100DF0000C31C0F81431C0F8103101220B4B1A70BD
:100E000002220B4B1A7001220A4B1A707047000025
:100E10005106002024060020000000005206002099
:100E20002806002050060020CDCCCC3D8E030020AB
:100E3000580200208F030020F0EE401AF4EEE01A72
:100E4000F1EE10FA02D2B0EE600A7047F4EEC11A69
:100E5000F1EE10FA02DDB0EE410AF6E7B0EE610AFB
:100E6000F3E7000088B000BF104880781049C870D0
:100E70000E4801790E4801710C4801780C48417107
:100E80000A300C494A6802608A684260C968816019
:100E90001C22074901A8FFF7DEFA1C2201A9064817
:100EA00004F04AFC01200EF0CDFCDDE774030020C5
:100EB0009B030020F85E00200409002070B52DED92
:100EC0000C8B05460C46B0EE408A284600F0A8F888
:100ED000204600F0A5F8B0EE480A0AF02DFED5ED48
:100EE000000A60EE208AB0EE480A0BF065FDD5EDF1
:100EF000010A40EE808AC4ED008AB0EE480A0BF089
:100F00005BFDD5ED000AF1EE600A60EE208AB0EEDE
:100F1000480A0AF011FED5ED010A40EE808AC4EDC0
:100F2000018A94ED000A10EE101A084610F088FAB3
:100F300041EC1D0B9FED1F1BB0EE4D0AF0EE6D0A4C
:100F40000AF0AEFEB0EE40BAF0EE60BA94ED000AE0
:100F500010EE101A084610F073FA41EC1D0B9FEDCD
:100F6000151BB0EE4D0AF0EE6D0A0AF099FEB0EED8
:100F700040CAF0EE60CA53EC1B2B51EC1C0B0FF077
:100F800083FC41EC1A0BB0EE4A0AF0EE6A0A0BF051
:100F9000DBFDB0EE409AF0EE609A51EC190B0FF0C9
:100FA00041FCE06095ED020A84ED020ABDEC0C8B79
:100FB00070BD0000000000000000004000BFDFED39
:100FC000150AB4EEE00AF1EE10FA06DBDFED120AC4
:100FD00070EE600AB0EE600A0CE0DFED100AB4EECD
:100FE000E00AF1EE10FA05D2DFED0B0A70EE200AEE
:100FF000B0EE600ADFED070AB4EEE00AF1EE10FA97
:10100000DDDADFED060AB4EEE00AF1EE10FAD6D32F
:1010100070470000DB0F4940DB0FC940DB0F49C0C0
:1010200010B52DED088B0446207D012820D1D4ED8C
:10103000040A9FED4D1A60EE810AB0EE600A0AF0D4
:101040007BFDD4ED030A20EE200A84ED000AD4EDE6
:10105000040A9FED451A60EE810AB0EE600A0BF0BB
:10106000ABFCD4ED030A20EE200A84ED010A78E0FF
:10107000207D002875D194ED011AF0EE410A94ED1F
:10108000001AB0EE410A01F04BFA84ED030A94ED28
:10109000010A10EE101A084610F0D2F941EC190BB3
:1010A000B0EE490AF0EE690A0AF0EEFDB0EE408AB1
:1010B000F0EE608A9FED2D0B53EC102B51EC180BCA
:1010C0000FF08CFE20D294ED000A10EE101A0846A4
:1010D00010F0B6F941EC190BB0EE490AF0EE690ACE
:1010E0000AF0D2FDB0EE408AF0EE608A9FED1F0B51
:1010F00053EC102B51EC180B0FF070FE04D29FED47
:101100001D0A84ED040A2CE094ED000A10EE101A7A
:10111000084610F095F941EC1A0B94ED010A10EE17
:10112000101A084610F08CF941EC1B0BB0EE4A1A6D
:10113000F0EE6A1AB0EE4B0AF0EE6B0A0AF040FAD3
:10114000B0EE409AF0EE609A9FED0B0B53EC102B33
:1011500051EC190B0FF054FC41EC180B0FF062FB33
:101160002061BDEC088B10BD35FA8E3CF168E38838
:10117000B5F8E43E00000000000000A046DF913F0B
:1011800010B5024802F0D8F810BD00009C0A0020FB
:1011900010B5024802F0D0F810BD0000DC090020B4
:1011A00010B5024802F0C8F810BD00003C0A00204B
:1011B00010B5024802F0C0F810BD00001C0C002061
:1011C00010B5024802F0B8F810BD00007C0C0020F9
:1011D00010B5024802F0B0F810BD0000FC0A002073
:1011E00010B5024802F0A8F810BD0000DC0C002089
:1011F00010B5024802F0A0F810BD00005C0B002002
:1012000010B5024802F098F810BD00003C0D002017
:1012100010B5024802F090F810BD0000BC0B002091
:101220000146087810381823B0FBF3F20848805CB8
:10123000C865032A05D908686FF30900001D886591
:1012400003E008686FF309008865886D7047000047
:101250006C170108014600208A6A8B69CBB932B14C
:10126000012A0DD0022A03D0032A10D10EE000BFBC
:10127000CB6A03F08073B3F1807F00D1012007E0D7
:10128000CB6AB3F1C07F00D1012001E000E000BFD4
:1012900034E08B69B3F5005F1AD132B1012A07D06F
:1012A000022A03D0032A11D10AE000BF01200EE078
:1012B000CB6A03F08073B3F1807F00D1012006E098
:1012C000CB6AB3F1C07F00D1012000E000BF15E080
:1012D00032B1012A05D0022A04D0032A0CD103E03E
:1012E00000BF00BF012008E0CB6A03F08073B3F1B8
:1012F000807F00D1012000E000BF00BF704730B503
:101300000468246824F4802405682C600468636001
:101310008468402C04D10468A2600468E16003E0A2
:101320000468A1600468E26030BD704710B52DED1F
:10133000048BDB48007808287ED2DFE800F0041B2D
:10134000A7FDFCFBFAF99FEDD70AD74880ED000A0C
:101350009FEDD60AD64880ED000AD648006840F0D6
:101360000100D4490860084608F0C2FE0120CC49BB
:10137000087091E1D048007830B902F0D1FACF4935
:1013800008600120CC49087002F0CAFACB4909680C
:10139000401AB0F5966F5BD2C94890ED0A0ADFEDAE
:1013A000C10A30EE600A10EE101A084610F048F834
:1013B00041EC190BB0EE490AF0EE690A0AF064FC40
:1013C000B0EE408AF0EE608A9FEDBE0B53EC102B1E
:1013D00051EC180B0FF002FD57D2BC4890ED0A0AF1
:1013E000DFEDB20A30EE600A10EE101A084610F077
:1013F00027F841EC190BB0EE490AF0EE690A0AF041
:1014000043FCB0EE408AF0EE608A9FEDAE0B53ECE9
:10141000102B51EC180B0FF0E1FC36D202F080FAE1
:10142000A6490968401AB0F5967F2ED9A1480068F0
:1014300020F001009F4900E02DE10860084608F017
:1014400057FE02209649087000209B4908701CE056
:101450009848006820F0010096490860084608F0A6
:1014600047FE9FED9B0A904880ED000A9FED980A89
:101470008F4880ED000A4FF496700EF0E3F90620D5
:101480008749087000208C49087005E18C4890ED70
:101490000A0ADFED840A30EE600A10EE101A0846E0
:1014A0000FF0CEFF41EC190BB0EE490AF0EE690ADD
:1014B0000AF0EAFBB0EE408AF0EE608A9FED850B01
:1014C00053EC102B51EC180B0FF0C2FD20D37F48CA
:1014D00090ED0A0ADFED750A30EE600A10EE101A80
:1014E00008460FF0ADFF41EC190BB0EE490AF0EEE3
:1014F000690A0AF0C9FBB0EE408AF0EE608A9FEDFF
:10150000750B53EC102B51EC180B0FF0A1FD15D2FD
:1015100032200EF097F99FED710A634880ED000AC2
:101520009FED6F0A624880ED000A03205C4904E0E9
:10153000B0E098E096E048E001E00870ACE0604878
:1015400090ED0A0ADFED650A30EE600A10EE101A1F
:1015500008460FF075FF41EC190BB0EE490AF0EEAA
:10156000690A0AF091FBB0EE408AF0EE608A9FEDC6
:101570005D0B53EC102B51EC180B0FF02FFC23D20A
:10158000524890ED0A0ADFED560A30EE600A10EE7E
:10159000101A08460FF054FF41EC190BB0EE490A3F
:1015A000F0EE690A0AF070FBB0EE408AF0EE608A55
:1015B0009FED4C0B53EC102B51EC180B0FF00EFC65
:1015C00002D204203649087066E03B48007830B902
:1015D00002F0A6F93949086001203749087002F085
:1015E0009FF936490968401AB0F5966F20D23F48F6
:1015F0000078012835D178200EF024F92D480068B4
:1016000040F001002B490860084608F071FD9FED8D
:10161000380A254880ED000A9FED350A244880ED00
:10162000000A05201E49087000202349087018E0B0
:101630002048006840F001001E490860084608F094
:1016400057FD9FED2B0A184880ED000A9FED280AF0
:10165000174880ED000A072011490870002016493C
:10166000087019E018E01348006840F001001149C3
:101670000860084608F03CFD9FED1D0A0A4880ED11
:10168000000A9FED1B0A0A4880ED000A0720044962
:10169000087001E000E000BF00BFBDEC048B10BD8E
:1016A000C604002000C0DAC5D80500200060D1C5FE
:1016B000DC050020F80600207C07002080070020C1
:1016C000C80400200000000000C072400405002093
:1016D0000000FAC3000000000000794000007A45D5
:1016E00000806D450000000000408F40E6050020AE
:1016F0000000000010B517480078052827D2DFE861
:1017000000F003040E1B250022E00020124908709F
:1017100000211248817102200E49087018E0FFF77D
:1017200005FE0D480078052805D100200C490870F9
:101730000320084908700BE004F0C4F8084800785A
:10174000032802D104200349087001E000E000BF33
:1017500000BF10BDE3050020C60400209B0300204D
:10176000E205002010B5FE48007800287ED0FD4834
:10177000007814287BD2DFE810F014008400F20017
:101780006001CE015902C70225035F039903D30309
:101790002E046804A504DF04190553058D05C7054B
:1017A0000106F1480078012803D0EF4800780028AE
:1017B00066D1FFF7BBFDED48007805280ED1EC4857
:1017C000007858B94FF4FA700EF03CF80020E74961
:1017D0000870E7480078401CE5490870E348007845
:1017E000072811D1E248007870B90720DD49087058
:1017F0000020DE490870DF490870DF490870DC48C6
:101800000078401CDA490870D848007805281ED1B5
:10181000D748007801281AD19FEDD80AD84880ED22
:10182000000A9FEDD60A80ED010A9FEDD60A80EDF1
:10183000020A012008F070FB64200EF003F801207A
:10184000C84908700020C9490870C9490870C748CC
:101850000078072814D1C6480078012810D1082044
:10186000C04908700020C149087001E0FEE3FEE3B2
:10187000C04908700120C04908700020BC490870A8
:1018800041E2B9480078012803D0B7480078002821
:1018900064D1FFF74BFDB548007805280ED1B44858
:1018A000007858B94FF4FA700DF0CCFF0020AF4922
:1018B0000870AF480078401CAD490870AB4800780C
:1018C000072812D1AA48007878B90920A5490870DC
:1018D0000020A6490870A74908700120A649087091
:1018E000A3480078401CA2490870A0480078052849
:1018F0001ED19F48007801281AD19FEDA00AA04868
:1019000080ED000A9FEDA00A80ED010A9FED9D0A7F
:1019100080ED020A012008F0FFFA64200DF092FF2A
:101920000220904908700020904908709049087082
:101930008E480078072811D18D48007801280DD1F4
:101940000A20884908700020884908708949087071
:1019500002208949087000208549087090E7824874
:101960000078012803D080480078002864D1FFF770
:10197000DDFC7E48007805280ED17D48007858B9F6
:101980004FF4FA700DF05EFF002078490870784837
:101990000078401C7649087074480078072812D1F6
:1019A0007348007878B90B206E49087000206F49A1
:1019B00008707049087002206F4908706C48007800
:1019C000401C6B4908706948007805281ED168489A
:1019D000007801281AD19FED6D0A694880ED000A50
:1019E0009FED690A80ED010A9FED660A80ED020A0B
:1019F000012008F091FA64200DF024FF03205949DA
:101A000008700020594908705949087057480078F3
:101A1000072811D15648007801280DD10C205149D2
:101A2000087000205149087052490870032052493B
:101A3000087000204E49087022E74B4800780128C2
:101A400003D049480078002864D1FFF76FFC47486D
:101A5000007805280ED14648007858B94FF4FA703E
:101A60000DF0F0FE00204149087041480078401C0C
:101A70003F4908703D480078072812D13C4800785B
:101A800078B90D2037490870002038490870394965
:101A9000087003203849087035480078401C3449E4
:101AA00008703248007805281ED131480078012896
:101AB0001AD19FED370A324880ED000A9FED320AB5
:101AC00080ED010A9FED2F0A80ED020A012008F047
:101AD00023FA64200DF0B6FE04202249087000208D
:101AE000224908702249087020480078072811D13F
:101AF0001F48007801280DD10E201A4908700020D7
:101B00001A4908701B49087004201B4908700020FE
:101B100017490870B4E614480078012803D0124829
:101B2000007800287ED1FFF701FC104800780528D6
:101B30000ED10F48007858B94FF4FA700DF082FEBC
:101B400000200A4908700A480078401C08490870BB
:101B50000648007807282DD10548007850BB19E0C9
:101B6000F5050020E00500208E030020C6040020BB
:101B7000BD000020BE000020E105002000002F4431
:101B8000E45D00200000000000001645000096C43F
:101B900000C041C50F20FE4908700020FD490870B3
:101BA000FD4908700420FD490870FD480078401C7C
:101BB000FB490870F748007805281ED1F8480078DE
:101BC00001281AD19FEDF70AF74880ED000A9FED32
:101BD000F70A80ED010A1FED150A80ED020A0120C7
:101BE00008F09AF964200DF02DFE0520E8490870F0
:101BF0000020E8490870EA490870E648007807289C
:101C000013D1E748007801280FD11020E04908706F
:101C10000020E0490870E04908700520DF4908709D
:101C2000002000E001E0DE49087029E6E048007885
:101C3000012803D0DE480078002864D1FFF776FB46
:101C4000D448007805280ED1D548007858B94FF40B
:101C5000FA700DF0F7FD0020CE490870D0480078EA
:101C6000401CCF490870CB480078072812D1CC48D7
:101C7000007878B91120C64908700020C54908705D
:101C8000C54908700520C5490870C5480078401C42
:101C9000C3490870BF48007805281ED1C0480078A5
:101CA00001281AD19FEDC30ABF4880ED000A9FEDBD
:101CB000C20A80ED010A1FED4D0A80ED020A0120E3
:101CC00008F02AF964200DF0BDFD0620B049087027
:101CD0000020B0490870B2490870AE480078072863
:101CE00011D1AF48007801280DD11220A849087001
:101CF0000020A8490870A84908700620A749087064
:101D00000020A749087093E3A9480078012802D071
:101D1000A7480078E8BBFFF709FB9E480078052834
:101D20000ED19F48007858B94FF4FA700DF08AFD33
:101D30000020984908709A480078401C984908701B
:101D400094480078072812D19548007878B9132074
:101D50008F49087000208F4908708F49087006204D
:101D60008E4908708E480078401C8D49087089485B
:101D70000078052803D087480078072821D18848B3
:101D8000007801281DD11FED810A874880ED000AE7
:101D900000E016E01FED850A80ED010A1FED870ABD
:101DA00080ED020A012008F0B7F864200DF04AFD2A
:101DB0000020824908707649087076490870784991
:101DC000087035E37448007890B99FED7D0A764835
:101DD00080ED000A1FED950A80ED010A1FED970ABC
:101DE00080ED020A012008F097F801206A49087086
:101DF0006F48007801281ED16748007801281AD161
:101E000070480078012816D164200DF01BFD1FEDED
:101E1000A30A654880ED000A1FEDA60A80ED010ABD
:101E20001FEDA80A80ED020A012008F075F85B4852
:101E3000007857490870FBE25748007890B99FED49
:101E4000600A594880ED000A1FEDB20A80ED010AD0
:101E50001FEDB40A80ED020A012008F05DF80120B0
:101E60004D4908705248007801281ED14A48007830
:101E700001281AD153480078012816D164200DF0AA
:101E8000E1FC1FEDC20A484880ED000A1FEDC50ABB
:101E900080ED010A1FEDC50A80ED020A012008F05D
:101EA0003BF83E4800783A490870C1E23A48007869
:101EB00090B99FED450A3C4880ED000A1FEDD10A1C
:101EC00080ED010A1FEDD10A80ED020A012008F021
:101ED00023F80120304908703548007801281ED1C8
:101EE0002D48007801281AD136480078012816D1EB
:101EF00064200DF0A7FC1FEDDF0A2B4880ED000ADF
:101F00001FEDE20A80ED010A1FEDE20A80ED020AF0
:101F1000012008F001F8214800781D49087087E287
:101F20001D48007890B99FED280A1F4880ED000AEF
:101F30001FEDEE0A80ED010A1FEDEE0A80ED020AA8
:101F4000012007F0E9FF01201349087018480078C4
:101F500001283FD11048007801283BD1194800786A
:101F6000012837D164200DF06DFC1FEDFC0A0E48EE
:101F700080ED000A1FEDFC0A80ED010A9FED130AB7
:101F800080ED020A012007F0C7FF044800781FE037
:101F9000E0050020C6040020BE000020E10500206E
:101FA000BD000020000048C5E45D00200000FA43A9
:101FB0008E03002000401CC500004843F5050020AA
:101FC0000000AF44E6050020000096440000000039
:101FD000FE4908702CE2FE48007890B91FED060A11
:101FE000FC4880ED000A9FEDFC0A80ED010A1FED20
:101FF000090A80ED020A012007F08EFF0120F44952
:102000000870F648007801281ED1F14800780128B0
:102010001AD1F3480078012816D164200DF012FC83
:102020009FEDF00AEB4880ED000A9FEDEB0A80ED92
:10203000010A1FED1A0A80ED020A012007F06CFF69
:10204000E9480078E1490870F2E1E1480078A8B970
:102050001FED230ADF4880ED000A9FEDDF0A80EDC7
:10206000010A1FED260A80ED020A01E0E1E1DEE14E
:10207000012007F051FF0120D5490870D7480078AA
:1020800001281ED1D248007801281AD1D4480078FE
:10209000012816D164200DF0D5FB9FEDD40ACD4860
:1020A00080ED000A9FEDCC0A80ED010A1FED390A90
:1020B00080ED020A012007F02FFFCB480078C349CA
:1020C0000870B5E1C248007890B99FEDC80AC148D0
:1020D00080ED000A9FEDC60A80ED010A1FED450A5A
:1020E00080ED020A012007F017FF0120B8490870AF
:1020F000BA48007801281ED1B548007801281AD1C5
:10210000B7480078012816D164200DF09BFB9FEDA5
:10211000B70AB04880ED000A9FEDAF0A80ED010AD2
:102120001FED560A80ED020A012007F0F5FEAE48C9
:102130000078A64908707BE1A548007890B99FED2A
:10214000AB0AA44880ED000A9FEDA90A80ED010AC0
:102150001FED620A80ED020A012007F0DDFE01207A
:102160009B4908709D48007801281ED19848007846
:1021700001281AD19A480078012816D164200DF060
:1021800061FB9FED9C0A934880ED000A9FED920A47
:1021900080ED010A1FED730A80ED020A012007F0AD
:1021A000BBFE914800788949087041E18848007871
:1021B00090B99FED910A874880ED000A9FED860A4D
:1021C00080ED010A1FED7F0A80ED020A012007F071
:1021D000A3FE01207E4908708048007801281ED1A6
:1021E0007B48007801281AD17D480078012816D153
:1021F00064200DF027FB9FED7F0A764880ED000AF2
:102200009FED750A80ED010A1FED900A80ED020A2C
:10221000012007F081FE744800786C49087007E1DE
:102220006B48007890B99FED740A6A4880ED000A07
:102230009FED690A80ED010A1FED9C0A80ED020AFC
:10224000012007F069FE01206149087063480078A9
:1022500001281ED15E48007801281AD16048007814
:10226000012816D164200DF0EDFA1FEDB20A59488D
:1022700080ED000A1FEDB30A80ED010A1FEDAD0AE3
:1022800080ED020A012007F047FE574800784F49C9
:102290000870CDE04E48007890B99FED580A4D483F
:1022A00080ED000A1FEDBF0A80ED010A1FEDB90A9B
:1022B00080ED020A012007F02FFE0120444908703A
:1022C0004648007801281ED14148007801281AD1DB
:1022D00043480078012816D164200DF0B3FA1FEDB1
:1022E000CF0A3C4880ED000A1FEDD00A80ED010ABC
:1022F0001FEDCA0A80ED020A012007F00DFE3A48E0
:1023000000783249087093E03148007890B99FED29
:102310003B0A304880ED000A1FEDDC0A80ED010A1F
:102320001FEDD60A80ED020A012007F0F5FD01201D
:10233000274908702948007801281ED124480078D0
:1023400001281AD126480078012816D164200DF002
:1023500079FA1FEDE80A1F4880ED000A9FED280A70
:1023600080ED010A1FEDE70A80ED020A012007F067
:10237000D3FD1D4800781549087059E014480078CD
:1023800090B99FED1E0A134880ED000A9FED1C0ACC
:1023900080ED010A1FEDF30A80ED020A012007F02B
:1023A000BBFD01200A4908700C48007801283DD186
:1023B00007480078012839D109480078012835D12B
:1023C00064200DF03FFA9FED0F0A1DE0E0050020AC
:1023D000BE000020E45D0020000016458E030020B2
:1023E000E605002000002F44E1050020000096C40F
:1023F0000040354500C041C5000061C500C073C53F
:10240000000048C300401CC50A4880ED000A1FEDCB
:10241000040A80ED010A9FED080A80ED020A0120FE
:1024200007F07AFD054800780549087000E000BF14
:1024300000BF10BDE45D002000000000E1050020A9
:10244000E005002072B600BFFEE7F0EE400AF5EEB0
:10245000C00AF1EE10FA02D2B1EE600A7047B0EE97
:10246000600AFBE700BF00F005F801200DF0EAF973
:10247000F9E7000010B524480078062837D2DFE8D5
:1024800000F003040E18222C31E000201F490870D0
:102490001F4908701F4908701F49087027E0002075
:1024A0001E4908701A4908701A4908701A490870BC
:1024B0001DE000201949087014490870154908707A
:1024C0001549087013E00020144908700F4908707E
:1024D0000F4908701049087009E000200F49087082
:1024E0000A4908700A4908700A49087000BF00BF0D
:1024F00007F044F903F0D0FD08F0A8FEFFF732F929
:1025000007F00AFE10BD0000F6050020F2050020CD
:10251000F3050020F4050020F5050020F10500205A
:1025200010B52DED0C8BB0EE408AF0EE608A18EEFF
:10253000900A0EF085FF41EC1D0B9FED1C1BB0EEC9
:102540004D0AF0EE6D0A09F0ABFBB0EE40BAF0EECA
:1025500060BA18EE100A0EF073FF41EC1D0B9FEDF0
:10256000131BB0EE4D0AF0EE6D0A09F099FBB0EEC8
:1025700040CAF0EE60CA53EC1B2B51EC1C0B0EF062
:1025800083F941EC1A0BB0EE4A0AF0EE6A0A0AF03F
:10259000DBFAB0EE409AF0EE609A51EC190B0EF0B7
:1025A00041F900EE100ABDEC0C8B10BD00000000DC
:1025B0000000004008B50A6800929DED000A08BDC1
:1025C0004A780B7842EA032200EE102AB8EEC00ADD
:1025D00080ED070A90ED070A704730B503464FF6C5
:1025E000FF728C7804F080043CB114048D7844EAC6
:1025F0000524CD7844EA050003E0CC788D7844EAE0
:10260000052000EE100AB8EEC00A30BD08B54A68D1
:1026100000929DED000A08BD00BF15480088002803
:1026200012DD1449144A1288881811490A8813497E
:10263000FDF711FF104800880D49098808440E492C
:10264000088000200A4908800B48008800280ADD1D
:102650000948008801B207480AF0BAFF0848408FCD
:10266000401C0749488702200DF0ECF8D5E7000030
:10267000F00600201F620020F20600201F600020EC
:10268000CE57002010B5024692F82030012B01D021
:10269000022B06D11068406908431468606100206D
:1026A00010BD506A40F4802050620120F8E700001D
:1026B000F0B504460A46216894F82050012D01D057
:1026C000022D7ED1424901F50071086840F00100F9
:1026D0000860086820F47C5008600868566A40EA80
:1026E00006200860107D00F01F06012000FA06F3A6
:1026F000C8699843C861A1F50071D069C8B9D1F81B
:102700000C029843C1F80C02908880B2968940EA86
:10271000064601F51070576940F83760108880B29E
:10272000168940EA064601F51070576900EBC700AC
:102730004660D069012819D1D1F80C021843C1F8BC
:102740000C02908880B2168840EA064601F51070A7
:10275000576940F83760908980B2168940EA06468A
:1027600001F51070576900EBC7004660906928B901
:10277000D1F804029843C1F8040204E0D1F804023D
:102780001843C1F80402106928B9D1F8140298431B
:10279000C1F8140204E0D1F814021843C1F814027D
:1027A000106A012804D1D1F81C021843C1F81C0298
:1027B000D1F8000220F00100C1F800020020F0BDB5
:1027C000FFE7606A40F4802060620120F7E70000C4
:1027D00000640040704770B5044694F82050012D05
:1027E00001D0022D7DD151B92068C06800F00300EE
:1027F00080B9606A40F400106062012070BD2068FA
:10280000006900F0030028B9606A40F400106062BB
:102810000120F3E7206800F5D87000EB0110006894
:1028200000F004009060906840B9206800F5D8700E
:1028300000EB01100068400D106007E0206800F513
:10284000D87000EB01100068C0085060206800F5E7
:10285000D87000EB0110006800F00200D060206822
:1028600000F5D87000EB0110406800F00F00082858
:1028700002D30820106108E0206800F5D87000EB52
:102880000110406800F00F001061206800F5D8705A
:1028900000EB0110406800F47F40000A906120685E
:1028A00000F5D87000EB01104068000C5061206802
:1028B00000F5D87000EB011080681870206800F5F2
:1028C000D87000EB0110806800F47F40000A587057
:1028D000206800F5D87000EB0110806800F47F00DC
:1028E00000E03CE0000C9870206800F5D87000EB28
:1028F00001108068000ED870206800F5D87000EBD9
:102900000110C0681871206800F5D87000EB011044
:10291000C06800F47F40000A5871206800F5D87044
:1029200000EB0110C06800F47F00000C9871206873
:1029300000F5D87000EB0110C068000ED87131B9F5
:102940002068C06840F020002668F06005E020683C
:10295000006940F020002668306100204EE7606A80
:1029600040F480206062012048E72DE9F05F0446D2
:102970000025206846692068D0F8049020688768A0
:102980002068D0F80CA02068D0F810B02068D0F8EB
:10299000188006F00100002855D007F00100C0B1F2
:1029A00001202168886007F0020018B1204600F07D
:1029B00052FC0EE007F0040010B145F4006508E099
:1029C00007F0080010B145F4805502E0204600F001
:1029D00041FC07F48070C8B14FF4807021688860B2
:1029E00007F4007018B1204600F037FC0EE007F441
:1029F000806010B145F4005508E007F4006010B1A4
:102A000045F4804502E0204600F026FC07F48030C3
:102A1000C8B14FF480302168886007F4003018B1E5
:102A2000204600F01CFC0EE007F4802010B145F4B5
:102A3000004508E007F4002010B145F4803502E0BD
:102A4000204600F00BFC06F0080038B10AF0100038
:102A500020B145F4007510202168C86006F004001C
:102A600040B10AF0080028B108202168C86020465B
:102A700000F00CFA06F0020038B12068C06800F0DF
:102A8000030010B1204600F003FA06F0400038B110
:102A90000BF0100020B145F480651020216808611A
:102AA00006F0200040B10BF0080028B10820216892
:102AB0000861204600F09CFB06F0100038B1206849
:102AC000006900F0030010B1204600F092FB06F40C
:102AD000003040B109F0100028B110202168486092
:102AE000204600F087FB06F4803040B109F0080072
:102AF00028B1082021684860204600F0B1FB06F4A8
:102B0000004088B309F0040078B306F4807020B167
:102B100008F0010008B145F0010506F4007020B18D
:102B200008F0020008B145F0020506F4806020B10B
:102B300008F0040008B145F0040506F40060A0B1F7
:102B400008F0700088B108F07000402817D006DC4B
:102B500010280BD020280CD0302819D10CE0502898
:102B600010D0602814D110E01DE019E045F00805F0
:102B70000FE045F010050CE045F0200509E045F0B8
:102B8000400506E045F0800503E045F4807500E06F
:102B900000BF00BF2068806920F070002168886154
:102BA0000420216848602DB1606A28436062204695
:102BB000FFF710FEBDE8F09F70B504460CB9012088
:102BC00070BD94F8200010B9204600F0AFF82068DE
:102BD000006840F001002168086000F0A1FE054691
:102BE0000DE000F09DFE401B0A2808D9606A40F401
:102BF00000306062052084F820000120E0E72068B2
:102C0000406800F001000028EBD02068006820F048
:102C100002002168086000F083FE05460DE000F028
:102C20007FFE401B0A2808D9606A40F400306062C9
:102C3000052084F820000120C2E72068406800F0E9
:102C400002000028EBD1207E012806D12068006810
:102C500040F080002168086005E02068006820F0EE
:102C6000800021680860607E012806D12068006825
:102C700040F040002168086005E02068006820F00E
:102C8000400021680860A07E012806D12068006805
:102C900040F020002168086005E02068006820F00E
:102CA000200021680860E07E012806D120680068C5
:102CB00020F010002168086005E02068006840F0FE
:102CC000100021680860207F012806D12068006874
:102CD00040F008002168086005E02068006820F0E6
:102CE000080021680860607F012806D1206800681C
:102CF00040F004002168086005E02068006820F0CA
:102D0000040021680860D4E90201084321690843EE
:102D1000616908436168491E08432168C861002051
:102D20006062012084F82000002049E710B586B0D9
:102D30000446142101A8FDF72FFC4F492068884262
:102D400042D14E480068401C4C4908600846006863
:102D500001280FD100BF002000904948006840F0D2
:102D60000070474908600846006800F00070009055
:102D700000BF00BF00BF002000904148103800682D
:102D800040F002003E49103908600846006800F033
:102D90000200009000BF00BF4FF44070019002207D
:102DA000029001200390032004900920059001A9BE
:102DB000344800F0B5FC00220521142000F078FE14
:102DC000142000F061FE54E02F492068884250D161
:102DD00000BF002000902A48006840F08060284929
:102DE00008600846006800F08060009000BF00BFE7
:102DF00022480068401C21490860084600680128F4
:102E00000FD100BF002000901D48006840F0007006
:102E10001B4908600846006800F00070009000BF81
:102E200000BF00BF0020009015481038006840F037
:102E300002001349103908600846006800F00200DB
:102E4000009000BF00BF602001900220029001208E
:102E50000390032004900920059001A9094800F07F
:102E60005FFC00220521402000F022FE402000F0FF
:102E70000BFE06B010BD00000064004028000020DA
:102E800040380240000402400068004070470000E3
:102E900010B588B00446BD49206888427DD1BC4841
:102EA0000089401CBA490881BA4B01AA002120467A
:102EB000FFF791FC0198A0F2012030B101281DD04C
:102EC000022834D0032865D14AE0B24901A8FFF7AF
:102ED00071FBB14880ED090AAE4901A8FFF796FBE6
:102EE000AD4880ED0A0A90ED0A0AAC4880ED010A6F
:102EF000A748C089401CA649C8814CE0A54901A843
:102F0000FFF758FBA64880ED090AA24901A8FFF780
:102F10007DFBA34880ED0A0A90ED0A0A9F4880EDE8
:102F2000140A9B48408A401C9949488233E09949D9
:102F300001A8FFF73FFB9B4880ED090A954901A8CE
:102F4000FFF764FB974880ED0A0A90ED0A0A934860
:102F500080ED3A0A8E48C08A401C8D49C8821AE02A
:102F60008C4901A8FFF726FB8F4880ED090A8949A3
:102F700001A8FFF74BFB8C4880ED0A0A90ED0A0A86
:102F8000864880ED270A8248408B401C8049488350
:102F900001E002E000BF00BF00BF84492068884212
:102FA0007DD17B484089401C81B279484181804B6A
:102FB00001AA00212046FFF70EFC40F202220198F0
:102FC000811A90423CD006DC202869D0A0F2012072
:102FD00000286FD105E00E296ED0B1F5AA7FF8D197
:102FE0005FE073497348FFF7EBFA724880ED070A18
:102FF0006F4901A8FFF7F1FA6E4880ED080A90EDDD
:10300000070ABCEEC00A10EE101AFDF738FB69483B
:1030100090ED030AB8EEC00ADFED670A80EE201AD1
:103020009FED660A21EE000A80ED090A90ED080A7C
:1030300080ED0A0A5648C08B401C5549C883A1E060
:103040005B495F48FFF7BCFA5D4880ED070A5849C5
:1030500001A8FFF7C2FA5A4880ED080A90ED070A66
:10306000BCEEC00A10EE101AFDF709FB544890EDB3
:10307000030AB8EEC00ADFED500A80EE201A9FED79
:103080004F0A21EE000A80ED090A90ED080A80ED52
:103090000A0A3F48408C401C3D49488472E073E076
:1030A00049E0484842490968016047484049496841
:1030B000016067E065E0FFE710223D494348FDF706
:1030C000CAF942480088424908804048408841493E
:1030D00008803E488088404908803C48C0883F4975
:1030E00008803D48008800EE100AB8EE400A3C48CF
:1030F00080ED000A3748008800EE100AB8EE400A5A
:10310000374880ED010A3248008800EE100AB8EE18
:10311000400A334880ED020A0846008800EE100A93
:10312000B8EE400A2E4880ED030A1948C08C401CB6
:103130001749C88426E02B481D494978017000785A
:1031400000F0010018B101202749087007E0254868
:10315000007800F0010010B90020234908702148D0
:10316000007800F0020018B101202049087007E043
:103170001C48007800F0020010B900201B490870BC
:1031800000E000BF00BF00BF08B010BD00640040F9
:10319000CE570020BF000020D403002024010020CF
:1031A0004C04002088040020100400200068004027
:1031B000C7000020C8040020000000460000B443FF
:1031C00004050020D0000020D4000020C4570020B7
:1031D000DA000020DC000020D8000020DE00002003
:1031E0008058002000070020E5050020E6050020AB
:1031F00070477047704770B5044694F82000012866
:1032000022D1022084F820002068006820F001000C
:103210002168086000F084FB05460DE000F080FBAB
:10322000401B0A2808D9606A40F40030606205201B
:1032300084F82000012070BD2068406800F0010083
:103240000028EBD16062F6E7606A40F4002060621B
:103250000120F0E77047704770477047704770472C
:10326000704770B50446A56D00F05AFB064694F809
:103270003500022808D08020606500BF002084F857
:10328000340000BF012070BD2068006820F01600E7
:10329000216808602068406920F08000216848614A
:1032A000206C08B9A06C28B12068006820F00800E4
:1032B000216808602068006820F00100216808602B
:1032C00010E000F02DFB801B05280BD92020606545
:1032D000032084F8350000BF002084F8340000BFCC
:1032E0000320D0E72068006800F001000028E8D142
:1032F00094F85C103F208840A860012084F83500D5
:1033000000BF002084F8340000BF00BFBBE70146C7
:1033100091F83500022803D08020486501207047CD
:10332000052081F835000868006820F001000A686F
:1033300010600020F3E70000F8B50446002000907C
:103340008C4800684FF41651B0FBF1F7A56D2E685C
:1033500094F85C1008208840304098B120680068DC
:1033600000F0040070B12068006820F004002168BB
:10337000086094F85C1008208840A860606D40F0F8
:103380000100606594F85C1001208840304068B10D
:103390002068406900F0800040B194F85C10012082
:1033A0008840A860606D40F00200606594F85C1091
:1033B00004208840304068B12068006800F00200B6
:1033C00040B194F85C1004208840A860606D40F023
:1033D0000400606594F85C1010208840304078B399
:1033E0002068006800F0080050B394F85C101020CA
:1033F0008840A8602068006800F4802080B12068C0
:10340000006800F4002028B9206CC8B12046216C67
:10341000884715E0A06C98B12046A16C88470FE062
:103420002068006800F4807028B92068006820F0E7
:10343000080021680860206C10B12046216C884784
:1034400094F85C10202088403040002865D0206827
:10345000006800F0100000285FD094F85C10202075
:103460008840A86094F83500052828D120680068B5
:1034700020F01600216808602068406920F0800074
:1034800021684861206C08B9A06C28B120680068E8
:1034900020F008002168086094F85C103F20884004
:1034A000A860012084F8350000BF002084F83400B3
:1034B00000BF206D10B12046216D8847F8BD2068FF
:1034C000006800F4802080B12068006800F40020CB
:1034D00028B9606C10B12046616C88471DE0E06B34
:1034E000D8B12046E16B884717E02068006800F4F7
:1034F000807068B92068006820F0100021680860BA
:10350000012084F8350000BF002084F8340000BF9B
:10351000E06B10B12046E16B8847606D38B3606D99
:1035200000F00100F0B1052084F835002068006843
:1035300020F001002168086000BF0098401C009046
:10354000B84200D905E02068006800F001000028BA
:10355000F3D100BF012084F8350000BF002084F8BB
:10356000340000BFE06C10B12046E16C884700BF1A
:10357000A4E70000380000202DE9F04104460025B2
:1035800000F0CEF9074614B90120BDE8F081606A69
:1035900000B100BF022084F8350000BF002084F88D
:1035A000340000BF2068006820F001002168086036
:1035B0000AE000F0B5F9C01B052805D92020606598
:1035C000032084F83500E0E72068006800F001007F
:1035D0000028EED12068056821480540D4E90101A2
:1035E0000843E16808432169084361690843A16908
:1035F0000843E1690843216A08430543606A0428D7
:1036000003D1D4E90B010843054320680560206815
:10361000456925F00705606A0543606A04280DD1F5
:10362000A06A0543E06A48B12046FDF713FE28B1C1
:1036300040206065012084F83500A6E720684561D8
:103640002046FDF7EDFD064694F85C103F208840CB
:10365000B06000206065012084F83500002094E708
:103660003F8010F02DE9F04704460D4616461F46F0
:103670004FF00008D4F8589000BF94F834000128A7
:1036800002D10220BDE8F087012084F8340000BF99
:1036900094F83500012825D1022084F83500002057
:1036A00060653B46324629462046FDF728FE94F8E1
:1036B0005C103F208840C9F808002068006840F08E
:1036C000160021680860206C28B12068006840F06E
:1036D0000800216808602068006840F00100216847
:1036E000086006E000BF002084F8340000BF4FF0FF
:1036F00002084046C6E7000070B5044600F010F925
:1037000006462546681C10B104480078054400BFF1
:1037100000F006F9801BA842FAD370BD34000020E7
:10372000F8B502460B460025002400200021D6E013
:10373000012606FA01F51E6806EA0504AC4274D1BA
:103740001E7906F00306012E04D01E7906F003064A
:10375000022E13D190684F000326BE40B0434F00A5
:10376000DE68BE4030439060506801268E40B04312
:103770001E79C6F300168E40304350601E7906F065
:103780000306032E09D0D0684F000326BE40B04385
:103790004F009E68BE403043D0601E7906F003069D
:1037A000022E13D1CF0802F1200656F827004E074B
:1037B000F70E0F26BE40B0434F07FF0E1E69BE40F6
:1037C0003043CF0802F1200646F8270010684F006A
:1037D0000326BE40B0431E7906F003064F00BE40EC
:1037E000304310605E6806F44036002E76D000BF8D
:1037F000002600963C4E366846F480463A4F3E60BE
:103800003E46366806F48046009600BF00BF374E3D
:103810008F0856F827008E07370F0F26BE40B0439B
:10382000334EB24202D1002624E057E0314EB2427C
:1038300001D101261EE0304EB24201D1022619E02C
:103840002E4EB24201D1032614E02D4EB24201D1D8
:1038500004260FE02B4EB24201D105260AE02A4E83
:10386000B24201D1062605E0284EB24201D1072618
:1038700000E008268F073F0FBE4030431B4E8F08E5
:1038800046F82700224E3068A0435E6806F4801692
:1038900006B120431E4E3060361D3068A0435E687E
:1038A00006F4001606B12043194E361D3060184E3E
:1038B000361F3068A0435E6806F4003606B1204328
:1038C000134E361F3060361F3068A0435E6806F422
:1038D000803606B120430E4E083E3060491C102948
:1038E000FFF426AFF8BD000044380240083801401C
:1038F000000002400004024000080240000C0240A8
:10390000001002400014024000180240001C024057
:10391000083C01400AB1816101E00B0483617047FA
:1039200001480068704700002C0000200348006830
:103930000349097808440149086070472C000020B9
:103940003400002010B50D48006840F400700B49A9
:1039500008600846006840F4806008600846006817
:1039600040F480700860032000F0E0F80F2000F0C1
:1039700007F800F05FF8002010BD0000003C024096
:103980002DE9F04188B004460027B84600BF00206A
:1039900001902348006840F008002149086008466B
:1039A000006800F00800019000BF00BF02A903A852
:1039B00000F092F9069F1FB900F0B6F9054602E043
:1039C00000F0B2F945001748B5FBF0F0A0F101088E
:1039D00015481649086040F2E7311448C160C0F844
:1039E0000480002101618160816100F043FF06468F
:1039F00096B90E4800F096FF06466EB9322000F0E8
:103A000043F8102C07D200222146322000F050F853
:103A10000748046000E00126304608B0BDE8F081A8
:103A20004038024040420F00000C0040A80E002029
:103A30003000002008B500BF002000901148006849
:103A400040F480400F4908600846006800F4804058
:103A5000009000BF00BF00BF00200090081F00685A
:103A600040F08050091F08600846006800F0805050
:103A7000009000BF00BF00220F21901E00F018F838
:103A800008BD0000443802400146084600280DDB0E
:103A900000BF00BF00F01F0301229A4043099B00B2
:103AA00003F1E023C3F8002100BF00BF00BF70474F
:103AB0002DE9F05F80460D461646002707F0F2FB21
:103AC000074639462A46334601F00700C0F1070A87
:103AD000BAF1040F02D94FF0040A01E0C0F1070A5D
:103AE000D14600F1040ABAF1070F02D24FF0000AE2
:103AF00001E0A0F1030AD4464FF0010A0AFA09FADC
:103B0000AAF1010A0AEA020A0AFA0CFA4FF0010BBA
:103B10000BFA0CFBABF1010B0BEA030B4AEA0B04AB
:103B20002146404607F0C6FBBDE8F09F00BF00F00D
:103B30000702064B19684FF6FF031940044B0B436D
:103B400043EA0221014B196000BF70470CED00E011
:103B50000000FA0570B504460D460CB9012070BD91
:103B60005848006800F00700A84209D255490D7076
:103B70000846006800F00700A84201D00120EEE7E7
:103B8000207800F0020002281DD1207800F0040007
:103B9000042805D14C48006840F4E0504A490860C8
:103BA000207800F00800082805D14748006840F454
:103BB0006040454908604448006820F0F000A16872
:103BC000084341490860207800F00100A8B360680C
:103BD000012807D13C4808380068C0F34040B8B914
:103BE0000120BCE76068022802D06068032807D182
:103BF000354808380068C0F3406048B90120AEE796
:103C0000314808380068C0F3400008B90120A6E731
:103C10002D48006820F00300616808432A490860C5
:103C2000FFF77EFE064609E0FFF77AFE801B41F2B1
:103C30008831884202D9032091E707E022480068D2
:103C400000F00C006168B0EB810FEDD11D480068F9
:103C500000F00700A84209D91A490D70084600680B
:103C600000F00700A84201D0012078E7207800F09A
:103C70000400042807D11448006820F4E050E168EB
:103C8000084311490860207800F00800082808D18E
:103C90000D48006820F46040216940EAC1000A49EB
:103CA000086000F061F808490968C1F30311074A88
:103CB000515CC8400649086006480068FFF760FE8E
:103CC00000204CE7003C024008380240741701080D
:103CD00038000020300000200F2202600D4A1268D8
:103CE00002F0030242600B4A126802F0F0028260A6
:103CF000084A126802F4E052C260064A126802F4EE
:103D00006042D2080261044A126802F007020A60A7
:103D10007047000008380240003C0240014800683B
:103D2000704700003800002000B5FFF7F7FF044996
:103D30000968C1F38221034A515CC84000BD0000FC
:103D4000083802408417010800B5FFF7E7FF04496F
:103D50000968C1F34231034A515CC84000BD00000C
:103D600008380240841701082DE9F0470024002597
:103D70000026A1462548006800F00C0020B1042868
:103D800005D008283AD105E0DFF8849039E0DFF863
:103D9000849036E01D48001F006800F03F041B4877
:103DA000001F006800F4800078B11A481749091F05
:103DB0000968C1F38811A0FB017001462246002367
:103DC0003846FCF7D1FA05460EE011480F49091FA5
:103DD0000968C1F38811A0FB017001462246002347
:103DE0003846FCF7C1FA05460848001F0068C0F3D2
:103DF0000140401C4600B5FBF6F902E0DFF81090E8
:103E000000BF00BF4846BDE8F08700000838024008
:103E10000024F40000127A00F8B504460CB9012021
:103E2000F8BD207800F00100002874D0F94800683F
:103E300000F00C0004280DD0F648006800F00C00DB
:103E4000082813D1F348001F006800F48000B0F583
:103E5000800F0BD1EF4808380068C0F340400028BD
:103E600059D06068002856D10120D9E700BF6068AA
:103E7000B0F5803F08D1E7480838006840F480304A
:103E8000E449083908601EE06068B0F5A02F0DD144
:103E9000E0480838006840F48020DE4908390860AE
:103EA0000846006840F4803008600CE0D9480838C3
:103EB000006820F48030D749083908600846006857
:103EC00020F48020086000BF606890B1FFF728FDF3
:103ED000054606E0FFF724FD401B642801D90320B6
:103EE0009EE7CC4808380068C0F340400028F1D075
:103EF00011E0FFF715FD054606E0FFF711FD401B39
:103F0000642801D903208BE7C24808380068C0F351
:103F100040400028F1D1207800F0020002285FD153
:103F2000BC48006800F00C0058B1BA48006800F0C6
:103F30000C0008281CD1B748001F006800F480005E
:103F4000B0B9B44808380068C0F3400020B1E06858
:103F5000012801D0012063E7AE480838006820F04E
:103F6000F800216940EAC100AA490839086037E031
:103F7000E06800B30120A8490860FFF7D1FC0546BE
:103F800006E0FFF7CDFC401B022801D9032047E7DC
:103F9000A04808380068C0F340000028F1D09D48D0
:103FA0000838006820F0F800216940EAC10099490A
:103FB0000839086014E0002097490860FFF7B0FC5A
:103FC000054606E0FFF7ACFC401B022801D90320A0
:103FD00026E7904808380068C0F340000028F1D177
:103FE000207800F0080008282CD16069A8B10120D1
:103FF0008A490860FFF794FC054606E0FFF790FC4D
:10400000401B022801D903200AE782486C3000686F
:10401000C0F340000028F1D014E000207F49086080
:10402000FFF77EFC054606E0FFF77AFC401B0228FE
:1040300001D90320F4E677486C300068C0F34000F3
:104040000028F1D1207800F00400042870D1002766
:1040500070483830006800F0805090B900BF0020F0
:1040600000906C483830006840F080506949383121
:1040700008600846006800F08050009000BF00BF54
:1040800001276748006800F48070B0B96448006890
:1040900040F4807062490860FFF742FC054606E084
:1040A000FFF73EFC401B022801D90320B8E65C481C
:1040B000006800F480700028F2D000BFA0680128DA
:1040C00008D154486830006840F001005149683117
:1040D00008601DE0A06805280DD14E4868300068D2
:1040E00040F004004B49683108600846006840F021
:1040F000010008600CE047486830006820F00100CB
:104100004449683108600846006820F004000860EF
:1041100000BFA068A8B1FFF703FC054609E0FFF760
:10412000FFFB401B41F28831884202D9032077E629
:1041300026E0384868300068C0F340000028EED020
:1041400013E0FFF7EDFB054608E0FFF7E9FB401B36
:1041500041F28831884201D9032061E62D48683058
:104160000068C0F340000028EFD1012F07D1294893
:104170003830006820F0805026493831086000BF90
:10418000A069002845D02348006800F00C000828EA
:104190005DD0A069022845D100201F490866FFF7BD
:1041A000BFFB054606E0FFF7BBFB401B022801D919
:1041B000032035E6174808380068C0F3406000283F
:1041C000F1D1D4E907010843616A40EA8111012273
:1041D000A06AC2EB500041EA00412C20005D41EA98
:1041E00000600C49091F086001200B490866FFF7B1
:1041F00097FB054606E0FFF793FB401B022801D919
:1042000003200DE6034808380068C0F3406000282A
:10421000F1D049E00838024000004742800E474292
:1042200000700040002021490866FFF779FB054631
:1042300006E0FFF775FB401B022801D90320EFE5DC
:104240001B480068C0F340600028F2D12CE0A06950
:10425000012800D1E4E51648001D0668A069012880
:1042600020D006F48001E06981421BD106F03F01B5
:10427000206A814216D147F6C0703040616AB0EBC7
:10428000811F0FD106F440310122A06AC2EB500019
:10429000B1EB004F06D106F070612C20005DB1EB50
:1042A000006F01D00120BBE50020B9E500004742C6
:1042B0000038024070470000F8B5044620684668A0
:1042C00020688568C5F3801048B905F0010030B159
:1042D000C6F3801018B12046216C8847F8BDC5F39D
:1042E000400030B1C6F3C01018B12046616C884759
:1042F000F4E7C5F3401030B9C5F3801018B9C5F321
:10430000002000287CD0C6F3401000287DD0C5F3E3
:104310008010F0B194F8510003280ED0606D40F089
:104320000400606500BF002000902068C068009015
:1043300020688068009000BF0BE000BF0020009064
:104340002068C068009020688068009000BF00BFAF
:10435000C4E7C5F3401088B1606D40F001006065AE
:1043600000BF0020009020688068009020680068EE
:1043700020F040002168086000BF00BFC5F30020A6
:1043800058B1606D40F00800606500BF00200090EB
:1043900020688068009000BF00BF606D78B320681F
:1043A000406820F0E00021684860012084F8510056
:1043B00006F00200022802D006F0010008B32068CF
:1043C000406820F0030021684860E06C50B110485C
:1043D000E16C0865E06CFEF79AFF18B1606D40F083
:1043E00040006065A06C50B10948A16C0865A06CE4
:1043F000FEF78DFF18B1606D40F04000606503E08E
:1044000003E02046FFF756FF68E700BF66E70000BD
:10441000599F000810B504460CB9012010BD606A10
:1044200038B96068B0F5827F00D105E00021E16114
:1044300002E00021216161610021A16294F8510034
:1044400028B9002084F85000204600F047F80220E8
:1044500084F851002068006820F04000216808605E
:10446000A08800F48270218901F404410843A189E5
:1044700001F400610843217C01F002010843217D21
:1044800001F001010843218B01F400710843217FF1
:1044900001F0380108432021095D01F08001084343
:1044A000218D01F400510843216808600421A069AE
:1044B00001EA104094F8241001F01001084321682B
:1044C00048602068C06920F400602168C86100204D
:1044D0006065012084F8510000209FE710B586B088
:1044E0000446142101A8FCF757F81F4920688842A8
:1044F00038D100BF002000901C48006840F4804084
:104500001A4908600846006800F48040009000BF27
:1045100000BF00BF0020009014481038006840F031
:1045200002001249103908600846006800F00200D5
:10453000009000BF00BF4FF4604001900220029045
:1045400000200390032004900520059001A908484D
:10455000FFF7E6F8002205212420FFF7A9FA24201E
:10456000FFF792FA06B010BD003800404038024014
:10457000000402402DE9FE4F04460F4690461D46BA
:104580000C9E01200190FFF7CBF9814694F851B0C1
:1045900060680290AA46BBF1010F0BD00298B0F5FB
:1045A000827F04D1A06810B9BBF1040F02D00220B1
:1045B000BDE8FE8F1FB1B8F1000F00D00DB901208A
:1045C000F6E700BF94F85000012801D10220EFE780
:1045D000012084F8500000BF94F85100042802D054
:1045E000052084F8510000206065C4F83880E58714
:1045F000A5872763E586A586206460642068006837
:1046000000F04000402805D02068006840F04000DD
:1046100021680860E068B0F5006F52D1606810B1A1
:10462000BAF1010F09D1206B00882168C860206BA6
:10463000801C2063E08E401EE0863BE0206880689E
:1046400000F00200022810D1E08E70B1019801281C
:104650000BD1206B00882168C860206B801C206310
:10466000E08E401EE086002001902068806800F007
:10467000010068B1E08F58B12068C068A16B088064
:10468000A06B801CA063E08F401EE087012001909A
:10469000FFF746F9A0EB0900B0420BD3701C48B1FC
:1046A000012084F8510000BF002084F8500000BFB2
:1046B00003207DE7E08E0028C0D1E08F0028BDD127
:1046C00052E0606810B1BAF1010F09D1206B007897
:1046D00021680873206B401C2063E08E401EE0863A
:1046E0003CE02068806800F00200022810D1E08ED3
:1046F00070B1019801280BD1206B007821680873F4
:10470000206B401C2063E08E401EE086002001905C
:104710002068806800F0010068B1E08F58B120681F
:10472000C068A16B0870A06B401CA063E08F401EA6
:10473000E08701200190FFF7F3F8A0EB0900B042F9
:1047400001D3701C00B94EB9012084F8510000BF9C
:10475000002084F8500000BF032029E7E08E0028E5
:10476000BFD1E08F0028BCD14A463146204605F033
:10477000FDFB40B12020606500BF002084F85000A0
:1047800000BF012014E7A06850B900BF00200090CE
:104790002068C068009020688068009000BF00BF5B
:1047A000012084F8510000BF002084F8500000BFB1
:1047B000606D08B10120FBE60020F9E67047704704
:1047C00030B502460B4600BF92F83C00012801D1EB
:1047D000022030BD012082F83C0000BF022082F898
:1047E0003D00106844681068816824F070041868FF
:1047F000044310684460184D1068A8421BD010682C
:10480000B0F1804F17D0154D1068A84213D0144D49
:104810001068A8420FD0134D1068A8420BD0124D5B
:104820001068A84207D0114D1068A84203D0104D5F
:104830001068A84205D121F0800158680143106832
:104840008160012082F83D0000BF002082F83C001A
:1048500000BF00BFBDE700000000014000040040B1
:1048600000080040000C00400004014000400140EE
:104870000018004010B504460CB9012010BD94F892
:104880003D0028B9002084F83C00204600F026F8BE
:10489000022084F83D00211D206805F039FF012029
:1048A00084F8460000BF84F83E0001213F200155F6
:1048B000402001554120015500BF00BF012084F870
:1048C000420043200155442001554520015500BFB9
:1048D000012084F83D000020D0E7000038B50446F0
:1048E0000E492068884217D100BF002000900C4874
:1048F000006840F004000A4908600846006800F0BB
:104900000400009000BF00BF002205211E20FFF719
:10491000CFF81E20FFF7B8F838BD000000080040AF
:1049200040380240014691F83D00012801D00120A5
:104930007047022081F83D000868C06840F001001F
:104940000B68D8601A4B086898421BD00868B0F111
:10495000804F17D0174B0868984213D0164B086841
:1049600098420FD0154B086898420BD0144B08683A
:10497000984207D0134B0868984203D0124B08683E
:1049800098420CD10868806800F00702062A0CD013
:104990000868006840F001000B68186005E00868CE
:1049A000006840F001000B6818600020C0E70000BC
:1049B000000001400004004000080040000C0040DE
:1049C0000004014000400140001800402DE9F04182
:1049D00004460D46002700BF94F83C00012802D190
:1049E0000220BDE8F081012084F83C0000BF0220D5
:1049F00084F83D002068866826F0770626F47F4616
:104A0000206886602868502833D00CDC202850D0DD
:104A100004DC00284BD0102851D149E0302849D07F
:104A200040284CD139E060282DD0702807D0B0F54F
:104A3000805F03D0B0F5005F41D10DE041E0D5E9E2
:104A400002136A68206805F0D7FE2068866846F081
:104A500077062068866034E0D5E902136A6820682A
:104A600005F0CAFE2068806840F4804021688860B4
:104A700027E0EA686968206805F0D2FE50212068C6
:104A800005F0C5FE1DE0EA686968206805F0DBFEF8
:104A90006021206805F0BBFE13E0EA6869682068C1
:104AA00005F0BEFE4021206805F0B1FE09E000BF20
:104AB00000BF00BF2968206805F0A9FE01E00127BA
:104AC00000BF00BF012084F83D0000BF002084F833
:104AD0003C0000BF384684E7704770B50446206844
:104AE000C5682068066906F00200022819D105F0A1
:104AF0000200022815D1401F21680861012020779B
:104B00002068806900F0030018B12046FFF7E4FF39
:104B100005E0204600F097F8204600F095F80020C8
:104B2000207706F00400042819D105F004000428B9
:104B300015D1C04321680861022020772068806970
:104B400000F4407018B12046FFF7C6FF05E020468C
:104B500000F079F8204600F077F80020207706F082
:104B60000800082819D105F00800082815D1C0430D
:104B700021680861042020772068C06900F00300E4
:104B800018B12046FFF7A8FF05E0204600F05BF8CB
:104B9000204600F059F80020207706F01000102879
:104BA00019D105F01000102815D1C0432168086103
:104BB000082020772068C06900F4407018B12046B2
:104BC000FFF78AFF05E0204600F03DF8204600F0A0
:104BD0003BF80020207706F0010048B105F0010005
:104BE00030B16FF0010021680861204600F02EF816
:104BF00006F08000802809D105F08000802805D1CA
:104C0000C043216808612046FFF7D8FD06F0400048
:104C1000402809D105F04000402805D1C043216853
:104C20000861204600F064F806F02000202809D131
:104C300005F02000202805D1C043216808612046E6
:104C4000FFF7BDFD70BD70477047000010B504460A
:104C500022492068884239D121480078072803D0AA
:104C60001F480078062812D11D48D0F80C01401CBE
:104C70001B49C1F80C010846D0F81401401CC1F8CA
:104C800014010846D0F81001401CC1F81001154865
:104C90000068401C1349086008460068B0F57A7F38
:104CA00014D11148408E10490886002048860846D5
:104CB00040880880002048800846B0F84200A1F8EB
:104CC00040000020A1F8420006490860074920681A
:104CD000884201D1FEF72AFE10BD00000008004006
:104CE0005802002000000020CE570020000C004099
:104CF0007047704708B5014691F8410021280ED150
:104D000000BF00BF0A68143252E8002F42F0800052
:104D10000A68143242E80003002BF3D100BF91F877
:104D20004200222839D100BF0020009008680068A6
:104D3000009008684068009000BF00BF086970B12B
:104D400000BF00BF0A680C3252E8002F42F48070A6
:104D50000A680C3242E80003002BF3D100BF00BF09
:104D600000BF0A68143252E8002F42F001000A68BE
:104D7000143242E80003002BF3D100BF00BF00BF94
:104D80000A68143252E8002F42F040000A681432D8
:104D900042E80003002BF3D100BF002008BD70B52E
:104DA0000446002520684069C0F3C01594F841000E
:104DB000212817D1B5B100BF00BF2168143151E8D7
:104DC000001F21F080002168143141E80002002A10
:104DD000F3D100BFA06B10B1A06BFEF742FA2046E2
:104DE00005F0D7FE20684069C0F3801594F84200B2
:104DF000222817D1B5B100BF00BF2168143151E896
:104E0000001F21F040002168143141E80002002A0F
:104E1000F3D100BFE06B10B1E06BFEF722FA204641
:104E200005F071FE002070BD704700002DE9F84FBD
:104E30000446206805682068C668206847694FF006
:104E40000009CA4605F00F09B9F1000F0AD105F0B3
:104E5000200038B106F0200020B1204605F0ACFE5D
:104E6000BDE8F88FB9F1000F7CD007F0010018B948
:104E700006F49070002875D005F0010030B106F4FA
:104E8000807018B1606C40F00100606405F00400AF
:104E900030B107F0010018B1606C40F002006064AE
:104EA00005F0020030B107F0010018B1606C40F06D
:104EB0000400606405F0080048B106F0200010B955
:104EC00007F0010018B1606C40F008006064606C8D
:104ED000002846D005F0200028B106F0200010B1CF
:104EE000204605F069FE20684069C0F3801A606CB6
:104EF00000F0080010B9BAF1000F2DD0204605F0DF
:104F000002FE2068406900F04000402820D100BF28
:104F100000BF2168143151E8001F21F040002168D2
:104F2000143141E80002002AF3D100BFE06B50B118
:104F30007748E16B0865E06BFEF7E9F988B1E06B53
:104F4000016D88470DE02046FFF76EFF09E009E09C
:104F50002046FFF769FF04E02046FFF765FF0020C9
:104F600060647DE7206B012878D105F010000028EF
:104F700074D006F010000028FAD000BF0020009086
:104F800020680068009020684068009000BF00BF63
:104F90002068406900F04000402860D1E06B006864
:104FA00040681FFA80F8B8F1000F56D0A08D404538
:104FB00053DDA4F82E80E06BC069B0F5807F43D04C
:104FC00000BF00BF21680C3151E8001F21F4807040
:104FD00021680C3141E80002002AF3D100BF00BF74
:104FE00000BF2168143151E8001F21F00100216841
:104FF000143141E80002002AF3D100BF00BF00BF16
:105000002168143151E8001F21F04000216814315B
:1050100041E80002002AF3D100BF202084F84200BA
:105020000020206300BF00BF21680C3151E8001F41
:1050300021F0100021680C3141E80002002AF3D170
:1050400000BFE06BFEF70DF902206063A08DE28DDA
:10505000801A81B22046FFF74CFE01E742E0A08DA6
:10506000E18D401A1FFA80F8E08DD0B3B8F1000F3F
:1050700037D000BF00BF21680C3151E8001F21F478
:10508000907021680C3141E80002002AF3D100BF82
:1050900000BF00BF2168143151E8001F21F001005A
:1050A0002168143141E80002002AF3D100BF20201A
:1050B00084F842000020206300BF00BF21680C314B
:1050C00051E8001F21F0100021680C3141E8000276
:1050D000002AF3D100BF0220606341462046FFF75B
:1050E00008FEBDE605F0800030B106F0800018B182
:1050F000204605F059FFB3E605F0400030B106F058
:10510000400018B1204605F034FDA9E600BFA7E62F
:1051100065A9000810B504460CB9012010BDA069AE
:1051200000B100E000BF94F8410028B9002084F8E5
:105130004000204600F02AF8242084F8410020682E
:10514000C06820F400502168C860204605F0B2FD18
:105150002068006920F49040216808612068406957
:1051600020F02A00216848612068C06840F400509F
:105170002168C86000206064202084F8410084F821
:1051800042000020606300BFC8E7000010B586B091
:105190000446142101A8FBF7FFF9FD492068884265
:1051A00075D100BF00200090FA48006840F400204C
:1051B000F84908600846006800F40020009000BF2D
:1051C00000BF00BF00200090F2481038006840F097
:1051D0000400F049103908600846006800F0040037
:1051E000009000BF00BF4FF4406001900220029089
:1051F00001200390032004900820059001A9E648AF
:10520000FEF78EFAE548E64908604005486000214F
:10521000E3488160C1604FF4806101610021416118
:105220008161C16101624162FEF7A6F908B1FDF733
:1052300009F900BFDA48E063846300BFD748303023
:10524000D84908604FF0006048604021D54881602F
:105250000021C1604FF480610161002141618161E1
:10526000C16101624162FEF787F908B1FDF7EAF812
:1052700000BFCC48A063846300BF00220521342016
:10528000FEF716FC3420FEF7FFFB2DE2FFE7C649D0
:10529000206888427ED100BF00200090BD48006891
:1052A00040F48010BB4908600846006800F4801094
:1052B000009000BF00BF00BF00200090B54810382C
:1052C000006840F00400B3491039086008460068DF
:1052D00000F00400009000BF00BF00BF002000905D
:1052E0000846006840F0080008600846006800F0C2
:1052F0000800009000BF00BF8814019002200290B7
:1053000001200390032004900820059001A9A248E1
:10531000FEF706FA0420019002200290012003907B
:10532000032004900820059001A9A048FEF7F8F991
:105330009A4830389E490860C005486000219C4862
:105340008160C1604FF48061016100214161816130
:10535000C16101624162FEF70FF908B1FDF772F811
:1053600000BF9348E063846300BF8C487830914964
:1053700008604FF00060486040218E488160002145
:10538000C1604FF480610161002141618161C161AF
:10539000016200E013E04162FEF7EEF808B1FDF7AC
:1053A00051F800BF8348A063846300BF0022052139
:1053B0003520FEF77DFB3520FEF766FB94E17E4944
:1053C0002068884278D100BF002000907148001DFD
:1053D000006840F010006F49091D08600846006829
:1053E00000F01000009000BF00BF00BF0020009040
:1053F00068481038006840F00100664910390860BC
:105400000846006800F00100009000BF00BF4FF4A4
:10541000C0600190022002900120039003200490BC
:105420000720059001A96548FEF77AF964486549A7
:1054300008604FF000604860002162488160C160F0
:105440004FF480610161002141618161C1610162AC
:105450004162FEF791F808B1FCF7F4FF00BF59482C
:10546000E063846300BF56487830574908604FF0C6
:10547000006048604021544881600021C1604FF4C1
:1054800080610161002141618161C161016241620C
:10549000FEF772F808B1FCF7D5FF00BF4A48A063D9
:1054A000846300BF002205212520FEF701FB252093
:1054B000FEF7EAFA18E1FFE744492068884266D11E
:1054C00000BF002000903348006840F400303149AC
:1054D00008600846006800F40030009000BF00BF7C
:1054E00000BF002000902B481038006840F00800F2
:1054F0002849103908600846006800F0080000904C
:1055000000BF00BF602001900220029001200390A4
:10551000032004900720059001A92448FEF700F914
:105520001E4848302A4908604FF00060486000215A
:1055300027488160C1604FF48061016100214161B1
:105540008161C16101624162FEF716F808B1FCF7A2
:1055500079FF00BF1E48E063846300BF0F486030DE
:105560001C4908604FF00060486040211948816084
:105570000021C1604FF480610161002141618161BE
:10558000C16101624162FDF7F7FF28B325E034E015
:10559000004C004040380240000802404060024099
:1055A000DC0900203C0A002000500040000C0240B2
:1055B0009C0A0020FC0A002000100140000002406C
:1055C000406402405C0B0020BC0B00200044004003
:1055D0001C0C00207C0C002001E0FCF733FF00BF16
:1055E0004248A063846300BF002205212620FEF705
:1055F0005FFA2620FEF748FA76E03D4920688842A7
:1056000072D100BF002000903A48006840F02000AE
:10561000384908600846006800F02000009000BF8C
:1056200000BF00BF0020009032481438006840F0EE
:1056300004003049143908600846006800F004008E
:10564000009000BF00BFC020019002200290012006
:105650000390032004900820059001A92648FEF736
:105660005FF82648264908608005486000212448E4
:105670008160C1604FF480610161002141618161FD
:10568000C16101624162FDF777FF08B1FCF7DAFE04
:1056900000BF1B48E063846300BF18487830194995
:1056A00008604FF02060486040211648816000216A
:1056B000C1604FF480610161002141618161C1617C
:1056C00001624162FDF758FF08B1FCF7BBFE00BF65
:1056D0000C48A063846300BF002205214720FEF729
:1056E000E7F94720FEF7D0F906B010BD7C0C00208A
:1056F000001401404438024000080240286402407F
:10570000DC0C00203C0D002070B504460D4616460A
:1057100094F8420020280BD105B10EB9012070BDCC
:105720000020206332462946204605F0D9FBF6E7E3
:105730000220F4E770477047F7B50446154694F821
:105740004100202836D1019800B10DB90120FEBDDD
:1057500001982062A584E58400206064212084F8FB
:1057600041001548A16BC8631448A16B0864144834
:10577000A16BC8640020A16B086501AE23681A1DE7
:1057800031682B46A06BFDF76DFF6FF0400021687C
:10579000086000BF00BF2168143151E8001F41F0CC
:1057A00080002168143141E80002002AF3D100BFD3
:1057B0000020CCE70220CAE7A1AA0008F9AA000845
:1057C00079A900087047704770B52DED0C8B044621
:1057D0000D462046FBF724FC2846FBF721FC94ED00
:1057E000040AD5ED040A9FED2F1A70EEC10A30EEBF
:1057F000600ADFED2D0A20EE200A10EE106A304616
:105800000BF01EFE41EC1D0BB0EE4D0AF0EE6D0AE2
:1058100006F02EF9B0EE40CAF0EE60CA94ED030A2D
:10582000B1EE400AF1EE080A20EE200A10EE101A3E
:1058300008460BF005FE41EC1B0B53EC1C2B0BF048
:1058400009FB41EC1A0B9FED190B53EC102B0BF0DD
:10585000D7F841EC190B0AF0E5FF08EE100A18EE34
:10586000100A0BF0EDFD41EC1A0BB0EE4A0AF0EE17
:105870006A0A06F009FAB0EE409AF0EE609A9FEDDF
:105880000D0B53EC102B51EC190B0BF0A7FA03D2B4
:105890009FED0A0AB0EE408AB0EE480ABDEC0C8BD0
:1058A00070BD00000000B44235FA8E3C00000000DC
:1058B00000C04F40F168E388B5F8E43E0000000006
:1058C00000BFFEE710B52DED048B7748007830B1AE
:1058D000012820D0022875D0032872D1DDE00121F3
:1058E000724881719FED720A724880ED000A9FED47
:1058F000700A714880ED000A7048006820F00200CC
:105900006E490860084604F0F3FB67480078401CC5
:1059100065490870C3E06A4890ED0A0ADFED640A41
:1059200030EE600A10EE101A08460BF089FD41ECCB
:10593000190BB0EE490AF0EE690A06F0A5F9B0EECF
:10594000408AF0EE608A9FED5F0B53EC102B51EC18
:10595000180B0BF043FA32D25C4890ED0A0ADFEDE7
:10596000540A30EE600A10EE101A08460BF068FD7B
:1059700041EC190BB0EE490AF0EE690A06F084F921
:10598000B0EE408AF0EE608A9FED4E0B53EC102B88
:1059900051EC180B0BF022FA11D24D48C0780128B7
:1059A0000DD14648006820F00100444908600846CF
:1059B00004F09EFB3C480078401C3B4908706EE0B8
:1059C00000E06BE03E4890ED0A0ADFED390A30EE68
:1059D000600A10EE101A08460BF032FD41EC190B6C
:1059E000B0EE490AF0EE690A06F04EF9B0EE408AD0
:1059F000F0EE608A9FED370B53EC102B51EC180B37
:105A00000BF026FB20D3314890ED0A0ADFED280A7F
:105A100030EE600A10EE101A08460BF011FD41EC52
:105A2000190BB0EE490AF0EE690A06F02DF9B0EE56
:105A3000408AF0EE608A9FED270B53EC102B51EC5F
:105A4000180B0BF005FB27D24FF4FA7009F0FAFEA1
:105A50009FED220A174880ED000A9FED200A1648A4
:105A600080ED000A1548006840F001001349086005
:105A7000084604F03DFB1148006840F002000F4961
:105A80000860084604F034FB02210848817106488A
:105A90000078401C0449087001E000E000BF00BF2E
:105AA000BDEC048B10BD0000E20500209B0300202C
:105AB00000007AC4D8050020DC050020F80600208C
:105AC000C804002000000000000069400405002018
:105AD000B70300200000000000C07240000000007A
:105AE00000BF0749074803F0AFFE0748B0F842007F
:105AF000401C0549A1F84200012009F0A3FEF0E78F
:105B00003858002014580020CE57002090ED031A7A
:105B1000D0ED041AF7EE000A41EE210AB7EE001AA2
:105B2000C1EE201AB0EE610AF7EE000A70EEC00A6C
:105B300090ED021A60EE810A90ED001A40EE010A23
:105B4000C0ED010AD0ED010AC0ED000A704700BFA8
:105B5000012009F077FEFBE710B50E480E490860FA
:105B60000320486000210C488160C1604FF400218F
:105B700001614FF440114161002101764176817647
:105B8000C17601774177FDF717F808B1FCF75AFCA9
:105B900010BD0000006400408407002010B50E48CE
:105BA0000E4908600320486000210C488160C160F4
:105BB0004FF4002101614FF4401141610021017651
:105BC00041768176C17601774177FCF7F5FF08B120
:105BD000FCF738FC10BD000000680040AC07002056
:105BE00008B500BF002000903648006840F400105F
:105BF000344908600846006800F40010009000BFB7
:105C000000BF00BF002000900846006840F48000FC
:105C100008600846006800F48000009000BF00BFE4
:105C2000002205210B20FDF743FF0B20FDF72CFF81
:105C3000002205210D20FDF73BFF0D20FDF724FF7D
:105C4000002205210F20FDF733FF0F20FDF71CFF79
:105C5000002205211020FDF72BFF1020FDF714FF77
:105C6000002205211120FDF723FF1120FDF70CFF75
:105C7000002205212F20FDF71BFF2F20FDF704FF39
:105C8000002205213920FDF713FF3920FDF7FCFE26
:105C9000002205213A20FDF70BFF3A20FDF7F4FE24
:105CA000002205214520FDF703FF4520FDF7ECFE0E
:105CB000002205214620FDF7FBFE4620FDF7E4FE0D
:105CC00008BD00003038024010B5204A00212048AD
:105CD00008F05CF91F4908601F4A00211F4808F0BE
:105CE00055F91F4908601F4A00211F4808F04EF966
:105CF0001E4908601E4A00211E4808F047F91E4947
:105D000008601E4A00211E4808F040F91D4908603D
:105D10001D4A00211D4808F039F91D4908601D4A37
:105D200000211D4808F032F91C4908601C4A002176
:105D30001C4808F02BF91C4908601C4A00211C482B
:105D400008F024F91B49086010BD0000281601085E
:105D50004F5B0008040000204C16010845A600080F
:105D60000800002070160108E15A00080C0000200D
:105D700094160108856C000810000020B816010870
:105D80001561000814000020DC160108F5960008D3
:105D90001800002000170108652400081C000020DE
:105DA00024170108650E000820000020481701088C
:105DB000192600082400002000B587B0142102A88D
:105DC000FAF7EAFB00BF002001903D48006840F070
:105DD00080003B4908600846006800F080000190A0
:105DE00000BF00BF00BF002001900846006840F0DF
:105DF000020008600846006800F00200019000BF41
:105E000000BF00BF002001900846006840F0080075
:105E100008600846006800F00800019000BF00BF5D
:105E200000BF002001900846006840F004000860B0
:105E30000846006800F00400019000BF00BF00BFEA
:105E4000002001900846006840F001000860084604
:105E5000006800F00100019000BF00BF012289141A
:105E60001848FDF757FD00224FF480711648FDF7E2
:105E700051FD4FF4805002900120039000200490C7
:105E80000320059002A90F48FDF74AFC4FF48070EB
:105E9000029001200390002004900320059002A9A5
:105EA0000948FDF73DFC4FF400700290002003907C
:105EB0000120049002A90448FDF732FC07B000BDA0
:105EC0003038024000040240000C024010B50E4879
:105ED0000E4908604FF48270486000210B488160D1
:105EE000C160016141614FF4007181611821C1619C
:105EF00000210162416281620A21C162FEF78AFAD1
:105F000008B1FCF79FFA10BD00380040D40700200C
:105F100000B587B000200390049005900690019092
:105F2000029015481549086040F28F6048600021D2
:105F3000124881603121C1600021016180218161AD
:105F4000FEF798FC08B1FCF77DFA4FF480500390FF
:105F500003A90A48FEF73AFD08B1FCF773FA0020DE
:105F60000190029001A90548FEF72AFC08B1FCF750
:105F700069FA07B000BD0000000800402C080020AE
:105F800010B50B480B4908604FF4E1304860002120
:105F900008488160C16001610C214161002181617B
:105FA000C161FFF7B7F808B1FCF74CFA10BD00006B
:105FB000004C00407408002010B50B480B490860E5
:105FC0004FF4E1304860002108488160C160016100
:105FD0000C21416100218161C161FFF79BF808B18B
:105FE000FCF730FA10BD000000500040BC08002053
:105FF00010B50B480B4908604FF461204860002140
:1060000008488160C16001610C214161002181610A
:10601000C161FFF77FF808B1FCF714FA10BD00006A
:10602000001001400409002010B50B480B4908601E
:106030004FF4E1204860002108488160C16001619F
:106040000C21416100218161C161FFF763F808B152
:10605000FCF7F8F910BD0000004400404C09002096
:1060600010B50B480B4908604FF4E130486000213F
:1060700008488160C16001610C214161002181619A
:10608000C161FFF747F808B1FCF7DCF910BD00006B
:10609000001401409409002010B51648007838B368
:1060A0001548007818B903201449087006E0124812
:1060B0000078012802D105201049087010480078A6
:1060C00001280CD1FBF732F90E480078052803D0DF
:1060D0000C480078072802D10020094908700A48B6
:1060E000C078012802D100210848C171FBF702FBEA
:1060F00010BD0000F2050020F70500205802002026
:10610000E4050020C6040020B70300209B03002004
:1061100000BFFEE700BF3148007801283ED030487C
:1061200000F07EFE2E48983800F07AFE2C484C385D
:1061300000F076FE2A48E43800F072FE07F008FB13
:106140002748E43890ED080A2648D0ED020A30EEE0
:10615000200A2348E43880ED080A90ED1B0A214804
:10616000D0ED000A30EE200A1D48E43880ED1B0A0D
:1061700090ED410A1B48D0ED010A30EE200A184884
:10618000E43880ED410A90ED2E0A1648D0ED030A5E
:1061900030EE200A1248E43880ED2E0A124890EDC5
:1061A0000A0AF0EE400A114890ED000A104800F08B
:1061B00071FD104890ED0A0AF0EE400A0E4890ED8D
:1061C000000A0E4800F066FD0D484088401C0C494E
:1061D0004880012009F036FB9DE7000058020020AE
:1061E00008020020A05F0020C8040020D80500207D
:1061F0004005002004050020DC0500208C0500205F
:10620000CE57002000BFFEE71CB510A103C9CDE9A1
:10621000000105226946302000F0E2F805226946B7
:10622000102000F051F8002406E01DF80400A52815
:1062300000D003E0601CC4B2052CF6DB00BF052CC7
:1062400001D001201CBD0020FCE70000A5A5A5A5EC
:10625000A500000010B500224FF480711848FDF72A
:1062600059FB0F21202000F0E3F80121212000F04C
:10627000DFF80121222000F0DBF85521252000F075
:10628000D7F80F21262000F0D3F801213C2000F0A0
:10629000CFF806213D2000F0CBF82021312000F07E
:1062A000C7F8052207492A2000F09AF801221102B6
:1062B0000348FDF72FFB0120FDF71EFA10BD00007B
:1062C000000C0240F11701082DE9F04105460E4689
:1062D000174600224FF480510D48FDF71BFB29465D
:1062E0000C4803F0F3FE8046002406E0FF21094835
:1062F00003F0ECFE3055601CC4B2BC42F6DB012258
:1063000011030348FDF706FB4046BDE8F08100009D
:1063100000040240D407002070B5044600224FF468
:1063200080510948FDF7F6FA2146084803F0CEFEF1
:10633000FF21064803F0CAFE054601221103024868
:10634000FDF7E8FA284670BD00040240D40700209B
:1063500070B5054600240720FFF7DEFF06463146EC
:10636000272000F065F806F0400080B16020FFF7BC
:10637000D3FF0446212C05DA224629466120FFF787
:10638000A3FF00E00024FF21E22000F051F80122E9
:1063900011020248FDF7BEFA204670BD000C024013
:1063A0000FB410B500224FF480710C48FDF7B2FA1B
:1063B000FF21E12000F03CF89DF828209DF82910ED
:1063C00041F0A80002A900F00BF8012211020348D5
:1063D000FDF7A0FA10BC5DF814FB0000000C0240B1
:1063E0002DE9F04105460C46164600224FF4805137
:1063F0000D48FDF78FFA29460C4803F067FE8046EA
:10640000002706E014F8011B084803F05FFE781C23
:10641000C7B2B742F6DB012211030348FDF77AFA4F
:106420004046BDE8F081000000040240D40700208F
:1064300070B504460D4600224FF480510948FDF71F
:1064400069FA2146084803F041FE064629460648F7
:1064500003F03CFE012211030248FDF75BFA3046CF
:1064600070BD000000040240D407002070B52DED7F
:10647000108B05460C4695ED430AB8EE400AFE48DF
:10648000D0ED000A20EE200AFC4880ED000A04F559
:106490008C60FB490978405C00286BD104F26C40A9
:1064A000F74A127800EB820090ED000A10EE101A05
:1064B00008460AF0C5FF41EC1A0BB0EE4A0AF0EEAE
:1064C0006A0A05F0E1FBB0EE409AF0EE609A9FEDAB
:1064D000ED0B53EC102B51EC190B0AF07FFC4AD852
:1064E000E748007800EB400004EBC00090ED000AA4
:1064F000E348007800EB400104F5F07000EBC100C8
:10650000D0ED000ADD4890ED001A00EE810A85ED1D
:10651000070ADB48007800EB400004EBC00090ED78
:10652000010AD748007800EB400104F5F07000EB59
:10653000C100D0ED010AD14890ED001A00EE810AA9
:1065400085ED1A0ACE48007800EB400104F5F070A2
:1065500000EBC10090ED000A85ED400AC8480078C4
:1065600000EB400104F5F07000EBC10090ED010A72
:1065700085ED410A2DE1C14800680AF061FF41EC58
:106580001F0B9FEDC21BB0EE4F0AF0EE6F0A05F035
:1065900087FBB0EE40DAF0EE60DAB948007800EB45
:1065A000400104F5347000EBC100D0ED040A9FED0A
:1065B000B91A60EE810AB0EE600A05F0BDFA04F285
:1065C0006C40AF49097800EB8100D0ED000A20EE65
:1065D000200A10EE106A30460AF032FF41EC1E0B22
:1065E00053EC1D2B0AF036FC41EC1C0B9FEDA70B66
:1065F00053EC102B0AF004FA41EC1A0BA048007877
:1066000000EB400004EBC00090ED000A9C480078CD
:1066100000EB400204F5F07000EBC200D0ED000A80
:10662000964890ED001A00EE810A10EE101A084606
:106630000AF006FF41EC1B0B53EC1A2B0AF024F96D
:1066400041EC190B0AF0EEF8E8618C4800680AF09A
:10665000F7FE41EC1F0B9FED8D1BB0EE4F0AF0EEE5
:106660006F0A05F01DFBB0EE40DAF0EE60DA844808
:10667000007800EB400104F5347000EBC100D0ED70
:10668000040A9FED841A60EE810AB0EE600A06F0FB
:1066900093F904F26C407A49097800EB8100D0ED5F
:1066A000000A20EE200A10EE106A30460AF0C8FEFA
:1066B00041EC1E0B53EC1D2B0AF0CCFB41EC1C0BE8
:1066C0009FED720B53EC102B0AF09AF941EC1A0B68
:1066D0006B48007800EB400004EBC00090ED010A2D
:1066E0006748007800EB400204F5F07000EBC20050
:1066F000D0ED010A614890ED001A00EE810A10EE1B
:10670000101A08460AF09CFE41EC1B0B53EC1A2BA6
:106710000AF0BAF841EC190B0AF084F8A866584858
:10672000007800EB400104F5347000EBC100D0EDBF
:10673000040A9FED581A60EE810AB0EE600A05F077
:10674000FBF94F48007800EB400104F5F07000EBD6
:10675000C100D0ED000A04F26C404949097800EB11
:10676000810090ED001A4548D0ED001A21EE211A63
:1067700041EE000AC5ED400A4148007800EB4001B7
:1067800004F5347000EBC100D0ED040A9FED411A0E
:1067900060EE810AB0EE600A06F00EF93848007823
:1067A00000EB400104F5F07000EBC100D0ED010AF0
:1067B00004F26C403249097800EB810090ED001A38
:1067C0002E48D0ED001A21EE211A41EE000AC5ED47
:1067D000410A04F58C602A490978405C01287CD183
:1067E0002748007800EB400104F5347000EBC1004D
:1067F00090ED040A2248007800EB400104F5F070A7
:1068000000EBC100D0ED040A30EE608A9FED220A51
:10681000B4EEC08AF1EE10FA05DD9FED200A38EEE5
:10682000400AB0EE408A9FED1E0AB4EEC08AF1EE37
:1068300010FA05D29FED190A38EE000AB0EE408A30
:106840000E4890ED000A28EE000A04F2E4400C49DC
:10685000097800EB810090ED001AC0EE010A0848AB
:10686000007800EB400104F5F07000EBC10090ED02
:10687000040A30EE800A15E02C06002024060020D1
:1068800051060020F168E388B5F8E43E00000000FE
:106890000000004035FA8E3C000034430000B44351
:1068A000000034C35FED050A20EE200AF0EE408AB6
:1068B00006F082F8B0EE409A6D48007800EB400197
:1068C00004F5F07000EBC100D0ED040A1FED0F1AC3
:1068D00060EE810AB0EE600A00E0C6E006F06CF8F7
:1068E00079EE400A6248007800EB400004EBC000FB
:1068F00090ED000A04F2BC405D49097800EB81008C
:1069000090ED001A01EE200A85ED070A584800783C
:1069100000EB400104F5F07000EBC100D0ED040A7B
:106920001FED241A60EE810AB0EE600A05F004F94A
:10693000B0EE409A4F4890ED000A28EE000A04F2AB
:10694000E4404B49097800EB810090ED001AC0EE5D
:10695000010A4748007800EB400104F5F07000EBB5
:10696000C10090ED040A30EE800A5FED360A20EE99
:10697000200AF0EE408A05F0DFF879EE400A3C4844
:10698000007800EB400004EBC00090ED010A04F237
:10699000BC403749097800EB810090ED001A01EE08
:1069A000200A85ED1A0A334890ED000A28EE000A05
:1069B00004F2E4402E49097800EB810090ED001AC2
:1069C000C0EE010A2A48007800EB400104F5F0709F
:1069D00000EBC10090ED040A30EE800A5FED530A2F
:1069E00020EE200AF0EE408A05F0A6F82048007854
:1069F00000EB400104F5F07000EBC100D0ED030A9C
:106A000020EE200A85ED400A1A4890ED000A68EE53
:106A1000000A04F2E4401649097800EB810090ED89
:106A2000001A80EE810A1248007800EB400104F55C
:106A3000F07000EBC100D0ED040A30EE200A5FEDEB
:106A40006B0A20EE200AF0EE408A05F0B5FF0848F8
:106A5000007800EB400104F5F07000EBC100D0EDD0
:106A6000030A20EE200A85ED410ABDEC108B70BDB3
:106A7000510600202406002070B52DED0E8B054632
:106A80000C4695ED450AB8EE400A7648D0ED000A6E
:106A900020EE200A744880ED000A04F20C5073497D
:106AA000097800EB810090ED000A6F48D0ED000AF4
:106AB000B4EEE00AF1EE10FA7DDD04F294406B4A88
:106AC000127800EB820090ED000A10EE101A0846D2
:106AD0000AF0B6FC41EC190BB0EE490AF0EE690A77
:106AE00005F0D2F8B0EE408AF0EE608A9FED600BC0
:106AF00053EC102B51EC180B0AF0AAFA6ED25A483C
:106B000000680AF09DFC41EC1E0B9FED5B1BB0EE94
:106B10004E0AF0EE6E0A05F0C3F8B0EE40CAF0EE91
:106B200060CA04F29440514A127800EB820090ED62
:106B3000000A10EE101A08460AF082FC41EC1D0B08
:106B400053EC1C2B0AF086F941EC1B0B9FED4A0B12
:106B500053EC102B09F054FF41EC190B04F5707045
:106B6000424A127800EB820090ED000A04F5826040
:106B70003E4A127800EB8200D0ED000A3A4890EDD0
:106B8000001A00EE810A10EE101A08460AF058FCAE
:106B900041EC1A0B53EC192B09F076FE41EC180B63
:106BA00009F040FEC5F8B40004F582602F49097869
:106BB00000EB810000E032E090ED000A04F2944026
:106BC0002A49097800EB8100D0ED000A264890EDB3
:106BD000001A00EE810A85ED420A20E004F570708B
:106BE0002249097800EB810090ED000A04F58260EB
:106BF0001E49097800EB8100D0ED000A1A4890ED9B
:106C0000001A00EE810A85ED2D0A04F5826017490D
:106C1000097800EB810090ED000A85ED420A94F8B6
:106C2000350512490978884218D110480078401E6D
:106C300004F5707101EB800090ED000A0B480078BC
:106C4000401E283101EB8000D0ED000A30EE200A12
:106C500085ED2D0A9FED0A0A85ED420ABDEC0E8BEB
:106C600070BD00002C0600202806002052060020DF
:106C7000F168E388B5F8E43E000000000000004041
:106C80000000000000BF06F01BFF012008F0DAFD45
:106C9000F9E7000010B52DED088B0446B0EE408AF0
:106CA000F0EE608A94ED020A84ED030A84ED008A16
:106CB000C4ED018A94ED000AD4ED010A30EE600AB9
:106CC00084ED020A94ED120A10EE101A08460AF03A
:106CD000B7FB41EC190B94ED020A10EE101A0846AE
:106CE0000AF0AEFB41EC1B0BB0EE4B0AF0EE6B0A68
:106CF00004F0CAFFB0EE40AAF0EE60AA53EC192BE4
:106D000051EC1A0B0AF06AF803D89FED440A84ED9F
:106D1000020AD4ED111AB0EE611AD4ED111AF1EE97
:106D2000611AF0EE610AD4ED021AB0EE610AFAF7C8
:106D300083F884ED020A94ED040AD4ED020A30EEE1
:106D4000200A84ED040AD4ED0F1AB0EE611AD4EDD6
:106D50000F1AF1EE611AF0EE610AD4ED041AB0EEEA
:106D6000610AFAF769F884ED040AD4ED051A94ED86
:106D7000022A61EE821AB0EE610AD4ED0E1AB0EE6C
:106D8000611AD4ED0E1AF1EE611AF0EE610AFAF70B
:106D900053F884ED090A94ED060AD4ED040A20EEB6
:106DA000200A84ED0A0AD4ED021A94ED032A71EE4A
:106DB000C21A94ED072A61EE821AB0EE610AD4ED90
:106DC000101AB0EE611AD4ED101AF1EE611AF0EE5D
:106DD000610AFAF731F884ED0B0A94ED090AD4ED53
:106DE0000A0A30EE200AD4ED0B0A30EE200A84EDB8
:106DF000080AD4ED0D1AB0EE611AD4ED0D1AF1EEB9
:106E0000611AF0EE610AD4ED081AB0EE610AFAF7E1
:106E100013F884ED080ABDEC088B10BD00000000DB
:106E200010B52DED068B044694ED020A84ED030A9D
:106E300094ED000AD4ED010A30EE600A84ED020AF6
:106E400094ED120A10EE101A08460AF0F9FA41EC15
:106E5000180B94ED020A10EE101A08460AF0F0FA28
:106E600041EC1A0BB0EE4A0AF0EE6A0A04F00CFF8D
:106E7000B0EE409AF0EE609A53EC182B51EC190BDF
:106E800009F0ACFF03D89FED440A84ED020AD4ED6B
:106E9000111AB0EE611AD4ED111AF1EE611AF0EE8A
:106EA000610AD4ED021AB0EE610AF9F7C5FF84ED6C
:106EB000020A94ED040AD4ED020A30EE200A84EDB1
:106EC000040AD4ED0F1AB0EE611AD4ED0F1AF1EEE8
:106ED000611AF0EE610AD4ED041AB0EE610AF9F716
:106EE000ABFF84ED040AD4ED051A94ED022A61EE9D
:106EF000821AB0EE610AD4ED0E1AB0EE611AD4ED2A
:106F00000E1AF1EE611AF0EE610AF9F795FF84EDC1
:106F1000090A94ED060AD4ED040A20EE200A84ED55
:106F20000A0AD4ED021A94ED032A71EEC21A94ED06
:106F3000072A61EE821AB0EE610AD4ED101AB0EEA3
:106F4000611AD4ED101AF1EE611AF0EE610AF9F748
:106F500073FF84ED0B0A94ED090AD4ED0A0A30EEB2
:106F6000200AD4ED0B0A30EE200A84ED080AD4ED95
:106F70000D1AB0EE611AD4ED0D1AF1EE611AF0EEB1
:106F8000610AD4ED081AB0EE610AF9F755FF84EDF5
:106F9000080ABDEC068B10BD0000000001B596B0DC
:106FA000F9F792FBFE4890ED000AFE4880ED2D0AAD
:106FB0009FEDFD0A80ED420AFC48007800287CD055
:106FC000169890ED080AFA4880ED000A169890EDA0
:106FD0001B0AF84880ED000A9FEDF30A169880ED31
:106FE0000B0A9FEDF10A169880ED1E0AF24890ED0B
:106FF000000AEF48D0ED000A30EE600AEF4880ED5D
:10700000000AED4890ED010AEA48D0ED000A30EEA2
:10701000600AEB4880ED000A9FEDEA0AEA4880ED3D
:10702000000A9FEDE80AE94880ED000AE348D0ED48
:10703000000AE34890ED000A04F0C2FBE44880ED4A
:10704000000AE24800680AF0FBF9CDE90E01DE48CB
:1070500000680AF0F5F99FEDDF1BCDE90A019DED0F
:107060000A0B04F01DFE8DED0C0B9DED0E0B53EC89
:10707000102B9DED0C0B51EC100B09F0C1FCCDE970
:107080001201CF48D0ED000ACC4890ED000AFBF782
:1070900047FA8DED0F0A0F980AF0D2F9CDE91001E9
:1070A0009DED120B53EC102B9DED100B51EC100BC2
:1070B0000AF0DCF89FEDC90B00E06AE053EC102BFE
:1070C000CDE914019DED140B51EC100B09F0C0FF3C
:1070D0002BD2BD4890ED000ABC48D0ED000A80EEEE
:1070E000201AC04880ED001AB548D0ED000AB34818
:1070F00090ED000AFBF714FABA48D0ED000A60EEF2
:10710000A00AB24890ED001A00EEC10AAE48D0EDD8
:10711000000A80EE201AB44880ED001AB14890EDC4
:10712000000AB24880ED000A30E0A548D0ED000A20
:10713000A24890ED000AFBF7F3F9F0EE000A60EECA
:10714000200AA24890ED001A80EE810A8DED110A06
:1071500011980AF075F9CDE912019DED120B05F0B9
:10716000F3FC8DED140B9DED140B51EC100B09F09D
:1071700059FB9C4908609FED8C0A9B4880ED000AF2
:10718000084690ED000A994880ED000A00208749E2
:107190000870169890ED430AB8EE400A9448D0ED76
:1071A000000A20EE200A934880ED000A90ED000AC4
:1071B0008C48D0ED000AB4EEE00AF1EE10FA7CD271
:1071C0008C4800680AF03CF99FED821BCDE908016C
:1071D0009DED080B04F064FD8DED0C0B7C48006800
:1071E0000AF02EF9CDE904019DED040B04F040FCFA
:1071F0008DED080B754800680AF022F9CDE906010B
:107200009DED080B53EC102B9DED060B51EC100B74
:1072100009F020FECDE90A019DED0C0B53EC102B7B
:107220009DED0A0B51EC100B09F014FE9FED690B5C
:1072300053EC102BCDE90E019DED0E0B51EC100B14
:1072400009F0DEFBCDE91201594800680AF0F8F8B0
:10725000CDE910019DED120B53EC102B9DED100BA1
:1072600051EC100B09F010FBCDE914019DED140B4E
:1072700051EC100B09F0D6FA1699C8615D48006808
:107280000AF0DEF89FED531BCDE908019DED080BD8
:1072900004F006FD8DED0C0B4D4800680AF0D0F8A7
:1072A000CDE904019DED040B05F022FB8DED080BEB
:1072B000464800680AF0C4F800E0E2E0CDE90601C3
:1072C0009DED080B53EC102B9DED060B51EC100BB4
:1072D00009F0C0FDCDE90A019DED0C0B53EC102B1C
:1072E0009DED0A0B51EC100B09F0B4FD9FED390B2D
:1072F00053EC102BCDE90E019DED0E0B51EC100B54
:1073000009F07EFBCDE912012A4800680AF098F8DE
:10731000CDE910019DED120B53EC102B9DED100BE0
:1073200051EC100B09F0B0FACDE914019DED140BEE
:1073300051EC100B09F076FA0146169881662D483B
:1073400000680AF07DF8CDE91201214800680AF0D2
:1073500077F8CDE90A019DED0A0B04F089FB8DED6C
:107360000E0B1A4800680AF06BF8CDE90C019DED90
:107370000E0B53EC102B9DED0C0B51EC100B09F088
:1073800069FDCDE910019DED120B53EC102B9DED25
:10739000100B51EC100B09F05DFDCDE914012BE051
:1073A00054060020580200200000000008060020BB
:1073B0000C06002010060020E45D0020700600206E
:1073C0007406002000009644780600207C06002009
:1073D00080060020000000000000004000000000C7
:1073E000000000003006002034060020380600208F
:1073F0002C060020240600209DED140B51EC100BF0
:1074000009F010FA01461698C0F80011FE4800680D
:107410000AF016F8CDE91201FC4800680AF010F8ED
:10742000CDE90A019DED0A0B05F062FA8DED0E0B18
:10743000F74800680AF004F8CDE90C019DED0E0B49
:1074400053EC102B9DED0C0B51EC100B09F002FDD1
:10745000CDE910019DED120B53EC102B9DED100B9F
:1074600051EC100B09F0F6FCCDE914019DED140B65
:1074700051EC100B09F0D6F901461698C0F804112A
:10748000B3E3E44890ED000AE348D0ED000A30EEA3
:10749000200ADD48D0ED000AB4EEE00AF1EE10FA61
:1074A0007EDD90ED000ADB48D0ED000A30EE600A88
:1074B0008DED0B0A0B9809F0C3FFCDE90E01D348FF
:1074C000006809F0BDFFCDE906019DED060B04F053
:1074D000CFFA8DED0A0BD148006809F0B1FFCDE974
:1074E00008019DED0A0B53EC102B9DED080B51ECA0
:1074F000100B09F0AFFCCDE90C019DED0E0B53EC28
:10750000102B9DED0C0B51EC100B09F0A3FCCDE9F9
:107510001201C048006809F093FF1FED521BCDE92E
:1075200004019DED040B04F0BBFB8DED080BB74887
:10753000006809F085FFCDE900019DED000B04F026
:1075400097FA8DED040BB248006809F079FFCDE998
:1075500002019DED040B53EC102B9DED020B51EC41
:10756000100B09F077FCCDE906019DED080B53ECFB
:10757000102B9DED060B51EC100B09F06BFC1FED71
:107580006B0B53EC102BCDE90A019DED0A0B51EC6E
:10759000100B09F035FACDE90E01A148006800E0B2
:1075A00018E109F04DFFCDE90C019DED0E0B53ECF8
:1075B000102B9DED0C0B51EC100B09F065F9CDE98A
:1075C00010019DED120B53EC102B9DED100B51ECA7
:1075D000100B09F059F9CDE914019DED140B51EC94
:1075E000100B09F01FF91699C861874890ED000A41
:1075F0008848D0ED000A30EE600A8DED0B0A0B983A
:1076000009F01EFFCDE90E018048006809F018FF5F
:10761000CDE906019DED060B05F06AF98DED0A0B2B
:107620007E48006809F00CFFCDE908019DED0A0BCA
:1076300053EC102B9DED080B51EC100B09F00AFCDC
:10764000CDE90C019DED0E0B53EC102B9DED0C0BB9
:1076500051EC100B09F0FEFBCDE912016D480068FA
:1076600009F0EEFE1FEDA51BCDE904019DED040B15
:1076700004F016FB8DED080B6448006809F0E0FE8D
:10768000CDE900019DED000B05F032F98DED040B05
:107690005F48006809F0D4FECDE902019DED040BBE
:1076A00053EC102B9DED020B51EC100B09F0D2FBAB
:1076B000CDE906019DED080B53EC102B9DED060B5B
:1076C00051EC100B09F0C6FB1FEDBE0B53EC102B59
:1076D000CDE90A019DED0A0B51EC100B09F090F970
:1076E000CDE90E014F48006809F0AAFECDE90C0172
:1076F0009DED0E0B53EC102B9DED0C0B51EC100B74
:1077000009F0C2F8CDE910019DED120B53EC102BDE
:107710009DED100B51EC100B09F0B6F8CDE91401FA
:107720009DED140B51EC100B09F07CF801461698F6
:1077300081663648006809F083FECDE90E019DEDB3
:107740000E0B04F095F98DED120B3448006809F02A
:1077500077FECDE910019DED120B53EC102B9DED42
:10776000100B51EC100B09F075FBCDE914019DEDE8
:10777000140B51EC100B09F055F801461698C0F89F
:1077800000112248006809F05BFECDE90E019DED75
:107790000E0B05F0ADF88DED120B2048006809F0D6
:1077A0004FFECDE910019DED120B53EC102B9DED1A
:1077B000100B51EC100B09F04DFBCDE914019DEDC0
:1077C000140B51EC100B09F02DF801461698C0F877
:1077D00004110AE20F4890ED000A0F48D0ED000AAC
:1077E00030EE200A1048D0ED000A30EE200A06489C
:1077F000D0ED000AB4EEE00AF1EE10FA7DDD0548A6
:1078000090ED000A044811E02406002080060020C4
:107810007C06002030060020340600207806002078
:107820000C0600201006002038060020D0ED000ACB
:1078300030EE200AEE48D0ED000A30EE200AED4886
:10784000D0ED000A30EE600A8DED070A079809F0C6
:10785000F7FD9FEDE91BCDE908019DED080B04F054
:107860001FFA8DED0C0BE648006809F0E9FDCDE943
:1078700004019DED040B04F0FBF88DED080BE148CD
:10788000006809F0DDFDCDE906019DED080B53EC24
:10789000102B9DED060B51EC100B09F0DBFACDE936
:1078A0000A019DED0C0B53EC102B9DED0A0B51ECD6
:1078B000100B09F0CFFA9FEDD00B53EC102BCDE954
:1078C0000E019DED0E0B51EC100B09F099F8CDE96E
:1078D0001201CD4890ED000ACC48D0ED000A30EE00
:1078E000200A8DED0F0A0F9809F0AAFDCDE91001CD
:1078F0009DED120B53EC102B00E025E19DED100BDC
:1079000051EC100B09F0B2FCCDE914019DED140B04
:1079100051EC100B08F086FF1699C861BC4890ED39
:10792000000ABC48D0ED000A30EE200AB048D0ED85
:10793000000A30EE200AAF48D0ED000A30EE600AAF
:107940008DED070A079809F07BFD9FEDAB1BCDE994
:1079500008019DED080B04F0A3F98DED0C0BA84870
:10796000006809F06DFDCDE904019DED040B04F004
:10797000BFFF8DED080BA348006809F061FDCDE95C
:1079800006019DED080B53EC102B9DED060B51EC01
:10799000100B09F05FFACDE90A019DED0C0B53ECD9
:1079A000102B9DED0A0B51EC100B09F053FA9FEDD3
:1079B000920B53EC102BCDE90E019DED0E0B51EC0B
:1079C000100B09F01DF8CDE912019348D0ED000A23
:1079D000924890ED000A30EE800A8DED0F0A0F9864
:1079E00009F02EFDCDE910019DED120B53EC102B8B
:1079F0009DED100B51EC100B09F038FCCDE9140192
:107A00009DED140B51EC100B08F00CFF014616987D
:107A100081667F48D0ED000A7E4890ED000A30EE86
:107A2000800A7348D0ED000A30EE200A7148D0ED8C
:107A3000000A30EE600A8DED0F0A0F9809F000FD84
:107A4000CDE912016E48006809F0FAFCCDE90A019F
:107A50009DED0A0B04F00CF88DED0E0B69480068E3
:107A600009F0EEFCCDE90C019DED0E0B53EC102B53
:107A70009DED0C0B51EC100B09F0ECF9CDE9100168
:107A80009DED120B53EC102B9DED100B51EC100BD8
:107A900009F0E0F9CDE914019DED140B51EC100B48
:107AA00008F0C0FE01461698C0F80011584890ED45
:107AB000000A5848D0ED000A30EE200A4C48D0EDBC
:107AC000000A30EE200A4B48D0ED000A30EE600A82
:107AD0008DED0F0A0F9809F0B3FCCDE9120148486B
:107AE000006809F0ADFCCDE90A019DED0A0B04F038
:107AF000FFFE8DED0E0B4348006809F0A1FCCDE9B7
:107B00000C019DED0E0B53EC102B9DED0C0B51EC6D
:107B1000100B09F09FF9CDE910019DED120B53EC0C
:107B2000102B9DED100B51EC100B09F093F9CDE9E2
:107B300014019DED140B51EC100B08F073FE01467F
:107B40001698C0F8041150E0314890ED000A314811
:107B5000D0ED000A30EE200A2548D0ED000A30EEC4
:107B6000200ADFED2F0A30EE200A2248D0ED000A6D
:107B7000B4EEE00AF1EE10FA20DD234890ED000AA1
:107B80002248D0ED000A30EE200A169880ED070A50
:107B9000214890ED000A2148D0ED000A30EE200A7D
:107BA000169880ED1A0A9FED1F0A169880ED400A7C
:107BB0009FED1C0A169880ED410A16E000211698E8
:107BC000C0F80C11022116980170012016490870A6
:107BD0009FED140A169880ED0B0A9FED120A169875
:107BE00080ED1E0A01201149087017B000BD000089
:107BF000380600202406002000000000000000409D
:107C0000800600207C0600200C0600207006002064
:107C100030060020340600201006002074060020E4
:107C2000CDCCCC3D000000008F0300208E0300204F
:107C300001B596B0FE48007800287CD0169890EDEB
:107C4000080AFC4880ED000A169890ED1B0AFA48D5
:107C500080ED000A169890ED2E0AF84880ED000A93
:107C60009FEDF70A169880ED0B0A9FEDF50A16981E
:107C700080ED1E0A9FEDF20A169880ED310AF14858
:107C800090ED000AEB48D0ED000A30EE600AEE48B5
:107C900080ED000AEB4890ED010AE748D0ED000ABC
:107CA00030EE600AE94880ED000AE64890ED020AED
:107CB000E248D0ED000A30EE600AE54880ED000AA7
:107CC00019E0E34890ED000AB5EEC00AF1EE10FAB3
:107CD00008DB90ED000ADFEDDF0A30EE600A80ED90
:107CE000000A08E0DA4890ED000ADFEDDA0A30EE2B
:107CF000200A80ED000AD648006809F0A1FBCDE912
:107D000012019DED120B03F0BFFF8DED140B9FEDE3
:107D1000D20B53EC102B9DED140B51EC100B09F012
:107D200097F9CED99FEDCE0ACE4880ED000A9FED9F
:107D3000CC0ACD4800E0CBE080ED000AC248D0ED8F
:107D4000000AC24890ED000A03F03AFDC74880EDF2
:107D5000000AC548006809F073FBCDE90E01C1486F
:107D6000006809F06DFB9FEDC21BCDE90A019DED96
:107D70000A0B03F095FF8DED0C0B9DED0E0B53ECF4
:107D8000102B9DED0C0B51EC100B08F039FECDE9DA
:107D90001201AE48D0ED000AAB4890ED000AFAF7A8
:107DA000BFFB8DED0F0A0F9809F04AFBCDE91001DA
:107DB0009DED120B53EC102B9DED100B51EC100BA5
:107DC00009F054FA9FEDAC0B53EC102BCDE91401E4
:107DD0009DED140B51EC100B09F03AF92BD2A14890
:107DE00090ED000AA048D0ED000A80EE201AA448C9
:107DF00080ED001A9548D0ED000A934890ED000AF6
:107E0000FAF78EFB9E48D0ED000A60EEA00A964875
:107E100090ED001A00EEC10A9248D0ED000A80EE03
:107E2000201A984880ED001A954890ED000A96486F
:107E300080ED000A30E08548D0ED000A824890EDE0
:107E4000000AFAF76DFBF0EE000A60EE200A8648A1
:107E500090ED001A80EE810A8DED110A119809F05B
:107E6000EFFACDE912019DED120B04F06DFE8DEDE0
:107E7000140B9DED140B51EC100B08F0D3FC804952
:107E800008609FED6F0A7F4880ED000A084690ED7C
:107E9000000A7D4880ED000A794890ED000A794893
:107EA000D0ED000A30EE200A7748D0ED000A30EE1F
:107EB000200ADFED760A20EE200A6548D0ED000AA0
:107EC00080EE801A724880ED001A00215848017037
:107ED000169890ED430AB8EE400A6E48D0ED000ABD
:107EE00020EE200A6C4880ED000A654890ED000AFB
:107EF0006448D0ED000A30EE200A6348D0ED000A55
:107F000030EE200ADFED610A20EE200A6248D0ED53
:107F1000000AB4EEE00AF1EE10FA14DD474890EDE5
:107F2000000A5B48D0ED000A5B4890ED001A00EEB5
:107F3000810A169880ED2D0A554890ED000A169892
:107F400080ED420A2EE04E4890ED000A4D48D0EDFB
:107F5000000A30EE200A4C48D0ED000A30EE200A2C
:107F6000DFED4E0A30EE200A4B48D0ED000AB4EEA9
:107F7000E00AF1EE10FA10DD304890ED000A3448C6
:107F8000D0ED000A30EE200A169880ED2D0A9FED04
:107F90002C0A169880ED420A04E09FED290A1698F3
:107FA00080ED310A3C4890ED000A3548D0ED000ADA
:107FB000B4EEE00AF1EE10FA72D23748006809F028
:107FC0003FFA9FED2B1BCDE908019DED080B03F057
:107FD00067FE8DED0C0B2548006809F031FACDE9FC
:107FE00004019DED040B03F043FD8DED080B1E48CD
:107FF000006809F025FACDE906019DED080B53EC68
:10800000102B9DED060B51EC100B08F023FFCDE972
:108010000A019DED0C0B53EC102B9DED0A0B51EC5E
:10802000100B08F017FF9FED120B53EC102B38E0EC
:10803000080600200C060020100600201406002070
:1080400000000000E45D0020580600205C060020CF
:10805000200600200000B4430000000000806640BD
:108060000000964460060020640600206C06002094
:1080700000000000000000400000000000000000C0
:10808000300600203406002038060020CDCC4C3FBE
:10809000680600202C06002024060020CDCCCC3D14
:1080A000F7E0CDE90E019DED0E0B51EC100B08F041
:1080B000A7FCCDE91201FE48006809F0C1F9CDE93D
:1080C00010019DED120B53EC102B9DED100B51EC9C
:1080D000100B08F0D9FBCDE914019DED140B51EC08
:1080E000100B08F09FFB1699C861F248006809F070
:1080F000A7F91FED211BCDE908019DED080B03F049
:10810000CFFD8DED0C0BEC48006809F099F9CDE935
:1081100004019DED040B04F0EBFB8DED080BE7482B
:10812000006809F08DF9CDE906019DED080B53ECCF
:10813000102B9DED060B51EC100B08F08BFECDE9DA
:108140000A019DED0C0B53EC102B9DED0A0B51EC2D
:10815000100B08F07FFE1FED3A0B53EC102BCDE90E
:108160000E019DED0E0B51EC100B08F049FCCDE912
:108170001201D348006809F063F9CDE910019DEDC3
:10818000120B53EC102B9DED100B51EC100B08F063
:108190007BFBCDE914019DED140B51EC100B08F0A5
:1081A00041FB014616988166C248006809F048F90B
:1081B000CDE91201C048006809F042F9CDE90A0191
:1081C0009DED0A0B03F054FC8DED0E0BBB480068CF
:1081D00009F036F9CDE90C019DED0E0B53EC102B97
:1081E0009DED0C0B51EC100B08F034FECDE91001A5
:1081F0009DED120B53EC102B9DED100B51EC100B61
:1082000008F028FECDE914019DED140B51EC100B84
:1082100008F008FB01461698C0F80011A548006850
:1082200009F00EF9CDE91201A348006809F008F938
:10823000CDE90A019DED0A0B04F05AFB8DED0E0B02
:108240009E48006809F0FCF8CDE90C019DED0E0B8D
:1082500053EC102B9DED0C0B51EC100B08F0FAFDBC
:10826000CDE910019DED120B53EC102B9DED100B81
:1082700051EC100B08F0EEFDCDE914019DED140B4F
:1082800051EC100B08F0CEFA01461698C0F8041114
:10829000CEE38C4890ED000A8B48D0ED000A30EE1A
:1082A000200A8448D0ED000AB4EEE00AF1EE10FA9C
:1082B0007EDD90ED000A8348D0ED000A30EE600AC2
:1082C0008DED0B0A0B9809F0BBF8CDE90E017A4849
:1082D000006809F0B5F8CDE906019DED060B03F045
:1082E000C7FB8DED0A0B7948006809F0A9F8CDE9C4
:1082F00008019DED0A0B53EC102B9DED080B51EC82
:10830000100B08F0A7FDCDE90C019DED0E0B53EC11
:10831000102B9DED0C0B51EC100B08F09BFDCDE9E3
:1083200012016848006809F08BF81FEDAF1BCDE91A
:1083300004019DED040B03F0B3FC8DED080B5E48CA
:10834000006809F07DF8CDE900019DED000B03F018
:108350008FFB8DED040B5948006809F071F8CDE9E9
:1083600002019DED040B53EC102B9DED020B51EC23
:10837000100B08F06FFDCDE906019DED080B53ECE5
:10838000102B9DED060B51EC100B08F063FD1FED5B
:10839000C80B53EC102BCDE90A019DED0A0B51ECF3
:1083A000100B08F02DFBCDE90E014148006800E0FC
:1083B0002EE109F045F8CDE90C019DED0E0B53ECD3
:1083C000102B9DED0C0B51EC100B08F05DFACDE974
:1083D00010019DED120B53EC102B9DED100B51EC89
:1083E000100B08F051FACDE914019DED140B51EC7E
:1083F000100B08F017FA1699C8612E4890ED000A84
:108400003048D0ED000A30EE600A8DED0B0A0B9873
:1084100009F016F8CDE90E012748006809F010F8B8
:10842000CDE906019DED060B04F062FA8DED0A0B15
:108430002648006809F004F8CDE908019DED0A0B13
:1084400053EC102B9DED080B51EC100B08F002FDC6
:10845000CDE90C019DED0E0B53EC102B9DED0C0B9B
:1084600051EC100B08F0F6FCCDE91201154800683C
:1084700008F0E6FF9FED161BCDE904019DED040B0E
:1084800003F00EFC8DED080B0B48006808F0D8FFD8
:10849000CDE900019DED000B04F02AFA8DED040BEF
:1084A0000648006808F0CCFFCDE9020114E00000A6
:1084B0000C060020240600206C0600206406002024
:1084C0001006002030060020340600206006002040
:1084D00000000000000000409DED040B53EC102B49
:1084E0009DED020B51EC100B08F0B4FCCDE9060138
:1084F0009DED080B53EC102B9DED060B51EC100B72
:1085000008F0A8FC1FED0E0B53EC102BCDE90A016F
:108510009DED0A0B51EC100B08F072FACDE90E013B
:10852000FE48006808F08CFFCDE90C019DED0E0BB4
:1085300053EC102B9DED0C0B51EC100B08F0A4F933
:10854000CDE910019DED120B53EC102B9DED100B9E
:1085500051EC100B08F098F9CDE914019DED140BC6
:1085600051EC100B08F05EF9014616988166EC4854
:10857000006808F065FFCDE90E019DED0E0B03F0DC
:1085800077FA8DED120BE748006808F059FFCDE946
:1085900010019DED120B53EC102B9DED100B51ECC7
:1085A000100B08F057FCCDE914019DED140B51ECB4
:1085B000100B08F037F901461698C0F80011D8489A
:1085C000006808F03DFFCDE90E019DED0E0B04F0B3
:1085D0008FF98DED120BD348006808F031FFCDE91B
:1085E00010019DED120B53EC102B9DED100B51EC77
:1085F000100B08F02FFCCDE914019DED140B51EC8C
:10860000100B08F00FF901461698C0F804110FE29C
:10861000C54890ED000AC548D0ED000A30EE200AAA
:10862000C348D0ED000A30EE200AC248D0ED000A5F
:10863000B4EEE00AF1EE10FA7EDDBB4890ED000AE0
:10864000BA48D0ED000A30EE200AB948D0ED000A51
:1086500030EE200AB748D0ED000A30EE600A8DED0A
:10866000070A079808F0ECFE1FED671BCDE908012B
:108670009DED080B03F014FB8DED0C0BA848006872
:1086800008F0DEFECDE904019DED040B03F0F0F9E6
:108690008DED080BA848006808F0D2FECDE9060170
:1086A0009DED080B53EC102B9DED060B51EC100BC0
:1086B00008F0D0FBCDE90A019DED0C0B53EC102B1B
:1086C0009DED0A0B51EC100B08F0C4FB1FED800B65
:1086D00053EC102BCDE90E019DED0E0B51EC100B60
:1086E00008F08EF9CDE91201944890ED000A944803
:1086F000D0ED000A30EE200A8DED0F0A0F9808F039
:108700009FFECDE910019DED120B53EC102B9DED5A
:10871000100B51EC100B08F0A9FDCDE914019DEDF3
:10872000140B51EC100B08F07DF81699C8617E48C7
:1087300090ED000A7D4800E029E1D0ED000A30EE1E
:10874000200A7B48D0ED000A30EE200A7948D0EDAF
:10875000000A30EE600A8DED070A079808F070FEF7
:108760001FEDA51BCDE908019DED080B03F098FA5C
:108770008DED0C0B6A48006808F062FECDE904013B
:108780009DED040B04F0B4F88DED080B6A48006809
:1087900008F056FECDE906019DED080B53EC102BB9
:1087A0009DED060B51EC100B08F054FBCDE90A01CE
:1087B0009DED0C0B53EC102B9DED0A0B51EC100BA7
:1087C00008F048FB1FEDBE0B53EC102BCDE90E015A
:1087D0009DED0E0B51EC100B08F012F9CDE91201D2
:1087E0004E48D0ED000A574890ED000A30EE800A5E
:1087F0008DED0F0A0F9808F023FECDE910019DEDD5
:10880000120B53EC102B9DED100B51EC100B08F0DC
:108810002DFDCDE914019DED140B51EC100B08F06A
:1088200001F80146169881663F4890ED000A3F48DE
:10883000D0ED000A30EE200A3D48D0ED000A30EEBF
:10884000200A3C48D0ED000A30EE600A8DED0F0A98
:108850000F9808F0F5FDCDE912013148006808F0E5
:10886000EFFDCDE90A019DED0A0B03F001F98DED55
:108870000E0B3148006808F0E3FDCDE90C019DEDD9
:108880000E0B53EC102B9DED0C0B51EC100B08F064
:10889000E1FACDE910019DED120B53EC102B9DED8B
:1088A000100B51EC100B08F0D5FACDE914019DED39
:1088B000140B51EC100B07F0B5FF01461698C0F8E9
:1088C0000011194890ED000A1848D0ED000A30EE6A
:1088D000200A1748D0ED000A30EE200A1548D0EDE6
:1088E000000A30EE600A8DED0F0A0F9808F0A8FD1F
:1088F000CDE912010A48006808F0A2FDCDE90A019D
:108900009DED0A0B03F0F4FF8DED0E0B0A48006895
:1089100008F096FDCDE90C0116E0000010060020DD
:108920006C0600206006002030060020340600207F
:108930003806002024060020640600200C060020D3
:10894000580600205C0600209DED0E0B53EC102B0A
:108950009DED0C0B51EC100B08F07CFACDE91001E9
:108960009DED120B53EC102B9DED100B51EC100BE9
:1089700008F070FACDE914019DED140B51EC100BC9
:1089800007F050FF01461698C0F8041150E029483E
:1089900090ED000A2848D0ED000A30EE200A274862
:1089A000D0ED000A30EE200ADFED250A30EE200A75
:1089B0002448D0ED000AB4EEE00AF1EE10FA20DD12
:1089C000214890ED000A2148D0ED000A30EE200A3F
:1089D000169880ED070A1E4890ED000A1D48D0ED5C
:1089E000000A30EE200A169880ED1A0A9FED1A0A46
:1089F000169880ED400A9FED180A169880ED410AFE
:108A000016E000211698C0F80C110221169801708A
:108A10000120124908709FED100A169880ED0B0A8C
:108A20009FED0D0A169880ED1E0A01200C49087072
:108A300017B000BD300600203406002038060020A4
:108A4000CDCCCC3D240600200C060020580600208A
:108A5000100600205C060020000000008F030020AC
:108A60008E0300202DE9F05F2DED048B06460F46A6
:108A700090461D46DDF848B0DDF838A0DDF840909E
:108A80000024ADE314BB98ED030AFE4880ED7B0A99
:108A900098ED040A80ED7C0A98F8141080F8F4111F
:108AA00000F5F070F8F7BCFA96ED000AF54880ED95
:108AB000000A96ED010A80ED010A307DF149087542
:108AC0000846F8F7ADFAEF4880F834B55C457DDA32
:108AD0001AF80410EC48015504EB4401E94A02EB92
:108AE000C100F8F79DFA04EB4402E84901EBC2002B
:108AF000F8F796FA1AF80400002868D10F9800EBEE
:108B0000840090ED000A10EE101A084608F098FC58
:108B100041EC190BB0EE490AF0EE690A03F0B4F823
:108B2000B0EE408AF0EE608A9FEDD90B53EC102B2B
:108B300051EC180B08F052F979D804EB440007EB1C
:108B4000C00090ED030A04EB4401CE48F03000EB86
:108B5000C10080ED030A04EB440007EBC00090ED78
:108B6000040A04EB4401C748F03000EBC10080ED7B
:108B7000040A04EB440007EBC000017D04EB44024F
:108B8000C048F03000EBC200017504EB4402BD495F
:108B9000F03101EBC200F8F743FA04EB4401BB48A3
:108BA00000EBC10090ED000A04EB4401B748F0303F
:108BB00000EBC10080ED000A04EB4401B34800EB78
:108BC000C10090ED010A04EB440101E0F3E20AE187
:108BD000AE48F03000EBC10080ED010A002104EB4B
:108BE0004402AA48F03000EBC200017504EB4402D5
:108BF000A649F03101EBC200F8F712FA04EB440188
:108C0000A048F03000EBC10090ED030A04EB4401F2
:108C10009E4800EBC100D0ED030A80EE201A9A486E
:108C2000843000EB840080ED001A73E2FFE704EB70
:108C3000440005EBC00090ED030A04EB44019348A7
:108C4000F03000EBC10080ED030A04EB440005EBBB
:108C5000C00090ED040A04EB44018C48F03000EBB6
:108C6000C10080ED040A04EB440005EBC000017D67
:108C700004EB44028548F03000EBC200017504EBC0
:108C800044028249F03101EBC200F8F7C9F90F98AC
:108C900000EB840090ED000A7B480C3000EB840070
:108CA00080ED000A04EB44017848F03000EBC1008D
:108CB00090ED030A04EB4401744800EBC100D0EDD1
:108CC000030A30EE600A70480C3000EB8400D0EDEF
:108CD000000A80EE201AB0EE418AB0EE480AF9F799
:108CE000B4FB6948843000EB840080ED000A04EB9B
:108CF00044016648F03000EBC10090ED030A20EE1D
:108D0000000A04EB4401614800EBC100D0ED030A06
:108D100004EB44015D4800EBC10090ED031A00EE46
:108D2000C10A59480C3000EB8400D0ED000AB0EEC7
:108D3000001A60EE810A80EE201A04EB44015148CB
:108D4000F03000EBC10080ED031A04EB44014D4804
:108D5000F03000EBC10090ED030AB5EEC00AF1EE71
:108D600010FA0FDB04EB4401484800EBC10090ED22
:108D7000040A04EB44014348F03000EBC10080EDED
:108D8000040A1FE004EB44013E48F03000EBC10050
:108D900090ED030AB5EEC00AF1EE10FA12D204EB20
:108DA00044013A4800EBC10090ED040ADFED3A0AB5
:108DB00030EE200A04EB44013248F03000EBC100F1
:108DC00080ED040A012104EB44022E48F03000EB50
:108DD000C200017504EB44022A49F03101EBC200E4
:108DE000F8F71EF996E11AF804000128FAD104EB0D
:108DF000440005EBC00090ED030A04EB4401234856
:108E0000F03000EBC10080ED030A04EB440005EBF9
:108E1000C00090ED040A04EB44011C48F03000EB64
:108E2000C10080ED040A04EB440005EBC000017DA5
:108E300004EB44021548F03000EBC200017504EB6E
:108E400044021249F03101EBC200F8F7E9F804EBF3
:108E500044010E48F03000EBC10090ED040A04EB31
:108E600044010A4800EBC100D0ED040A30EE600A6C
:108E7000B5EEC00AF1EE10FA2EDD04EB4401034812
:108E8000F0300BE0AC5800200C5D00208C5A002024
:108E9000F168E388B5F8E43E0000344300EBC1001C
:108EA00090ED040A04EB4401D14800EBC100D0ED81
:108EB000040A30EE600A5FED080AB4EEE00AF1EE53
:108EC00010FA09D809EB840090ED000AC94800EBBC
:108ED000840080ED000A7EE004EB4401C448F030D9
:108EE00000EBC10090ED040A04EB4401C04800EB24
:108EF000C100D0ED040A30EE600A5FED190AB4EE4D
:108F0000E00AF1EE10FA0BDD09EB840090ED000AA7
:108F1000B1EE400AB74800EB840080ED000A5AE049
:108F200004EB4401B248F03000EBC10090ED040ABC
:108F300004EB4401AE4800EBC100D0ED040A30EE72
:108F4000600AB5EEC00AF1EE10FA23D204EB440138
:108F5000A748F03000EBC10090ED040A04EB440197
:108F6000A34800EBC100D0ED040A30EE600ADFED4B
:108F7000A20AB4EEE00AF1EE10FA0BDB09EB840072
:108F800090ED000AB1EE400A9A4800EB840080EDB3
:108F9000000A20E004EB44019548F03000EBC100EA
:108FA00090ED040A04EB4401914800EBC100D0EDC0
:108FB000040A30EE600ADFED900AB4EEE00AF1EE4A
:108FC00010FA08D209EB840090ED000A894800EB02
:108FD000840080ED000A04EB44018548F03000EB8A
:108FE000C10090ED040A04EB4401814800EBC1008C
:108FF000D0ED040A30EE600ADFED800A20EE200A90
:109000007C4800EB8400D0ED000A20EE200A04EB3F
:109010004401774800EBC100D0ED030A80EE201A2E
:109020007448283000EB840080ED001A04EB440102
:109030006F48F03000EBC100D0ED040A9FED6F1ACD
:1090400060EE810AB0EE600A03F0B6FCB0EE408A32
:1090500004EB4401664800EBC100D0ED040A9FED2B
:10906000671A60EE810AB0EE600A03F0A5FC38EEE4
:10907000400A604800EB8400D0ED000A20EE200A90
:1090800004EB44015A48F03800EBC10080ED000ABF
:1090900004EB4401564800EBC100D0ED040A9FEDFB
:1090A000571A60EE810AB0EE600A02F045FDB0EE9C
:1090B000408A04EB44014E48F03000EBC100D0ED93
:1090C000040A9FED4E1A60EE810AB0EE600A02F0CB
:1090D00033FD38EE400A474800EB8400D0ED000A2B
:1090E00020EE200A04EB44014148F03800EBC100B7
:1090F00080ED010A002104EB44023D48F03800EB0A
:10910000C200017504EB44023949F03901EBC20099
:10911000F7F786FF04EB4400394901EBC00090EDFE
:10912000000A04EB44013248F03800EBC100D0EDF6
:10913000000A30EE200A601C00EB4000304901EBD1
:10914000C00080ED000A04EB440001EBC00090ED8C
:10915000010A04EB44012648F03800EBC100D0EDD1
:10916000010A30EE200A601C00EB4000244901EBAC
:10917000C00080ED010A04EB44011D48F03000EB13
:10918000C10090ED000A601C00EB4001184800EBA4
:10919000C10080ED000A04EB44011548F03000EBFB
:1091A000C10090ED010A601C00EB4001104800EB8B
:1091B000C10080ED010A134890ED440AB8EE400A60
:1091C0000C48283000EB8400D0ED000A9FED0E1A09
:1091D00000EE810ABCEEC00A0A4880ED440A641C15
:1091E0005C45FFF64FACBDEC048BBDE8F09F000082
:1091F0008C5A0020685D0020000034C335FA8E3C94
:10920000AC5800205802002000007A4470B5ADF53B
:109210008B6D06460C4608255848007850B994EDE9
:10922000080A8DEDDA0A94ED1B0A8DEDDB0A0020A9
:109230008DF87C039FED520A8DED650AB2EE0E0AA1
:109240008DED660A01208DF89C019FED4E0A8DED93
:10925000290AB2EE0E0A8DED2A0A8DF8AC00002024
:109260008DF88C009FED480A8DED190A9FED470A95
:109270008DEDA70AB2EE0E0A8DEDA80A01218DF838
:10928000A4128DF88D009FED420A8DED1A0A9FED14
:109290003D0A8DED350A9FED3F0A8DED360A9FEDB3
:1092A0003E0A8DED110A8DF8DC1001208DF88E003C
:1092B0009FED3A0A8DEDB30A9FED360A8DEDB40AA3
:1092C0008DF8D41200208DF88F009FED310A8DEDBE
:1092D0001C0A9FED330A8DED410A9FED2E0A8DED9C
:1092E000420A8DF80C119FED2F0A8DED1D0A8DF8A5
:1092F00090009FED2B0A8DED470A9FED2B0A8DED17
:10930000480A9FED2A0A8DED140A8DF824110120D8
:109310008DF891009FED210A8DEDC50A9FED220A7F
:109320008DEDC60A8DF81C1300208DF892009FED7C
:10933000180A8DED1F0A9FED120A8DED530A9FED5D
:109340001A0A8DED540A8DF854119FED190A8DED0E
:10935000200A8DF8930005A80FA919AACDE90305E5
:10936000CDE9012123A826AB62AA9EA90090DAA824
:10937000FFF778FB0DF58B6D70BD000051060020E6
:109380006F12833A008022450080BB440000C8442D
:10939000000000000000B44200401C4500007A4478
:1093A0000080A24400C00FC5000034430000964472
:1093B0000000FAC470B5ADF58B6D06460C4603256A
:1093C0002E48007850B994ED080A8DEDDA0A94ED34
:1093D0001B0A8DEDDB0A00208DF87C039FED280A27
:1093E0008DED650A9FED270A8DED660A01208DF847
:1093F0009C019FED250A8DED290A9FED220A8DED36
:109400002A0A8DF8AC0000208DF88C009FED1E0A12
:109410008DED190A9FED1D0A8DEDA70A9FED190A22
:109420008DEDA80A01218DF8A4128DF88D009FED15
:10943000180A8DED1A0A9FED120A8DED350A9FED7F
:10944000110A8DED360A8DF8DC109FED120A8DEDB4
:109450001B0A8DF88E0005A80FA919AACDE90305EE
:10946000CDE9012123A826AB62AA9EA90090DAA823
:10947000FFF7F8FA0DF58B6D70BD00005106002066
:109480006F12833A0000B44200007A440080BB446B
:109490000000000000007AC470B5ADF58B6D064683
:1094A0000C4605253F48007850B994ED080A8DED2B
:1094B000DA0A94ED1B0A8DEDDB0A00208DF87C039F
:1094C0009FED390A8DED650A9FED380A8DED660A2C
:1094D00001208DF89C019FED360A8DED290A9FED44
:1094E000330A8DED2A0A8DF8AC0000208DF88C002F
:1094F0009FED300A8DED190A9FED2D0A8DEDA70A1B
:109500009FED2A0A8DEDA80A01218DF8A4128DF88D
:109510008D009FED260A8DED1A0A9FED250A8DED2F
:10952000350A9FED250A8DED360A8DF8DC109FED8A
:10953000230A8DED110A01208DF88E009FED1C0A83
:109540008DEDB30A9FED1C0A8DEDB40A8DF8D4128F
:1095500000208DF88F009FED150A8DED1C0A9FED00
:10956000120A8DED410A9FED140A8DED420A8DF825
:109570000C119FED130A8DED1D0A8DF8900005A8C2
:109580000FA919AACDE90305CDE9012123A826AB2E
:1095900062AA9EA90090DAA8FFF764FA0DF58B6D18
:1095A00070BD0000510600206F12833A00000000D9
:1095B00000007A44000016440000B44200803B449E
:1095C0000000FAC43D480078B8B13D4880892C2895
:1095D00002D101203B4908703948C0892D2805D1A6
:1095E0000120394908700020384908703448008A41
:1095F0002E2802D101213648C1713148008809283E
:109600004FD008DC092855D2DFE800F054181C239D
:109610002C353F494A000E2848D008DC0A2841D0A2
:109620000B2840D00C283FD00D2843D13DE00F2817
:109630003DD021283CD022283CD13AE001202549C8
:10964000087038E00120244908700220234908707E
:1096500031E0022020490870184908700020204994
:10966000087028E002201C49087014490870012085
:109670001B4908701FE0042017490870022019498F
:10968000087000201849087015E00520124908707C
:109690000220164908700020154908700BE00AE006
:1096A00009E008E007E006E005E004E003E002E08E
:1096B00001E000E000BF00BF70470000F20500209D
:1096C00074030020E3050020E4050020C604002008
:1096D0009B03002058020020F6050020F105002021
:1096E000F7050020F4050020F0050020F505002016
:1096F000E00500208EB0FCF787FD20B1FCF7AAFD45
:1097000001201949087000BF17480078012826D1A8
:109710000020164981F82100032081F82200202032
:1097200081F820001248FCF713FE13220F49103174
:109730006846F6F790FE23220C4905A8F6F78BFE43
:1097400005A80FC8FCF72CFE0A49094804F07AFC6A
:10975000FFF738FF0848C08D401C0749C885012025
:1097600006F070F8D0E70000C4040020B05F0020CD
:10977000F35F002074030020CE57002010B520486E
:10978000007800283AD002201E49087001201E49A6
:1097900008701E49087000201D4908701D49087096
:1097A0009FED1D0A1D4880ED000A9FED1B0A1C4815
:1097B00080ED000A1B48006840F00100194908606C
:1097C000084600F095FC0020174908700021174852
:1097D000817100201649087016490870002113484D
:1097E000C1710020144908701449087000210F4805
:1097F000C1710020124908701249087010BD0000A4
:10980000F1050020580200208F0300208E03002065
:10981000C60400207C07002000000000D8050020BE
:10982000DC050020F8060020E20500209B03002054
:10983000E4050020E3050020BC000020F005002026
:10984000BD000020E005002030B52DED0E8B85B069
:1098500005460C46F7488068F7490860084690EDD1
:10986000000A10EE101A084607F0EAFD41EC1D0B45
:10987000B0EE4D0AF0EE6D0A02F006FAB0EE40CA04
:10988000F0EE60CA9FEDED0B53EC102B51EC1C0B6E
:1098900007F0ECFC41EC1B0BB0EE4B0AF0EE6B0A50
:1098A00002F0F2F9B0EE40AAF0EE60AA9FEDE50BEF
:1098B00053EC102B51EC1A0B07F0CAFB25D2DE48F3
:1098C00090ED000AD0ED010A30EE600A10EE101A99
:1098D000084607F0B5FD41EC1B0BB0EE4B0AF0EE6D
:1098E0006B0A02F0D1F9B0EE40AAF0EE60AA9FED4B
:1098F000D70B53EC102B51EC1A0B07F0A9FB04D239
:10990000CD4890ED010A80ED000ACB4890ED000AA9
:1099100085ED020AD5ED020A9FEDCE1A60EE810AAE
:10992000B0EE600AF7F74AFBB0EE408ACA4890ED05
:10993000000ABDEEC00A84ED000AC84890ED000A96
:10994000BDEEC00A84ED020AD4E90012881A04F0C0
:10995000AFF8B0F57A7F07DCD4E90212881A04F078
:10996000A7F8B0F57A7F07DD20686060A068E06046
:1099700005B0BDEC0E8B30BDD4E90001884215DB8B
:10998000D4E90012881A07F0FEF941EC1B0B9FED99
:10999000B40B53EC102B07F05DFA41EC1A0B06F0F8
:1099A00041FF08EE900A9FEDB0EA14E0D4E90012FE
:1099B000881A07F0E8F941EC1B0B9FEDAC0B53EC58
:1099C000102B07F047FA41EC1A0B06F02BFF08EEBC
:1099D000900A9FEDA8EAD4E90201884215DBD4E998
:1099E0000212881A07F0CFF941EC1B0B9FEDA20B76
:1099F00053EC102B07F02EFA41EC1A0B06F012FF75
:109A000009EE100ADFED9E9A14E0D4E90212881ADA
:109A100007F0B9F941EC1B0B9FED9A0B53EC102B9F
:109A200007F018FA41EC1A0B06F0FCFE09EE100ADA
:109A3000DFED969A7EEE080A9FED951A70EEC10A48
:109A4000B0EE600A02F0B8FFB1EE400A8DED010AF7
:109A500079EE880AB0EE600A02F0AEFFB1EE400A7D
:109A60008DED020A7EEE080A9FED891A70EEC10A9A
:109A7000B0EE600A02F060F88DED030A79EE880A14
:109A8000B0EE600A02F058F88DED040A9DED010A6F
:109A900020EE280ADDED020A00EE890AD4ED040A60
:109AA00030EE200A84ED040A9DED030A20EE280A18
:109AB000DDED040A00EE890AD4ED050A30EE200A35
:109AC00084ED050ADFED730A78EE200AB0EE600A35
:109AD00002F072FFB1EE40AA9FED6E0A02F06CFF39
:109AE0007AEE000A94ED040A6B4890ED001A30EE0D
:109AF000010A9FED6A1A00EEC10A85ED000ADFED4A
:109B0000650A78EE200AB0EE600A02F015F8B1EEB0
:109B100040AA9FED600A02F00FF87AEE000A94ED79
:109B2000050A5F4890ED001A30EE010A9FED5B1ABE
:109B300000EE810A85ED010ADFED560A78EE200A73
:109B4000B0EE600A01F0F8FFB1EE40AA9FED510AB5
:109B500001F0F2FF3AEE000ADFED500A20EE200A93
:109B6000504880ED000ADFED4B0A78EE200AB0EE97
:109B7000600A02F021FFB1EE40AA9FED460A02F012
:109B80001BFF3AEE000ADFED450A20EE200A4648A8
:109B900080ED000A9FED3F0A02F00EFFB1EE40AAF1
:109BA000DFED3C0A78EE200AB0EE600A02F004FF16
:109BB0003AEE000AB1EE400ADFED380A20EE200A44
:109BC0003A4880ED000A9FED330A01F0B5FFB0EE90
:109BD00040AADFED300A78EE200AB0EE600A01F00C
:109BE000ABFF3AEE400AB1EE400ADFED2C0A20EE60
:109BF000200A2F4880ED000A95ED000A2D48D0ED8F
:109C0000000A30EE200A85ED000A95ED010A2A4887
:109C1000D0ED000A30EE200A85ED010A2068606070
:109C2000A068E060044890ED000A80ED010A00BFE2
:109C30009EE6000013600020E80500200000000000
:109C400000209C4000000000000054400000000084
:109C500000407F4088C3E43AD0000020D4000020B8
:109C60002DB2442F3A1BCCBF94B4453FC864D69064
:109C70000543CCBFD13F443F08B3047D88CCCCBF63
:109C800040D248BFBD0AB57898ACCCBF05E049BF0B
:109C9000DB0F494000000000180100200040814314
:109CA0001C010020F8050020FC0500200006002013
:109CB000040600200C010020100100202DE9F05FB7
:109CC0002DED048B06460F4690469A46DDE90E9B25
:109CD000109D0024CFE06CB996ED000A694880ED34
:109CE000F00A97ED000A00F5806080ED040A6548EF
:109CF00080F83555AC427DDA09EB840090ED000A1E
:109D000010EE101A084607F09BFB41EC190BB0EE61
:109D1000490AF0EE690A01F0B7FFB0EE408AF0EEB2
:109D2000608A9FED590B53EC102B51EC180B07F088
:109D300055F827D808EB840090ED000A544800EB52
:109D4000840080ED000A5248283000EB840090ED3A
:109D5000000A4F48503000EB840080ED000A4C4868
:109D600000EB840090ED000A4948283000EB8400A5
:109D7000D0ED000A80EE201A464800EB840080ED0A
:109D8000001A57E00AEB840090ED000A404850307A
:109D900000EB840080ED000A09EB840090ED000ADE
:109DA0003C48783800EB840080ED000A3848503099
:109DB00000EB840090ED000A3548283000EB840069
:109DC000D0ED000A30EE600A3248783800EB8400AB
:109DD000D0ED000A80EE201A2E4800EB840080EDC2
:109DE000001A2B48503000EB840090ED000A20EE62
:109DF000000A00E03EE02648283000EB8400D0ED69
:109E0000000A2348283000EB840090ED001A00EE91
:109E1000C10A2048783800EB8400D0ED000AB0EE8B
:109E2000001A60EE810A80EE201A194800EB8400C7
:109E300080ED001A1648503000EB840090ED000AC7
:109E400013482830611C00EB810080ED000A1048A7
:109E5000283800EB840090ED000A0D4800EB8400E8
:109E6000D0ED000A30EE200A0948283800EB8100C6
:109E700080ED000A641CAC42FFF62DAFBDEC048BF4
:109E8000BDE8F09FAC580020F168E388B5F8E43EE7
:109E9000945C0020B85D002070B5C0B004460D464B
:109EA00003261848007818B995ED2E0A84EDF00ABB
:109EB0009FED150A8DED2C0A9FED140A8DED180A01
:109EC0009FED120A8DED0E0AB3EE0E0A8DED230AF8
:109ED0009FED0F0A8DED0F0A9FED0B0A8DED1A0A0B
:109EE0009FED0C0A8DED100A04A80EA918AB22AA4A
:109EF000CDE9010600912CA936A8FFF7DFFE40B09E
:109F000070BD0000520600206F12833A00007042BC
:109F100000000000000070C2084981F81801062105
:109F2000064A117000220549C1F80C210221044A99
:109F300011700121034A117070470000580200207F
:109F40008E0300200806002010B50248FAF7B4F985
:109F500010BD0000D407002070B50546AC6B002092
:109F6000E087E0862046FAF7A5F970BD7CB5044687
:109F70000E4615463346012202212046009500F088
:109F800039F828B1606D40F02000606503207CBD89
:109F9000164800681821B0FBF1F01549B0FBF1F04C
:109FA0004FF47A71484301906068B0F5827F0DD11B
:109FB0003346002280212046009500F01BF898B11E
:109FC000606D40F0200060650320E0E700BF01986D
:109FD00000B908E00198401E019020688068C0F335
:109FE000C0100028F3D100BF0020D0E738000020C7
:109FF00040420F002DE9F84F04460D4690461E469C
:10A00000DDF82890F9F78CFCA0EB0900371AF9F776
:10A0100087FC82462C480068C0F3CB307843009020
:10A0200045E0701C002842D0F9F77AFCA0EB0A004A
:10A03000B84200D2A7BB2068406820F0E000216849
:10A0400048606068B0F5827F0DD1A068B0F5004F20
:10A0500003D0A068B0F5806F05D12068006820F0BB
:10A06000400021680860A06AB0F5005F0DD100BF14
:10A070002068006820F400502168086020680068AB
:10A0800040F400502168086000BF012084F85100AE
:10A0900000BF002084F8500000BF0320BDE8F88F07
:10A0A000FFE7009800B900270098401E0090206844
:10A0B00080682840A84201D1012000E000204045EE
:10A0C000AFD10020EAE70000380000203EB5054689
:10A0D0000C460194FF20012302AA01A90090284602
:10A0E000FAF748FA08B1FF2002909DF808003EBD3B
:10A0F00010B5044605492068086008460068044910
:10A10000C1F80B000348F6F7C1FB10BD340700206F
:10A11000200700200068004010B52DED048B884812
:10A120000078002872D0874800780B281DD2DFE81D
:10A1300000F0061D3145596E8296AAD3FB00824875
:10A140000078012802D08048007870B99FED7F0A1E
:10A150007F4880ED000A9FED7F0A80ED010A032011
:10A16000FFF7DAFE082077490870E4E076480078C7
:10A1700001280ED19FED780A754880ED000A9FED09
:10A18000770A80ED010A0320FFF7C6FE08206D491B
:10A190000870D0E06C48007801280ED19FED700A5D
:10A1A0006B4880ED000A9FED6D0A80ED010A0320E7
:10A1B000FFF7B2FE082063490870BCE062480078EF
:10A1C00001280ED19FED660A614880ED000A9FEDDF
:10A1D000650A80ED010A0320FFF79EFE0820594919
:10A1E0000870A8E05848007801280ED19FED5E0A5B
:10A1F000574880ED000A9FED5D0A80ED010A0320BB
:10A20000FFF78AFE08204F49087094E094E04E481A
:10A21000007801280ED19FED560A4D4880ED000AC6
:10A220009FED540A80ED010A0320FFF775FE082018
:10A23000444908707FE04448007801280ED19FED22
:10A240004E0A434880ED000A9FED4B0A80ED010A5B
:10A250000320FFF761FE08203A4908706BE03A4896
:10A26000007801280ED19FED3E0A394880ED000AA2
:10A270009FED3A0A80ED010A0320FFF74DFE08200A
:10A280003049087057E030480078012823D13B4816
:10A2900090ED2D0AD0ED2E0A30EE600A10EE101A65
:10A2A000084607F0CDF841EC190BB0EE490AF0EE84
:10A2B000690A01F0E9FCB0EE408AF0EE608A9FED99
:10A2C000300B53EC102B51EC180B06F087FD02D22B
:10A2D00009201C4908702EE01B480078012821D174
:10A2E00001212948C1712948C07801281AD10021CB
:10A2F0002548C17126480078072804DC24480078E6
:10A30000401C234908709FED1C0A114880ED000A8B
:10A310009FED190A80ED010A0320FFF7FDFD0A20D9
:10A320000849087007E0FFE707480078012801D1D5
:10A3300005F088F800BF00BFBDEC048B10BD000025
:10A34000F4050020F00500208E030020008009C5E0
:10A35000E45D0020000016450000AFC30080D44437
:10A360000000C84200002F44000096440000E14471
:10A3700000007AC400007043000000005802002072
:10A3800000000000000008409B030020B7030020ED
:10A39000BC00002010B52DED028B98B004461822A9
:10A3A000664912A8F6F79CF81822644918310CA8DF
:10A3B000F6F796F818226149303106A8F6F790F8BA
:10A3C00018225E4948316846F6F78AF82078032853
:10A3D00002D19FED5B8A0CE05A48D0ED020A9FED56
:10A3E0005A1A60EE810AB0EE600AF6F7E7FDB0EEA9
:10A3F000408AB0EE480A5549201DF6F75FFD94EDFE
:10A40000030ADFED530A20EE200A504880ED020ACD
:10A4100000204E49087512A94C48FBF7D5F94D4864
:10A4200080ED020A0CA94948FBF7CEF9494880EDB6
:10A43000000A06A94548FBF7C7F9464880ED010A1E
:10A4400069464248FBF7C0F9424880ED030A3F489D
:10A45000D0ED020AB0EE600A3F4912A800F0CCFE2F
:10A460003A48D0ED020AB0EE600A3B4930390CA8F8
:10A4700000F0C2FE3548D0ED020AB0EE600A36495F
:10A48000183906A800F0B8FE3048D0ED020AB0EE48
:10A49000600A31491831684600F0AEFE12A92E4814
:10A4A000FBF792F92D4880ED020A0CA92A483038B2
:10A4B000FBF78AF9294880ED000A06A926481838D2
:10A4C000FBF782F9254880ED010A694622481830D9
:10A4D000FBF77AF9214880ED030A1E4890ED020A45
:10A4E0001E48D0ED020A30EE200A1D4880ED000A19
:10A4F000184890ED000A1948D0ED000A30EE200A05
:10A50000174880ED130A134890ED010A1348D0ED67
:10A51000010A30EE200A124880ED390A0D4890ED0C
:10A52000030A0E48D0ED030A30EE200A0C4880EDF5
:10A53000260A18B0BDEC028B10BD00008C17010874
:10A54000000000001458002088C3E43A685F00202F
:10A5500035FA8E3C805F0020385F0020905F00203D
:10A560002401002010B54FF0E020006905F0F8FE4E
:10A57000012801D005F042FB10BD000000B593B0EA
:10A58000302107A8F6F708F8142102A8F6F704F816
:10A5900000BF002001902448006840F0805022490C
:10A5A00008600846006800F08050019000BF00BFBE
:10A5B00000BF002001901D48006840F480401B4906
:10A5C00008600846006800F48040019000BF00BFAA
:10A5D000012007900004089002200D9041050E9183
:10A5E00004210F91A82110910221119104211291AF
:10A5F00007A8F9F711FC08B1F7F724FF0F20029024
:10A6000002200390002004904FF4A05005904FF4D6
:10A6100080500690052102A8F9F79CFA08B1F7F7D7
:10A6200011FF13B000BD0000403802400070004030
:10A630000348006840F4700001490860704700005A
:10A6400088ED00E000BF00200AE0284931F8102022
:10A65000091F21F810200022091D21F81020401C9C
:10A660000228F2DB21480838C0892049083988814E
:10A670000020C8810846408A088200204882084697
:10A68000C08A88820020C8820846408B0883002048
:10A6900048830846C08B88830020C8830846408CC6
:10A6A0000884002048840846C08C88840020C88420
:10A6B0000846408D0885002048850846C08D88855D
:10A6C0000020C8850846C08E88860020C8860846B7
:10A6D000408F0887002048870846C08F8887002061
:10A6E000C8874FF47A7005F0ADF8ACE7D657002074
:10A6F00010B50248FAF7F1F910BD00002C0800204F
:10A7000010B50248FAF7E9F910BD0000A80E0020C4
:10A7100010B502682D4B98420ED0B0F1804F0BD08F
:10A720002B4B984208D02B4B984205D02A4B98428D
:10A7300002D02A4B984203D122F070024B681A4390
:10A74000224B984220D0B0F1804F1DD0204B984230
:10A750001AD0204B984217D01F4B984214D01F4B51
:10A76000984211D01E4B98420ED01E4B98420BD0EF
:10A770001D4B984208D01D4B984205D01C4B984267
:10A7800002D01C4B984203D122F44072CB681A438A
:10A7900022F080034C6943EA040202608B68C362C2
:10A7A0000B688362094B984202D00C4B984201D14E
:10A7B0000B69036301234361036903F001031BB1C8
:10A7C000036923F00103036110BD00000000014094
:10A7D0000004004000080040000C0040000401405C
:10A7E0000040014000440140004801400018004082
:10A7F000001C00400020004030B50C46816821F468
:10A800007F4142EA032525432943816030BD0A4642
:10A81000816821F0700142F007031943816070479D
:10A8200030B50B461446026A056A25F0010505623B
:10A83000816921F0F00141EA041122F00A021A4371
:10A840008161026230BD30B50B461446026A056A6A
:10A8500025F010050562816921F4704141EA043157
:10A8600022F0A00242EA03128161026230BD0000C0
:10A8700008B5114800680068C0F30010B8B100BF07
:10A88000002000900C480068006800900A480068AA
:10A890004068009000BF00BF0748FAF780FA19220D
:10A8A00006490548FAF730FF0348FAF723FA024849
:10A8B000FAF7BCFA08BD000074080020000E002062
:10A8C00038B5224800680068C0F30010002839D06D
:10A8D00000BF002000901D480068006800901B48E1
:10A8E00000684068009000BF00BF1848FAF757FAA8
:10A8F000122217491548FAF707FF1548007855281E
:10A9000018D113484078882814D110221049891C86
:10A910001048F5F7A0FD0F4890ED000AB1EE400A8F
:10A92000DFED0D0A80EE201A80ED001A0B48094C6D
:10A930001ECC1EC00A48C08F401C0949C887034866
:10A94000FAF7D8F90148FAF771FA38BDBC080020C7
:10A95000320E0020640E002035FA8E3CF85E002096
:10A96000CE57002070B50546AC6B0020E085E08432
:10A970002046FAF759FA70BD70B506460025B46B4B
:10A9800020684069C0F3C01594F84100212805D122
:10A9900025B10020E084204600F0FBF820684069E3
:10A9A000C0F3801594F84200222805D125B100207B
:10A9B000E085204600F0A7F8606C40F0100060646D
:10A9C0002046FAF731FA70BD70B50546AC6B2868C1
:10A9D000006800F48070002842D1E08500BF00BF0D
:10A9E00021680C3151E8001F21F4807021680C317E
:10A9F00041E80002002AF3D100BF00BF00BF216878
:10AA0000143151E8001F21F001002168143141E8A0
:10AA10000002002AF3D100BF00BF00BF216814313B
:10AA200051E8001F21F040002168143141E8000284
:10AA3000002AF3D100BF202084F84200206B0128B7
:10AA40000ED100BF00BF21680C3151E8001F21F07A
:10AA5000100021680C3141E80002002AF3D100BF48
:10AA600000206063206B012804D1A18D2046FAF7F5
:10AA700040F902E02046FAF75DFE70BD70B505466C
:10AA8000AC6B01206063206B012805D1A08D4108CB
:10AA90002046FAF72EF902E02046FAF74CFE70BD88
:10AAA00070B50546AC6B2868006800F48070F8B992
:10AAB0000020E08400BF00BF2168143151E8001F6E
:10AAC00021F080002168143141E80002002AF3D10E
:10AAD00000BF00BF00BF21680C3151E8001F41F0EA
:10AAE000400021680C3141E80002002AF3D102E065
:10AAF0002046FAF767FE70BD70B50446A56B284680
:10AB0000FAF761FE70BD00BF00BF02680C3252E868
:10AB1000002F22F4907102680C3242E80013002BDF
:10AB2000F3D100BF00BF00BF0268143252E8002F0B
:10AB300022F001010268143242E80013002BF3D125
:10AB400000BF016B01290ED100BF00BF02680C32AB
:10AB500052E8002F22F0100102680C3242E8001384
:10AB6000002BF3D100BF202180F8421000210163A7
:10AB7000704710B504462068C06820F04000216886
:10AB8000C860202084F841002046FAF71BFE002010
:10AB900010BD00BF00BF02680C3252E8002F22F047
:10ABA000C00102680C3242E80013002BF3D100BF51
:10ABB000202180F841107047F8B5044694F842000F
:10ABC000222875D1A068B0F5805F0CD1206950B9FA
:10ABD0000025A66A20684068C0F308003080A06A9B
:10ABE000801CA06215E0A56A0026A068B0F5805F11
:10ABF00003D0A06828B9206918B920684068287077
:10AC000004E02068406800F07F002870A06A401CC3
:10AC1000A062E08D401E80B2E085002846D1206809
:10AC2000C06820F020002168C8602068C06820F457
:10AC300080702168C8602068406920F001002168A8
:10AC40004861202084F8420000206063206B0128C6
:10AC500026D10020206300BF00BF21680C3151E8DD
:10AC6000001F21F0100021680C3141E80002002A89
:10AC7000F3D100BF2068006800F0100010280AD14E
:10AC800000BF0020009020680068009020684068A5
:10AC9000009000BF00BFA18D2046FAF72AF802E01D
:10ACA0002046FAF747FD0020F8BD01E00020FBE751
:10ACB0000220F9E72DE9F84F04462068006920F4E6
:10ACC0004050E1680843216808612169A068084391
:10ACD00061690843E169084300902068C06849F24F
:10ACE0000C618843009908432168C8602068406966
:10ACF00020F44070A16908432168486176492068C2
:10AD0000884203D075492068884203D1F9F71CF8BE
:10AD1000814602E0F9F708F88146E069B0F5004F96
:10AD20006CD102206168A0FB015003461920A9FBE9
:10AD3000007001462A463846F5F716FB6421B0FB41
:10AD4000F1F04FEA001A02206168A0FB01510B46A6
:10AD50001920A9FB00712A463846F5F705FB834602
:10AD600002206168A0FB015003461920A9FB007175
:10AD70002A463846F5F7F8FA6421B0FBF1F000EB0B
:10AD8000C00101EB0010ABEB8000322101EBC000F1
:10AD90006421B0FBF1F000F0F8000AEB400A022059
:10ADA0006168A0FB015003461920A9FB0070014611
:10ADB0002A463846F5F7D8FA834602206168A0FB98
:10ADC000015003461920A9FB00712A463846F5F7C1
:10ADD000CBFA6421B0FBF1F000EBC00101EB0010F5
:10ADE000ABEB8000322101EBC0006421B0FBF1F03D
:10ADF00000F007005044216888606AE00420616820
:10AE0000A0FB015003461920A9FB007001462A4609
:10AE10003846F5F7A9FA824604206168A0FB015084
:10AE200003461920A9FB007001462A463846F5F76B
:10AE30009BFA6421B0FBF1F000EBC00101EB0010C4
:10AE4000AAEB8000322101EB00106421B0FBF1F08D
:10AE500000F0F00A04206168A0FB0170034619208D
:10AE6000A9FB00513A462846F5F77EFA6421B0FB6B
:10AE7000F1F00AEB001A04206168A0FB01510B46B7
:10AE80001920A9FB00712A463846F5F76DFA83466A
:10AE900004206168A0FB015003461920A9FB007043
:10AEA00001462A463846F5F75FFA6421B0FBF1F017
:10AEB00000EBC00101EB0010ABEB8000322101EB95
:10AEC00000106421B0FBF1F000F00F005044216845
:10AED0008860BDE8F88F00000010014000140140B8
:10AEE00077B581B0044615460298A062A58500207A
:10AEF0006064222084F842002848E16BC863284837
:10AF0000E16B08642748E16BC8640020E16B0865C9
:10AF100002AE32682368191D2B46E06BF8F7A2FBDE
:10AF200000BF002000902068006800902068406802
:10AF3000009000BF00BF206970B100BF00BF216852
:10AF40000C3151E8001F41F4807021680C3141E858
:10AF50000002002AF3D100BF00BF00BF21681431F6
:10AF600051E8001F41F001002168143141E800025E
:10AF7000002AF3D100BF00BF00BF2168143151E89F
:10AF8000001F41F040002168143141E80002002A0E
:10AF9000F3D100BF002004B070BD0000C9A90008B3
:10AFA0007DAA000879A90008014691F841002128EE
:10AFB00028D18868B0F5805F0BD1086948B90A6A62
:10AFC0001088C0F308000B685860086A801C08628B
:10AFD00005E00B6A581C086218780B685860C88C2A
:10AFE000401E80B2C88458B90868C06820F080004C
:10AFF0000B68D8600868C06840F040000B68D860F3
:10B00000002070470220FCE708B52148006800686E
:10B01000C0F30010002836D000BF002000901C486C
:10B020000068006800901A4800684068009000BFFF
:10B0300000BF1748F9F7B3FE1A2216491448FAF769
:10B0400063FB14480078552815D11248407822280F
:10B0500011D11048807815280DD10E48007E0128A6
:10B0600009D10C48407EAA2805D115220949C91CDE
:10B070000948F5F7F0F90948408D401C0749488513
:10B080000348F9F737FE0248F9F7D0FE08BD000083
:10B09000040900209C0D0020BA030020CE57002098
:10B0A00008B53A480068006800F01000102868D120
:10B0B00000BF0020009035480068006800903348C9
:10B0C00000684068009000BF00BF3048C06B006857
:10B0D000006820F001002D49C96B096808602B4801
:10B0E000006840682948006800682848C06B00680C
:10B0F0004068C0F500702649088000202549244A90
:10B10000128888542448C08E401C2349C8861F4892
:10B11000C06B00682149884205D94FF460601F491F
:10B120004C3908601DE01948C06B00681C49884212
:10B1300005D94FF4606019495039086011E013488F
:10B14000C06B006816496039884205D94FF46060C9
:10B150001349B839C86004E04FF460601049B83949
:10B1600088604FF400700949C96B09684860074856
:10B17000C06B0068006840F001000449C96B0968B1
:10B1800008600248F9F752FE08BD00004C09002093
:10B19000F00600201F600020CE57002058640240B7
:10B1A000B860024008B5114800680068C0F300109C
:10B1B000B8B100BF002000900C4800680068009003
:10B1C0000A4800684068009000BF00BF0748F9F7D0
:10B1D000E6FD192206490548FAF796FA0348F9F7F9
:10B1E00089FD0248F9F722FE08BD000094090020FD
:10B1F000740E002000BFFEE770B52DED028B0546F2
:10B20000B0EE408A0C462846F5F70AFF2046F5F7CF
:10B2100007FF95ED010AF1EE480A20EE200A84EDC1
:10B22000000A95ED000A20EE080A84ED010A94ED6B
:10B23000011AF0EE410A94ED001AB0EE410AF7F758
:10B240006FF984ED030ABDEC028B70BD704703B447
:10B2500001984100009850EAC12018BF04204A0D0F
:10B2600018BF40F0010040F2FF72B2EB515F08BF1F
:10B2700040F00200012808BF052002B070474100DD
:10B28000080218BF04200A0E18BF40F001004FF05A
:10B290007F4232EA010108BF40F00200012808BFE6
:10B2A0000520704702480068C0F302207047000084
:10B2B0000CED00E010B5002804DB0A07130E054A68
:10B2C000135406E00A07140E034A00F00F031B1F75
:10B2D000D45410BD00E400E018ED00E0EFF3058069
:10B2E000704700000000000070B59B482DED020B78
:10B2F0002DED068B079D25F00044A04218DC9748F1
:10B30000844202DC0AD1069840B19DED060BBDECEB
:10B31000068B02B0BDE8704002F056B8002DCCBFDD
:10B320009FED8F0B9FED900BBDEC068B02B070BDB7
:10B330008F48A04215DD8F48A042D8BF4FF0FF34A0
:10B3400058DD9DED060B51EC100BFFF780FF042834
:10B3500008BF02F06DF89DED060BBDEC068B02B048
:10B3600070BD9DED060B51EC100B02F0E3FACDE938
:10B37000060181489FED828BA0423CDD8248A042BD
:10B380001FDD00249FED82AB9DED060B53EC1A2BC5
:10B3900051EC100B05F078FA9DED060B41EC190B02
:10B3A00053EC1A2B51EC100B05F054FD53EC182BF9
:10B3B00005F05CFF53EC192B05F022FBCDE90601EB
:10B3C00049E09DED060B012453EC182B51EC100BBA
:10B3D00005F05AFA9DED060B41EC190B53EC182BB6
:10B3E00051EC100B05F042FF53EC192B05F008FB54
:10B3F000CDE906012FE06848A0421FDD02249FED41
:10B40000689B9DED060B53EC192B51EC100B05F0CE
:10B4100021FD53EC182B05F037FA9DED060B41EC9E
:10B42000180B53EC192B51EC100B05F01FFF53ECCC
:10B43000182B05F0E5FACDE906010CE09DED060BB1
:10B44000032453EC102B9FED580B51EC100B05F01F
:10B45000D7FACDE906019DED060B53EC102B51EC0C
:10B46000100B05F0F7FC41EC180B53EC182B05F012
:10B47000F1FC41EC190B4E480621B0EE490AF0EE02
:10B48000690A784401F074FE53EC182B51EC100B50
:10B4900005F0E0FC41EC180B4648B0EE490AF0EE2E
:10B4A000690A0521784401F063FE53EC192B51EC35
:10B4B000100B05F0CFFC41EC100B51EC180B53ECCA
:10B4C000102B002C0EDA05F0DFF99DED061B53EC76
:10B4D000112B05F0BFFC9DED061B53EC112B05F065
:10B4E000EDFD35E005F0D0F99DED061B53EC112B79
:10B4F00005F0B0FC41EC100B2F48784400EBC40081
:10B5000090ED001B51EC100B53EC112B05F0AEFE2F
:10B510009DED061B53EC112B05F0A8FE41EC100B22
:10B520002648784400EBC40090ED001B51EC100B52
:10B5300053EC112B05F0C2FD41EC100B002DA2BF06
:10B54000BDEC068B02B070BD51EC100B05F05EF93E
:10B5500041EC100B01E70000000010440000F07FF8
:10B56000182D4454FB21F93F182D4454FB21F9BFF9
:10B570000000DC3F0000203E0000F33F0000000020
:10B58000000000000000F03F0000E63F0000000067
:10B5900000000000000000400080034000000000A8
:10B5A000000000000000F83F000000000000F0BFB5
:10B5B0006264000018640000A26300005A63000087
:10B5C00070B56F4E2DED040B2DED048B82B0DDF8C0
:10B5D00024C0DDE907235C422CF000411C4341EA12
:10B5E000D474069D22F00040B44205D86C422C432E
:10B5F00040EAD474B4420BD99DED081B9DED060BB7
:10B6000002B0BDEC048B04B0BDE8704001F0E6BEB2
:10B61000ACF14054A4F17F641C430BD0022404EA33
:10B62000AC7444EAD27405439FED578B9FED582BC1
:10B6300007D015E09DED060B51EC100B02F049F818
:10B6400042E0002C11BF012C9DED060B02B0BDECB9
:10B65000048B04BF04B070BD022C38D0032C3BD047
:10B660000B439FED4D1B9FED4E0B0AD0B14218D1FD
:10B67000B04209D121F0804120F08040099107902B
:10B680000FE0002A15DA10E0474B7B44002C08BF7E
:10B6900093ED000B0DD0012C10D0022C17D0032CF1
:10B6A0001AD0B0421DD1002A03DAB0EE410AF0EE02
:10B6B000610A02B0BDEC048B04B070BD93ED000BC9
:10B6C00051EC100B05F0A2F841EC100BF1E7B0EED5
:10B6D000480AF0EE680AECE7B0EE420AF0EE620AC1
:10B6E000E7E7401A00159FED329B3C28C8BF8DED5F
:10B6F000000B17DCBCF1000FBCBF10F13C0F8DED4F
:10B70000009B0FDB9DED080B53EC102B9DED060B02
:10B7100051EC100B05F074F902F00CF901F0D9FFAF
:10B72000CDE90001B4B1012C10D0022C9FED220B09
:10B7300053EC102B9DED000B51EC100B19D005F0C4
:10B7400095FD53EC182B05F091FDBDE7019880F0B5
:10B75000004001909DED000B53EC192B51EC100BA8
:10B7600005F0A6FA04BF0220F4F745FF9DED000B9B
:10B770009FE705F07BFD53EC182B05F09FFCA3E73A
:10B780000000F07F00000000182D4454FB21094008
:10B79000182D4454FB2109C0182D4454FB21F9BF36
:10B7A000182D4454FB21F93FBA620000000000004C
:10B7B0000000000000000000075C143326A6A13C36
:10B7C00070B54FF068422DED048BF0EE408A18EE14
:10B7D000900AB0EE608A18EE101A02EB4003B3F143
:10B7E000654F3CBF02EB4102B2F1654F7DD200BF15
:10B7F000C0F3C753C1F3C7529A1A1B2A09DD10F0D0
:10B80000004F14BF9FED830A9FED830ABDEC048BAC
:10B8100070BD12F11A0F36DA11F0004F09D010F096
:10B82000004F0CBF9FED7D0A9FED7D0ABDEC048BA0
:10B8300070BD88EE889A19EE100AFFF720FD0428E3
:10B8400008BF01F013FE18EE900AFFF718FD054639
:10B8500018EE100AFFF713FD044619EE100AFFF761
:10B860000EFD042D18BF052D08D1042C18BF052C82
:10B8700004D1002804BF0220F4F7BDFEB0EE490A4F
:10B88000BDEC048B70BD4200B2EB410F3AD910F011
:10B89000004F19BFDFED630A9FED630ADFED630A16
:10B8A0009FED630AB0EE481A0A46B1EE688A80F04E
:10B8B0000041F0EE418A10460A1A5200B2F1807F30
:10B8C00034D2484010F0004FDFED5A1A9FED5A2A4B
:10B8D0001DBFBEEE001A70EEE10A30EE420AB6EE6F
:10B8E000001A08BF70EEA10A00E040E008BF30EE89
:10B8F000020AB0EE682A01EE482A08EE818AC2EEFA
:10B90000081A15E011F0004F04BF9FED4C0AF0EE4D
:10B91000400AD1D010F0004F19BFDFED490A9FED6A
:10B92000490ADFED490A9FED490AC5E7C8EE881AC2
:10B9300021EEA11A9FED462ADFED462A41EE022AAA
:10B940009FED452A01EE222ADFED442A41EE022A2C
:10B950009FED432ABDEC048B01EE222A21EE811AD1
:10B9600001EE020A30EE210A30EE200A70BD4FF0DF
:10B970007F42B2EB400F28BFB2EB410F09D2F0EE8D
:10B98000480AB0EE680ABDEC048BBDE8704001F0D7
:10B9900062BD40EA01035B0008BF41F0FF410BD0EC
:10B9A000B2EB400F08BFB2EB410F08D120F080404E
:10B9B00008EE900A21F0804108EE101A18E7B2EB69
:10B9C000400F12BF5FEA410340F0FF4001F0004129
:10B9D0003FF40EAFB2EB410F12BF5FEA400200F03E
:10B9E000004041F0FF413FF403AF4A0092EA4003B8
:10B9F0003FF5FEAE002AACBF9FED1A0A9FED1A0A72
:10BA000068EE808A28EE008A18EE900A18EE101A66
:10BA1000EEE60000DB0FC9BFDB0FC93FDB0F49407B
:10BA2000DB0F49C00000C9BF22AAFDB90000C93F11
:10BA300022AAFD390060ED3EC30ACE3700000000A7
:10BA4000000049C022AA7DBA0000494022AA7D3ADE
:10BA50002DAD65BD8FB8D53D0FB511BE61C84C3E4B
:10BA6000A8AAAABE0000804F0000802F000000009E
:10BA700010B52F499FED2C1B2DED020B84B00598BE
:10BA800020F000408842D8BF9DED040B2DDD2949F0
:10BA9000884209D1049840B94FF00100F4F7ABFD9A
:10BAA00001F0A6FC06B010BD05DB9DED040B01F016
:10BAB0008BFC06B010BD68469DED040B01F084F8C8
:10BAC00010F0030004BF9DED021B9DED000B0CD098
:10BAD00001280ED09DED021B9DED000B022817D012
:10BAE000012001F0C1FB06B010BD01F089FA06B0DB
:10BAF00010BD9DED021B9DED000B012001F0B4FB7C
:10BB000051EC100B04F082FE06B041EC100B10BD9E
:10BB100001F076FA51EC100B04F078FE06B041EC1F
:10BB2000100B10BD0000000000000000000000002D
:10BB3000FB21E93F0000F07F10EE101A08B5444ADF
:10BB40006846B2EB410F28D94FF0E640B0EB410F09
:10BB500094BF00204FF0FF3000900098002861DB78
:10BB600060EE000A10F0010F45D010F0020FDFED7B
:10BB7000391A9FED391A00EEE11ADFED381A40EE5E
:10BB8000811A21EEA01AF0EE400A40EE010A08BF29
:10BB9000F1EE600AB0EE600A08BD314B21F00042C0
:10BBA00093423CD911F0004FDFED2E0A20EE201A0F
:10BBB000DFED2D0A19BF31EE601A71EE200A31EE69
:10BBC000201A71EE600ABDEEE01A11EE100A9FED28
:10BBD000271A00F0030000EEC10A9FED251A00901D
:10BBE00000EEC10A9FED231A00EEC10A9FED221A52
:10BBF00000EEC10AB1E79FED211A9FED210A10F076
:10BC0000020F00EE810A9FED1F1A00EE801AB7EEB8
:10BC1000000A00EE810A18BFB1EE400A08BD01F02B
:10BC20002DFC9AE710EE100A4000B0F17F4F3CBFA8
:10BC3000B7EE000A08BD07D14FF00100F4F7DBFCB6
:10BC4000BDE8084001F00ABCBDE8084001F000BCB6
:10BC5000B61F927E336D4C39DA82083CA0AA2ABE08
:10BC6000490E494683F9223F0000004B0000C93FBE
:10BC700000A0FD390020A2331A61342CB93AB2BABF
:10BC8000CA9F2A3DDDFFFFBE2DED020B019820F07B
:10BC9000004001909DED000B02B0704700000000D5
:10BCA0002DE9F04D2DED040B2DED0E8B96B0DDE959
:10BCB0002550279CDDF890A025F0004624F0004890
:10BCC000BAF1000F14BF0121002101EB4502FC492C
:10BCD00053184A1093422AD3002814BF012300238B
:10BCE00003EB44030B44F7498B4220D358EA00018D
:10BCF0009FEDF59B76D0DFF8D8B35D4503D1BAF15F
:10BD0000000F05D188E0BAF1000F08BF002100D074
:10BD1000012101EB450111F5001F08D8002814BFCF
:10BD20000121002101EB440111F5001F0BD99DED0C
:10BD3000261B9DED240B16B0BDEC0E8B04B0BDE8A8
:10BD4000F04D01F04BBB0027002DBCBFE1498845F9
:10BD500021DAE1498845A8BF02271CDAC3451ADC6D
:10BD6000DE4901EB2851142908DDC1F1340220FA23
:10BD700002F101FA02F282420DD108E058B9C1F194
:10BD8000140228FA02F101FA02F2424503D101F04D
:10BD90000101C1F1020756EA0A0124D1002C22DA7E
:10BDA000002D18BF022F01D0012F0AD00220F4F776
:10BDB00022FC16B0BDEC0E8B04B0BDE8F04D01F0D6
:10BDC000EBBA0220F4F717FC01F0E6FA51EC100B85
:10BDD00004F01CFD41EC100B16B0BDEC0E8B04B052
:10BDE000BDE8F08D18E09FEDBEAB9FEDBF8B002846
:10BDF00071D1B848804522D105F1804010F58010FE
:10BE000008BFBAF1000F07D0B3450ADC002CA8BF69
:10BE10009DED260BE0DA0DE0B0EE490AF0EE690A7E
:10BE2000DAE7002C06DA9DED260B51EC100B04F03E
:10BE3000EDFC6FE0AE48784490ED000BCCE7D845C0
:10BE40004DD1002C48DA2EB186423AD1BAF1000F1A
:10BE500042D126E0BAF1000F13D00220F4F7CBFB59
:10BE600001F0D6FA8DED020B9DED240B8DED000B4C
:10BE700010EE900A039961F31E0003909DED020BF2
:10BE8000AAE78DED02AB9DED240B1AEE901A10EE91
:10BE9000900A8DED000B61F31E0003909DED020BE7
:10BEA0009AE78DED028B9DED240B18EE901A10EEA3
:10BEB000900A8DED000B61F31E0003909DED020BC7
:10BEC0008AE709DA9DED240B51EC190B53EC102B8A
:10BED00004F096FD1EE020E09DED240B7CE78642F9
:10BEE0001BDAB4F1804F0DD0A4F10050B0F1FF5037
:10BEF00013D1002D11DB9DED240B51EC100B03F041
:10BF0000E1FA07E09DED240B53EC102B51EC100BE4
:10BF100000F0C2BC41EC100B5EE79DED240B51EC30
:10BF2000100B01F007FDBAF1000FCDE90E0142D16F
:10BF30009FED710B46B3A6F1E040B0F17F600CD0ED
:10BF40005E4538D1002D00DAA7B3022F0CBF0120C7
:10BF50004FF0FF3004F017FFDCE7002D01DD002C6F
:10BF60000DDA002D01DD002C1FDB002D16DA002C70
:10BF700014DB012F08BF9FED620B3FF42DAFB0EE35
:10BF80004A0AF0EE6A0A27E7022F18BF002D0CD0EC
:10BF9000012F0AD1002DFFF61FAF06E0002DB8BF1C
:10BFA000002C08DA012F3FF417AFB0EE480AF0EE8C
:10BFB000680A11E71BE0012000EBE57050EA070179
:10BFC00015D0791EB0EE498AF0EE698A084308BFA1
:10BFD0009FED4D8B4E480025804570DD4D494E4804
:10BFE000884514DDB0420DDB002C19DB2FE0012069
:10BFF000F4F701FB16B0BDEC0E8B04B0BDE8F04DBC
:10C0000001F0F6B9B34502DC002C09DC1FE08642E2
:10C0100002DA002C1BDA03E05E452BDD002C16DD76
:10C020000220F4F7E8FA01F0F3F98DED020B53EC7E
:10C030001A2B51EC180B04F00DFFCDE90001039908
:10C04000019861F31E0003909DED020BC4E60220EF
:10C05000F4F7D1FA01F0ECF910EE901A18EE900A0C
:10C060008DED020B8DED008B61F31E0003909DEDB5
:10C07000020BB1E69DED0E0B53EC192B51EC100B9E
:10C0800005F0F4F89FED260BCDE9080153EC102BD9
:10C090009DED080B51EC100B04F0DCFE9FED221B14
:10C0A00053EC112B05F00AF89DED081B53EC112BF6
:10C0B00004F0D0FE9FED1E1B53EC112B3CE08CE0F6
:10C0C000FFFF1F00FFFF0F00000000000000F03F17
:10C0D0000000F03F0000F07F0000404301FCFFFF44
:10C0E000000000000000F07F0000000000000000E1
:10C0F0000E5B000000000000000000000000008057
:10C10000000000000000F0FF000000000000F0BF91
:10C110000000E0410000F043FFFFEF3F000000009F
:10C12000000000000000D03F555555555555D53FEE
:10C13000000000000000E03F04F0C0FF9DED080B90
:10C1400041EC1A0B53EC102B51EC100B04F082FE57
:10C1500053EC1A2B04F07EFE41EC1A0B9FEDFE0B04
:10C1600053EC102B9DED080B51EC100B04F072FEFC
:10C1700041EC1B0B9FEDFA0B51EC1A0B53EC102BFF
:10C1800004F068FE41EC1A0B9FEDF70B53EC102BFB
:10C190009DED080B51EC100B04F05CFE53EC1A2BD8
:10C1A00005F064F841EC1A0B51EC1B0B53EC1A2B05
:10C1B00004F06AFB0690CDE906519DED060B53ECA9
:10C1C0001B2B51EC100B05F051F853EC1A2B04F01B
:10C1D00075FF41EC100B00F0A1B90020B6F5801FEF
:10C1E0000EDA9FEDE30B53EC102B9DED0E0B51EC93
:10C1F000100B04F02FFECDE90E016FF034000E4657
:10C2000000EB2650A0F2FF37C6F31300DA4940F0E6
:10C210007F6646F040568842D8BF002408DDD749E3
:10C220008142C8BF012403DC0024A6F580167F1CD0
:10C23000D348784400EBC4000F9690ED00CB9DED01
:10C240000E0B53EC1C2B51EC100B05F00FF89DED71
:10C250000E0B41EC1B0B53EC1C2B51EC100B04F0A0
:10C2600013FB41EC100B51EC190B53EC102B04F0A9
:10C27000C7FB41EC1D0B51EC1B0B53EC1D2B04F0C9
:10C28000E9FD41EC1A0BBF488DED10AB78441095D9
:10C2900090ED000B4FF0005040EA660000EB844048
:10C2A0008DED080B00F5002009909DED080B53EC77
:10C2B0001C2B51EC100B04F0D9FF9DED0E1B53EC21
:10C2C000112B04F0FBFE41EC100B53EC102B9DEDF9
:10C2D000100B51EC100B04F0BDFD9DED080B41EC73
:10C2E0001C0B53EC102B9DED100B51EC100B04F0BC
:10C2F000B1FD53EC1B2B04F0E1FE53EC1C2B04F0BE
:10C30000B5FF53EC1D2B04F0A5FD41EC1C0B53ECC9
:10C310001A2B51EC1A0B04F09DFD41EC1B0B9A48B3
:10C320000621B0EE4B0AF0EE6B0A784400F020FFD5
:10C33000B0EE401AF0EE601AB0EE41DAF0EE61DADB
:10C3400053EC1B2B51EC1B0B04F084FD53EC1D2B09
:10C3500004F080FD9DED100B41EC1B0B53EC1A2BF0
:10C3600051EC100B04F090FA53EC1C2B04F072FD0E
:10C3700053EC1B2B04F088FA9DED100B41EC1B0BCA
:10C3800053EC102B51EC100B04F064FD41EC1D0B31
:10C390009FED7FEB53EC1E2B04F076FA53EC1B2B36
:10C3A00004F072FA0890CDE908519DED080B53ECAA
:10C3B0001E2B51EC100B04F059FF53EC1D2B04F015
:10C3C00055FF53EC1B2B04F079FE9DED080B41EC5F
:10C3D0001D0B53EC102B9DED100B51EC100B04F0CA
:10C3E00039FD41EC1B0B53EC1A2B51EC1D0B04F0E7
:10C3F00031FD9DED080B41EC1A0B53EC102B51EC69
:10C400001C0B04F027FD53EC1A2B04F03DFA41EC11
:10C410001A0B51EC1B0B53EC1A2B04F035FA0C9051
:10C42000CDE90C519DED0C0B53EC1B2B51EC100B7B
:10C4300004F01CFF53EC1A2B04F040FE41EC1B0BE4
:10C440009FED550B53EC102B9DED0C0B51EC100B8D
:10C4500004F000FD41EC1A0B9FED510B51EC1B0B4E
:10C4600053EC102B04F0F6FC41EC1B0B9FED4E0B34
:10C4700053EC102B9DED0C0B51EC100B04F0EAFC6F
:10C4800053EC1B2B04F000FA41EC100B48487844A5
:10C4900000EBC40090ED001B51EC100B53EC112B82
:10C4A00004F0F2F941EC1B0B384604F06CFCCDE9CA
:10C4B000080153EC1B2B51EC1A0B04F0E5F941EC8D
:10C4C000100B3C48784400EBC40090ED00CB51ECDD
:10C4D000100B53EC1C2B04F0D7F99DED081B53EC0B
:10C4E000112B04F0D1F90690CDE906519DED080B12
:10C4F00053EC102B9DED060B51EC100B04F0B6FE27
:10C5000053EC1C2B04F0B2FE53EC1A2B04F0AEFEDD
:10C5100053EC1B2B04F0D2FD41EC100B9DED261BC0
:10C5200053EC102B8DED001B00959DED260B51EC6F
:10C53000100B04F08FFC9DED000B41EC1A0B53EC3B
:10C54000102B9DED260B51EC100B04F08FFE9DED92
:10C55000061B53EC112B2FE0000000604715F73F3E
:10C56000FE822B654715F73F44DF5DF80BAE543E66
:10C5700000000000000040438E9803007AB60B00D4
:10C58000C2550000B8560000FA5400000000000038
:10C590000000000000000840000000E009C7EE3F76
:10C5A000FD033ADC09C7EE3FF5015B14E02F3EBE08
:10C5B000865300004053000004F04CFC53EC1A2B4F
:10C5C00004F062F99DED060B41EC1A0B53EC102BB5
:10C5D0009DED000B51EC100B04F03CFCCDE90C017F
:10C5E0009DED0C0B51EC1A0B53EC102B04F04CF995
:10C5F000CDE902010C46AA498C422FDB611A08439F
:10C6000018D19DED0C0B53EC102B9DED020B51EC52
:10C61000100B04F02BFE41EC1B0B9FEDA30B51EC18
:10C620001A0B53EC102B04F02FF953EC1B2B04F0D6
:10C630000FFD2DD20220F3F7DEFF00F0E9FE10EE31
:10C64000901A18EE900A8DED020B8DED008B61F3C0
:10C650001E0003909DED020BFFF7BEBB944A24F031
:10C660000041914214D39349214408437FF4EFAC35
:10C670009DED0C0B53EC102B9DED020B51EC100BB0
:10C6800004F0F4FD53EC1A2B04F0E2FC7FF6DFAC6F
:10C6900024F000408849894A002601EB205182425B
:10C6A0002BDA481C4FF4801121FA00F02044844A10
:10C6B000C0F30A517A44A1F2FF3192ED000B814A96
:10C6C0008DED080BCA4020EA0202C0F3130040F4CB
:10C6D0008010C1F1140120FA01F60992002CB8BFB4
:10C6E00076429DED080B53EC102B9DED0C0B51EC9D
:10C6F000100B04F0BBFDCDE90C019DED0C0B51ECD2
:10C700001A0B53EC102B04F0BFF89FED6F0B089041
:10C71000CDE9085153EC102B9DED080B51EC100B9B
:10C7200004F098FB41EC1B0B9FED690B53EC102BB5
:10C730009DED080B51EC100B04F08CFB9DED0C0BE8
:10C7400041EC1C0B53EC102B9DED080B51EC100B26
:10C7500004F08CFD53EC1A2B04F0B0FC9FED5E1B33
:10C7600053EC112B04F076FB53EC1C2B04F08CF8EB
:10C7700041EC1A0B51EC1B0B53EC1A2B04F084F810
:10C78000CDE902019DED020B53EC1B2B51EC100B7C
:10C7900004F06CFD53EC1A2B04F090FC9DED020BA1
:10C7A00041EC1A0B53EC102B51EC100B04F052FB24
:10C7B000CDE908014A489DED080B0521784400F0B9
:10C7C000D7FC9DED081B51EC100B53EC112B04F022
:10C7D00041FB9DED021B53EC112B04F06FFCCDE9E6
:10C7E00006019DED020B53EC1A2B51EC100B04F0DB
:10C7F00031FB53EC1A2B04F047F89FED3B0B41EC57
:10C800001A0B53EC102B9DED060B51EC100B04F0A2
:10C810002DFD9DED060B41EC1B0B53EC102B9DEDFC
:10C82000020B51EC100B04F015FB53EC1B2B04F026
:10C83000E7F853EC1A2B04F019FD9DED021B53ECA5
:10C84000112B04F013FD53EC192B04F037FCCDE948
:10C85000020101EB065001150029C8BF039015DC49
:10C860009DED020B324651EC100B04F096FEFEF7E4
:10C87000EEFC042808BF00F0DBFD32469DED020B04
:10C8800051EC100B04F089FECDE902019DED020B85
:10C8900051EC180B53EC102B04F0DCFAFFF73ABB09
:10C8A0000000904000000000FE822B654715973C79
:10C8B00000CC904000346F3F01FCFFFF0000E03FE0
:10C8C00090520000FFFF0F0000000000432EE63FE3
:10C8D000396CA80C615C20BEEF39FAFE422EE63FAF
:10C8E0009850000000000000000000000000004020
:10C8F00010B52F499FED2C1B2DED020B84B0059830
:10C9000020F000408842DCBF00209DED040B32DDAA
:10C910002849884209D1049840B94FF00100F3F743
:10C920006AFE00F065FD06B010BD05DB9DED040B51
:10C9300000F04AFD06B010BD68469DED040B00F006
:10C9400043F910F0030011D0012818D09DED021B0F
:10C950009DED000B02281AD000F052FB51EC100B99
:10C9600003F054FF06B041EC100B10BD9DED021B0F
:10C970009DED000B012000F077FC06B010BD9DED91
:10C98000021B9DED000B00F03BFB06B010BD01202B
:10C9900000F06AFC51EC100B03F038FF06B041ECDC
:10C9A000100B10BD0000000000000000000000009F
:10C9B000FB21E93F0000F07F00B510EE101A2DEDCD
:10C9C000028B81B0524A6846B2EB410F2ED94FF02C
:10C9D000E640B0EB410F94BF00204FF0FF300090D5
:10C9E0000098B0EE408A00286ADB10F0010F4BD0AF
:10C9F00068EE080A9FED471A9FED470A00EE810A8C
:10CA00009FED461A10F0020F00EE801AB7EE000AF2
:10CA100000EE810A02BF01B0BDEC028B00BD00BF79
:10CA200001B0B1EE400ABDEC028B00BD3C4B21F0E1
:10CA30000042934241D911F0004FDFED3A0A20EE57
:10CA4000201ADFED390A19BF31EE601A71EE200AA3
:10CA500031EE201A71EE600ABDEEE01A11EE100AF6
:10CA60009FED321A00F0030000EEC10A9FED301A6C
:10CA7000009000EEC10A9FED2F1A00EEC10A9FED53
:10CA80002E1A00EEC10AABE728EE080A9FED2B1A1A
:10CA9000DFED2B0A10F0020F40EE410A9FED291A3C
:10CAA00000EE201A61EE000AB0EE480A08EE200AF5
:10CAB000B6D101B0BDEC028B00BD00F0DFFC8FE70A
:10CAC00018EE100A4000B0F17F4F0DD218EE100A98
:10CAD000FEF7D5FB042808BF00F0C8FCB0EE480AFA
:10CAE00001B0BDEC028B00BD09D10120F3F783FD3D
:10CAF00001B0BDEC028B5DF804EB00F0AFBC01B0FF
:10CB0000B0EE480ABDEC028B5DF804EB00F0A0BC6F
:10CB1000B61F927EB93AB2BACA9F2A3DDDFFFFBE68
:10CB2000490E494683F9223F0000004B0000C93FEF
:10CB300000A0FD390020A2331A61342C336D4C392A
:10CB4000DA82083CA0AA2ABE00B52DED048BB0EE17
:10CB5000409AF0EE609A83B051EC190B04F0BAFAE7
:10CB600041EC180B18EE100A18EE901A8DED008BA0
:10CB7000002818BF0120084320F00040C0F17F606A
:10CB800000F1E040C00F14D019EE101A19EE900A0F
:10CB90008DED009B002918BF0121084320F00040C3
:10CBA000C0F17F6000F1E040C00F04BF0120F3F747
:10CBB00022FDB0EE480A03B0F0EE680ABDEC048B2B
:10CBC00000BD0000000000002DE9F14F04462DEDEE
:10CBD000020B2DED088B8AB09FEDE70B80ED020B69
:10CBE000139EE74826F0004585420ADC9DED120BB6
:10CBF000002084ED000B0AB0BDEC088B03B0BDE84B
:10CC0000F08FE0489FEDE0AB9FEDE1BBA84247DD30
:10CC1000E14F9FEDE39B9FEDE48B9DED120B53ECF9
:10CC20001A2B51EC100B002E1CDD04F01FFB41EC05
:10CC3000100BBD4208D053EC1B2B51EC100B04F031
:10CC400015FBC4E900010BE053EC192B51EC100B60
:10CC500004F00CFB53EC182B04F008FBC4E90001B2
:10CC60000120C8E703F010FE41EC100BBD4208D0D4
:10CC700053EC1B2B51EC100B03F006FEC4E9000132
:10CC80000BE053EC192B51EC100B03F0FDFD53ECB2
:10CC9000182B03F0F9FDC4E900014FF0FF30AAE7BB
:10CCA000C348A84279DB9DED120B51EC100B00F04C
:10CCB00041FE41EC180B9FEDC00B53EC102B04F020
:10CCC000C9F89FEDBF1B53EC112B03F0DDFD04F001
:10CCD0002BF8074604F057F841EC190B53EC1A2BCC
:10CCE00004F0B8F853EC182B04F0E8F941EC180BF9
:10CCF00053EC1B2B51EC190B04F0ACF8DFF8C8A275
:10CD000041EC100B4FEA15580125FA4453EC102B57
:10CD100051EC180B04F0AAFA032DC4E900013DD030
:10CD2000C1F30A5005EB4511A8EB0000113981420F
:10CD300034DA0AEB051BB0EE48AA9BED000BF0EECF
:10CD400068AA53EC102B51EC190B04F083F841EC5A
:10CD50001B0B51EC1A0B53EC1B2B04F087FA41EC24
:10CD6000180B51EC1A0B53EC182B04F07FFA53EC10
:10CD70001B2B04F07BFA9BED020B41EC1A0B53ECDE
:10CD8000102B51EC190B04F065F853EC1A2B04F03E
:10CD90006DFA41EC100B6D1CB8E70EE0002EA8BF39
:10CDA0003846BFF628AF94ED000B51EC100B03F0A2
:10CDB0002DFDC4E9000178421DE7C6F3130040F4DD
:10CDC000801EC6F30A50A0F2F530471100F01F058F
:10CDD000C5F12000DDF848B00890002006900790CB
:10CDE0000520EC467949002D07EB0002794408BF85
:10CDF00051F8221009D051F8223001EB8201AB40EA
:10CE00004A68089922FA01F11943A1FB0E26A1FBF9
:10CE10000B131A449A4234BF0123002303EB060884
:10CE20000CEB8003D3E901A60E448E4234BF0121EE
:10CE3000002192448A4411B1924502D903E09245FF
:10CE400001D2012100E00021C3E901A641444CF8D0
:10CE50002010011EA0F10100C4DC029800F1005076
:10CE6000850F0298DDE903678000DDF8148003F088
:10CE70008AFF41EC1A0B304603F09CFF9FED541BD8
:10CE800053EC112B03F0E6FF41EC1B0B384603F08B
:10CE900091FF9FED511B53EC112B03F0DBFF41EC95
:10CEA000180B404603F086FF9FED4D1B53EC112BF2
:10CEB00003F0D0FF41EC190B51EC180B53EC192B7C
:10CEC00003F0E2FC53EC1B2B03F0DEFC53EC1A2BBB
:10CED00003F0DAFCCDE90801002008909DED080B75
:10CEE00053EC1A2B51EC100B04F0C0F953EC1B2B34
:10CEF00004F0BCF953EC182B04F0B8F953EC192BDF
:10CF000004F0DCF89FED381B53EC112B03F0A2FF6B
:10CF10009FED370B41EC180B53EC102B9DED080BDC
:10CF200051EC100B03F096FF53EC182B03F0ACFC04
:10CF30009FED310B41EC180B53EC102B9DED080BC2
:10CF400051EC100B03F086FF53EC182B03F09CFC04
:10CF500041EC100B139810F0004F06D06D4251ECCD
:10CF6000100B03F053FC41EC100B284684ED000B32
:10CF700041E600000000000000000000000000008A
:10CF8000FB21E93F7CD9024000004054FB21F93FDE
:10CF90003163621A61B4D03DFB21F93F000000000B
:10CFA0000000601A61B4D03D7370032E8A19A33B50
:10CFB000FB2139410000000083C8C96D305FE43FA8
:10CFC000000000000000E03F424C0000904B0000D9
:10CFD000000000000000103E000000000000103CB7
:10CFE000000000000000103A182D4454FB21F93DC8
:10CFF0003326A611460B113C00000054FB21F93DDD
:10D0000010B52DED040B2DED088B82B0B0EE419ADA
:10D01000F0EE619A0B9820F000449FED4BABB4F119
:10D02000795F11DA9DED0A0B51EC100B03F07CFED9
:10D03000002801BFB0EE4A0AF0EE6A0A02B0BDEC69
:10D04000088B04BF04B010BD9DED0A0B53EC102BF0
:10D0500051EC100B03F0FEFE41EC180B3C4806218E
:10D06000B0EE480AF0EE680A784400F081F853EC1C
:10D07000182B51EC100B03F0EDFE9DED0A0B41EC6B
:10D080001B0B53EC192B51EC100B03F0E3FE41EC9E
:10D09000190B53EC1B2B51EC180B03F0DBFE53EC7C
:10D0A000192B04F0E3F89FED2C0B41EC190B53EC1A
:10D0B000102B51EC180B03F0CDFE41EC100B28485F
:10D0C000844210DA53EC192B51EC100B04F0CEF81B
:10D0D00053EC1A2B03F0F2FF41EC100B02B0BDEC45
:10D0E000088B04B010BD1F48A042BCBF9FED1E1BA3
:10D0F0008DED001B06DBA4F50010019000200090D0
:10D100009DED001B51EC100B53EC112B04F0AEF80D
:10D110009DED000B41EC180B53EC102B51EC1A0B4E
:10D1200004F0A4F841EC1A0B53EC192B51EC180B3A
:10D1300004F09CF853EC1A2B03F0C0FF41EC100BE9
:10D14000CCE7000000000000000000000000F03FFD
:10D15000AC48000000000000000000000000E03FBC
:10D160003333D33F0000E93F000000000000D23F0E
:10D1700070B504462DED028B4D1E00EBC500B0EEE0
:10D18000408AF0EE608A90ED000B35F0060017D073
:10D1900053EC182B51EC100B03F05CFE41EC100B20
:10D1A0006D1E04EBC50090ED001B51EC100B53EC11
:10D1B000112B03F069FB41EC100B35F00600E7D1B1
:10D1C000022D36D0042D1CD0062D1CBFBDEC028BC9
:10D1D00070BD53EC182B51EC100B03F03BFE94ED9B
:10D1E0000A1B53EC112B03F04FFB53EC182B03F0ED
:10D1F00031FE94ED081B53EC112B03F045FB41EC81
:10D20000100B53EC182B51EC100B03F023FE94ED94
:10D21000061B53EC112B03F037FB53EC182B03F0D8
:10D2200019FE94ED040B53EC102B03F02DFB41EC95
:10D23000100B53EC182B51EC100B03F00BFE94ED7C
:10D24000021B53EC112B03F01FFB53EC182B03F0C4
:10D2500001FE94ED001B53EC112B03F015FBBDEC0C
:10D26000028B41EC100B70BD31B504462DED040B63
:10D270002DED0A8BB0EE41BAF0EE61BA0B989DED40
:10D280000A0B20F00040B0F1795F0DDA51EC100B81
:10D29000FDF7DDFF042808BF00F0CAF89DED0A0B7A
:10D2A000BDEC0A8B05B030BD53EC102B51EC100BCC
:10D2B00003F0D0FD41EC180B9DED0A0B53EC182B3D
:10D2C00051EC100B03F0C6FD41EC190B2C48B0EEED
:10D2D000480AF0EE680A05217844FFF749FF9FED00
:10D2E0002ACBB0EE40AAF0EE60AA9CB353EC1C2B04
:10D2F00051EC190B03F0AEFD41EC1C0B53EC1A2B57
:10D3000051EC190B03F0A6FD9FED210B41EC190B1D
:10D3100053EC102B51EC1B0B03F09CFD53EC192B21
:10D3200003F0A4FF53EC182B03F094FD53EC1B2BDC
:10D3300003F09CFF53EC1C2B03F098FF9DED0A1BA0
:10D3400053EC112B03F0BAFEBDEC0A8B05B041EC97
:10D35000100B30BDFFE753EC1A2B51EC180B03F008
:10D3600079FD53EC1C2B03F08FFA53EC192B03F0CF
:10D3700071FD9DED0A1B53EC112B03F085FAE3E7D9
:10D380005C47000000000000495555555555C5BF84
:10D39000000000000000E03F9FED070B10B553ECCC
:10D3A000102B9FED070B51EC100B03F029FB41EC08
:10D3B000100B10BD00000000000000000000000085
:10D3C000000000000000F03F10B553EC102B51ECB2
:10D3D000100B03F059FA41EC100B10BD10B553ECD3
:10D3E000112B51EC100B03F04FFA41EC100B10BD58
:10D3F0009FED050B10B553EC102B51EC100B03F007
:10D40000FFFA41EC100B10BD00000000000000000E
:10D410009FED050B10B553EC102B51EC100B03F0E6
:10D4200019FD41EC100B10BD000000000000007061
:10D430009FED050B10B553EC102B51EC100B03F0C6
:10D4400009FD41EC100B10BD0000000000000010B1
:10D4500030EE000A704730EE200A7047DFED020A16
:10D4600080EEA00A70470000000000009FED020A55
:10D4700020EE000A70470000000000102DE9F001C6
:10D480004FF07F42B2EB410F9FBF4FF0FF31016081
:10D49000BDE8F00170474FF0004242EA0123C1F3BA
:10D4A000C752783A551112F01F0C434CCCF12006AC
:10D4B0007C44C1F3C752A2F178024FEA621204EB36
:10D4C000820254F8254008BFD2E9015612D05568AF
:10D4D00004FA0CF425FA06F73C43976805FA0CF5B4
:10D4E00027FA06F8D26807FA0CFCF24045EA08056C
:10D4F0004CEA0206A4FB034CA5FB0352A6FB036304
:10D500001D449D4234BF012600261319334416B131
:10D51000934202D903E0934201D2012200E00022AB
:10D52000624402F1200C9206DC0C42EA443200EE26
:10D53000102A5B03DFED210AF8EEC01A00EE103A64
:10D540004FEA9C1C11F0004FB8EE400AC0F800C032
:10D5500020EE201A00EE105ADFED190AB8EE400A4C
:10D5600020EE200A71EE810A70EE800A10EE902AF9
:10D5700002F500626FF30B0200EE902A70EEE11AE2
:10D5800031EEC11ADFED101A30EE411A9FED0D0A8F
:10D5900020EE800A01EE210A9FED0C1A00EE810AAE
:10D5A00004BFBDE8F0017047CCF180510160BDE8D7
:10D5B000F001B1EE400A70476445000000000036FB
:10D5C0000000802C22AAFD29DB0FC92F0000C92FE3
:10D5D0002DE9FC5F81460D46002600200190824621
:10D5E000FF20009000242F464FF0000B4FF0000862
:10D5F000B9F1000F01D0002D03DC4FF0FF30BDE882
:10D60000FC9F072D02DA6FF00100F8E74C4609E0B5
:10D610002078592803D16078532800D104E0641C95
:10D62000781E07B2022FF3DA00BF072F05DAE81BD6
:10D6300000F05AF96FF00100E1E7A3469BF804609F
:10D64000F01DB84202DD6FF00100D8E7F01C81B296
:10D6500001AAA01C00F045F8701D205ABDF8041066
:10D66000884209D0E91B9BF804201144C81D00F032
:10D670003BF96FF00200C2E74FF0050A1FE004EB30
:10D680000A0898F8011098F8000008F1020200F06A
:10D69000DDF80090009801280BD198F80100801C5B
:10D6A00050441FFA80FA98F80100801C301A06B224
:10D6B00005E00AF101001FFA80FA701E06B2002E82
:10D6C000DDDC0026E91B3144C81D00F00DF9002007
:10D6D00095E710B541EC100BFDF706FE51EC100B71
:10D6E00010BD70B503460C46002500260BB104B1F1
:10D6F00012B94FF0FF3070BD002106E0585C28449D
:10D70000C5B27019C6B2481C81B2A142F6DB45EA27
:10D71000062010800020EEE710B50548F3F75EF80C
:10D720000348F5F768FD02210148F4F7ABFF10BD8F
:10D730008407002010B50548F3F77CF80348F5F797
:10D740005AFD02210148F4F79DFF10BDAC070020EF
:10D7500010B5364890ED000ADFED350A20EE200ABC
:10D76000F2EE0E0A80EE201A324880ED021A2F489F
:10D7700090ED130ADFED300A20EE200AF2EE0E0AD9
:10D7800080EE201A2B4880ED001A284890ED390AC7
:10D79000DFED2A0A20EE200AF2EE0E0A80EE201AB1
:10D7A000244880ED011A214890ED260ADFED200A79
:10D7B00020EE200AF2EE0E0A80EE201A1D4880EDBF
:10D7C000031AD0ED020AB0EE600A9FED191ADFEDE0
:10D7D0001C0AF3F731FB174880ED020AD0ED000A6E
:10D7E000B0EE600A9FED141ADFED160AF3F724FB82
:10D7F000104880ED000AD0ED010AB0EE600A9FEDFE
:10D800000F1ADFED110AF3F717FB0A4880ED010A42
:10D81000D0ED030AB0EE600A9FED051ADFED080AAD
:10D82000F3F70AFB034880ED030A10BD2401002032
:10D8300000C05A45A05F00200040834500A08C45F1
:10D8400000C05AC5004083C500A08CC5F0B5054690
:10D850000E461446FF27402D3ED10C2E3AD101270B
:10D86000204600F073F800EE100AB8EEC00ADFEDB3
:10D870001C0A20EE200A10EE100A1A490860201D2A
:10D8800000F064F800EE100AB8EEC00ADFED140AEA
:10D8900020EE200A10EE100A1249486004F1080038
:10D8A00000F054F800EE100AB8EEC00ADFED0C0AE2
:10D8B00020EE200A10EE100A0A49886008468068A7
:10D8C00000EE100AF2EE040A20EE200A10EE100A12
:10D8D000886000E0002700E000BF00BF3846F0BDD0
:10D8E000BD3786351360002010B5044621460F4829
:10D8F000F2F730FE0E480088A04213D90C48008889
:10D90000001B0B490880094801190948028807488B
:10D91000F2F7A1FD0549064A128888182146F2F758
:10D9200019FE02E000200249088010BD1F6200209D
:10D93000F206002082B0CDE9000121F00040019004
:10D940009DED000B02B051EC100B7047014600201A
:10D95000CA7812068B7842EA03424B7842EA0322E5
:10D960000B7842EA0300704708B5F5F7EBFFFCF7C8
:10D9700005FEF8F721FAF8F733F9F8F7EDF8F8F7BC
:10D980000DF9F8F7C5FAF8F7FBFAF8F715FBF8F711
:10D990002FFBF8F749FBF8F763FBF8F797FA3C48D9
:10D9A0000068C06840F0100039490968C86039480B
:10D9B0000068C06840F0100036490968C860364801
:10D9C0000068C06840F0100033490968C8603348F7
:10D9D0000068C06840F0100030490968C8603048ED
:10D9E0000068C06820F400502D490968C8602C48C0
:10D9F0000068406800BF0020009029480068006867
:10DA00000090274800684068009000BF00BF4FF4B6
:10DA1000007224492248F7F777FE21480068C06861
:10DA200040F010001E490968C8601D480068C068C1
:10DA300040F400501A490968C860FFF76DFEFFF70F
:10DA400079FE1948F6F76EFF1848006840F00100AB
:10DA5000164908600846FCF74BFB1448006840F084
:10DA60000200124908600846FCF742FB0F480068B4
:10DA700040F004000D4908600846FCF739FB00F04F
:10DA80003FFAF8F721F900F051FA00BFFEE7000075
:10DA90000409002074080020BC080020940900201C
:10DAA0004C0900201F6000202C080020F8060020F0
:10DAB0000146002901DB084670474842FCE70000A8
:10DAC0001FB5FE48007809287DD2DFE800F0051D6B
:10DAD00036849DCBFDFCFB000020F94981F8300124
:10DAE00081F831019FEDF70A084680ED130A9FED9A
:10DAF000F50A80ED000A9FEDF30A80ED260A9FEDFE
:10DB0000F10A80ED390AF9E10120ED4981F830018F
:10DB1000002081F831019FEDEB0A084680ED1B0AD9
:10DB20009FEDE80A80ED080A9FEDE60A80ED2E0AD7
:10DB30009FEDE40A80ED410AE0E10020E04981F830
:10DB4000300181F83101E04890ED000ADB4880EDBA
:10DB5000080ADD4890ED010AD84880ED1B0ADA4832
:10DB600090ED020AF2EE040A80EE201AD34880ED0E
:10DB70002E1AD648007801280FD1D04890ED080A17
:10DB800080ED070A90ED1B0A80ED1A0A90ED2E0A2F
:10DB900080ED2D0A0020CD490870C8481C30F9F7E7
:10DBA0003FF9C6486830F9F73BF9C448B430F9F793
:10DBB00037F9C24890ED0F0A80ED010A90ED220A74
:10DBC00080ED020A00E098E190ED350A80ED030A4D
:10DBD000FCF7E0FB92E10020B94981F8300181F8BF
:10DBE00031010A204FF4FA714FF49672CDE9001218
:10DBF00013460A46CDE90210B049B548F2F7E8FEEF
:10DC0000AE48FCF7C7FB79E10020AD4981F830014F
:10DC100081F83101AC4890ED020AF2EE040A80EE80
:10DC2000201AA64880ED2E1A4B204FF4FA718A0074
:10DC3000CDE9001213460A46CDE902109F49A448D7
:10DC4000F2F7C6FE9FED9F0A9C4880ED2D0AB43086
:10DC5000F9F7E6F8994890ED350A80ED030AFCF7EC
:10DC600099FB4BE10020964981F8300181F83101A0
:10DC7000954890ED000A914880ED080A924890ED91
:10DC8000010A8E4880ED1B0A8F4890ED020AF2EEE1
:10DC9000040A80EE201A894880ED2E1A4B204FF49A
:10DCA000FA718A00CDE9001213460A46CDE9021046
:10DCB00082498748F2F78CFEF2F706FD854890ED21
:10DCC000000A02E0B3E054E00DE07C4880ED2D0A4C
:10DCD000B430F9F7A5F8794890ED350A80ED030ADC
:10DCE000FCF758FB0AE10020754981F8300181F802
:10DCF0003101754890ED000A704880ED080A7248BD
:10DD000090ED010A6D4880ED1B0A6F4890ED020A04
:10DD1000F2EE040A80EE201A684880ED2E1A00F018
:10DD2000B5F966481C30F9F77BF864486830F9F7B4
:10DD300077F86248B430F9F773F8604890ED0F0A4D
:10DD4000D0ED400A30EE200A80ED010A90ED220A63
:10DD5000D0ED410A30EE200A80ED020A90ED350A3E
:10DD6000D0ED420A30EE200A80ED030AFCF712FBE8
:10DD7000C4E00020524981F8300181F83101524855
:10DD800090ED000A4D4880ED080A4F4890ED010AD9
:10DD90004A4880ED1B0A4C4890ED020AF2EE040A54
:10DDA00080EE201A454880ED2E1A4B480078012855
:10DDB00005D1424800F088F90020474908704749DA
:10DDC0003E48F8F753FB46480078012803D1434901
:10DDD0003A48F8F751FE41493848F2F74BFF3748C7
:10DDE0001C30F9F71DF835486830F9F719F8334851
:10DDF000B430F9F715F8314890ED0F0AD0ED400A2C
:10DE000030EE200A80ED010A90ED220AD0ED410AA1
:10DE100030EE200A80ED020A90ED350AD0ED420A7C
:10DE200030EE200A80ED030AFCF7B4FA66E0002029
:10DE3000234981F8300181F83101234890ED000A2F
:10DE40001E4880ED080A204890ED010A1B4880ED2D
:10DE50001B0A1D4890ED020AF2EE040A80EE201A19
:10DE6000164880ED2E1A1F4890ED020A134880EDE7
:10DE7000400A1C4890ED030A104880ED410A1948F9
:10DE800090ED000A0D4880ED070A164890ED010A52
:10DE90000A4880ED1A0A1C30F8F7C2FF07486830BC
:10DEA000F8F7BEFF054890ED0F0AD0ED400A30EEBE
:10DEB000200A80ED010A90ED220A15E058020020A8
:10DEC0002401002000000000145800208F030020CF
:10DED000740300205406002090030020AC5800205A
:10DEE00050060020F05D0020D0ED410A30EE200AFF
:10DEF00080ED020AFCF74EFA00E000BF00BF1FBD34
:10DF000010B5FDF7EBF910B16FF0050409E0064814
:10DF1000006820B9012004490860002401E04FF0A6
:10DF2000FF34204610BD00008C00002070B5FDF7C6
:10DF3000D5F910B16FF005041FE011480068012801
:10DF400019D100BF801F0021002804DB0A07130E2F
:10DF50000C4A135406E00A07150E0B4A00F00F0393
:10DF60001B1FD55400BF00BF02200549086001F007
:10DF7000E5FC002401E04FF0FF34204670BD0000B6
:10DF80008C00002000E400E018ED00E02DE9FF47E0
:10DF900080468946144600200390FDF79FF900282B
:10DFA0004ED1B8F1000F4BD0802618258246471E6F
:10DFB00044B3206808B1D4F800A0A06900B1A569F5
:10DFC0002DB1382D03D8207900F0010018B10020C0
:10DFD00004B0BDE8F087606908B160698608A06890
:10DFE00040B1E0685C2805D3206918B1606908B1C8
:10DFF000012708E0A06830B9E06820B9206910B9AD
:10E00000002700E00027012F0CD12169A0684B46B2
:10E010003246CDE9005102905146404602F042F9A5
:10E0200003900DE067B903A8B2B24B465146CDE963
:10E030000050404602F004F9012801D0002003906E
:10E040000398C5E710B54278037842EA03224A8272
:10E05000C278837842EA03228A824279037942EACB
:10E060000322CA82C279837942EA03220A83027AAE
:10E070000A80002206E002F10903C45C8B1C23F82D
:10E080001240521C082AF6DB10BD000010B50446F1
:10E0900094F8180130B1012805D0022807D00328D0
:10E0A0000DD108E00CE00748F9F7C2FD08E005488B
:10E0B00000F034F804E00348F8F770FF00E000BF18
:10E0C00000BF10BD5802002010B5044694F8190195
:10E0D00030B1012805D002280FD0032817D111E054
:10E0E00016E021460B48FBF791F821460948FBF75B
:10E0F000D3FE0120084908700AE021460548FBF7D5
:10E1000059F905E021460348FBF7C6F900E000BFD6
:10E1100000BF10BDAC5800205006002030B52DEDDA
:10E12000108B83B00446FE480078002874D09FED21
:10E13000FD0AFD4880ED000A9FEDFA0AFB4880EDDC
:10E14000000A9FEDFB0AFB4880ED000A94ED080AE7
:10E15000F94880ED000A94ED1B0AF84880ED000AAA
:10E1600094ED2E0AF64880ED000AF64890ED020A7A
:10E17000F348D0ED000A30EE600AF34880ED000A63
:10E1800019E0F14890ED000AB5EEC00AF1EE10FA80
:10E1900008DB90ED000ADFEDED0A30EE600A80ED5D
:10E1A000000A08E0E84890ED000ADFEDE80A30EEEA
:10E1B000200A80ED000AE448006803F041F941ECD0
:10E1C000190BB0EE490AF0EE690AFDF75DFDB0EEFD
:10E1D000408AF0EE608A9FEDDE0B53EC102B51EC81
:10E1E000180B02F035FFCCD9D74890ED000AB5EEF8
:10E1F000C00AF1EE10FA10DB9FEDCA0ACA4880EDA2
:10E20000000A9FEDC80AC94880ED000A9FEDC80AC0
:10E21000C84880ED000A0FE028E19FEDCF0AC24810
:10E2200080ED000A9FEDCC0AC04880ED000A9FED0A
:10E23000CB0AC04880ED000ABC4890ED000AF0EE21
:10E24000000A20EE200A10EE101A084603F0F8F833
:10E2500041EC1D0BB748006803F0F2F841EC1F0BCE
:10E260009FEDBF1BB0EE4F0AF0EE6F0AFDF718FDF1
:10E27000B0EE40EAF0EE60EA53EC1D2B51EC1E0BC1
:10E2800002F0BEFB41EC1B0BA74890ED000AF0EE3C
:10E29000000A20EE200A10EE101A084603F0D0F80B
:10E2A00041EC1D0BA348006803F0CAF841EC1F0BBA
:10E2B0009FEDAB1BB0EE4F0AF0EE6F0AFDF7F0FCDE
:10E2C000B0EE40EAF0EE60EA53EC1D2B51EC1E0B71
:10E2D00002F096FB41EC1C0B53EC1B2B02F0D4FA22
:10E2E00041EC1A0BB0EE4A0AF0EE6A0AFDF7CCFCDC
:10E2F000B0EE408AF0EE608A9348006803F0A0F820
:10E3000041EC1A0BB0EE4A0AF0EE6A0AFDF7BCFCCB
:10E31000B0EE409AF0EE609A53EC182B51EC190BCA
:10E3200002F05CFD43D8884890ED000A7E48D0EDAD
:10E33000000A80EE201A11EE105A284603F080F8E9
:10E3400041EC190BB0EE490AF0EE690AFEF7FCFB4E
:10E35000B0EE408AF0EE608A51EC180B02F062FADF
:10E36000814908609FED810A814880ED000A764866
:10E3700090ED000A6D48D0ED000A80EE201A11EEF3
:10E38000105A284603F05CF841EC190BB0EE490A2C
:10E39000F0EE690AFEF7D8FBB0EE408AF0EE608A34
:10E3A00051EC180B02F03EFA724908604FE06148E8
:10E3B00090ED000A5C48D0ED000A80EE201A6A4811
:10E3C00080ED001A5B48006803F03AF841EC190B45
:10E3D0006548006803F034F841EC1F0B9FED601BAB
:10E3E000B0EE4F0AF0EE6F0AFDF75AFCB0EE40DADD
:10E3F000F0EE60DA4C48006803F022F841EC1E0BA6
:10E4000053EC1D2B02F026FD41EC1B0B4E4800681F
:10E4100003F016F841EC1C0B53EC1B2B02F026FF0B
:10E4200041EC1A0B53EC192B02F0EAFA41EC180BF1
:10E4300002F0F8F94E4908603E4890ED000A3B486A
:10E44000D0ED000A80EE201A4A4880ED001A9FEDB8
:10E45000470A84ED0B0A9FED450A84ED1E0A9FEDE5
:10E46000430A84ED310A00202D49087094ED430AD7
:10E47000B8EE400A4048D0ED000A20EE200A3F489E
:10E4800080ED000A90ED000A3748D0ED000AB4EEA6
:10E49000E00AF1EE10FA42D2274890ED000A84ED2E
:10E4A000070A264890ED000A84ED1A0A9FED2F0A0C
:10E4B00084ED400A9FED2D0A84ED410A2F48006843
:10E4C00002F0BEFF41EC1E0B9FED251BB0EE4E0A85
:10E4D000F0EE6E0AFDF7E4FBB0EE40CAF0EE60CA63
:10E4E0001148006802F0ACFF41EC1D0B53EC1C2BF3
:10E4F00002F0B0FC41EC1B0B9FED190B53EC102B01
:10E5000002F07EFA41EC190B0D48006802F098FF0A
:10E5100041EC1A0B53EC192B02F0B6F930E045E050
:10E52000080600200000B442900600209406002057
:10E53000000034429C0600200C060020100600203B
:10E5400014060020E45D0020980600200000B4437B
:10E5500000000000008066400000B4C2000034C229
:10E5600000000000000000408406002000000000C1
:10E57000880600208C0600202C060020240600209F
:10E5800041EC180B02F04EF9C4F8B400B94890ED14
:10E59000000AB948D0ED000A20EE200AB748D0EDB5
:10E5A000000A80EE201A84ED421A5FE1B34890ED34
:10E5B000000AB348D0ED000A30EE200AAE48D0ED94
:10E5C000000AB4EEE00AF1EE10FA65DDAD4890ED18
:10E5D000000A84ED070AAC4890ED000A84ED1A0A9F
:10E5E0001FED1E0A84ED400A1FED200A84ED410A4A
:10E5F000A14890ED000AA148D0ED000A30EE600A73
:10E600009C48D0ED000A20EE200A10EE101A0846B1
:10E6100002F016FF41EC190B9848006802F010FF59
:10E620001FED311BCDE900019DED000BFDF738FB1F
:10E63000B0EE40EAF0EE60EA9448006802F000FFB5
:10E6400041EC1F0B53EC1E2B02F004FC41EC1D0BA4
:10E650001FED3D0B53EC102B02F0D2F941EC1B0BDC
:10E660008B48006802F0ECFE41EC1C0B53EC1B2BBA
:10E6700002F00AF941EC1A0B53EC192B02F004F9E1
:10E6800041EC180B02F0CEF8C4F8B400794890EDD4
:10E69000000A84ED420AE9E0784890ED000A7848E3
:10E6A000D0ED000A30EE200A7A48D0ED000A30EEB4
:10E6B000200A7148D0ED000AB4EEE00AF1EE10FA3B
:10E6C0007EDD704890ED000A84ED070A6E4890EDFB
:10E6D000000A84ED1A0A1FED5B0A84ED400A1FED63
:10E6E0005D0A84ED410A654890ED000A6448D0ED6A
:10E6F000000A30EE200A6748D0ED000A30EE200A0A
:10E700005D48D0ED000A30EE600A10EE101A08469F
:10E7100002F096FE41EC1E0B1FED6F1BB0EE4E0A91
:10E72000F0EE6E0AFDF7BCFAB0EE40CAF0EE60CA39
:10E730005648006802F084FE41EC1D0B53EC1C2B84
:10E7400002F088FB41EC1B0B1FED7B0B53EC102BF5
:10E7500002F056F941EC190B4D4890ED000A4E4875
:10E76000D0ED000A30EE200A10EE101A084602F032
:10E7700067FE41EC1A0B53EC192B02F077FD41ECCC
:10E78000180B02F04FF8C4F8B4003C4890ED000AB2
:10E790003B48D0ED000A30EE200A3E48D0ED000A9A
:10E7A00030EE200A3448D0ED000A30EE600A3148DD
:10E7B000D0ED000A20EE200A3648D0ED000A00E035
:10E7C00004E080EE201A84ED421A4FE02B4890EDD1
:10E7D000000A2B48D0ED000A30EE200A2D48D0ED7B
:10E7E000000A30EE200ADFED2D0A30EE200A224822
:10E7F000D0ED000AB4EEE00AF1EE10FA20DD214877
:10E8000090ED000A84ED070A1F4890ED000A84EDA0
:10E810001A0A1FEDAA0A84ED400A1FEDAC0A84ED26
:10E82000410A1B4890ED000A1B48D0ED000A30EE6B
:10E83000200A84ED2D0A1FEDB30A84ED420A15E08B
:10E840000021C4F80C110220207001201449087026
:10E850001FEDBA0A84ED0B0A1FEDBC0A84ED1E0AF7
:10E860001FEDBE0A84ED310A0E49087003B0BDECFD
:10E87000108B30BD9C06002024060020840600205A
:10E88000880600200C0600201006002090060020BC
:10E89000140600208C06002098060020CDCCCC3D2C
:10E8A0008F0300208E0300202DE9F04105460E461F
:10E8B0001648076816480068001D00F03AFE681CFC
:10E8C00038B936B112480168091D124800F088FEB7
:10E8D0001AE07C190E4800684460BC4207D20C481C
:10E8E0000168091D0C48006800F060FE0CE0084853
:10E8F0000168091D0948006800F058FE08480068D2
:10E90000844201D206480460BDE8F0815000002036
:10E910003C000020E01300204400002040000020C4
:10E920006C00002010B5044600F066FE2448006824
:10E93000401C234908602348006840B9214804600E
:10E940000846006801280DD100F0FCF90AE01E48D5
:10E95000006838B91B480068C06AE16A884201D87B
:10E960001848046019480068401C184908600846A7
:10E97000006860641649E06A0968884202D914494F
:10E98000E06A0860E16A01EB8101124A02EB810052
:10E99000211D00F025FE00F059FE0B48006868B10B
:10E9A00008480068C06AE16A884207D24FF0805088
:10E9B00009490860BFF34F8FBFF36F8F10BD000090
:10E9C0004C0000203C00002058000020680000207F
:10E9D00054000020300F002004ED00E008B500F0E6
:10E9E0000BFE12480068E8B9114800F0CFFD11484D
:10E9F00000F0CCFD0E48104908600E480F49086031
:10EA000000200F4B0F4A102100900A2001F010F94E
:10EA1000064908600846006820B10BA10348006859
:10EA200000F0D4FE00F012FE08BD000080000020BF
:10EA3000F413002008140020780000207C0000203F
:10EA40001C1400206C140020546D72510000000052
:10EA500010B516E000F0D0FD0C48C068C468201D59
:10EA600000F067FD0A480068401E0949086009482F
:10EA70000068401E0749086000F0E8FD204600F0ED
:10EA80005FF8044800680028E4D110BDCC130020D2
:10EA90004C0000204800002070B504460D46206C54
:10EAA00070B1216CE0680144E160D4E90210884251
:10EAB00001D32168E1602846226CE168F1F7CBFCC4
:10EAC00070BD2DE9F04104460F4615464FF0000891
:10EAD000A66B206C48B9206800282CD1A06801F0F2
:10EAE000F7FC80460020A06025E07DB93946226C05
:10EAF0006068F1F7B0FC216C606808446060D4E99C
:10EB00000101884217D32068606014E03946226C06
:10EB1000E068F1F7A0FC216CE068411AE16021682F
:10EB2000E068884203D2216CA068411AE160022D9E
:10EB300001D106B1761E701CA0634046BDE8F0818D
:10EB400010B5044694F8590030B9206B00F09CFDD4
:10EB5000204600F099FD1AE094F85900012803D1ED
:10EB6000204600F091FD12E094F85900022801D1EE
:10EB7000012000E0002050B900BF502080F3118830
:10EB8000BFF34F8FBFF36F8F00BF00BFFEE710BD15
:10EB90000146084A126812680AB9012200E0002200
:10EBA0000A600A6822B9034A1268D268106800E055
:10EBB000002070477800002030B54FF4705317489C
:10EBC00000F007042CB1C01D20F00700134C041BFB
:10EBD0001B1B0246124C22600024114D6C60D018A1
:10EBE000083820F007000F4C206000240D4D2D68E0
:10EBF0006C600C4D2D682C601146441A4C60094C19
:10EC000024680C60084D4C682C60084D4C682C60E2
:10EC10004FF00044064D2C6030BD0000C41B0020A6
:10EC20009000002098000020A00000209C00002000
:10EC3000AC00002000BFFFF70BFF0648006801286A
:10EC4000F9D94FF0805004490860BFF34F8FBFF3EC
:10EC50006F8FF0E7300F002004ED00E02DE9F04168
:10EC600006460D4617469846069C0DB9246000E0FE
:10EC70002760E66325640121204601F049F884F805
:10EC80004C80BDE8F0812DE9F05F82460E4690464B
:10EC90009B460A9F0C9C4FEA8801A522206BF1F746
:10ECA00051FCA8F10100216B01EB800929F0070953
:10ECB00009F0070008B9012000E0002050B900BFAA
:10ECC000502080F31188BFF34F8FBFF36F8F00BFC9
:10ECD00000BFFEE786B1002507E0715D04F1340056
:10ECE0004155705D00B902E06D1C102DF5D300BFD9
:10ECF00000214320015502E0002084F83400382F21
:10ED000000D33727E762E76400202065201D00F06C
:10ED10004AFC04F1180000F046FC2461C7F13800F9
:10ED2000A06164620020606584F858005A4651462C
:10ED3000484600F071FB20600B9808B10B98046006
:10ED4000BDE8F09F10B5002407E004EB84010F4AF2
:10ED500002EB810000F01AFC641C382CF5D30C483F
:10ED600000F014FC0B4800F011FC0B4800F00EFC06
:10ED70000A4800F00BFC0A4800F008FC0448094966
:10ED8000086004480849086010BD0000300F0020EA
:10ED900090130020A4130020B8130020CC130020EF
:10EDA000E0130020400000204400002010B5014680
:10EDB000164800E0006803688B42FBD302464368B4
:10EDC00013448B4204D143684C682344436001469A
:10EDD0000A464B6813440468A34211D10C4C0368E3
:10EDE0002468A34208D04B680468646823444B60DD
:10EDF00003681B680B6005E0054B1B680B6001E0B6
:10EE000003680B60884200D0016010BD90000020B4
:10EE1000980000202DE9F04104460D4616461F4695
:10EE20004FF0000865602461B5420CD8F01BA16961
:10EE3000884202D34FF0010811E0211D0948006803
:10EE400000F0B4FB0BE0BE4204D2BD4202D34FF04F
:10EE5000010804E0211D0448006800F0A7FB4046BB
:10EE6000BDE8F0817C0000207800002070B50546E8
:10EE700000F0C2FBA86B08B9012400E0002400F0F8
:10EE8000E5FB204670BD70B5054600F0B5FBA86BEC
:10EE9000E96B884201D1012400E0002400F0D6FB98
:10EEA000204670BDF8B505460F461A480068C06890
:10EEB000C468201D00F03DFB94F8280000F0040019
:10EEC000E8B1A06941192B463A462046FFF7A2FF58
:10EED000D8B1002003462A4601460090204601F0A2
:10EEE00053FC064656B900BF502080F31188BFF38B
:10EEF0004F8FBFF36F8F00BF00BFFEE705E094F8B0
:10EF0000280020F0010084F828002046216A884764
:10EF1000F8BD000078000020F0B587B0A0E00398AD
:10EF2000002811DA04AE56B900BF502080F31188D2
:10EF3000BFF34F8FBFF36F8F00BF00BFFEE7D6E96F
:10EF40000020B168904700BF03980028E6DB059CCD
:10EF5000606908B9012000E0002010B9201D00F010
:10EF6000E8FA02A800F0DEF8054603980A2875D2F0
:10EF7000DFE800F009050739416306083A4200BF9F
:10EF800000BF00BF00BF94F8280040F0010084F8E3
:10EF900028000498A269811803462A462046FFF7F4
:10EFA00039FFF8B12046216A884794F8280000F01C
:10EFB0000400B8B1002000900498A1694218002311
:10EFC0001946204601F0E0FB074657B900BF502024
:10EFD00080F31188BFF34F8FBFF36F8F00BF00BF67
:10EFE000FEE700BF3BE000BF94F8280020F00100DE
:10EFF00084F8280033E000BF94F8280040F00100B6
:10F0000084F828000498A061A06908B1012000E0FC
:10F01000002050B900BF502080F31188BFF34F8FFC
:10F02000BFF36F8F00BF00BFFEE7A06941192B46F9
:10F030002A462046FFF7EEFE11E094F8280000F083
:10F04000020018B9204600F01FFB05E094F82800E4
:10F0500020F0010084F8280001E0FFE700BF00BFB6
:10F06000002203A90448006800F0F0FF00287FF4A4
:10F0700056AF07B0F0BD000080000020F8B505468F
:10F080000C4600F0B7FC684600F04CF806460098C5
:10F0900020BB44B9B54206D801F0B8FA314628463B
:10F0A000FFF700FF1CE03CB10E480068006808B99B
:10F0B000012000E000200446A91B22460A480068FF
:10F0C00000F09AFB01F0A2FA50B94FF080500749C6
:10F0D0000860BFF34F8FBFF36F8F01E001F096FA26
:10F0E000F8BD00007C0000208000002004ED00E05E
:10F0F0000A490968096809B9012100E0002121B124
:10F100004FF0FF31064A116006E004490968C968FA
:10F11000C868034A41681160704700004000002041
:10F120006C00002070B5044601F02AF90546074836
:10F130000068854204D200F00BF80120206001E055
:10F140000020206001480560284670BD880000202E
:10F150002DE9F84334E025480068C0680568234875
:10F160000068C068C468201D00F0E3F92046216AE9
:10F17000884794F8280000F0040008B3A0694619F5
:10F18000AE4207D966602461211D1848006800F06E
:10F190000DFA15E0002003462A460146009020465D
:10F1A00001F0F2FA074657B900BF502080F31188EA
:10F1B000BFF34F8FBFF36F8F00BF00BFFEE700BFED
:10F1C0000A480068006808B9012000E00020002813
:10F1D000C1D00648D0F8008005480068034908609F
:10F1E0000348C0F80080BDE8F883000078000020E4
:10F1F0007C0000200E480068401C08B9012000E097
:10F20000002050B900BF502080F31188BFF34F8F0A
:10F21000BFF36F8F00BF00BFFEE700BF502080F339
:10F220001188BFF34F8FBFF36F8F00BF00BFFEE7A2
:10F23000B000002008B500BF6846FFF7A9FC0446EF
:10F2400020460099FFF71AFFFFF766FEF4E770B556
:10F25000044600F0D1F994F9455010E0606A08B90D
:10F26000012000E0002038B904F1240001F082F907
:10F2700018B100F021FB00E003E0681E45B2002D4C
:10F28000ECDC00BFFF2084F8450000F0DFF900F05F
:10F29000B3F994F9445010E0206908B9012000E066
:10F2A000002048B904F1100001F064F908B100F041
:10F2B00003FB681E45B200E001E0002DECDC00BF5E
:10F2C000FF2084F8440000F0C1F970BD2DE9F04141
:10F2D00004464FF0000800F08DFB4948006808B96B
:10F2E000FFF76AFC474800682040002870D1D4B17D
:10F2F000083404F00700B0B104F00700C0F10800C2
:10F30000044404F0070008B9012000E0002050B9CF
:10F3100000BF502080F31188BFF34F8FBFF36F8F72
:10F3200000BF00BFFEE7002C52D03748006884427F
:10F330004ED8364E3046056801E02E462D68686886
:10F34000A04202D228680028F7D12D4800688542E3
:10F350003ED0306800F10808286830606868001BFB
:10F36000102819D92F1907F0070008B9012000E06B
:10F37000002050B900BF502080F31188BFF34F8F99
:10F38000BFF36F8F00BF00BFFEE76868001B7860A7
:10F390006C603846FFF70AFD1B4968680968081A5F
:10F3A000194908600846006819490968884203D26B
:10F3B00015480068164908601249686809680843DA
:10F3C00068600020286013480068401C11490860EC
:10F3D00001F01CF908F0070008B9012000E0002046
:10F3E00050B900BF502080F31188BFF34F8FBFF397
:10F3F0006F8F00BF00BFFEE74046BDE8F081000010
:10F4000098000020AC0000209C000020900000200C
:10F41000A0000020A4000020001F4FF080730360B4
:10F42000001F21F001030360001F054B0360143827
:10F430000260001F6FF00203036020387047000075
:10F44000F5F100081B480088232803D01A480078EB
:10F4500001282DD119480078092827D2DFE800F0CB
:10F4600005060A0E12161A1E220020E00120144979
:10F4700008701CE002201249087018E003201049AF
:10F48000087014E004200E49087010E005200C49B3
:10F4900008700CE006200A49087008E007200849B7
:10F4A000087004E007200649087000E000BF00BFB4
:10F4B0007047000074030020E6050020BC00002017
:10F4C000F005002000B52DED048B83B041EC190B45
:10F4D00001F000FE41EC180B18EE100A18EE901A1D
:10F4E0008DED008B002818BF0120084320F000405C
:10F4F000C0F17F6000F1E040C00F14D019EE101A87
:10F5000019EE900A8DED009B002918BF01210843D8
:10F5100020F00040C0F17F6000F1E040C00F04BF68
:10F520000120F1F768F851EC180B03B0BDEC048B27
:10F5300000BD01460A69D1E901309860D1E90103B3
:10F5400058605068884201D1886850600020086186
:10F550001068401E1060106870470000034B036085
:10F56000034B0B6080231360704700000C150020D4
:10F5700068150020034B0360034B0B604FF480734E
:10F580001360704768170020C417002000F10801BD
:10F5900041604FF0FF31816000F10801C1600161FD
:10F5A00000210160704700210161704710B50246DB
:10F5B0000B685C1C0CB9106907E002F1080000E060
:10F5C0004068446824689C42FAD944684C604C689E
:10F5D000A160886041600A611468641C146010BDF9
:10F5E00042684A6093688B609368596091600861D3
:10F5F00003685B1C0360704700BF502080F31188D4
:10F60000BFF34F8FBFF36F8F00BF0E480068401CE1
:10F610000C49086008460068012812D10A480068B1
:10F62000C0B208B9012000E0002050B900BF50204E
:10F6300080F31188BFF34F8FBFF36F8F00BF00BF00
:10F64000FEE77047B000002004ED00E00D480068C0
:10F6500050B900BF502080F31188BFF34F8FBFF324
:10F660006F8F00BF00BFFEE706480068401E0549D7
:10F6700008600846006820B9002080F3118800BFA8
:10F6800000BF7047B000002070B506463546002E1A
:10F6900044D0083D2C46224960680968084008B1FA
:10F6A000012000E0002050B900BF502080F31188F5
:10F6B000BFF34F8FBFF36F8F00BF00BFFEE720681F
:10F6C00008B9012000E0002050B900BF502080F3AD
:10F6D0001188BFF34F8FBFF36F8F00BF00BFFEE7EE
:10F6E0000F49606809680840C0B12068B0B90C498A
:10F6F000606809688843606000F07CF909496068C7
:10F7000009680844074908602046FFF74FFB064890
:10F710000068401C0449086000F078FF70BD0000DC
:10F72000AC0000209C000020A800002000204FF02A
:10F73000E02108618861064800684FF47A71B0FBE7
:10F74000F1F0401E4FF0E02148610720086170474A
:10F750003800002070B5F0F7E3FD0446102C16D3F6
:10F7600004F1E02090F8F05315480078854201DB61
:10F77000012000E0002050B900BF502080F3118824
:10F78000BFF34F8FBFF36F8F00BF00BFFEE70D4881
:10F79000006800F4E0600C490968884201D8012043
:10F7A00000E0002050B900BF502080F31188BFF363
:10F7B0004F8FBFF36F8F00BF00BFFEE770BD00002B
:10F7C000B40000200CED00E0B8000020024600204C
:10F7D0000BE0084B53F8303033B9064B43F8301088
:10F7E00003EBC0035A6002E0401C0828F1D300BFBD
:10F7F00070470000F00E00202DE9F04105460E464E
:10F8000017462C46FFF7F8FE94F94400401C10B947
:10F81000002084F8440094F94500401C10B90020F1
:10F8200084F84500FFF712FFA06B28B93A4631462D
:10F8300004F1240000F062F82046FFF708FDBDE85F
:10F84000F081000070B504460025D4B1124800686C
:10F8500008B9012000E0002050B900BF502080F31B
:10F860001188BFF34F8FBFF36F8F00BF00BFFEE75C
:10F8700000F0C0F800212046FFF716F800F0C6FEA1
:10F8800005463DB94FF0805004490860BFF34F8FE3
:10F89000BFF36F8F70BD00007400002004ED00E026
:10F8A0000349096801600349096841607047000025
:10F8B00064000020500000200120014908607047CA
:10F8C0006000002070B504460D4654B900BF5020BA
:10F8D00080F31188BFF34F8FBFF36F8F00BF00BF5E
:10F8E000FEE70548016818312046FFF75FFE012159
:10F8F0002846FEF7D9FF70BD3C00002070B50546D4
:10F900000E46144655B900BF502080F31188BFF34E
:10F910004F8FBFF36F8F00BF00BFFEE7064801683F
:10F9200018312846FFF75CFE0CB14FF0FF36214638
:10F930003046FEF7B9FF70BD3C00002010B586B020
:10F9400000200590049003AA04A905A8FFF706FE6D
:10F950000022DDE904101346CDE9002102901EA12A
:10F960001F48039A00F09EFC1E4908600846006884
:10F9700008B1012400E00024012C02D100F0C8FEEF
:10F980000446012C15D100BF502080F31188BFF32D
:10F990004F8FBFF36F8F00BF4FF0FF3012490860E9
:10F9A00001201249086000201149086000F072F837
:10F9B00010E0601C08B1012000E0002050B900BF39
:10F9C000502080F31188BFF34F8FBFF36F8F00BFBC
:10F9D00000BFFEE706B010BD49444C4500000000E2
:10F9E00035EC0008700000206C000020580000205A
:10F9F0005000002002480068401C01490860704720
:10FA0000740000201E48006818B101201D490860DC
:10FA100034E000201B4908601B4801680CE051B924
:10FA200000BF502080F31188BFF34F8FBFF36F8F5B
:10FA300000BF00BFFEE7491E01EB8100134A52F8E8
:10FA4000200008B9012000E000200028E7D101EBE8
:10FA500081020E4B03EB820042685268426000F163
:10FA600008024368934202D1426852684260426889
:10FA7000D268074B1A600448016000BF704700005D
:10FA8000740000206000002054000020300F00208F
:10FA90003C0000201CB5524800685249884201D001
:10FAA000012000E0002050B900BF502080F31188F1
:10FAB000BFF34F8FBFF36F8F00BF00BFFEE7484813
:10FAC00000684849491E884201D0012000E000201A
:10FAD00050B900BF502080F31188BFF34F8FBFF3A0
:10FAE0006F8F00BF00BFFEE73F49084600780190D6
:10FAF000FF200A4610700846007800909DF800002C
:10FB000000F0F0009DF80020904201D1012000E0BB
:10FB1000002050B900BF502080F31188BFF34F8FF1
:10FB2000BFF36F8F00BF00BFFEE79DF8000000F03D
:10FB300050002E4A107007202D4A106009E02C4812
:10FB40000068401E2A4A10609DF800004006000E22
:10FB500000909DF8000000F080008028EFD024483D
:10FB60000068C0F10700042801D1012000E0002056
:10FB700050B900BF502080F31188BFF34F8FBFF3FF
:10FB80006F8F00BF00BFFEE7194800680002184AE7
:10FB900010601046008800F4E0601060124A01987E
:10FBA00010700F482030006840F470000C4920317C
:10FBB00008600846006840F070400860FFF7B6FD36
:10FBC00000200C490860F0F773FB0B48006840F018
:10FBD000404009490860F0F757FB00201CBD0000B9
:10FBE00000ED00E071C20F4100E400E0B40000202D
:10FBF000B8000020B000002034EF00E010B500BFD6
:10FC0000502080F31188BFF34F8FBFF36F8F00BF79
:10FC100000F0BCFB18B14FF080500449086000BFF1
:10FC2000002080F3118800BF10BD000004ED00E04B
:10FC30002DE9F84380460E4617461D46DDF8209014
:10FC4000B8F1000F01D0012000E0002050B900BF42
:10FC5000502080F31188BFF34F8FBFF36F8F00BF29
:10FC600000BFFEE70DB1012000E0002050B900BF49
:10FC7000502080F31188BFF34F8FBFF36F8F00BF09
:10FC800000BFFEE707B10EB1012000E0002050B92F
:10FC900000BF502080F31188BFF34F8FBFF36F8FE9
:10FCA00000BF00BFFEE707B90EB9012000E0002049
:10FCB00050B900BF502080F31188BFF34F8FBFF3BE
:10FCC0006F8F00BF00BFFEE75020009000985028C3
:10FCD00001D1012000E0002050B900BF502080F386
:10FCE0001188BFF34F8FBFF36F8F00BF00BFFEE7D8
:10FCF00000BF2C464CB1012084F846004B463A46E2
:10FD0000314640460094FEF7A9FF2046BDE8F8833F
:10FD100070B505460E462C4654B900BF502080F3FE
:10FD20001188BFF34F8FBFF36F8F00BF00BFFEE797
:10FD3000FFF762FCD4E90F12206801FB0200A0600B
:10FD40000020A06320686060E06B401E226C216888
:10FD500000FB0211E160FF2084F8440084F84500B4
:10FD60009EB9206908B9012000E00020A8B904F17B
:10FD7000100000F0FFFB80B14FF08050094908608F
:10FD8000BFF34F8FBFF36F8F07E004F11000FFF751
:10FD9000FDFB04F12400FFF7F9FBFFF757FC0120FE
:10FDA00070BD000004ED00E02DE9FF4383B006467E
:10FDB00088461D464FF00009344654B900BF502014
:10FDC00080F31188BFF34F8FBFF36F8F00BF00BF69
:10FDD000FEE7B8F1000F01D1206C08B9012000E066
:10FDE000002050B900BF502080F31188BFF34F8F1F
:10FDF000BFF36F8F00BF00BFFEE7022D02D1E06BA3
:10FE0000012801D1012000E0002050B900BF50209E
:10FE100080F31188BFF34F8FBFF36F8F00BF00BF18
:10FE2000FEE700F09DFA08B9059808B9012000E046
:10FE3000002050B900BF502080F31188BFF34F8FCE
:10FE4000BFF36F8F00BF00BFFEE700BFFFF7D4FB1B
:10FE5000A06BE16B884201D3022D28D12A4641468E
:10FE60002046FEF72EFE0746606A08B9012000E032
:10FE7000002068B904F1240000F07CFB88B14FF049
:10FE8000805032490860BFF34F8FBFF36F8F08E097
:10FE90003FB14FF080502D490860BFF34F8FBFF343
:10FEA0006F8FFFF7D3FB012007B0BDE8F083059803
:10FEB00018B9FFF7CBFB0020F6E7B9F1000F04D12A
:10FEC00001A8FFF7EDFC4FF00109FFF7BFFBFFF7BB
:10FED00091FDFFF791FB94F94400401C10B90020FC
:10FEE00084F8440094F94500401C10B9002084F8BF
:10FEF0004500FFF7ABFB05A901A800F05BF9F0B9DD
:10FF00002046FEF7C0FFA0B104F110000599FFF7ED
:10FF1000D9FC2046FFF79BF900F078FB002895D12B
:10FF20004FF0805009490860BFF34F8FBFF36F8FC8
:10FF30008CE72046FFF78BF900F068FB86E7204648
:10FF4000FFF785F900F062FB0020ADE704ED00E06B
:10FF50002DE9F84F07468A4690461E463C4654B95E
:10FF600000BF502080F31188BFF34F8FBFF36F8F16
:10FF700000BF00BFFEE7BAF1000F01D1206C08B945
:10FF8000012000E0002050B900BF502080F311880C
:10FF9000BFF34F8FBFF36F8F00BF00BFFEE7022E8E
:10FFA00002D1E06B012801D1012000E0002050B90E
:10FFB00000BF502080F31188BFF34F8FBFF36F8FC6
:10FFC00000BF00BFFEE7FFF7C5FB00BF5021EFF306
:10FFD000118081F31188BFF34F8FBFF36F8F00BF84
:10FFE0000546A06BE16B884201D3022E25D194F91E
:10FFF00045B0A06B0090324651462046FEF761FDA9
:020000040801F1
:100000000BF1010088B9606A08B9012000E0002006
:1000100050B904F1240000F0ADFA28B1B8F1000F96
:1000200002D00120C8F8000004E00BF1010040B24A
:1000300084F845004FF0010901E04FF0000900BFCE
:1000400085F3118800BF4846BDE8F88F2DE9F741D8
:1000500083B005460E464FF000082C4654B900BF49
:10006000502080F31188BFF34F8FBFF36F8F00BF15
:1000700000BFFEE70EB9206C08B9012000E00020A7
:1000800050B900BF502080F31188BFF34F8FBFF3EA
:100090006F8F00BF00BFFEE700F062F908B9059856
:1000A00008B9012000E0002050B900BF502080F3C3
:1000B0001188BFF34F8FBFF36F8F00BF00BFFEE704
:1000C00000BFFFF799FAA76BF7B131462046FEF75C
:1000D000E3FC781EA063206908B9012000E000203D
:1000E00060B904F1100000F045FA38B14FF08050CB
:1000F0002F490860BFF34F8FBFF36F8FFFF7A6FA4A
:10010000012006B0BDE8F081059818B9FFF79EFA06
:100110000020F6E7B8F1000F04D101A8FFF7C0FBFB
:100120004FF00108FFF792FAFFF764FCFFF764FA5B
:1001300094F94400401C10B9002084F8440094F95C
:100140004500401C10B9002084F84500FFF77EFAF6
:1001500005A901A800F02EF8F0B92046FEF786FEAA
:10016000A0B104F124000599FFF7ACFB2046FFF78E
:100170006EF800F04BFA0028A3D14FF080500C49E4
:100180000860BFF34F8FBFF36F8F9AE72046FFF7EA
:100190005EF800F03BFA94E72046FFF758F800F0CD
:1001A00035FA2046FEF762FE00288AD00020A8E734
:1001B00004ED00E070B505460C4655B900BF50206F
:1001C00080F31188BFF34F8FBFF36F8F00BF00BF65
:1001D000FEE754B900BF502080F31188BFF34F8F62
:1001E000BFF36F8F00BF00BFFEE7FFF705FA1248AD
:1001F00002686868131A2068401C08B9002617E0D6
:100200000E4928680968884204D06868904201D87D
:1002100001260DE02068984207D92068C01A2060A6
:100220002846FFF73DFB002602E000202060012663
:10023000FFF70CFA304670BD50000020640000202B
:100240002DE9FF4F85B0804689461746DDE912ABA0
:10025000B800FFF73BF8064656B15C20FFF736F8CA
:1002600004460CB1266304E03046FFF70DFA00E0C7
:1002700000248CB1002084F85900CDE900ABCDE911
:1002800002403A4649464046089BFEF7FCFC2046A1
:10029000FEF748FB012501E04FF0FF35284609B085
:1002A000BDE8F08F2DE9F04F85B0074688469146AE
:1002B0009A46DDE90EB6109C0EB1012000E0002048
:1002C00050B900BF502080F31188BFF34F8FBFF3A8
:1002D0006F8F00BF00BFFEE70CB1012000E00020DF
:1002E00050B900BF502080F31188BFF34F8FBFF388
:1002F0006F8F00BF00BFFEE75C20039003985C286F
:1003000001D1012000E0002050B900BF502080F34F
:100310001188BFF34F8FBFF36F8F00BF00BFFEE7A1
:1003200000BFB4B1AEB125462C462E63022085F83D
:100330005900002004A953464A46CDE900B1CDE951
:10034000025041463846FEF79EFC2846FEF7EAFA80
:1003500001E000200490049805B0BDE8F08F000093
:100360000549096809B9012005E00449096809B986
:10037000022000E000207047580000207400002098
:100380000149086870470000500000202DE9F04145
:100390004FF000084348006800287BD142480068BD
:1003A000451C4148056015BB40480068006808B915
:1003B000012000E0002050B900BF502080F31188D8
:1003C000BFF34F8FBFF36F8F00BF00BFFEE737480B
:1003D0000768374800683549086035480760354880
:1003E0000068401C33490860FEF782FE00BF3248B7
:1003F000006885423BD300BF2C480068006808B9FC
:10040000012000E0002020B14FF0FF302A490860B1
:100410002CE026480068C068C4686668B54202D20D
:100420002548066022E0201DFFF783F8A06A18B176
:1004300004F11800FFF77DF82049E06A0968884256
:1004400002D91E49E06A0860E16A01EB81011C4A99
:1004500002EB8100211DFFF7C3F81A49E06A096821
:10046000C96A8842C8D34FF00108C5E700BF1548E4
:100470000068C06A00EB8000114951F82000012893
:1004800001D94FF001081048006808B14FF0010889
:1004900005E0FFE70D480068401C0C490860404635
:1004A000BDE8F081740000205000002040000020D2
:1004B00044000020640000206C0000205400002054
:1004C000300F00203C000020600000205C00002075
:1004D00070B505462C460026002D43D02248006802
:1004E000844201D1012000E0002050B900BF50201B
:1004F00080F31188BFF34F8FBFF36F8F00BF00BF32
:10050000FEE7206D50B900BF502080F31188BFF383
:100510004F8FBFF36F8F00BF00BFFEE7206D401EFF
:100520002065E16CE06A88421CD0206DD0B9201DA6
:10053000FEF7FFFFE06CE062E06AC0F13800A06106
:100540000A49E06A0968884202D90849E06A0860F5
:10055000E16A01EB8101064A02EB8100211DFFF7F0
:100560003FF80126304670BD3C00002054000020BA
:10057000300F002070B50646F068C46854B900BF5B
:10058000502080F31188BFF34F8FBFF36F8F00BFF0
:1005900000BFFEE704F11800FEF7CBFF1548006826
:1005A000A0B9201DFEF7C5FF1349E06A096888421B
:1005B00002D91149E06A0860E16A01EB81010F4A42
:1005C00002EB8100211DFFF70BF804E004F1180194
:1005D0000B48FFF705F80B49E06A0968C96A8842C9
:1005E00004D9012501200849086000E000252846BB
:1005F00070BD00007400002054000020300F002067
:10060000B81300203C0000206000002070B50024DA
:1006100000263648006850B900BF502080F311888A
:10062000BFF34F8FBFF36F8F00BF00BFFEE7FEF732
:10063000E3FF2E480068401E2C4908600846006809
:1006400000284ED12A48006800284AD023E02948D3
:10065000C068C46804F11800FEF76BFF201DFEF7A8
:1006600068FF2549E06A0968884202D92249E06AA0
:100670000860E16A01EB8101204A02EB8100211D43
:10068000FEF7AEFF1E49E06A0968C96A884202D3D4
:1006900001201C4908601748006808B9012000E0E3
:1006A00000200028D3D00CB1FEF722FD16480568C3
:1006B00065B100BFFFF76AFE10B101201149086063
:1006C0006D1E002DF6D100200F4908600D4800680E
:1006D00038B1012630070D490860BFF34F8FBFF3D3
:1006E0006F8FFEF7B3FF304670BD0000740000202E
:1006F0004C000020B813002054000020300F0020D0
:100700003C000020600000205C00002004ED00E0C0
:1007100010B586B00024FEF761F916480068D0B124
:1007200000200590049003AA04A905A8FEF722FF63
:100730000222DDE904100023CDE9002102900EA180
:100740000F48039AFFF7AEFD0E490860084600689F
:1007500000B1012400BF54B900BF502080F31188BC
:10076000BFF34F8FBFF36F8F00BF00BFFEE7204680
:1007700006B010BD80000020546D722053766300D7
:1007800035F20008840000202DE9FF4704460D469D
:1007900016461F46DDF830804FF0000954B900BFFF
:1007A000502080F31188BFF34F8FBFF36F8F00BFCE
:1007B00000BFFEE71448006810B30095019602944C
:1007C000062D15DAFFF7CCFD022808D1002342469A
:1007D00069460D480068FFF7E7FA814610E00023FC
:1007E0001A46694608480068FFF7DEFA814607E0C6
:1007F00000233A46694604480068FFF7A9FB814692
:10080000484604B0BDE8F0878000002081F0004138
:10081000704780F00040704721F00041704720F0A1
:100820000040704721F00042A2F16052B2F5801FF3
:1008300001F0004328BFD2F17F6C0BD95FEA001CA6
:1008400043EAC20242EB507018BF704728BF20F045
:1008500001007047B2F5801FBCBF184670474FEAD1
:10086000410C1CF5001F02D2084600F05FBE70B5B7
:1008700000F09AFB00000089FFF7F6BF4FF0004040
:10088000A0F580007047000010B591EA030F48BF43
:1008900083F0004300F1F284841A71EB030C05D25B
:1008A000121943EB0C03001B61EB0C01DFF824E190
:1008B0004FEA1154A4EB135C1EEA430F18BF9EEAE3
:1008C000445F73D023EA0E03DCF1200E21EA0451C9
:1008D00043F4801332D322FA0CFE10EB0E0023FAFD
:1008E0000CFE41EB0E01CCF1200E03FA0EFE10EBD4
:1008F0000E0051F10001B1F5801FCCF1200E32D273
:1009000001EB045112FA0EF2BDE8104058BF7047D7
:10091000401C38BF5FEA420218BF7047002814BF6E
:1009200020F0010041F100014FEA410313F5001FDF
:1009300038BF7047A1F1C04100F084BB012A43EBEE
:100940000302ACF1200CDCF11F0E32BF4FF0000EA1
:1009500023FA0CF310EB030041EB0451B4EB115FED
:10096000D0D0A1EB045101F5801149085FEA3000B5
:1009700001EB04510ED350F1000038BF12FA0EFE05
:1009800008D1BDE81040C9E7401C38BF5FEA420209
:10099000CAD1C3E7BDE810404FEA410313F5001F79
:1009A00038BF7047A1F1C04100F04CBB9EEA445FE4
:1009B00008D011EA5E0FBDE8104004BF01F000410D
:1009C00000207047BDE8104070B500F0EDFA00BFA0
:1009D00064FBBE3E0000E0FF02494FF0000000F063
:1009E000AABD00BF0000F87F491058BFC1F14041C7
:1009F0005B1058BFC3F140438B42EFF30080704758
:100A00002DE9C04130B4DFF8A0C23CEA111418BF90
:100A10003CEA131400F0EC8081EA03051CEA11148F
:100A200044EAD57418BF1CEA131500F0C780A4EB84
:100A300005044FF0004545EAC12145EAC32341EAD8
:100A4000505143EA525304F17F74994204F5003443
:100A50004FEAC0204FEAC22208BF904200F09C80BB
:100A60004FEA13650FF24016765D4FEA134506FB19
:100A700005F7C7F1807706FB07F74FEAD737A7FBE3
:100A800003687642C8F58038A7FB06CE38BFA8F1C8
:100A9000010807FB08E64FF0000EA6FB028CE6FB00
:100AA00003CEDCF1000CCEF1004E38BFAEF1010EEA
:100AB000A6FB0C584FF000074FF00005E6FB0E8731
:100AC000A1FB08C6A0FB07CE16EB0E0645F10005FC
:100AD000E1FB076515F1E04E7EBFA4F580345FEAC7
:100AE00046066D4116F1800745F100054FEA1727CC
:100AF0004FEA066647EA0567A6F1DE46B6F1805F73
:100B00004FEA15251FD9384624F0010C05EBC471B6
:100B1000BCF1FE6F01EB0C1102D8F0BCBDE8008106
:100B200024425CBF01F5801E9EEAC47F02D4F0BC63
:100B3000BDE80081244238D4F0BCA1F1C041BDE839
:100B4000004100F07FBA4FEAD22242EA43524FEA14
:100B5000D323A7FB02864FEAD02040EA415007FB8F
:100B600003661EEA0E0F4FEAD12105FB026658BF4D
:100B7000A6EB0056B6EB00564FEA520E4EEAC37E85
:100B800018EB0E0E56EB530EBDD518EB02085E4166
:100B90007F1C55F10005B6E74FF480154FF00007B4
:100BA0004FF000064FF00008ADE7F0BC4FF000003A
:100BB00001F1C04101F00041BDE8008111EA0C1FC4
:100BC0000CEA131500D00CE013EA0C1F00F025808E
:100BD0004FF00000F0BC81EA030101F00041BDE8E4
:100BE0000081F0BCBDE8004181EA030100F02ABAAF
:100BF000F0BCBDE8004170B500F0D6F9097EFC3EBE
:100C000000F007B881EA03014FF0000001F0004155
:100C1000704781EA030100F015BAF0BCBDE800415D
:100C20004FF0000021497047FFFDFBF9F7F5F4F2A2
:100C3000F0EEEDEBE9E8E6E4E3E1E0DEDDDBDAD877
:100C4000D7D5D4D3D1D0CFCDCCCBCAC8C7C6C5C4D5
:100C5000C2C1C0BFBEBDBCBBBAB9B8B7B6B5B4B3EC
:100C6000B2B1B0AFAEADACABAAA9A8A8A7A6A5A4D7
:100C7000A3A3A2A1A09F9F9E9D9C9C9B9A9999989B
:100C80009797969595949393929191908F8F8E8E3E
:100C90008D8C8C8B8B8A89898888878786858584CB
:100CA00084838382828181800000FF070000F87FB7
:100CB00051EA030C17D41CF5801F58BFBCF5801FE8
:100CC00000F10680994218BF704708BF90427047F4
:100CD00007D711F5801F58BF13F5801F19D499420B
:100CE0007047894270471CF5801F08D5BCF5801FEE
:100CF000F7D58B4218BF704708BF824270474FF448
:100D0000001C1CEB410F38BF1CEB430F01D28B4280
:100D1000704770B500F048F9922449004FF0005137
:100D20004FF08053FFF760BE4FEA41034FEA535341
:100D3000A3F58063D3F11E03C8BFD3F1210C0CDDF2
:100D40004FF0004242EAC12242EA505232FA03FC1A
:100D50008CEAE17CACEBE1707047102BC4BF002043
:100D6000704703F5787CBCF1FF3F04D06FF0004280
:100D700082EA2100704770B500F016F9499224808C
:100D800000207047F2E710F0004248BF4042B0FA3E
:100D900080F310FA03F10AD0C3F11D0303F5806359
:100DA0004FEA415002EB035202EBD12170474FF062
:100DB00000007047B0FA80F310FA03F10AD0C3F1D3
:100DC0001D0303F580634FEA41504FEA035202EBE3
:100DD000D12170474FF000007047000051EA030C2A
:100DE00017D41CF5801F58BFBCF5801F00F106808A
:100DF000994218BF704708BF9042704707D711F556
:100E0000801F58BF13F5801F19D49942704789423B
:100E100070471CF5801F08D5BCF5801FF7D58B42A5
:100E200018BF704708BF824270474FF4001C1CEB8C
:100E3000410F38BF1CEB430F01D28B42704770B596
:100E400000F0B2F8922449004FF000514FF0805367
:100E5000FFF7CABDDFF848C170B51CEA111E1EBFFE
:100E60001CEA13159EEA0C0F95EA0C0F00F06F8038
:100E700081EA030423EA4C134EEAD47E21EA4C11A2
:100E800041F4801143F48013AE44A1FB024CA0FB5B
:100E90000365AEF17F7E361955EB0C05A1FB034CC3
:100EA0004CF10003A0FB021C16EB0C06654153F14C
:100EB0000003094218BF46F0010613F4007F0BD16E
:100EC0004FEA03314FEA0530340341EA155140EA55
:100ED00016506FF003020AE04FEAC3214FEAC52023
:100EE000F40241EA555140EA56506FF0020202EB1B
:100EF0002E4201EB025585EACE710AD05FEA440C1E
:100F000018BF24F0004450F1000041F1000120EA34
:100F1000D47040F2FE7C624500D270BDA84214BF7E
:100F20004FF080444FF04044002E08BF0024BEF133
:100F3000806FA8BFA1F1C041BDE8704080F28280FF
:100F40004FF0000001F1C04101F0004170479EEAFE
:100F50000C0F0CEA131518BF95EA0C0F06D04FF0D2
:100F6000000081EA030E0EF0004170BD00F01CF895
:100F70008900013E00F007B800F009B84FEA430CC1
:100F80005FEA5C5C08D081EA030100F05BB84FEADD
:100F9000410C5FEA5C5CF6D14FF0000001497047FC
:100FA0000000FF070000F87F0EF1020E2EF0030E86
:100FB0005EF8046B364205D4012A43EB030515F5B0
:100FC000001F12D8012841EB010C1CF5001F0CD8A2
:100FD0000ED14FEAD17C15F5001F0CEB4C0C0CF137
:100FE000020C08BF4CEBD37C04E04FF0080C01E08E
:100FF0004FEAD37C0CEB4C0526FA05F606F0070603
:10100000B6F1040C06D20EEB860CBDE870404CF035
:10101000010C6047DFE80CF0090B02024FF00041C1
:101020004FF00000A1F5002170BD194610460128BF
:1010300051EB010418BFD4F5001484BF002001F067
:10104000004170BD0808A0F500114FEA310170475A
:1010500053EA010C17D41CF5801F58BFBCF5801F44
:1010600000F106808B4218BF704708BF824270476C
:1010700007D713F5801F58BF11F5801F19D48B4275
:1010800070479B4270471CF5801F08D5BCF5801F38
:10109000F7D5994218BF704708BF904270474FF488
:1010A000001C1CEB430F38BF1CEB410F01D29942CF
:1010B00070470FB40CBC03BCFFF7C1BE91EA030F2D
:1010C00010B581F000413FF5E7AB83F0004300F03D
:1010D000D5B800002DE9F04101F5801CBCF5001FDA
:1010E000C0F2A9804FEA115C21EA0C510CF1FD0C11
:1010F00041F480115FEA5C0C0CF5C07C01D3400028
:10110000494130A4890241EA905187028E0E0A0CAF
:10111000A45D04FB04F602FB06F6C6F14046A4FB00
:101120000662F60D46EA422606FB06F4A4FB0123FE
:101130005242C3F1404338BF5B1EA6FB024200246B
:10114000E6FB0324D20B42EA4446A6FB0623A1FB9E
:1011500002E2A3FB07E4E3FB61426442C2F1404EBA
:1011600038BFAEF1010EA6FB04234FF00002E6FBF0
:101170000E32A2FB03463400E2FB6264A1FB06E6EA
:10118000A4FB07E8E4FB61687642C8F1405838BF29
:10119000A8F10108A2FB06E4A3FB08E5E2FB685402
:1011A000A1FB05E6A7FB04E8E1FB648618F1200536
:1011B00056F10006A809A8F11B08B10908F03F087C
:1011C000B8F10A0F40EA86601CD901EB0C51BDE86A
:1011D000F08100BFFCF5EEE8E2DDD8D3CFCBC7C38A
:1011E000C0BDB9B6B4B1AEACA9A7A5A3A19F9D9B44
:1011F0009A9896959392908F8D8C8B898887868507
:1012000084838281A0FB006800FB01F208EB4208A6
:10121000B8EB872807D5341858EB0104D5D5401C06
:1012200051F10001D1E7341A78EB0104CDD4401E0E
:1012300071F10001C9E75FEA4C0C5FEA9C5C0DD1DB
:1012400005D34FF0000001F00041BDE8F081BDE89A
:10125000F04170B5FFF7A8FE6DDBFFBEBDE8F041C1
:101260004FF00000004970470000F87F10B591EA88
:10127000030F48BF83F000433FF50EAB841A71EBB8
:10128000030C07D212198CF0004C43EB0C03001B2B
:1012900061EB0C01DFF8A4E14FEA1154A4EB135CFD
:1012A0001EEA430F18BF9EEA445F00F0B08023EAB5
:1012B0006E03524221EA0451C3EB6E0338BF5B1E3A
:1012C000DCF1200E25D322FA0CFE10EB0E0043FABF
:1012D0000CFE41EB0E01CCF1200E03FA0EFE10EBDA
:1012E0000E0051F10001CCF1200E29D412FA0EF2B9
:1012F00001EB0451BDE8104058BF7047401C1CBFB3
:10130000B2F1004F704700280CBF491C20F00100CB
:10131000704712EB020E43EB030218BF4FF0010EB1
:101320004EEA4202ACF1200CDCF11E0E54D943FA15
:101330000CFE10EB0E0051F1FF31CCF11E0ED5D595
:101340000EF1010E12FA0EFE404141EB010101EBDC
:10135000445C5FEA5C5C10D910EBDE7001EB045179
:1013600038BFBEF1004FBDE8104018BF70470028DD
:101370000CBF491C20F00100704730D24FEAD42C3A
:1013800011F5001124F400641BD0B1FA81F20B3A7C
:10139000A41AA41ED2F12003914030FA03F319439A
:1013A000904001EBCC71002C01EB0451BDE81040E2
:1013B000A8BF704701F1C0414FF0000001F00041AB
:1013C0007047B0FA80F310FA03F100D110BDE41AAF
:1013D000173C4805C90AE4E701EB045110BD491068
:1013E00001EB0451BDE810404FEA300002E04FF03D
:1013F000000170474A0008BF0042F8D0B2F5001F54
:1014000028BF704701F000414FF0000070479EEA8E
:10141000445F07D011EA5E0FBDE8104004BF002111
:1014200000207047BDE8104070B5FFF7BDFD00BF5C
:1014300040DFF63E83F00041104670470000E0FFB9
:1014400043004FEAD30C4FEA3C0C43401FBF400718
:101450000CF1605113F0FE4F70471CF0006F03D188
:1014600000200CF0004170470CF0004343EA50703C
:1014700010B540EACC0000F00EF800BF000000926A
:101480004FEA0001FFF7DEBD4FF000414FF00000D2
:10149000A1F5002170470EF1020E2EF0030E5EF84A
:1014A000044B244204D44FEA4102B2F17F4F11D8D9
:1014B0004FEA4003B3F17F4F0CD80ED14FEAD07CF6
:1014C000B2F17F4F0CEB4C0C0CF1020C08BF4CEB53
:1014D000D17C04E04FF0080C01E04FEAD17C0CEB2A
:1014E0004C0324FA03F404F00704B4F1040C06D20C
:1014F0000EEB840CBDE810404CF0010C6047DFE8B7
:101500000CF0070802024FF00040A0F5800010BD6B
:101510000846420018BFD2F1807288BF00F0004038
:1015200010BD4FF04070E1EE100A7047FF2141EA14
:10153000D050C00570470CF00F03092B08BF0820DE
:1015400000F059800A2B0BD0082B18BF704708BF3A
:101550001CF0400F0AD04FF000004FF00001704720
:101560001CF0400F18BF4FF0004070471CF0100FE8
:1015700008D020F0704300F07F4242EAD3014FEAE6
:101580004370704700F0604021F07F4242EA000261
:1015900001F07F4040EA727070474FF0FF0C4CF44E
:1015A000E06C1CEA11531CBF9CEA030C9445C2BFBB
:1015B000DA4201EB02517047002B0DD0BCF1000F55
:1015C0000FD0002A01F00041A4BF41F0E04141F0FA
:1015D0007F614FF00000704701F000414FF00000C4
:1015E000704750EA01334FF09B0C18BF4CF0806CF1
:1015F0007FF4F2A970471CF4801F11D01CF4E02F77
:1016000003D06FEACC31490070474FF04050EFF300
:10161000008222F0704242EA000282F300887047A2
:101620004FF0000070470000781A01080000000029
:1016300000000000000000000000000000040000A6
:10164000180000000000000000000000A41A0108BB
:10165000000000000000000000000000000000008A
:101660000002000008000000000000000000000070
:10167000BC1A01080000000000000000000000008B
:10168000000000000004000019000000000000003D
:1016900000000000C81A010800000000000000005F
:1016A0000000000000000000000800001A00000018
:1016B0000000000000000000941A01080000000073
:1016C0000000000000000000000000000004000016
:1016D0001B0000000000000000000000841A010848
:1016E00000000000000000000000000000000000FA
:1016F00000040000180000000000000000000000CE
:10170000601A010800000000000000000000000056
:1017100000000000001000001C000000000000009D
:1017200000000000AC1A01080000000000000000EA
:101730000000000000000000000400001D00000088
:1017400000000000000000006C1A0108000000000A
:101750000000000000000000000000000008000081
:101760001E0000000000000000000000000610162F
:101770000006101600000000000000000102030433
:10178000060708090000000001020304000070C3FE
:101790000000704300000000000000000000000096
:1017A00000000000000070430000704300000000D3
:1017B0000000000000000000000000000000704376
:1017C000000070C3000000000000000000000000E6
:1017D00000000000000070C3000070C300000000A3
:1017E0000000000000000000000000007643101020
:1017F0000176431010010000000000000000F03FDF
:10180000000000000000F83F0000000000000000A1
:101810000000004003B8E23F0000000000000000AC
:1018200006D0CF43EBFD4C3E033333333333E33F3A
:10183000FFAB6FDBB66DDB3F4D268F515555D53F66
:1018400001411DA96074D13F65DBC9934A86CD3F34
:10185000EF4E454A287ECA3F3E5555555555C53F22
:1018600093BDBE166CC166BF2CDE25AF6A56113F14
:10187000F16BD2C541BDBBBED0A4BE726937663E16
:101880004FBB610567ACDD3F182D4454FB21E93F98
:101890009BF681D20B73EF3F182D4454FB21F93F87
:1018A000E2652F227F2B7A3C075C143326A6813C0D
:1018B000BDCBF07A8807703C075C143326A6913CB8
:1018C000C4EB98999999C9BF711623FEC671BCBF24
:1018D0006D9A74AFF2B0B3BF9AFDDE522DDEADBF8C
:1018E0002F6C6A2C44B4A2BF0D5555555555D53FA4
:1018F000FF8300922449C23F6E204CC5CD45B73FBF
:10190000513DD0A0660DB13FEB0D76244B7BA93F36
:1019100011DA22E33AAD903F4C5555555555A53F48
:101920007751C1166CC156BF9015CB19A001FA3E74
:10193000AD529C804F7E92BEC4B1B4BD9EEE213E9E
:10194000D43888BEE9FAA8BD0000000000000000FD
:1019500000004054FB21F93F3163621A61B4D03D6D
:101960000000601A61B4D03D7370032E8A19A33B46
:101970000000002E8A19A33BC14920259A837B3998
:1019800000000000000000006E83F9A22915444EFB
:10199000D15727FCC0DD34F5999562DB4190433C7B
:1019A000AB6351FE61C5BBDE3A6E24B7E0D24D4257
:1019B000EA2E49061C92D1091CEB1DFE3EA729B157
:1019C000F53582E88444BB2E26709CE9417E5FB4E5
:1019D00039D69139F43953838B5F849C3B28F9BD08
:1019E000FF97F81F0F9805DE8B112FEF1F6D0A5A16
:1019F000CF7E366DB709CB27663F464F2DEA5F9EF7
:101A0000C7BA27757BF1E5EBF739073DEA92528AB1
:101A1000B15FFB6B085D8D1F000000006E83F9A2B3
:101A20002915444ED15727FCC0DD34F5999562DB6A
:101A30004190433CAB6351FEA6F810111111813F58
:101A4000D561C119A0012ABF7DFEB157E31DC73E74
:101A5000EB9C2B8AE6E55ABE7CD5CF5A3AD9E53DB8
:101A600046554E5F5441534B000000004759524FBA
:101A70005F5441534B0000004C5749505F54415351
:101A80004B00000052454D4F54455F434F4E54525A
:101A90004F4C00004D4F544F525F434F4E54524FE6
:101AA0004C00000053595354454D0000434F4D4DD9
:101AB000554E49434154494F4E0000004C4F43415D
:101AC00054494F4E000000004E4156494741544989
:101AD0004F4E0000F41A01080000002084070000A7
:101AE000C4010008DC1B010884070020FC62000020
:101AF00020020008013032104201037524F41AAAB2
:101B000001018637DC429A99993E02154014304013
:101B10004614B0014624803B4623FA443396430AD8
:101B2000603F4C23C8420A20804C0B23606A4C095A
:101B30004898011E080917CDCC4C3F6F12833A6CB0
:101B40003960137A442B401C6C19682ABE6C091347
:101B50002C094A4C210F18A0410AD7A33C204BB4B2
:101B6000420429542320412A164C022E3F37CC0828
:101B7000AC077008A3010104175522170E1501AA1E
:101B80005522151A0118023B2009B23C097B7C370B
:101B90000C426F12033A02154014803B4614401C5D
:101BA000462450C34723FA441A7A040B60A0414CE0
:101BB000013E2C6F128388018F0F34F0416F1203A6
:101BC0003B14A192300A2304189250D20192409201
:0C1BD00008924192031A96018100000067
:040000050800018965
:00000001FF
