:020000040800F2
:100000003060002029030008233C0008A9360008BE
:10001000213C0008FD060008A15200080000000075
:10002000000000000000000000000000690200085D
:100030003511000800000000C50200083147000823
:100040004303000843030008430300084303000878
:100050004303000843030008430300084303000868
:100060004303000843030008430300084910000845
:1000700043030008551000084303000861100008FE
:100080004303000843030008430300084303000838
:100090004107000843030008430300084303000826
:1000A0004303000843030008430300084303000818
:1000B0007548000843030008430300084303000891
:1000C00043030008430300084303000843030008F8
:1000D000754300086D5200084303000843030008FD
:1000E00043030008430300084303000843030008D8
:1000F0004303000843030008430300086D10000891
:1001000043030008430300084303000843030008B7
:100110000D4D0008194D0008354A0008430300083A
:100120004303000843030008791000084303000854
:100130004303000843030008430300084303000887
:100140009107000843030008430300084303000825
:100150004303000843030008851000084303000818
:100160004303000843030008430300084303000857
:100170004303000843030008430300080000000095
:10018000430300084303000800F002F800F05CF8A5
:100190000AA090E8000C82448344AAF10107DA45E2
:1001A00001D100F051F8AFF2090EBAE80F0013F0D8
:1001B000010F18BFFB1A43F00103184774A4000095
:1001C00094A400000A444FF0000C10F8013B13F017
:1001D000070408BF10F8014B1D1108BF10F8015BA0
:1001E000641E05D010F8016B641E01F8016BF9D193
:1001F00013F0080F1EBF10F8014BAD1C0C1B09D1EA
:100200006D1E58BF01F801CBFAD505E014F8016B5B
:1002100001F8016B6D1EF9D59142D6D370470000ED
:100220000023002400250026103A28BF78C1FBD8FF
:10023000520728BF30C148BF0B6070471FB509F097
:1002400022FE1FBD10B510BD00F0E4F91146FFF706
:10025000F5FF07F0B5FA00F002FA03B4FFF7F2FF7A
:1002600003BC00F005FA00002C4B19680868B0E8E0
:10027000F04F80F30988BFF36F8F4FF0000080F3D9
:10028000118870470000000008480068006880F38B
:1002900008884FF0000080F3148862B661B6BFF39F
:1002A0004F8FBFF36F8F00DF00BF00BF08ED00E08E
:1002B000DFF80C00016841F470010160704700BF75
:1002C00088ED00E0EFF30980BFF36F8F134B1A68DE
:1002D0001EF0100F08BF20ED108A20E9F04F1060CB
:1002E00009B44FF0500080F31188BFF34F8FBFF374
:1002F0006F8F08F041FA4FF0000080F3118809BCBD
:1003000019680868B0E8F04F1EF0100F08BFB0EC95
:10031000108A80F30988BFF36F8F70472C0000208C
:10032000EFF30580704700000948804709480047FF
:10033000FEE7FEE7FEE7FEE7FEE7FEE7FEE7FEE795
:10034000FEE7FEE704480549054A064B70470000F2
:10035000E147000889010008305A00203060002081
:10036000305C0020305C002053EA020C00F0698011
:100370002DE9F04B4FF00006002B1FBFB3FA83F5B9
:1003800003FA05F424FA05F65E4012BF1643B2FAEA
:1003900082F502FA05F4C5F120051EBF22FA05FC1C
:1003A00044EA0C04203556EA044C4FEA144418BFC2
:1003B000641C4FF000084FF00009904271EB030CF1
:1003C00039D3002919BFB1FA81F701FA07F6B0FA5B
:1003D00080F700FA07F6C7F120071EBF20FA07FCD6
:1003E00046EA0C062037B6FBF4FCA7EB0507103FE6
:1003F00007F01F0BCBF120060CFA0BFB2CFA06F6CC
:1004000044BFB3460026202FA4BF5E464FF0000B2A
:100410005BEA060C08BF4FF0010B19EB0B09ABFBB5
:10042000027C48EB0608C01B06FB02CC0BFB03CC8E
:1004300071EB0C01C1E70B46024641464846BDE858
:10044000F08B13B54FF000004FF00001AFF30080C8
:10045000BDE81C407047032A40F2308010F0030CC6
:1004600000F0158011F8013BBCF1020F624498BF07
:1004700011F801CB00F8013B38BF11F8013BA2F1A4
:10048000040298BF00F801CB38BF00F8013B11F01F
:10049000030300F02580083AC0F0088051F8043BBF
:1004A000083A51F804CBA0E80810F5E7121D5CBF2C
:1004B00051F8043B40F8043BAFF30080D20724BF5F
:1004C00011F8013B11F801CB48BF11F8012B24BFF3
:1004D00000F8013B00F801CB48BF00F8012B704742
:1004E00010B5203AC0F00B80B1E81850203AA0E8CF
:1004F0001850B1E81850A0E81850BFF4F5AF5FEA03
:10050000027C24BFB1E81850A0E8185044BF18C9B5
:1005100018C0BDE810405FEA827C24BF51F8043B5C
:1005200040F8043B08BF7047D20728BF31F8023BB0
:1005300048BF11F8012B28BF20F8023B48BF00F844
:10054000012B704702F0FF0343EA032242EA024212
:1005500000F037B84FF0000200B5134694469646B7
:10056000203922BFA0E80C50A0E80C50B1F12001C6
:10057000BFF4F7AF090728BFA0E80C5048BF0CC074
:100580005DF804EB890028BF40F8042B08BF7047D2
:1005900048BF20F8022B11F0804F18BF00F8012B44
:1005A000704770477047704710B500F02BF800682F
:1005B00010BD10B5044600F025F8046010BD4FF0E2
:1005C00000020429C0F0128010F0030C3FF4C4AF05
:1005D000CCF1040CBCF1020F18BF00F8012BA8BF2E
:1005E00020F8022BA1EB0C01FFF7B6BF5FEAC17C3C
:1005F00024BF00F8012B00F8012B48BF00F8012BA5
:100600007047000000487047D059002000487047EC
:10061000D05900207546FFF7F9FFAE460500694640
:10062000534620F00700854618B020B5FFF78AFE34
:10063000BDE820404FF000064FF000074FF00008E3
:100640004FF0000B21F00701AC46ACE8C009ACE864
:10065000C009ACE8C009ACE8C0098D46704710B5C8
:100660000446AFF300802046BDE81040FFF7F5BD1B
:1006700001491820ABBEFEE7260002007047027F4A
:1006800062B10268C0E900128A1A8260416901EB16
:10069000D173B2EB630F09DD511A0EE041600160C6
:1006A00000218160C1600121017770474B4203EB5B
:1006B000D373B2EB630F01DA11448160D0E90221F8
:1006C0001144C16070470000DFED090A094801E0EC
:1006D00030EE600A10EE101A8142F9DA064910EE87
:1006E000100A884202D930EE200AF8E7704700006D
:1006F0000000B44300003443000034C3FEE70000B0
:1007000000B58BB000200121CDE9060147F6FE724D
:100710000590CDE900200290039004900E20CDE9D1
:1007200008106946054800F0C7FE044801F047FA82
:100730000221024800F046FE0BB000BD380A00203E
:10074000014800F0BABF0000380A002000B58BB0A5
:100750000E20059000200121CDE9060147F6FE722A
:10076000CDE900200290039004901C20CDE90810F0
:100770006946064800F0A0FE044801F020FA022174
:10078000024800F01FFE0BB000BD0000600A002010
:10079000014800F092BF0000600A00207CB5160AF4
:1007A0008DF800608DF801201A0ADDE906548DF8F5
:1007B00002202A0A8DF804208DF80550220A8DF8AF
:1007C00006208DF803308DF8074089B208236A4669
:1007D00000F0A4F87CBD00002DE9F0470C462DED9B
:1007E000028B81460978607802F05FFF444900225D
:1007F000C1E900028A60CA606078012867D00228D7
:1008000065D0042878D108209FED3E8ADFED3E8A2E
:10081000086194ED0B0A1020B0EE481AF0EE680A59
:1008200006F078FF074694ED0C0A0E20B0EE481A49
:10083000F0EE680A06F06EFF804694ED0D0A102077
:10084000B0EE481AF0EE680A06F064FF9FED308AB9
:10085000064694ED0E0A0A209FED2C1AF0EE480A87
:1008600006F058FF054694ED0F0A08209FED291A5F
:10087000F0EE480A06F04EFF27493A0A01230F70AE
:100880004A70C8F3052281F8028042EA8512CA70D4
:10089000AA080A7148718E71300AC8710A4618494F
:1008A000484600F0A1FD002826D002231A4A144928
:1008B000484600F099FD00281ED0174A0423BDECDD
:1008C000028B4846BDE8F0470D4900F08DBD0A6136
:1008D000012300220A49484600F086FD00280BD07B
:1008E000022300220649484600F07EFD002803D07E
:1008F00004230022E3E7FFE7BDEC028BBDE8F087AD
:100900007457002000002042000020C200C07F4435
:100910000000000000004C42C209002070B5104CDD
:10092000064600202160A060C4E9030315460123A8
:100930002146304600F058FD00280FD002232A46F9
:100940002146304600F050FD002807D02A462146B7
:100950003046BDE87040042300F046BD70BD000085
:100960005C57002010B504462DED088B90ED000A71
:10097000D0ED070A70EE608AC0ED038A90ED050A9B
:10098000D0ED010A90ED04BA40EE208A2BEE008AE9
:1009900060EE08AAB0EEE8AA1AEE100A09F002FA10
:1009A000B2EE000A41EC190B2BEE000A10EE100A11
:1009B00009F0F8F953EC192B08F0FEFE28EE080AAE
:1009C00041EC190B10EE100A09F0ECF953EC192B5D
:1009D00008F03CFC41EC100B06F0C4FB51EC100B92
:1009E00008F002FC00EE900AB4EEEAAAF1EE10FA6A
:1009F0000EDDB0EE680A03F0CBFC70EEC80AB6EE6E
:100A0000001A60EE200A94ED010A00EE810A07E068
:100A100094ED050AC8EE800A94ED010A30EE800AD2
:100A2000F0EEC00AF4EEC80AF1EE10FA08DD03F0A9
:100A3000AFFCD4ED040AF1EE600A20EE200A05E0D6
:100A4000D4ED040A60EEC00A80EE880AD4ED001AE4
:100A500094ED061AD4ED010A41EE201AC4ED001AF5
:100A600041EE000AC4ED010ABDEC088B10BD000088
:100A70002DE9F05FDFF8F8A199462DED068B1646BB
:100A80000C460546DDED138A129FDDED11AA9FEDA0
:100A900079AA40880AF1140BA0F6280000EE100A8B
:100AA0001046DDF84080B8EEC08A08F036FE41EC12
:100AB000190BB0EEC80A10EE100A09F073F953ECE6
:100AC000192B08F03DFE02D28AED02AA2AE0B5EE0B
:100AD000C08AF1EE10FA0EDD00EE106AB8EE400AA0
:100AE00078EE400A00EE109AB8EEC00A20EE800AB6
:100AF000DFED610A12E0B5EEC08AF1EE10FA11D214
:100B000000EE106AB8EE400A78EE000A00EE109A85
:100B1000B8EEC00A20EE800ADFED580A80EE201AF7
:100B20008AED021AA888A0F5EA6000EE100A404695
:100B3000B8EEC08A08F0F1FD41EC190BB0EEC80A1E
:100B400010EE100A09F02EF953EC192B08F0F8FDFD
:100B500002D28BED02AA26E0B5EEC08AF1EE10FAC1
:100B60000CDD00EE108AF8EEEA0AB8EE400A38EE24
:100B7000400A20EE200ADFED420A10E0B5EEC08AFE
:100B8000F1EE10FA0FD200EE108AF8EEEA0AB8EE93
:100B9000400A38EE000A20EE200ADFED3A0A80EE25
:100BA000201A8BED021AE888A0F69E0000EE100ACB
:100BB0003846B8EEC08A08F0B0FD41EC190BB0EE33
:100BC000C80A10EE100A09F0EDF853EC192B08F0E2
:100BD000B7FD04D22648283080ED02AA28E0B5EE01
:100BE000C08AF1EE10FA0CDD00EE107AF8EEE80A99
:100BF000B8EE400A38EE400A20EE200ADFED220A65
:100C000010E0B5EEC08AF1EE10FA11D200EE107AC3
:100C1000F8EEE80AB8EE400A38EE000A20EE200AA4
:100C2000DFED1A0A124880EE201A283080ED021AF1
:100C30000F4802F0AFFD0E48143002F0ABFD0C4837
:100C4000283002F0A7FD9AED010A094884ED490A0F
:100C50009BED010A2830B1EE400A84ED4A0A90ED7E
:100C6000010A84ED4B0ABDEC068BBDE8F09F000045
:100C7000D409002000000000005002C500C0F9C4E3
:100C80000080E9C400700AC50040EB4400900945AB
:100C9000B4EEE00AF1EE10FA02D2B0EE600A70474C
:100CA000B4EEC10AF1EE10FAF9DDB0EE410A704778
:100CB000DFED0C0A0C480D4A10EE101A814202DBDF
:100CC00030EE600A05E010EE101A914201D930EEC4
:100CD000200A10EE101A8142EEDA10EE101A91423C
:100CE000EAD87047DB0FC940DB0F4940DB0F49C032
:100CF00070B50C462DED048BB0EE408A054600F031
:100D000067F8204600F064F89FED2E0A38EE008A5E
:100D1000B0EE480A06F05EF9D5ED010A60EE208AD1
:100D2000B0EE480A04F0FAFED5ED000A40EEC08AA3
:100D3000B0EE480AC4ED008A06F04CF9D5ED000A81
:100D4000F1EE600A60EE208AB0EE480A04F0E6FE9A
:100D5000D5ED010A40EEC08AC4ED018A18EE900A72
:100D600009F020F89FED189B41EC100BB0EE491AEA
:100D7000F0EE691A04F0D4FFB0EE408AF0EE608A1B
:100D8000206809F00FF841EC100BB0EE491AF0EEB4
:100D9000691A04F0C5FF53EC182B51EC100B08F046
:100DA00055FA41EC100B06F0DDF951EC100B08F090
:100DB0001BFAE06095ED020A84ED020ABDEC048B9B
:100DC00070BD0000DB0FC93F0000000000000040C4
:100DD00010B504462DED048B007D01281FD000289E
:100DE0001AD194EC020A00F093FA84ED030A94ED10
:100DF000019A2749B0EEC90A10EE100A884229DC90
:100E000094ED000AB0EEC00A10EE100A884221DC10
:100E10009FED200A84ED040ABDEC048B10BD94ED17
:100E2000040A9FED1D8A20EE080A04F077FED4ED37
:100E3000030A20EE200A84ED000A94ED040A20EE55
:100E4000080A06F0C7F8D4ED030A20EE200A84ED64
:100E5000010AE1E7206808F0A5FF41EC180B19EE44
:100E6000100A08F09FFF41EC100BB0EE481AF0EEAC
:100E7000681A04F0FDFB9FED091B51EC100B53ECBD
:100E8000112B08F09FFA08F0AFF92061C4E70000C9
:100E9000ACC527370000000035FA8E3C000000A0EA
:100EA00046DF913F9A4200DD1A46002A00DA00220E
:100EB00002EE102AB8EEC22A60EE022A02EE102AD2
:100EC000B8EEC22A62EE822A02EE102AB8EEC22AD8
:100ED00022EE822A02EE902AF8EEE22A20EEA23AD0
:100EE00002EE902AF8EEE22A03EE222A02EE902A7F
:100EF000F8EEE22A01EE222A72EE211AC0ED001A63
:100F0000F0EE081A60EE211A00EE102AB8EEC00AC0
:100F100061EE801A00EE102AB8EEC00A61EE801A67
:100F2000B0EE000A60EE800A00EE102AB8EEC00AA9
:100F300040EE801A31EE810A81ED000A704780EDA3
:100F4000030A31EE400AB0EE081AF0EE612A01FB06
:100F500001F220EE012AB0EE001AC0ED020A40EEC6
:100F6000812A01EE101A70EEA10AB8EEC11A02EE43
:100F7000C12A01EE102A4A43B8EEC11AC2EE012A74
:100F8000B8EE001A20EE011A00EE101AB8EEC00AF0
:100F900000EE801A00EE102AB8EEC00AC0ED012A59
:100FA000C1EE000AC0ED000A7047000070B5D0ED38
:100FB0000B0A0446C0ED430A90ED0A1A04F1340608
:100FC00080ED421A90F8200150B304F18805012801
:100FD00029D0022823D194ED460A04F1DC0084EDE7
:100FE0003E0AFFF7BFFCD4ED420A94ED370A2846CB
:100FF00002F088FF94ED2D0ADFED110A9FED111A22
:1010000020EE200AD4ED380A00EE810AD4ED430A1E
:10101000304602F077FF94ED180A84ED0C0A70BD9B
:1010200094ED470AF4E794ED460AF0EE410A2846AB
:1010300002F068FFD4ED430A94ED2D0AE8E70000C2
:101040003333333F9A99993E014800F045BE000082
:10105000C00C0020014800F03FBE0000000C002042
:10106000014800F039BE0000600C0020014800F08B
:1010700033BE0000200D0020014800F02DBE00000E
:10108000800D0020014800F027BE0000E00D002088
:1010900001681823CAB2103AB2FBF3F2054B6FF3A2
:1010A0000901032A9B5CC36500D9091D81650846B7
:1010B0007047000058A1000810B5014600208B6958
:1010C0008A6A4FF0C07453B1B3F5005F15D072B1A6
:1010D000012A0CD0022A0AD0032A09D104E01AB14D
:1010E000012A06D0022A03D1C96AC90100D501200C
:1010F00010BDC96AA142FAD010BD002AF7D0012A5A
:10110000F2D0022AF3D0032AF3D010BD30B5046820
:10111000256825F480252560046863608368402B7A
:10112000036803D099600068C26030BD9A600068AF
:10113000C16030BD70470000F0B5674E674D684C28
:101140002DED028B83B03078022828D0D4ED230A0D
:1011500094ED220A04F1880002F044FFD4ED120A53
:1011600094ED110A04F1440002F03CFF94EC020AF1
:10117000204602F037FF5B48FFF718FF5A48FFF799
:1011800015FF5A48FFF712FF3078052807D196F867
:101190003501022876D0042874D0052872D09FED3E
:1011A000540A85ED0C0A94F8CC00DFED528A9FEDCD
:1011B000528A524E012869D094ED270AB0EE681A7F
:1011C000F0EE480AFFF764FD86ED020A94ED050A89
:1011D000B0EE681AF0EE480AFFF75AFD86ED010AF4
:1011E00094ED160AB0EE681AF0EE480AFFF750FDCB
:1011F00086ED000A95ED0C0A00214FF40074BDEE57
:10120000C00A10EE100A00B2CDE9000196ED020A04
:101210002146BDEEC00A10EE100A03B2314890ED2F
:101220000C0ABDEEC00A10EE100A02B23448FFF7F5
:10123000B5FA96ED000A2C49BDEEC00A10EE100A70
:1012400091ED0C0A00B2BDEEC00A10EE101A09B200
:10125000CDE9001096ED010A2146BDEEC00A10EE60
:10126000100A03B2214890ED0C0ABDEEC00A10EE40
:10127000100A02B22348FFF791FA03B0BDEC028BCB
:10128000F0BDFFE71548FFF791FE8CE706F056FA30
:101290001D4F94ED270AB0EE681AD7ED021AF0EE52
:1012A000480A30EE210AFFF7F3FC86ED020A94EDBE
:1012B000050AD7ED011AB0EE681AF0EE480A30EED2
:1012C000210AFFF7E5FC86ED010A94ED160AD7ED39
:1012D000001A30EE210A85E768070020400400204C
:1012E0001806002014030020E8010020BC000020A4
:1012F0000000000000606A4600606AC6BC5800201A
:10130000380A0020600A0020B058002072B6FEE7BC
:1013100010B510EE900A2DED068BB0EE40AA08F045
:1013200041FD9FED189B41EC100BB0EE491AF0EE19
:10133000691A04F0F5FCB0EE408AF0EE608A1AEE0D
:10134000100A08F02FFD41EC100BB0EE491AF0EE38
:10135000691A04F0E5FCB0EE401AF0EE601A53ECA6
:10136000182B51EC110B07F071FF41EC100B05F03D
:10137000F9FE51EC100B07F037FFBDEC068B00EEC9
:10138000100A10BD0000000000000040098849BAA2
:1013900000EE101AB8EE400A80ED080A704700000F
:1013A0008878020605D5064AC97842EA0020084333
:1013B00001E0488840BA00EE100AB8EEC00A704753
:1013C0000000FFFF90F82020012A07D0022A05D054
:1013D000416A41F4802141620120704700684269FE
:1013E0000A43426100207047F0B590F8205004682D
:1013F000A468012D05D0022D03D0416A41F480215B
:1014000057E014F0406F01D1E5004FD5C4F30164FB
:101410000125A5401D608B684FF4C0759BB1CE6857
:1014200033434E6843EAC603066805EB0417F351DD
:101430004FF4C273076803EB04130E69FE50097D75
:10144000012905D009E00E88CB6843EA4653EBE753
:101450000168CE5846F48076CE501179D37956790A
:1014600041EA036193791B0443EA062319434FF4CD
:10147000C676036806EB041699511178D37841EAD1
:101480000361937852781B0443EA022211434FF41C
:10149000C473026803EB0413D150006805EB041118
:1014A000425842F0010242500020F0BD416A41F42E
:1014B000001141620120F0BD10B590F82020012AF2
:1014C00007D0022A05D0416A41F4802141620120FF
:1014D00010BD3B48D0F8002242F00102C0F80022C3
:1014E000D0F8002222F47C52C0F80022D0F800226A
:1014F0004B6A42EA0322C0F800220A7D02F01F0371
:1015000001229A40D0F81C329343C0F81C32CB69B8
:10151000B3B9D0F80C329343C0F80C328C894B68C5
:1015200064F31F434C6900EBC404C4F840320C89D7
:101530000B6864F31F434C6900EBC404C4F84432E5
:10154000CB69012B16D1D0F80C321343C0F80C3202
:101550000C884B6864F31F434C6900EBC404C4F867
:1015600040320C89CB6864F31F434C6900EBC40420
:10157000C4F844328B69002BD0F804320ED01343E8
:10158000C0F804320B69002BD0F8143208D0134392
:10159000C0F81432096A012904D008E09343EFE748
:1015A0009343F5E7D0F81C121143C0F81C12D0F891
:1015B000001221F00101C0F80012002010BD00004F
:1015C00000640040704770B590F82040012C05D0B1
:1015D000022C03D0416A41F4802128E0046809B359
:1015E0002469A40720D04FF4D874056804EB0114D3
:1015F0002D5915F00405956005682D591AD0ED0890
:10160000556005682C5904F00204D4604FF4DA7474
:10161000056804EB01142E5906F00F06082E0CD3B2
:1016200008250DE0E468DCE7416A41F400114162FD
:10163000012070BD6D0D1560E3E72D5905F00F0514
:10164000156105682D59C5F30725956105682C5965
:10165000240C54614FF4DC72046802EB0112A458AC
:101660001C700468A458240A5C700468A458240CF4
:101670009C700468A258120EDA704FF4DE7204688F
:1016800002EB0112A4581C710468A458240A5C716E
:101690000468A458240C9C710468A258120EDA71D4
:1016A000006829B1016941F020010161002070BD8D
:1016B000C16841F02001C160F8E72DE9F05F0546FF
:1016C000006800244669D0F804908768D0F80CB010
:1016D000D0F810A0D0F81880F10748D0F90714D03E
:1016E00001218160B80703D5284600F094FA0CE088
:1016F000780702D54FF4006407E0380702D54FF4AD
:10170000805402E0284600F085FAF80516D52968CD
:101710004FF480708860B80503D5284600F07DFA44
:101720000CE0780502D544F4005407E0380502D5F2
:1017300044F4804402E0284600F06EFAF80316D51F
:1017400029684FF480308860B80303D5284600F03C
:1017500066FA0CE0780302D544F4004407E038034D
:1017600002D544F4803402E0284600F057FA3007EE
:1017700007D55FEACB6004D52968102044F40074D3
:10178000C86070074FF0080707D55FEA0B7004D5F3
:101790002868C760284600F09DF9B00706D528687C
:1017A000C068800702D0284600F096F9700607D579
:1017B0005FEACA6004D52968102044F48064086197
:1017C000B00607D55FEA0A7004D528680761284685
:1017D00000F0F2F9F00606D528680069800702D00B
:1017E000284600F0EAF9B00308D55FEAC96005D5DC
:1017F000296810204860284600F0E0F9F00307D57A
:101800005FEA097004D528684760284600F008FAA6
:10181000300446D55FEA497040D5F00504D55FEA4B
:10182000C87001D044F00104B00504D55FEA8870A7
:1018300001D544F00204700504D55FEA487001D573
:1018400044F00404300529D518F0700F26D008F0B4
:101850007000402815D006DC102809D020280AD0B6
:10186000302816D10AE050280ED0602811D10EE0A1
:1018700044F008040DE044F010040AE044F02004B1
:1018800007E044F0400404E044F0800401E044F444
:1018900080742868816921F07001816129680420C1
:1018A0004860002C05D0686A204368622846FFF72C
:1018B00089FEBDE8F09F70B5040003D094F82000C5
:1018C00010B104E0012070BD204600F081F82068CE
:1018D000016841F00101016000F05EFC054605264B
:1018E00004E000F059FC401B0A2811D82068406829
:1018F000C007F6D02068016821F00201016000F005
:101900004BFC05460BE000F047FC401B0A2806D9BB
:10191000606A40F40030606284F82060D2E720689A
:1019200040688007EFD4207E0128206801683DD000
:1019300021F080010160607E01282068016838D0B4
:1019400021F040010160A07E01282068016833D0A9
:1019500021F020010160E07E0128206801682ED07E
:1019600041F010010160207F01282068016829D022
:1019700021F008010160607F01282068016824D0FF
:1019800021F004010160D4E902010843D4E9041202
:10199000114308436168491E08432168C86100205B
:1019A0006062012084F82000002070BD41F08001B9
:1019B000C0E741F04001C5E741F02001CAE721F04E
:1019C0001001CFE741F00801D4E741F00401D9E765
:1019D0002DE9F04387B0044614216846FEF7BAFDAE
:1019E0003849394ADFF8D8800868D4F800C00124A3
:1019F000354B022503260927DFF8D0901032401C12
:101A0000C44524D10860012807D1106840F0007057
:101A10001060106800F000700590186840F0020037
:101A20001860186802AA00F0020005904FF4407098
:101A3000CDE9000582E8D0006946484600F0BEFACC
:101A400000220521142000F045FC142032E0DFF8CC
:101A50008080C44530D1D2F800C04CF0806CC2F810
:101A600000C0D2F800C001280CF0806CCDF814C082
:101A7000086007D1106840F000701060106800F036
:101A800000700590186840F002001860186802AAFB
:101A900000F0020005906020CDE9000582E8D0004A
:101AA0006946484600F08AFA00220521402000F0ED
:101AB00011FC402000F000FC07B0BDE8F0830000FE
:101AC000006400401800002030380240000402404A
:101AD000006800407047000030B5044600682F4998
:101AE00087B0884205D12E4B6A4600212046FFF779
:101AF0006AFD2C49206888424ED1294B6A4608333A
:101B000000212046FFF75FFD0098A0F50070033824
:101B100042D12548C188491CC180214923488A688F
:101B2000C0F82121C968C0F8251100F221110D4625
:101B3000FFF72CFC1D4C2946684684ED080AFFF788
:101B40002FFC84ED090A94ED080A2046BCEEC00A79
:101B500010EE101AFEF793FD94ED030ADFED140A60
:101B600094F81501B8EEC00A20EE200ADFED110A44
:101B700060EE200A00EE100AB8EE400A80EE801AED
:101B800000EE100AB8EE400A84ED0A1AD4ED090AF4
:101B900080EE801A84ED0B1A07B030BD006400405F
:101BA000AC00002000680040C8580020140300204A
:101BB000000000390000B44370477047704770B5AB
:101BC000044690F82000012804D0606A40F4002008
:101BD000606217E0022084F820002068016821F08C
:101BE0000101016000F0D8FA05460DE000F0D4FADA
:101BF000401B0A2808D9606A40F400306062052062
:101C000084F82000012070BD20684068C007EDD135
:101C1000606270BD7047704770477047704770478B
:101C200070472DE9F0410446876D00F0B5FA05468E
:101C300094F835000026022806D08020606584F8DC
:101C400034600120BDE8F0812068016821F01601B0
:101C500001602068416921F080014161206C08B970
:101C6000A06C20B12068016821F0080101602068A3
:101C7000016821F0010101600CE000F08DFA401BC9
:101C8000052807D920206065032084F8350084F8F2
:101C90003460D7E720680068C007EED194F85C1084
:101CA0003F208840B860012084F8350084F8346013
:101CB0000020C7E790F83510022903D08021416544
:101CC00001207047052180F835100068016821F077
:101CD00001010160002070472DE9F84304464FF0F0
:101CE0000009CDF8009063484FF41651A56D0068C7
:101CF000B0FBF1F72E6894F85C20082101FA02F09D
:101D000030420FD02068026852070BD5026822F0DB
:101D10000402026094F85C008140A960606D40F0AC
:101D20000100606594F85C104FF0010808FA01F0BA
:101D3000304208D021684969090604D5A860606D61
:101D400040F00200606594F85C1004208840304246
:101D500008D021680968890704D5A860606D40F043
:101D60000400606594F85C1010208840304218D060
:101D700021680968090714D5A8602068016849032B
:101D800004D50068000308D5A16C07E00168C90507
:101D900003D4016821F008010160216C09B12046DB
:101DA000884794F85C1020208840304231D0216868
:101DB0000968C9062DD5A86094F835000528206863
:101DC000016806D0490347D5006800031DD4616C43
:101DD0001CE021F0160101602068416921F08001BA
:101DE0004161206C08B9A06C20B12068016821F025
:101DF0000801016094F85C103F208840A86084F8D6
:101E0000358084F83490216D1FE0E16B09B12046E4
:101E10008847606D00282BD0606DC00714D0052066
:101E200084F835002068016821F001010160009804
:101E3000401C0090B84203D820680068C007F6D163
:101E400084F8358084F83490E16C002910D001B01A
:101E50002046BDE8F04308470168C905D5D40168AC
:101E600021F01001016084F8358084F83490CCE7CB
:101E7000BDE8F883280000202DE9F041044600F079
:101E80008BF905465CB1022084F83500002684F801
:101E900034602068016821F0010101600DE001203B
:101EA000BDE8F08100F078F9401B052805D9202015
:101EB0006065032084F83500F2E720680068C007F9
:101EC000F0D121680A6820480240D4E90103184390
:101ED000D4E903352B43184363691843A3691843B6
:101EE000E3691843236A18431043626A042A03D142
:101EF000D4E90B231A431043086020684069656ADF
:101F000020F0070128460D43012704280CD1A06AC0
:101F10000543E06A40B12046FFF7CEF820B14020EB
:101F2000606584F83570BAE7206845612046FFF7A0
:101F3000AFF894F85C203F2191408160666584F899
:101F400035700020ACE700003F8010F02DE9F04133
:101F50000446866D90F83400002501280DD001203C
:101F600084F8340094F835700020012F07D084F8ED
:101F7000340002252846BDE8F0810220FBE7022755
:101F800084F8357060652046FFF7C0F894F85C105F
:101F90003F208840B0602068016841F01601016070
:101FA000206C20B12068016841F0080101602068C0
:101FB000016841F001010160DCE700002DE9F84F04
:101FC000DFF89C910022A9F1040B03274FF00F0CBE
:101FD00009F1040AABF1040E01250B6895402B4072
:101FE000AB426ED10C7904F00304012C01D0022C19
:101FF00015D18668540007FA04F826EA0806D1F8D5
:102000000C8008FA04F848EA0608C0F8088044681A
:10201000AC430D79C5F300159540254345600C7917
:10202000E443A40708D0C568540007FA04F6B54392
:102030008E68A6402E43C6600C7904F00304022C7F
:1020400011D1D40800EB8406356A5407E40E0CFA6B
:1020500004F825EA0805D1F8108008FA04F848EADF
:102060000508C6F820800568540007FA04F6B54351
:102070000E7906F00306A6402E4306604C6814F461
:10208000403F66D0374C256845F48045256024687C
:1020900022F0030504F480440094334C05EB04085B
:1020A000D8F808589407260F0CFA06F4A5432F4CCD
:1020B000A04201D1002424E02D4CA04202D10124F1
:1020C0001FE046E02B4CA04201D1022419E02A4C2B
:1020D000A04201D1032414E0284CA04201D10424E1
:1020E0000FE0274CA04201D105240AE0254CA04274
:1020F00001D1062405E0244CA04201D1072400E0D0
:102100000824B4402C43C8F80848D9F800404D468C
:102110004E689C43F60200D51C432C60DAF8004060
:1021200055464E689C43B60200D51C432C60DBF834
:1021300000405D464E689C43B60300D51C432C60AE
:10214000DEF8004075464E689C43F60300D51C43FC
:102150002C60521C102AFFF43FAFBDE8F88F00003E
:10216000083C014044380240003001400000024079
:102170000004024000080240000C0240001002402F
:102180000014024000180240001C02400AB18161A4
:1021900070470904FBE700000148806870470000B1
:1021A0001C00002002488168027811448160704759
:1021B0001C0000200B4810B5016841F4007101605B
:1021C000016841F480610160016841F4807101603F
:1021D000032000F09FF80F2000F006F800F050F800
:1021E000002010BD003C024030B505461F4887B0B6
:1021F0000024016841F010010160006806A900F0A8
:1022000010000590684600F031F90398A8B100F07D
:102210004DF940001649174AB0FBF1F11648491E26
:10222000026040F2E732C0E90324C0E9011484618E
:1022300000F09EFC040003D015E000F037F9E9E758
:102240000D4800F0DFFC04000DD1362000F034F81A
:10225000102D07D200222946362000F03BF807480F
:10226000056000E0012407B0204630BD4038024040
:1022700040420F0000100040400E002020000020CF
:102280000C4882B0016841F480410160006800F4AC
:10229000804000900748001F016841F080510160B4
:1022A0000068002200F0805000900F21901E02B0C4
:1022B00000F010B844380240002809DB00F01F028B
:1022C000012191404009800000F1E020C0F8001198
:1022D00070470000F0B40E4B1B68C3F30223C3F138
:1022E0000704042C00D904241D1D072D01D200234E
:1022F00000E0DB1E012606FA04F56D1E0D409D4030
:102300009E40761E164045EA0601F0BC03F031B847
:102310000CED00E0064A00F0070110684FF6FF03DD
:10232000184040EA0120034908431060704700004C
:102330000CED00E00000FA052DE9F0470D46040021
:1023400065D0DFF81491D9F80000EFB200F0070073
:10235000A84207D289F80070D9F8000000F0070001
:10236000A84254D120683D4E810712D5400703D5BD
:10237000306840F4E05030602078000703D53068C2
:1023800040F4604030603068A16820F0F0000843FD
:1023900030602078C0072DD03049606808390128A6
:1023A00012D0022813D0032811D009688907002908
:1023B0002DDA316821F0030101433160FFF7ECFEB3
:1023C000804641F2883A0EE009688903EFE7096820
:1023D0008901ECE7FFF7E0FEA0EB0801514502D9C7
:1023E0000320BDE8F0873068616800F00C00B0EBB6
:1023F000810FEFD1D9F80010484601F00701A9423A
:1024000007D90770006800F00700A84201D001203A
:10241000E7E72078400705D53068E16820F4E05010
:10242000084330602078000706D53068216920F421
:10243000604040EAC100306000F058F83168084A56
:10244000C1F30311515CC8400649086006480068A2
:10245000FFF7CAFE0020C4E7003C024008380240F3
:1024600060A1000828000020200000200F22026048
:102470000C4A136803F003034360136803F0F0038E
:102480008360136803F4E053C36012684FF4E053B1
:1024900003EAD20202610448006800F00700086005
:1024A0007047000008380240003C024004480549DB
:1024B00000680968044AC1F38221515CC840704732
:1024C000280000200838024070A10008044805498F
:1024D00000680968044AC1F34231515CC840704742
:1024E000280000200838024070A10008154810B5E7
:1024F000006810F00C01144813D0431004290FD0C9
:1025000008290ED10F4C241F216801F03F022168D9
:10251000490207D52068C0F38810A0FB030106E03C
:10252000184610BD2168C1F38811A1FB00010023EA
:10253000FDF71AFF2168C1F30141491C4900B0FBB6
:10254000F1F010BD083802400024F4002DE9F84FE6
:10255000040075D02078DFF838A3C007AAF104057D
:1025600048D00AF104000168C1F38101012908D0B3
:102570000068C0F3810002280AD1DAF800004002A6
:1025800006D52868800335D560680028E1D031E0A1
:102590006068B0F5803F10D0B0F5A02F286810D04B
:1025A00020F480302860286820F48020286060684B
:1025B000A0B1FFF7F1FD06460CE0286840F480303A
:1025C000F4E740F480202860F7E7FFF7E5FD801B83
:1025D000642871D828688003F7D50BE0FFF7DCFD8D
:1025E000064604E0FFF7D8FD801B6428F1D8286870
:1025F0008003F7D42078DFF89C9280074FF0000B1F
:102600003DD5A348001D016811F00C0F08D00068EB
:10261000C0F3810002280AD1DAF80000400206D493
:102620002868800715D5E068012809D111E0E06825
:10263000B8B10120C9F80000FFF7AEFD064605E07D
:1026400022E1FFF7A9FD801B0228C2D82868800775
:10265000F7D52868216920F0F80040EAC100286019
:102660000DE0C9F800B0FFF797FD064604E0FFF75C
:1026700093FD801B02281FD828688007F7D4207894
:10268000000722D5824F84486169703771B10121FA
:102690000160FFF781FD064604E0FFF77DFD801B2A
:1026A000022809D838688007F7D50EE0C0F800B0D6
:1026B000FFF772FD064605E082E0FFF76DFD801B27
:1026C00002287DD838688007F7D42078400765D580
:1026D0006F484FF000083C300068C0000BD46C48D5
:1026E0003C30016841F08051016000684FF0010802
:1026F00000F080500090694F3868C0050FD43868EA
:1027000040F480703860FFF747FD064604E0FFF7AD
:1027100043FD801B022853D83868C005F7D55C4FAD
:10272000A0686C3701280FD00528386810D020F039
:1027300001003860386820F004003860A068B0B14B
:10274000FFF72AFD06460EE0386840F00100F4E786
:1027500040F004003860F7E7FFF71EFD811B41F2EF
:102760008830814263D838688007F5D50DE0FFF7DF
:1027700013FD064606E0FFF70FFD811B41F288308E
:10278000814254D838688007F5D4B8F1000F05D0DD
:102790003F483C30016821F080510160A069B8B326
:1027A0003B49091D0968C1F38101022946D002286D
:1027B000584606D0C9F86000FFF7EEFC044639E041
:1027C00035E04F46C9F86000FFF7E6FC064604E036
:1027D000FFF7E2FC801B022829D828688001F7D483
:1027E000D4E907010843A16A2D4A490802EB0141D7
:1027F000626A41EA8211084394F82C1040EA0161B0
:10280000CAF8001001203866FFF7C6FC044605E050
:102810003CE0FFF7C1FC001B022808D828688001B3
:10282000F7D533E0FFF7B8FC001B022802D90320DC
:10283000BDE8F88F28688001F4D427E00128F7D09C
:10284000DAF80000E26900F4800191421CD1226AAA
:1028500000F03F01914217D147F6C071626A014012
:10286000B1EB821F10D1A26A4FF0FF3300F4403168
:1028700003EB5202B1EB024F06D194F82C1000F09A
:102880007060B0EB016F01D00120D1E70020CFE7ED
:102890000438024000004742800E4742007000406A
:1028A0000000FFFF7047000038B5016804464A6821
:1028B0008868C043430606D5C30704D1D3435B06EB
:1028C00001D4216C05E0830708D4D3431B0605D44B
:1028D000616C01B02046BDE830400847830603D54F
:1028E000430601D5C30551D4D3439B064ED44306BA
:1028F0000AD494F85130032B49D0636D43F004039C
:102900006365CB688B680093830609D4636D43F0DD
:10291000010363658B6800930B6823F040030B6031
:10292000C00506D4606D40F00800606520688068CE
:102930000090606D002829D02068416821F0E001F6
:102940004160012084F85100900701D4D00722D0C3
:102950002068416821F003014160114DE06C40B1F5
:102960000565E06CFFF7A6F918B1606D40F0400016
:102970006065A06C002809D00565A06CFFF79AF986
:10298000002803D0606D40F04000606538BDC86825
:102990008868009038BD2046FFF784FF38BD0000EE
:1029A0008143000870B5040009D0606A002540B179
:1029B00025616561A56294F8510040B10CE00120E9
:1029C00070BD6068B0F5827FF4D0E561F2E784F80D
:1029D0005050204600F044F8022084F8510020684E
:1029E000016821F040010160A088218900F4827013
:1029F00001F404410843A18901F400610843217CEA
:102A000001F002010843217D01F001010843218BFF
:102A100001F400710843217F01F03801084394F864
:102A2000201001F080010843218D01F4005108437A
:102A300021680860A069042101EA104094F824107C
:102A400001F010010843216848602068C16921F441
:102A50000061C1616565012084F85100002070BDEE
:102A600010B586B0044614216846FDF773FD184979
:102A70002068884229D117480021026842F4804228
:102A80000260006800F48040059012481038026827
:102A900042F002020260006800F0020005904FF46C
:102AA000604000900220CDE9010103200390052041
:102AB000049069460848FFF781FA00220521242086
:102AC000FFF708FC2420FFF7F7FB06B010BD00005D
:102AD0000038004040380240000402407047704710
:102AE00070B590F83C20012A32D0012580F83C5086
:102AF000022280F83D2002685368946823F0700633
:102B00000B6833435360134B02689A4214D0B2F1FE
:102B1000804F11D0104B9A420ED0104B9A420BD0DE
:102B20000F4B9A4208D00F4B9A4205D00E4B9A4257
:102B300002D00E4B9A4204D1496824F08003194315
:102B4000916080F83D50002180F83C10084670BD2F
:102B5000022070BD00000140000400400008004059
:102B6000000C0040000401400040014000180040FB
:102B700010B5040003D094F83D0010B107E0012027
:102B800010BD002084F83C00204600F01FF8022011
:102B900084F83D00211D206801F052FF012084F8D7
:102BA000460084F83E0084F83F0084F8400084F832
:102BB000410084F8420084F8430084F8440084F81B
:102BC000450084F83D00002010BD000008B50068F5
:102BD000B0F1804F12D10A48016841F00101016053
:102BE0000068002200F00100009005211C20FFF782
:102BF00071FBBDE808401C20FFF75EBB08BD00006C
:102C00004038024090F83D10012901D00120704762
:102C1000022180F83D100168CA6842F00102CA60D2
:102C200000681149884214D0B0F1804F11D00F498B
:102C300088420ED00E4988420BD00E49884208D0F7
:102C40000D49884205D00D49884202D00C4988427E
:102C500004D1816801F00701062903D0016841F021
:102C600001010160002070470000014000040040A5
:102C700000080040000C00400004014000400140FA
:102C80000018004070B5044690F83C00002501286B
:102C900017D0012684F83C60022084F83D002068AB
:102CA000826822F0770222F47F428260086850280E
:102CB00038D00DDC20284FD005DC90B3102811D17E
:102CC0004AE0022070BD302846D040280AD13BE0BF
:102CD00060282FD070280DD0B0F5805F03D0B0F5FC
:102CE000005F12D0012584F83D60002084F83C008C
:102CF000284670BDCB68D1E90121206801F008FFAA
:102D00002068816841F0770109E0CB68D1E90121B1
:102D1000206801F0FDFE2068816841F480418160F7
:102D2000E1E719E0CA684968206801F003FF502113
:102D3000206806E0CA684968206801F00CFF60213D
:102D4000206801F0EFFECEE7CA684968206801F00C
:102D5000F1FE40212068F4E7226801461046F0E7C2
:102D600070472DE9F04104460068C66805694FF0D8
:102D70000007A90713D5B10711D5F91E016101207C
:102D80002077206880698007204602D0FFF7E8FF9F
:102D900004E000F07EF8204600F07CF82777680712
:102DA00016D5700714D521686FF004000861022061
:102DB00020772068806910F4407F204602D0FFF71A
:102DC000CFFF04E000F065F8204600F063F82777B5
:102DD000280715D5300713D521686FF00800086162
:102DE000042020772068C0698007204602D0FFF7C2
:102DF000B7FF04E000F04DF8204600F04BF82777CD
:102E0000E80616D5F00614D521686FF010000861A9
:102E1000082020772068C06910F4407F204602D047
:102E2000FFF79EFF04E000F034F8204600F032F88F
:102E30002777E80708D0F00706D021686FF0010077
:102E40000861204600F028F8280608D5300606D587
:102E500021686FF0800008612046FFF73FFE68069A
:102E600008D5700606D521686FF04000086120463D
:102E700000F01CF8A8060AD5B00608D521686FF046
:102E8000200008612046BDE8F041FFF728BEBDE8FC
:102E9000F08170477047000000680349884201D103
:102EA000FFF780B97047000000100040704770477E
:102EB00008B590F84110212909D10168143151E871
:102EC000002F42F0800241E80023002BF5D190F85A
:102ED0004210222923D101680A68496800910169DA
:102EE00049B101680C3151E8002F42F4807241E889
:102EF0000023002BF5D10168143151E8002F42F076
:102F0000010241E80023002BF5D10168143151E89A
:102F1000002F42F0400241E80023002BF5D10020B1
:102F200008BD10B504460068406994F84110C0F32C
:102F3000C010212911D180B12068143050E8001F41
:102F400021F0800140E80012002AF5D1A06B08B101
:102F5000FEF767FE204601F0B8FF2068406994F84C
:102F60004210C0F38010222911D180B120681430A2
:102F700050E8001F21F0400140E80012002AF5D17E
:102F8000E06B08B1FEF74DFE204601F077FF002010
:102F900010BD000008B50B4A0168914211D10A68C2
:102FA0004A6800920A684A6800920A684968009173
:102FB000FFF7B7FFBDE8084010220349034800F0BF
:102FC000F9BA08BD004C00403C580020280B0020F6
:102FD000F8B5016804460868CA684B6910F00F0F1D
:102FE0004FF0000559D003F0010602F49077374303
:102FF00065D0C10705D0D10503D5616C41F0010151
:103000006164410705D5D90703D0616C41F0020125
:103010006164810705D5D90703D0616C41F00401D3
:103020006164010707D502F02001314303D0616CD0
:1030300041F008016164616C00293AD0800604D532
:10304000900602D5204601F04EFF20684069616C71
:10305000C0F38010090700D460B3204601F00EFFD2
:1030600020684069400621D52068143050E8001FD0
:1030700021F0400140E80012002AF5D1E06BA8B130
:1030800072490165E06BFEF715FE002811D0E06B78
:10309000016D01B0BDE8F040084783060FD59306E7
:1030A0000DD52046BDE8F84001F01DBF2046FFF7D2
:1030B00071FFF8BD2046FFF76DFF6564F8BD266B14
:1030C0002023012E7ED1C6067CD5D6067AD5086887
:1030D0004868009048694FF0020640064DD5E26B03
:1030E000106840684FF480770004000C3AD0A18D3E
:1030F000814237D9E085D069B8422DD020680C30A4
:1031000050E8001F21F4807140E80012002AF5D138
:103110002068143050E8001F21F0010140E800123F
:10312000002AF5D12068143050E8001F21F040013A
:1031300040E80012002AF5D184F842302563206867
:103140000C3050E8001F21F0100140E80012002A66
:10315000F5D1E06BFEF765FD6663A08DE18D401A49
:1031600081B206E0A18D8142A8D1D069B842A5D133
:1031700066632046FFF79BFEF8BDA08DE18D401AE7
:1031800081B2E08D0028F7D00029F5D020680C30FE
:1031900050E8002F22F4907240E80027002FF5D16C
:1031A0002068143050E8002F22F0010240E8002788
:1031B000002FF5D184F84230256320680C3050E8A8
:1031C000002F00E006E022F0100240E80023002B70
:1031D000F3D1CDE705062BD5150629D594F8410086
:1031E0002128C9D1A068B0F5805F01D12069B0B1B4
:1031F000206A411C2162216800784860E08C401EF2
:103200000004000CE084B7D12068C16821F080017F
:10321000C1602068C16841F04001C160F8BD206A0A
:103220000088C0F308004860206A801C2062E5E73F
:103230004006F3D55006F1D5CA68204622F0400278
:10324000CA6084F8413000F021FAF8BD814D0008D1
:1032500070B5040004D094F84100002510B106E0D8
:10326000012070BD84F84050204600F023F824204F
:1032700084F841002068C16821F40051C1602046F3
:1032800001F092FE2068016921F4904101612068FB
:10329000416921F02A0141612068C16841F400516F
:1032A000C1606564202084F8410084F842006563B1
:1032B000002070BD2DE9F04F87B004461421684608
:1032C000FDF748F9B148DFF8C08210380221D4F880
:1032D00000C0DFF8B8A20122032300258E060715DF
:1032E0004FF0080E4FF04009C4455BD1DAF800807A
:1032F000AB4648F40028CAF80080DAF800C00CF4A5
:10330000002CCDF814C0D0F800C04CF0040CC0F86C
:1033100000C0006800F00400059098028DE80F409E
:1033200069469B48FEF74AFEDFF86C8299494046A1
:10333000C8F80010C0E90165C0E90357C8F8145087
:10334000C8F81850C8F81C50C8F82050C8F82450C5
:10335000FEF792FD08B1FDF7D9FF8F4D8D48C4F8F7
:103360003C8060353030C8F8384085E84102C5E916
:1033700003B7C5F814B0C5F818B0C5F81CB0C5F847
:1033800020B02846C5F824B0FEF776FD08B1FDF759
:10339000BDFFA563002205213420AC63FEF79AFF30
:1033A000342083E0DFF8F481C4457DD1DAF8008071
:1033B00048F48018CAF80080DAF800C00CF4801CC9
:1033C000CDF814C0D0F800C04CF0040CC0F800C018
:1033D000D0F800C00CF0040CCDF814C0D0F800C038
:1033E0004CF0080CC0F800C00068934600F00800DC
:1033F00005904FF4805000900220CDE90102CDE904
:10340000033E9A46F04669466148FEF7D7FD042020
:1034100000900220CDE9010BCDE903A86946604880
:10342000FEF7CCFDDFF870815A4908F1C008303949
:103430004046C8F80010C0E90165C0E90357C8F864
:103440001450C8F81850C8F81C50C8F82050C8F8D4
:103450002450FEF711FD08B1FDF758FFC4F83C8079
:10346000C8F83840DFF83C814A4940467831C0E925
:103470000357C8F81450C8F81850C8F81C50C8F8BA
:10348000205088E84202C8F82450FEF7F5FC08B145
:10349000FDF73CFFC4F83880002205213520C8F82C
:1034A0003840FEF717FF00E005E03520FEF704FF87
:1034B00007B0BDE8F08FDFF8F080C445F8D1DFF841
:1034C000CCC0AA460CF1040CDCF8008048F01008CF
:1034D000CCF80080DCF800C00CF0100CCDF814C063
:1034E000D0F800C04CF0010CC0F800C0006800F03B
:1034F000010005904FF4C0608DE80F000720049094
:1035000069462A48FEF75AFDDFF89880284908F1F5
:1035100060084046C8F80010C0E90165C0E90357DB
:10352000C8F81450C8F81850C8F81C50C8F82050F3
:10353000C8F82450FEF7A0FC08B1FDF7E7FE194DCE
:103540001B48C4F83C80C0357830C8F8384085E85E
:103550004102C5E903A7C5F814A0C5F818A0C5F82D
:103560001CA0C5F820A02846C5F824A0FEF784FCBE
:1035700008B1FDF7CBFEA563002205212520AC6331
:10358000FEF7A8FE252091E7004C0040403802409D
:103590000008024040600240000C00200050004043
:1035A000000C0240200D00200010014000000240ED
:1035B0004064024090F84230202B01D00220704736
:1035C00021B11AB10023036301F074BD01207047DB
:1035D00010B500682249884241D12248224901247D
:1035E000807800F00F00012802D0022830D116E0C8
:1035F000488B1022401C48831A491C48FCF72BFFBB
:103600001A48303803F0F4FF1948017801BB174914
:1036100030398A69E2B191ED050A164915E0088B47
:103620001022401C08830F491348FCF714FF12486E
:10363000303803F0DDFF1148017849B90E493039BF
:103640008A692AB191ED050A0D4981ED000A0470DD
:10365000BDE81040102203490A48FFF7ABBF10BD78
:10366000004C00403C580020C85800202C58002036
:103670000506002000060020EC570020040600206C
:10368000FC050020280B002070470000006804495A
:10369000884204D1002240210248FEF777BD7047DE
:1036A000004C004000080240FEE741EA401070472D
:1036B00002224A70FDF790B83048314A042190ED5B
:1036C000001A82ED001AD0ED010AC2ED050AD0ED14
:1036D000031AC2ED0A1A02EB8100D2ED0F2A10ED97
:1036E000010A491E002931EE402A02EE820A80EDCD
:1036F000000A90ED040AD2ED0F2A30EEC02A02EE45
:10370000820A80ED050A90ED090AD2ED0F2A31EE0A
:10371000C02A02EE820A80ED0A0ADCDC00209FED5E
:10372000190AB0EE401AF0EE400A02EB8001401C8C
:10373000D1ED001A052831EE811AD1ED051A71EE8E
:10374000A00AD1ED0A1A31EE800AEEDBF1EE041A7E
:103750000D4881EE212A80EEA11A80ED002AC0EEEC
:10376000210A9FED0A0A80ED011A20EE800ADFEDA2
:10377000080A80EE201A80ED031A70478059002055
:1037800020070020000000004C5800200000E1C489
:10379000DB0F494090ED030AF0EE000AD0ED041A69
:1037A00020EE200ADFED0D0A20EE200AF7EE000AD7
:1037B000B0EE601A00EE211A80EE810A90ED021A36
:1037C00070EEC00A60EE810A90ED001A40EE010A28
:1037D000C0ED010AC0ED000A70470000DB0F494050
:1037E000104810B50E4901600421416000214FF4DA
:1037F000A0228160C0E903124FF4001242610176F9
:10380000012242768276C27601774277FEF753F83C
:10381000002803D0BDE81040FDF778BD10BD0000C2
:1038200000640040380A0020104810B50E490160BD
:103830000421416000214FF4A0228160C0E90312FD
:103840004FF4001242610176012242768276C276FE
:1038500001774277FEF72FF8002803D0BDE810402B
:10386000FDF754BD10BD000000680040600A002054
:10387000214808B5016841F480010160016801F444
:1038800080010091016841F400110160006800228C
:1038900000F40010009005210B20FEF71BFD0B200B
:1038A000FEF70AFD002205210D20FEF713FD0D2075
:1038B000FEF702FD002205210F20FEF70BFD0F2071
:1038C000FEF7FAFC002205212F20FEF703FD2F2032
:1038D000FEF7F2FC002205213A20FEF7FBFC3A201D
:1038E000FEF7EAFC002205214620FEF7F3FCBDE8C6
:1038F00008404620FEF7E0BC3038024010B5154ABB
:103900000021154803F0E8FF144C124A0021206002
:103910002432134803F0E0FF0E4A60604832002171
:10392000104803F0D9FF0B4AA0606C3200210E480A
:1039300003F0D2FF074AE060903200210B4803F009
:10394000CBFF044A2061B4320021094803F0C4FFD0
:10395000606110BD80A00008F14700080000002051
:10396000054800081948000831480008494800087F
:103970005D4800082DE9F04786B014216846FCF741
:10398000E9FD33480024016841F004010160016849
:1039900001F004010591016841F0800101600168B6
:1039A00001F080010591016841F0020101600168A8
:1039B00001F002010591016841F008010160016810
:1039C00001F008010591016841F001010160006802
:1039D000012200F00100DFF87C80150305902946E4
:1039E0004046FEF7D3FBDFF870904FF4B07600222C
:1039F00031464846FEF7CAFBDFF860A000224021AE
:103A00005046FEF7C3FB0095032701250397CDE938
:103A1000015469464046FEF7D1FA03970096CDE976
:103A2000015469464846FEF7C9FA68028DE831003C
:103A300069464846FEF7C2FA40200090CDE901549D
:103A4000694650460394FEF7B9FA06B0BDE8F08720
:103A50003038024000040240000C024000080240DE
:103A6000104810B50E4901604FF482714160002189
:103A70008160C1604FF400720161C0E90512082243
:103A8000C0E90721416281620A21C162FEF78AFF13
:103A9000002803D0BDE81040FDF738BC10BD000081
:103AA00000380040880A002010B586B0002417486E
:103AB000009401940294039404944FF0804105947F
:103AC00001604F21C0E9011440F2E731C0E903145D
:103AD00080218161FFF74CF808B1FDF717FC4FF426
:103AE0008050009069460948FFF7CCF808B1FDF70F
:103AF0000DFC049404A905480594FEF7F1FF002885
:103B000001D0FDF703FC06B010BD0000E00A002064
:103B10000D4810B50B4901600C49416000218160DE
:103B20000C22C160C0E9041281614FF40041C161FF
:103B3000FFF78EFB002803D0BDE81040FDF7E6BB81
:103B400010BD0000004C0040280B002000093D0083
:103B50000C4810B50A4901604FF461214160002111
:103B600081600C22C160C0E904128161C161FFF76C
:103B70006FFB002803D0BDE81040FDF7C7BB10BDA8
:103B800000500040700B00200C4810B50A4901603D
:103B90004FF461214160002181600C22C160C0E9C5
:103BA00004128161C161FFF753FB002803D0BDE817
:103BB0001040FDF7ABBB10BD00100140B80B00205A
:103BC000144830B4037800210122062B11D2DFE81B
:103BD00003F0031016181C1EC5780F4B0F4C012D57
:103BE00009D01978012904D12178012901D1027065
:103BF000C27030BC704719702170C170F9E78170D4
:103C000000E0827030BC00F0B9BF0221F7E7032169
:103C1000F5E70000BC09002068070020E806002046
:103C2000FEE7FEE72DE9F04FA24CA348DFF88CB287
:103C3000DFF88CE2DFF88CA24FF0C8092DED028B83
:103C400085B094F800C004F108069FED9F8ADFED6F
:103C50009F8A00259E4A9F4B01219FED9F0A9F4FFF
:103C6000BCF1090F6FD2DFE80CF005738DACB8E33F
:103C7000FB6EE70080ED110A80ED000A80ED220A5C
:103C800082F82051964883F8205187F82051067811
:103C9000DFED940A0EB9C2ED470A934E96F800C0C4
:103CA000BCF1000F03D1B3EE0C1A83ED471ADFF815
:103CB0003CC29CF80080B8F1000F01D1C7ED470A63
:103CC000DFF82C9299F80080B8F1000F02D0017053
:103CD00082ED470A99F80180B8F1000F02D13170E6
:103CE00083ED470A99F80280B8F1000F03D08CF8F1
:103CF000001087ED470A90F80080B8F1000F22D03D
:103D000096F80080B8F1000F1DD09CF80080B8F143
:103D1000000F18D0D2ED0A0ADFF8D881CBED000AE7
:103D2000D3ED0A0ACEED000AD7ED0A0AC8ED000A63
:103D3000217083ED160A82ED160A87ED160A0570CA
:103D400035708CF8005005B0BDEC028BBDE8F08FEB
:103D500082F8201183F8201187F82011DBED000A8A
:103D60006449C2ED460ADEED000AC3ED460AD1ED14
:103D7000000AC7ED460A80ED110A80ED000A80EDC9
:103D8000220AE0E780ED160A80ED050A80ED270A99
:103D900082ED0C0A83ED0C0A87ED0C0A80ED070A10
:103DA00080ED180A80ED290A82ED160A82ED2B0AB1
:103DB00083ED160A83ED2B0A87ED160A87ED2B0A91
:103DC000C1E782F8201183F8201187F820114FF401
:103DD000877148464FF47A6309E082F8201183F82E
:103DE000201187F820119621484640F6C413CDE9EA
:103DF0000003CDE90201C8222E493F48FCF738FEF6
:103E000094ED490A5546DAED000A201D04F040FA07
:103E100094ED4A0AD5ED000A304604F039FA94EDE3
:103E20004B0AC0EE080A20EEA80A84ED030A0FE050
:103E3000204801F091F90BE0304C94F8060120B1D4
:103E40001C4803F08DFD84F806512C4800F028F939
:103E500005B01848BDEC028BBDE8F04F00F0AEBADB
:103E6000274E3078012802D100F06AFA35701148E7
:103E7000D4ED080A94ED070A1C3000F043F80D4811
:103E8000D4ED1D0A94ED1C0A703000F03BF809488F
:103E9000D4ED320A94ED310AC43000F033F894EDD9
:103EA000120A84ED010A94ED270A84ED020A94EDCA
:103EB0003C0AB6E768070020180600206C050020C1
:103EC000700500200806002000003443DB0F494045
:103ED000BC000020E80100200000000014030020C6
:103EE0007805002000000C42790500207A050020AA
:103EF000CA090020740500200E070020B008002029
:103F0000AC08002000B590ED051A80ED081A80EC91
:103F1000020A30EE600A80ED050AD0ED060AB0EE26
:103F2000C00AB4EEE00AF1EE10FA03D29FED2C0ABB
:103F300080ED050A90ED071A90ED050AF1EE410AB1
:103F4000FCF7A6FE80ED050AD0ED090A30EE800AE6
:103F500080ED090A90ED0A1AF1EE410AFCF798FE8D
:103F600080ED090A90ED050AD0ED020A20EE200A44
:103F700080ED100A90ED0D1AF1EE410AFCF788FE73
:103F800080ED100A90ED050AD0ED080A30EE600AC7
:103F9000D0ED040A20EE200A80ED120A90ED0E1AF0
:103FA000F1EE410AFCF774FE80ED120AD0ED090A29
:103FB00090ED031A60EE810AC0ED110A90ED101A1F
:103FC00031EE000A30EE200A80ED0B0A90ED0C1A5B
:103FD000F1EE410AFCF75CFE80ED0B0A00BD00002B
:103FE0000000000000B590ED001A80ED0E1A80EC84
:103FF000020A30EE600A80ED020A90ED0B1AF1EE33
:10400000410AFCF745FE80ED020A90ED0C0AD0ED66
:10401000000A90ED0E1A20EE200A70EEC10A90ED13
:104020000D1A01EE200A80ED0F0A90ED101AF1EE44
:10403000410AFCF72DFE80ED0F0A90ED030AD0ED4A
:10404000020A90ED091A20EE200AF1EE410AFCF76F
:104050001FFE80ED060A90ED070AD0ED040A90EDF0
:10406000021A00EE810A80ED070A90ED0A1AF1EEBD
:10407000410AFCF70DFE80ED070AD0ED0F0A90ED26
:10408000061A70EE810A30EE800A80ED050A90ED86
:10409000081AF1EE410AFCF7FBFD80ED050A00BDB0
:1040A000F0B5044690F80701002687B00127E0BB71
:1040B00094F8050104EB800100EB400004EBC00024
:1040C000D1F8F010D0ED241A90ED061AD0ED1E0AAA
:1040D00090ED000A9148FCF732FF94F8050104EBDB
:1040E000800100EB400004EBC000D1F8F010D0EDEF
:1040F000251A90ED071AD0ED1F0A90ED010A8848A5
:10410000FCF71DFF94F8050100EB400004EBC00034
:1041100090ED080AD0ED200A30EE600AFCF7D4FAE0
:1041200094F8050100EB400000E01EE004EBC00045
:10413000D0ED200A30EE201A80ED081A94F805011F
:1041400004EB800100EB400004EBC000D1F8F0105C
:10415000D0ED261AD0ED200A90ED020A7148FCF746
:10416000EEFEC4F8086184F8077194F80501D4F8EC
:10417000082104EB800003A9D0F8F030674890ECE8
:10418000040A6846FCF78EFE94F80501D4F808216D
:1041900004EB800004A9D0F8F030614890EC040AE8
:1041A00001A8FCF77FFE94F80501D4F8082104EB80
:1041B000800005A9D0F8F0305A4890EC040A02A813
:1041C000FCF770FE584D9DED000A85ED070A9DED48
:1041D000010A85ED1C0A9DED020A85ED310A94F86D
:1041E000041194F80501491E884217DA04EB800196
:1041F000D4F80821D1F8F01001F164018A4252D9B3
:10420000401C84F8050184F807619FED480A85ED9C
:10421000100A85ED250A85ED3A0A44E043D100EB0A
:10422000400004EBC000D5ED080A90ED060AD0ED81
:10423000071A90ED082A70EEC00A3D49B0EEE01A68
:10424000D5ED1D0A11EE100A70EEE10AD5ED321A15
:10425000884271EEC21AF0EEE00AF0EEE11A22DABC
:1042600010EE900A88421EDA11EE900AB0F17E5FDD
:1042700019DA85ED070A94F8050100EB400004EB1C
:10428000C00090ED070A85ED1C0A94F8050100EBCB
:10429000400004EBC00090ED080A264885ED310A85
:1042A0000770062028702048D5ED080A95ED070A0A
:1042B0001C30FFF727FE1C48D5ED1D0A95ED1C0AA2
:1042C0007030FFF71FFE1848D5ED320A95ED310A20
:1042D000C430FFF717FE95ED120ADDED030A9FEDDE
:1042E000161A30EE200A85ED010A95ED270ADDED5C
:1042F000040A30EE200A85ED020A95ED3C0ADDED58
:10430000050A30EE200AC0EE010A9FED0C0A20EEED
:10431000800A85ED030A07B0F0BD0000A059002017
:10432000B0590020C059002068070020000000009C
:1043300000002041AC08002000003443DB0F49405E
:1043400010B54FF486710848FCF704F906490120BE
:104350009FED060A81F80601054880ED100A80ED00
:10436000250A80ED3A0A10BDB008002000000000C8
:10437000680700200148FEF797BA0000880A00206D
:1043800010B5806B0021C187C186FEF78BFA10BD86
:10439000B5EEC00AF1EE10FA01DD012000E00020C8
:1043A000B5EEC00AF1EE10FA01D2012100E00021C1
:1043B000401A00EE100AB8EEC00A704770B5044605
:1043C0002DED068B017803297ED00529FCD0BE484F
:1043D00090ED030ADFEDBD0A20EE200AFCF768FC31
:1043E000BB49201DFCF784FCB94CBA4994ED020A84
:1043F000B0EEC00A10EE100A884203DA9FEDB60A4A
:1044000084ED020A9FEDB5AAB0EE4A0A02F0E2FD81
:10441000F0EE400A94ED000A94ED021A9FEDB08A86
:1044200021EE081A01EE600AF0EE000A02F0A0FA8E
:10443000F0EE408AB0EE4A0A01F070FB94ED021AE9
:10444000F0EE400A94ED010A21EE081A01EE600A2E
:10445000F0EE000A02F08CFA38EE800AF6EE000A5E
:1044600002F086FADFED9F8AC0EE280ADFED9E9A01
:104470009E4E20EEA90A86ED010AB0EE4A0A02F02D
:10448000A9FD94ED021AF0EE400A94ED000A21EE27
:10449000081A01EE600AF0EE000A02F069FAB0EEC6
:1044A000409AB0EE4A0A01F039FB94ED021AF0EEA0
:1044B000400A94ED010A21EE081A01EE200AF0EEFE
:1044C000000A02F055FA00E0FAE039EE000AF6EED2
:1044D000000A02F04DFAC0EE280A9FED850A20EE90
:1044E000800A86ED000A94ED000AD4ED020ADFEDA1
:1044F00081AA00EEAA0AF0EE000A02F039FAB0EE44
:10450000409A94ED010AF0EE000A02F031FA39EE19
:10451000000AF6EE000A02F02BFAC0EE280A20EE9E
:10452000A90A86ED020AB0EE4A0A01F0F7FAD4EDC4
:10453000020AD4ED018A60EE880A40EEC08AB0EE2D
:104540004A0A02F047FD94ED021AF0EE400A94ED9B
:10455000000A21EE081A01EE600AF0EE680A01F086
:1045600087F9DFED658AC0EE280A9FED649A644DF5
:1045700020EE890A85ED010AB0EE4A0A01F0CEFA72
:10458000D4ED020AD4ED019A60EE880A40EE809ADA
:10459000B0EE4A0A02F01EFD94ED021AD4ED000AB4
:1045A00021EE081A41EE400AB0EE600AF0EE690A08
:1045B00001F05EF9C0EE280A20EE890A85ED000AB6
:1045C00094ED000AD4ED020A00EEAA0AD4ED010A25
:1045D00001F04EF9C0EE280A4A484B4C20EE890AF9
:1045E00085ED020A96ED010AB0EEC00A10EE101A2F
:1045F000814203DA94ED010A85ED010A96ED000A85
:10460000B0EEC00A10EE101A814203DA94ED000AEF
:1046100085ED000A96ED020AB0EEC00A10EE101AFF
:10462000814203DA94ED020A85ED020A2F493448EB
:1046300094ED020A0831083003F08AFE94ED000A76
:104640002A492F4803F084FE94ED010A311D281DEC
:1046500003F07EFE95ED010A2C4884ED010AD5EDAC
:10466000000AC4ED000A95ED021A84ED021AD6ED97
:10467000011AC0ED001AD6ED001AC0ED111AD6EDE0
:10468000021AC0ED221A2248DFED221A90ED002A0C
:10469000214800EE212A80ED462A204890ED000AAC
:1046A0001F4800EEA10A80ED460A1E4890ED000A60
:1046B0001D4801EE210A80ED460ABDEC068B70BD57
:1046C0009FED1A0A8CE600004C58002088C3E43A9B
:1046D00074580020CDCCCC3D00000000753C6E3FEE
:1046E00000C0984300007E427368A9C08C58002027
:1046F0007368A94000009E42DB0F4940000034432C
:10470000985800200000A040A4580020180600205F
:104710006C050020F43C0F40BC0000207005002018
:10472000E80100207405002014030020DB0FC93FBE
:1047300010B54FF0E020006904F09AFB012803D087
:10474000BDE8104004F0C4B810BD000030B593B00F
:1047500030216846FBF7FEFE14210CA8FBF7FAFE99
:104760001D480025016841F080510160006800F09B
:10477000805011901948016841F48041016000683F
:10478000022400F480401190012000900004019068
:104790008001CDE9064008AA0420A02182E8130088
:1047A0000B906846FDF7D2FE08B172B6FEE70CA981
:1047B0000F2081E831004FF4A0500F904FF480504B
:1047C000109005210CA8FDF7B7FD002801D072B6A6
:1047D000FEE713B030BD00004038024000700040DA
:1047E0000248016841F470010160704788ED00E003
:1047F000034C208C401C2084012003F031F8F8E7A2
:10480000C8580020034C608C401C6084022003F0D8
:1048100027F8F8E7C8580020044CA08C401CA0845E
:10482000FFF700FA012003F01BF8F6E7C858002054
:10483000044CE08C401CE084FCF77EFC012003F07B
:104840000FF8F6E7C8580020034C208D401C208547
:10485000032003F005F8F8E7C8580020044C608DE9
:10486000401C6085FFF7ACF9012002F0F9FFF6E784
:10487000C85800202DE9F04158482DED048B006800
:104880000169C943C90772D1891E016154480025D5
:10489000D0E90012491C42F10002C0E9001251495E
:1048A000086C401C0864012803DB01200D6481F8BA
:1048B00044004D4C2268B2F57A7F02D2521C22602D
:1048C0000AE049483022211D3430FBF709FE30212F
:1048D000201DFBF73FFE2560444E3078012802D0B2
:1048E000306A401C3062307DDFED418A414CE8B3D4
:1048F00041484349027841489FED428A9FED420A70
:10490000424FDFF80C81D1ED000A90ED051A7AB321
:104910009FED409A31EE091A71EE600A60EE880A46
:1049200002F0E0FE84ED000A97ED050A30EE490A38
:10493000D8ED000A30EE600A60EE080AB0EE000A18
:1049400002F0D0FE84ED010A707DA0B33248DFEDA5
:10495000330A9FED330A90ED031A71EE200A60EEE0
:10496000800ABAEE020A02F0BDFE02E00BE02EE081
:104970000EE084ED020A2B482B49007806281ED051
:1049800008281FD023E0C4ED008AC4ED018ADBE7CC
:10499000DFED261A31EE211A71EE600A60EE880A08
:1049A00002F0A0FE84ED000AD7ED050A9FED200A73
:1049B00030EEC00ABCE7FFE7C4ED028ADBE7C1F8CE
:1049C000085104E0D1F80801401CC1F8080103486F
:1049D000BDEC048BBDE8F041FEF7C3B9E00A00204E
:1049E0001807002020070020C8580020E8060020F3
:1049F000000000008C5700200C070020BC5700204E
:104A0000FC050020F2D210416666E6BFFC5700208C
:104A1000000600200000AC41985700209A99D93F29
:104A20000000644268070020B0080020E17AAC4131
:104A30003D0AAB410148FEF794B90000400E00204A
:104A4000F0B50268274D284E284FDFF8A4C0294B47
:104A50004FF0804EA84209D0704507D0B04205D033
:104A6000B84203D0604501D0984203D122F07004CF
:104A70004A682243A8421BD0704519D0B04217D0D3
:104A8000B84215D0604513D0984211D01A4CA042BC
:104A90000ED01A4CA0420BD0194CA04208D0194C91
:104AA000A04205D0184CA04202D0184CA04203D11D
:104AB00022F44074CA6822434C6922F080022243E7
:104AC0008C68C4620C688462A84201D0984201D10B
:104AD00009690163016841F004010160012141613C
:104AE0000260F0BD000001400004004000080040EA
:104AF000000C00400004014000400140004401401F
:104B00000048014000180040001C00400020004008
:104B100010B5846842EA032224F47F440A43224306
:104B2000826010BD826822F070020A4342F00701E1
:104B30008160704710B5046A036A23F001030362C1
:104B4000836923F0F00343EA021324F00A020A43C4
:104B50008361026210BD10B5036A046A24F0100478
:104B60000462846923F0A00324F4704444EA02320E
:104B700043EA01118261016210BD00002DE9F04F8E
:104B8000DFF874915F494C465D4FA07899F801C0F9
:104B900000EB800001EB400163792079DFF85CA134
:104BA00001263A780025584C4FF0080E4FF0020BC2
:104BB000BCF1050F30D2DFE80CF003204D6987000F
:104BC000CC4610B1012803D004E01BB908781BE0E3
:104BD000062A0BD0012B01D1062A07D002281BD1AF
:104BE0002078012818D18CF8016024E08CF8055059
:104BF000487820708CF804B0F2E7CC4610B1012858
:104C00000CD00DE063B9887887F842018AF8066114
:104C100087F800E089F80460BDE8F08F062A0DD01F
:104C2000012B01D1062A09D00228F5D120780128CC
:104C3000F2D18CF801B089F80450EDE78CF80550FA
:104C4000087987F842018AF80661C87820708CF8E4
:104C500004B0EBE7CC4610B1012803D004E01BB947
:104C60000879D1E7062A0AD0012B01D1062A06D0FD
:104C70000228D1D120780128CED103201AE08CF867
:104C80000550487920708CF804B0F3E7CC4610B199
:104C9000012803D004E01BB98879B5E7062A0CD0B7
:104CA000012B01D1062A08D00228B5D1207801288D
:104CB000B2D104208CF80100BDE78CF80550C8790A
:104CC00020708CF804B0F1E74B4658B101280BD0A6
:104CD0000228A1D1207801289ED15D701D7189F82C
:104CE000006099E7087A8FE7062A95D1487A207004
:104CF00083F804B0EEE70000BC090020B0080020F3
:104D000068070020100A0020E80600200148FEF78E
:104D10005FB90000280B0020154908B50868026833
:104D2000D243D2061FD4026840680090C86B006866
:104D3000016821F0010101600E48017866290AD15D
:104D400090F82100992806D10B48818D491C818556
:104D50000A4800F0A7FA222206490548FEF72AFC75
:104D60000348FEF7A5F8BDE808400148FEF730B952
:104D7000700B00205C590020C8580020805900208A
:104D800010B5806B0021C185FEF704F910BD70B528
:104D9000846B2068406994F84110C0F3C01000256E
:104DA000212904D118B1E584204600F08EF820684E
:104DB000406994F84210C0F38010222904D118B140
:104DC000E585204600F05AF8606C40F01000606401
:104DD0002046FEF7DFF870BD10B50146806B09680C
:104DE00009684FF00003C9052ED4C38501680C3152
:104DF00051E8002F22F4807241E80024002CF5D104
:104E00000168143151E8002F22F0010241E800242A
:104E1000002CF5D10168143151E8002F22F0400236
:104E200041E80024002CF5D1202180F84210016BCC
:104E3000012909D101680C3151E8002F22F010023C
:104E400041E80024002CF5D14363016B012902D015
:104E5000FEF7BEFB10BD818DFEF729F810BD10B521
:104E6000806B01214163016B012902D0FEF70CFC2C
:104E700010BD818D4908FEF71AF810BD01680C318C
:104E800051E8002F22F4907241E80023002BF5D165
:104E90000168143151E8002F22F0010241E800239B
:104EA000002BF5D1016B012909D101680C3151E8C2
:104EB000002F22F0100241E80023002BF5D1202121
:104EC00080F8421000210163704701680C3151E8FD
:104ED000002F22F0C00241E80023002BF5D1202151
:104EE00080F84110704708B590F84210222901D08F
:104EF000022008BD81684FF48053994201D10269B4
:104F000022B1826A99421BD049B10AE00268816AE3
:104F10005268C2F308020A80816A891C08E00169AC
:104F200071B10168496801F07F011170816A491C03
:104F30008162C18D491E0904090CC18503D01BE0A3
:104F400001684968F1E70168CA6822F02002CA6076
:104F50000168CA6822F48072CA6001684A6922F056
:104F600001024A61202180F8421000214163026B56
:104F7000012A03D0FEF72CFB002008BD0163016865
:104F80000C3151E8002F22F0100241E80023002BE1
:104F9000F5D101680A68D20602D50A68496800910D
:104FA000818DFDF784FFE7E770B50446006801696D
:104FB000E26821F4405111430161A1682069E2696E
:104FC00001436069104301432068C26849F20C63E1
:104FD0009A430A43C26020684169A26921F4407182
:104FE0001143416131492068884202D030498842EA
:104FF00002D1FDF76BFA01E0FDF758FAE2690023F0
:10500000192164253226B2F5004F626828D0A0FB32
:105010000101930F9200FBF7A7F90146B0FBF5F0F1
:105020006FF01802504301EB800006EB0010B0FB5C
:10503000F5F000F0F002B1FBF5F002EB0012B1FB6D
:10504000F5F06FF01803584301EB800006EB0010F9
:10505000B0FBF5F000F00F0021681044886070BDCF
:10506000A0FB010192185B41FBF77EF90146B0FB02
:10507000F5F00201B1FBF5F06FF01803584301EBB6
:10508000800006EBC000B0FBF5F000F0F80002EB8A
:105090004002B1FBF5F0584301EB800006EBC00085
:1050A000B0FBF5F000F00700D6E70000001001406B
:1050B0000014014037B582B01346039A8262044659
:1050C000838500206064222184F84210E56B1F492B
:1050D000E963E56B1E492964E56B1E49E964E16BF0
:1050E00008652168E06B091DFCF730FF38B110201E
:1050F0006064202084F84200012005B030BD2068A3
:10510000016840680090206948B120680C3050E880
:10511000001F41F4807140E80012002AF5D1206898
:10512000143050E8001F41F0010140E80012002A4D
:10513000F5D12068143050E8001F41F0400140E8EC
:105140000012002AF5D10020D7E70000D94D000851
:105150005F4E00088F4D000830B53649364C90F848
:1051600035510978247800239FED310A334ADFED69
:10517000340A2143072D25D2DFE805F004252D361A
:105180003B4A550080ED010A2E4980ED020A80ED70
:10519000030A81ED070A81ED180A81ED290A2A49DF
:1051A00081ED160A81ED2B0A284981ED160A81ED61
:1051B0002B0A274981ED160A81ED2B0A80F834313C
:1051C000C0F8303130BDDFED230A0FE0C0ED020A38
:1051D00080ED030A30BD80ED010A80ED020A80ED0A
:1051E000030A82F820311BE0DFED1B0A80ED010A83
:1051F000ECE7DFED1A0A80ED010AC0ED020A80ED4E
:10520000030A9FED170A82F8203182ED470A30BD6C
:105210009FED141A80ED010A80ED021A80ED030A59
:10522000C2ED470A30BD80ED010ADFED0F0ACDE780
:10523000000000000D0700200C07002040040020A3
:105240000000704318060020BC000020E801002088
:10525000140300200080BBC40000C8C300007AC44F
:1052600000005C4200007AC5000061440B4908B5AB
:1052700008680268D243D2060BD4026840680090E6
:10528000C86B0068016821F0010101600348FDF767
:105290000FFEBDE808400148FDF79ABEB80B00209C
:1052A000FEE700000A4951F8012F02604A68426097
:1052B0008A688260CA68C2600A6902614A6942619A
:1052C0008A698261C969C161024800F005B80000BD
:1052D0005C5900206807002010B50E4C034694F876
:1052E000440020B1FEF7E8F9002084F844000A48A1
:1052F000F2EE040A90ED000A83ED080A90ED010A2F
:1053000083ED1D0A90ED030A80EE201A83ED321A18
:1053100010BD0000200700204C58002003B4019865
:105320004100009850EAC12018BF04204A0D18BF60
:1053300040F0010040F2FF72B2EB515F08BF40F055
:105340000200012808BF052002B070474100080292
:1053500018BF04200A0E18BF40F001004FF07F4232
:1053600032EA010108BF40F00200012808BF052011
:1053700070470907090E002804DB00F1E02080F8DF
:105380000014704700F00F0000F1E02080F8141DB9
:10539000704700000000000070B59B482DED020B27
:1053A0002DED068B079D25F00044A04218DC9748A0
:1053B000844202DC0AD1069840B19DED060BBDEC9B
:1053C000068B02B0BDE8704001F09EBF002DCCBF3F
:1053D0009FED8F0B9FED900BBDEC068B02B070BD67
:1053E0008F48A04215DD8F48A042D8BF4FF0FF3450
:1053F00058DD9DED060B51EC100BFFF78FFF0428D5
:1054000008BF01F0B5FF9DED060BBDEC068B02B0A9
:1054100070BD9DED060B51EC100B02F057F9CDE974
:10542000060181489FED828BA0423CDD8248A0426C
:105430001FDD00249FED82AB9DED060B53EC1A2B74
:1054400051EC100B03F002FF9DED060B41EC190B24
:1054500053EC1A2B51EC100B04F0AEF953EC182B53
:1054600004F0B6FB53EC192B03F0ACFFCDE90601B9
:1054700049E09DED060B012453EC182B51EC100B69
:1054800003F0E4FE9DED060B41EC190B53EC182BD9
:1054900051EC100B04F09CFB53EC192B03F092FF22
:1054A000CDE906012FE06848A0421FDD02249FEDF0
:1054B000689B9DED060B53EC192B51EC100B04F07F
:1054C0007BF953EC182B03F0C1FE9DED060B41EC6C
:1054D000180B53EC192B51EC100B04F079FB53EC27
:1054E000182B03F06FFFCDE906010CE09DED060BD4
:1054F000032453EC102B9FED580B51EC100B03F0D1
:1055000061FFCDE906019DED060B53EC102B51EC2C
:10551000100B04F051F941EC180B53EC182B04F06C
:105520004BF941EC190B4E480621B0EE490AF0EE5A
:10553000690A784401F053FE53EC182B51EC100B20
:1055400004F03AF941EC180B4648B0EE490AF0EE87
:10555000690A0521784401F042FE53EC192B51EC05
:10556000100B04F029F941EC100B51EC180B53EC23
:10557000102B002C0EDA03F069FE9DED061B53EC98
:10558000112B04F019F99DED061B53EC112B04F0BF
:1055900047FA35E003F05AFE9DED061B53EC112B44
:1055A00004F00AF941EC100B2F48784400EBC400DA
:1055B00090ED001B51EC100B53EC112B04F008FB89
:1055C0009DED061B53EC112B04F002FB41EC100B7C
:1055D0002648784400EBC40090ED001B51EC100B02
:1055E00053EC112B04F01CFA41EC100B002DA2BF60
:1055F000BDEC068B02B070BD51EC100B03F0E8FD62
:1056000041EC100B01E70000000010440000F07FA7
:10561000182D4454FB21F93F182D4454FB21F9BFA8
:105620000000DC3F0000203E0000F33F00000000CF
:10563000000000000000F03F0000E63F0000000016
:105640000000000000000040008003400000000057
:10565000000000000000F83F000000000000F0BF64
:105660007250000028500000B24F00006A4F000046
:1056700070B56F4E2DED040B2DED048B82B0DDF86F
:1056800024C0DDE907235C422CF000411C4341EAC1
:10569000D474069D22F00040B44205D86C422C43DD
:1056A00040EAD474B4420BD99DED081B9DED060B66
:1056B00002B0BDEC048B04B0BDE8704001F02EBE1A
:1056C000ACF14054A4F17F641C430BD0022404EAE3
:1056D000AC7444EAD27405439FED578B9FED582B71
:1056E00007D015E09DED060B51EC100B01F048FFC3
:1056F00042E0002C11BF012C9DED060B02B0BDEC69
:10570000048B04BF04B070BD022C38D0032C3BD0F6
:105710000B439FED4D1B9FED4E0B0AD0B14218D1AC
:10572000B04209D121F0804120F0804009910790DA
:105730000FE0002A15DA10E0474B7B44002C08BF2D
:1057400093ED000B0DD0012C10D0022C17D0032CA0
:105750001AD0B0421DD1002A03DAB0EE410AF0EEB1
:10576000610A02B0BDEC048B04B070BD93ED000B78
:1057700051EC100B03F02CFD41EC100BF1E7B0EEF7
:10578000480AF0EE680AECE7B0EE420AF0EE620A70
:10579000E7E7401A00159FED329B3C28C8BF8DED0E
:1057A000000B17DCBCF1000FBCBF10F13C0F8DEDFE
:1057B000009B0FDB9DED080B53EC102B9DED060BB2
:1057C00051EC100B03F0FEFD01F080FF01F0D8FE5C
:1057D000CDE90001B4B1012C10D0022C9FED220BB9
:1057E00053EC102B9DED000B51EC100B19D004F075
:1057F000EFF953EC182B04F0EBF9BDE7019880F0BA
:10580000004001909DED000B53EC192B51EC100B57
:1058100003F030FF04BF0220FAF7CBFE9DED000B32
:105820009FE704F0D5F953EC182B04F0F9F8A3E73F
:105830000000F07F00000000182D4454FB210940B7
:10584000182D4454FB2109C0182D4454FB21F9BFE5
:10585000182D4454FB21F93F9A4E0000000000002F
:105860000000000000000000075C143326A6A13CE5
:1058700070B54FF068422DED048BF0EE408A18EEC3
:10588000900AB0EE608A18EE101A02EB4003B3F1F2
:10589000654F3CBF02EB4102B2F1654F7DD200BFC4
:1058A000C0F3C753C1F3C7529A1A1B2A09DD10F07F
:1058B000004F14BF9FED830A9FED830ABDEC048B5C
:1058C00070BD12F11A0F36DA11F0004F09D010F046
:1058D000004F0CBF9FED7D0A9FED7D0ABDEC048B50
:1058E00070BD88EE889A19EE100AFFF72FFD042884
:1058F00008BF01F06DFD18EE900AFFF727FD054681
:1059000018EE100AFFF722FD044619EE100AFFF701
:105910001DFD042D18BF052D08D1042C18BF052C22
:1059200004D1002804BF0220FAF743FEB0EE490A72
:10593000BDEC048B70BD4200B2EB410F3AD910F0C0
:10594000004F19BFDFED630A9FED630ADFED630AC5
:105950009FED630AB0EE481A0A46B1EE688A80F0FD
:105960000041F0EE418A10460A1A5200B2F1807FDF
:1059700034D2484010F0004FDFED5A1A9FED5A2AFA
:105980001DBFBEEE001A70EEE10A30EE420AB6EE1E
:10599000001A08BF70EEA10A00E040E008BF30EE38
:1059A000020AB0EE682A01EE482A08EE818AC2EEA9
:1059B000081A15E011F0004F04BF9FED4C0AF0EEFD
:1059C000400AD1D010F0004F19BFDFED490A9FED1A
:1059D000490ADFED490A9FED490AC5E7C8EE881A72
:1059E00021EEA11A9FED462ADFED462A41EE022A5A
:1059F0009FED452A01EE222ADFED442A41EE022ADC
:105A00009FED432ABDEC048B01EE222A21EE811A80
:105A100001EE020A30EE210A30EE200A70BD4FF08E
:105A20007F42B2EB400F28BFB2EB410F09D2F0EE3C
:105A3000480AB0EE680ABDEC048BBDE8704001F086
:105A4000B4BC40EA01035B0008BF41F0FF410BD04A
:105A5000B2EB400F08BFB2EB410F08D120F08040FD
:105A600008EE900A21F0804108EE101A18E7B2EB18
:105A7000400F12BF5FEA410340F0FF4001F00041D8
:105A80003FF40EAFB2EB410F12BF5FEA400200F0ED
:105A9000004041F0FF413FF403AF4A0092EA400367
:105AA0003FF5FEAE002AACBF9FED1A0A9FED1A0A21
:105AB00068EE808A28EE008A18EE900A18EE101A16
:105AC000EEE60000DB0FC9BFDB0FC93FDB0F49402B
:105AD000DB0F49C00000C9BF22AAFDB90000C93FC1
:105AE00022AAFD390060ED3EC30ACE370000000057
:105AF000000049C022AA7DBA0000494022AA7D3A8E
:105B00002DAD65BD8FB8D53D0FB511BE61C84C3EFA
:105B1000A8AAAABE0000804F0000802F10EE101A25
:105B200008B5444A6846B2EB410F28D94FF0E64029
:105B3000B0EB410F94BF00204FF0FF300090009871
:105B4000002861DB60EE000A10F0010F45D010F074
:105B5000020FDFED391A9FED391A00EEE11ADFED81
:105B6000381A40EE811A21EEA01AF0EE400A40EEFB
:105B7000010A08BFF1EE600AB0EE600A08BD314BC1
:105B800021F0004293423CD911F0004FDFED2E0A84
:105B900020EE201ADFED2D0A19BF31EE601A71EEEA
:105BA000200A31EE201A71EE600ABDEEE01A11EE05
:105BB000100A9FED271A00F0030000EEC10A9FEDC6
:105BC000251A009000EEC10A9FED231A00EEC10ACB
:105BD0009FED221A00EEC10AB1E79FED211A9FED59
:105BE000210A10F0020F00EE810A9FED1F1A00EE4D
:105BF000801AB7EE000A00EE810A18BFB1EE400A23
:105C000008BD01F0EDFB9AE710EE100A4000B0F17C
:105C10007F4F3CBFB7EE000A08BD07D14FF001002F
:105C2000FAF7C7FCBDE8084001F0C2BBBDE8084078
:105C300001F0B8BBB61F927E336D4C39DA82083C56
:105C4000A0AA2ABE490E494683F9223F0000004B14
:105C50000000C93F00A0FD390020A2331A61342C96
:105C6000B93AB2BACA9F2A3DDDFFFFBE10B52DED8D
:105C7000028BF0EE408A18EE900AB0EE608A20F0B7
:105C80000040C0F1FF40C00F07D118EE100A20F00D
:105C90000040C0F1FF40C00F2BD018EE101A18EED4
:105CA000900A04F0F5F800EE100A10EE100A6FEA00
:105CB000D05010F0FF0F04BFBDEC028B10BD18EEEA
:105CC000900A00F0004110EE100A00F000408142FE
:105CD00004BFBDEC028B10BD18EE101A10EE100AB6
:105CE000BDEC028B61F31E0000EE900A30EE600AFC
:105CF00010BD18EE900A4FF07F41B1EB400F1CBF72
:105D000018EE100A5FEA4000C7D10120FAF751FCF3
:105D1000BDEC028BBDE8104001F04ABB0000000062
:105D20002DE9F04D2DED040B2DED0E8B96B0DDE938
:105D30002550279CDDF890A025F0004624F000486F
:105D4000BAF1000F14BF0121002101EB4502FC490B
:105D500053184A1093422AD3002814BF012300236A
:105D600003EB44030B44F7498B4220D358EA00016C
:105D70009FEDF59B76D0DFF8D8B35D4503D1BAF13E
:105D8000000F05D188E0BAF1000F08BF002100D054
:105D9000012101EB450111F5001F08D8002814BFAF
:105DA0000121002101EB440111F5001F0BD99DEDEC
:105DB000261B9DED240B16B0BDEC0E8B04B0BDE888
:105DC000F04D01F0ABBA0027002DBCBFE14988457A
:105DD00021DAE1498845A8BF02271CDAC3451ADC4D
:105DE000DE4901EB2851142908DDC1F1340220FA03
:105DF00002F101FA02F282420DD108E058B9C1F174
:105E0000140228FA02F101FA02F2424503D101F02C
:105E10000101C1F1020756EA0A0124D1002C22DA5D
:105E2000002D18BF022F01D0012F0AD00220FAF74F
:105E3000C0FB16B0BDEC0E8B04B0BDE8F04D01F018
:105E40004BBA0220FAF7B5FB01F046FA51EC100B01
:105E500003F0BEF941EC100B16B0BDEC0E8B04B094
:105E6000BDE8F08D18E09FEDBEAB9FEDBF8B002825
:105E700071D1B848804522D105F1804010F58010DD
:105E800008BFBAF1000F07D0B3450ADC002CA8BF49
:105E90009DED260BE0DA0DE0B0EE490AF0EE690A5E
:105EA000DAE7002C06DA9DED260B51EC100B03F01F
:105EB0008FF96FE0AE48784490ED000BCCE7D84501
:105EC0004DD1002C48DA2EB186423AD1BAF1000FFA
:105ED00042D126E0BAF1000F13D00220FAF769FB95
:105EE00001F036FA8DED020B9DED240B8DED000BCC
:105EF00010EE900A039961F31E0003909DED020BD2
:105F0000AAE78DED02AB9DED240B1AEE901A10EE70
:105F1000900A8DED000B61F31E0003909DED020BC6
:105F20009AE78DED028B9DED240B18EE901A10EE82
:105F3000900A8DED000B61F31E0003909DED020BA6
:105F40008AE709DA9DED240B51EC190B53EC102B69
:105F500003F038FA1EE020E09DED240B7CE786423A
:105F60001BDAB4F1804F0DD0A4F10050B0F1FF5016
:105F700013D1002D11DB9DED240B51EC100B02F021
:105F8000AFF907E09DED240B53EC102B51EC100BF7
:105F900000F0C2BC41EC100B5EE79DED240B51EC10
:105FA000100B01F093FBBAF1000FCDE90E0142D1C5
:105FB0009FED710B46B3A6F1E040B0F17F600CD0CD
:105FC0005E4538D1002D00DAA7B3022F0CBF0120A7
:105FD0004FF0FF3003F08AFBDCE7002D01DD002CE1
:105FE0000DDA002D01DD002C1FDB002D16DA002C50
:105FF00014DB012F08BF9FED620B3FF42DAFB0EE15
:106000004A0AF0EE6A0A27E7022F18BF002D0CD0CB
:10601000012F0AD1002DFFF61FAF06E0002DB8BFFB
:10602000002C08DA012F3FF417AFB0EE480AF0EE6B
:10603000680A11E71BE0012000EBE57050EA070158
:1060400015D0791EB0EE498AF0EE698A084308BF80
:106050009FED4D8B4E480025804570DD4D494E48E3
:10606000884514DDB0420DDB002C19DB2FE0012048
:10607000FAF79FFA16B0BDEC0E8B04B0BDE8F04DF8
:1060800001F056B9B34502DC002C09DC1FE0864262
:1060900002DA002C1BDA03E05E452BDD002C16DD56
:1060A0000220FAF786FA01F053F98DED020B53EC5A
:1060B0001A2B51EC180B03F07FFBCDE9000103997B
:1060C000019861F31E0003909DED020BC4E60220CF
:1060D000FAF76FFA01F04CF910EE901A18EE900AE8
:1060E0008DED020B8DED008B61F31E0003909DED95
:1060F000020BB1E69DED0E0B53EC192B51EC100B7E
:1061000003F066FD9FED260BCDE9080153EC102B43
:106110009DED080B51EC100B03F04EFB9FED221B85
:1061200053EC112B03F07CFC9DED081B53EC112B61
:1061300003F042FB9FED1E1B53EC112B3CE08CE067
:10614000FFFF1F00FFFF0F00000000000000F03FF6
:106150000000F03F0000F07F0000404301FCFFFF23
:10616000000000000000F07F0000000000000000C0
:106170001E4700000000000000000000000000803A
:10618000000000000000F0FF000000000000F0BF71
:106190000000E0410000F043FFFFEF3F000000007F
:1061A000000000000000D03F555555555555D53FCE
:1061B000000000000000E03F03F032FC9DED080B02
:1061C00041EC1A0B53EC102B51EC100B03F0F4FACA
:1061D00053EC1A2B03F0F0FA41EC1A0B9FEDFE0B77
:1061E00053EC102B9DED080B51EC100B03F0E4FA6F
:1061F00041EC1B0B9FEDFA0B51EC1A0B53EC102BDF
:1062000003F0DAFA41EC1A0B9FEDF70B53EC102B6D
:106210009DED080B51EC100B03F0CEFA53EC1A2B4A
:1062200003F0D6FC41EC1A0B51EC1B0B53EC1A2B70
:1062300003F00CF80690CDE906519DED060B53ECEA
:106240001B2B51EC100B03F0C3FC53EC1A2B03F087
:10625000E7FB41EC100B00F0A1B90020B6F5801F60
:106260000EDA9FEDE30B53EC102B9DED0E0B51EC72
:10627000100B03F0A1FACDE90E016FF034000E46C9
:1062800000EB2650A0F2FF37C6F31300DA4940F0C6
:106290007F6646F040568842D8BF002408DDD749C3
:1062A0008142C8BF012403DC0024A6F580167F1CB0
:1062B000D348784400EBC4000F9690ED00CB9DEDE1
:1062C0000E0B53EC1C2B51EC100B03F081FC9DEDDD
:1062D0000E0B41EC1B0B53EC1C2B51EC100B02F082
:1062E000B5FF41EC100B51EC190B53EC102B03F0E4
:1062F00069F841EC1D0B51EC1B0B53EC1D2B03F00B
:106300005BFA41EC1A0BBF488DED10AB7844109549
:1063100090ED000B4FF0005040EA660000EB844027
:106320008DED080B00F5002009909DED080B53EC56
:106330001C2B51EC100B03F04BFC9DED0E1B53EC92
:10634000112B03F06DFB41EC100B53EC102B9DED6A
:10635000100B51EC100B03F02FFA9DED080B41ECE4
:106360001C0B53EC102B9DED100B51EC100B03F09C
:1063700023FA53EC1B2B03F053FB53EC1C2B03F0C1
:1063800027FC53EC1D2B03F017FA41EC1C0B53ECCC
:106390001A2B51EC1A0B03F00FFA41EC1B0B9A4825
:1063A0000621B0EE4B0AF0EE6B0A784400F017FFBE
:1063B000B0EE401AF0EE601AB0EE41DAF0EE61DABB
:1063C00053EC1B2B51EC1B0B03F0F6F953EC1D2B7C
:1063D00003F0F2F99DED100B41EC1B0B53EC1A2B63
:1063E00051EC100B02F032FF53EC1C2B03F0E4F9DC
:1063F00053EC1B2B02F02AFF9DED100B41EC1B0B05
:1064000053EC102B51EC100B03F0D6F941EC1D0BA3
:106410009FED7FEB53EC1E2B02F018FF53EC1B2B70
:1064200002F014FF0890CDE908519DED080B53ECE4
:106430001E2B51EC100B03F0CBFB53EC1D2B03F088
:10644000C7FB53EC1B2B03F0EBFA9DED080B41EC63
:106450001D0B53EC102B9DED100B51EC100B03F0AA
:10646000ABF941EC1B0B53EC1A2B51EC1D0B03F059
:10647000A3F99DED080B41EC1A0B53EC102B51ECDA
:106480001C0B03F099F953EC1A2B02F0DFFE41ECE0
:106490001A0B51EC1B0B53EC1A2B02F0D7FE0C908D
:1064A000CDE90C519DED0C0B53EC1B2B51EC100B5B
:1064B00003F08EFB53EC1A2B03F0B2FA41EC1B0BEA
:1064C0009FED550B53EC102B9DED0C0B51EC100B6D
:1064D00003F072F941EC1A0B9FED510B51EC1B0BC1
:1064E00053EC102B03F068F941EC1B0B9FED4E0BA6
:1064F00053EC102B9DED0C0B51EC100B03F05CF9E1
:1065000053EC1B2B02F0A2FE41EC100B48487844E0
:1065100000EBC40090ED001B51EC100B53EC112B61
:1065200002F094FE41EC1B0B384603F0DFF8CDE996
:10653000080153EC1B2B51EC1A0B02F087FE41ECC7
:10654000100B3C48784400EBC40090ED00CB51ECBC
:10655000100B53EC1C2B02F079FE9DED081B53EC45
:10656000112B02F073FE0690CDE906519DED080B4C
:1065700053EC102B9DED060B51EC100B03F028FB98
:1065800053EC1C2B03F024FB53EC1A2B03F020FBE1
:1065900053EC1B2B03F044FA41EC100B9DED261B32
:1065A00053EC102B8DED001B00959DED260B51EC4F
:1065B000100B03F001F99DED000B41EC1A0B53ECAD
:1065C000102B9DED260B51EC100B03F001FB9DED04
:1065D000061B53EC112B2FE0000000604715F73F1E
:1065E000FE822B654715F73F44DF5DF80BAE543E46
:1065F00000000000000040438E9803007AB60B00B4
:10660000C2400000C8420000FA3F00000000000045
:106610000000000000000840000000E009C7EE3F55
:10662000FD033ADC09C7EE3FF5015B14E02F3EBEE7
:10663000863E0000403E000003F0BEF853EC1A2BEB
:1066400002F004FE9DED060B41EC1A0B53EC102BEF
:106650009DED000B51EC100B03F0AEF8CDE90C01F1
:106660009DED0C0B51EC1A0B53EC102B02F0EEFDD0
:10667000CDE902010C46AA498C422FDB611A08437E
:1066800018D19DED0C0B53EC102B9DED020B51EC32
:10669000100B03F09DFA41EC1B0B9FEDA30B51EC8B
:1066A0001A0B53EC102B02F0D1FD53EC1B2B03F013
:1066B00081F92DD20220F9F77CFF00F049FE10EE9F
:1066C000901A18EE900A8DED020B8DED008B61F3A0
:1066D0001E0003909DED020BFFF7BEBB944A24F011
:1066E0000041914214D39349214408437FF4EFAC15
:1066F0009DED0C0B53EC102B9DED020B51EC100B90
:1067000003F066FA53EC1A2B03F054F97FF6DFAC72
:1067100024F000408849894A002601EB205182423A
:106720002BDA481C4FF4801121FA00F02044844AEF
:10673000C0F30A517A44A1F2FF3192ED000B814A75
:106740008DED080BCA4020EA0202C0F3130040F4AA
:106750008010C1F1140120FA01F60992002CB8BF93
:1067600076429DED080B53EC102B9DED0C0B51EC7C
:10677000100B03F02DFACDE90C019DED0C0B51EC43
:106780001A0B53EC102B02F061FD9FED6F0B08907C
:10679000CDE9085153EC102B9DED080B51EC100B7B
:1067A00003F00AF841EC1B0B9FED690B53EC102B27
:1067B0009DED080B51EC100B02F0FEFF9DED0C0B54
:1067C00041EC1C0B53EC102B9DED080B51EC100B06
:1067D00003F0FEF953EC1A2B03F022F99FED5E1B38
:1067E00053EC112B02F0E8FF53EC1C2B02F02EFDB2
:1067F00041EC1A0B51EC1B0B53EC1A2B02F026FD4B
:10680000CDE902019DED020B53EC1B2B51EC100B5B
:1068100003F0DEF953EC1A2B03F002F99DED020BA5
:1068200041EC1A0B53EC102B51EC100B02F0C4FF8F
:10683000CDE908014A489DED080B0521784400F098
:10684000CEFC9DED081B51EC100B53EC112B02F00C
:10685000B3FF9DED021B53EC112B03F0E1F8CDE9E2
:1068600006019DED020B53EC1A2B51EC100B02F0BC
:10687000A3FF53EC1A2B02F0E9FC9FED3B0B41EC1C
:106880001A0B53EC102B9DED060B51EC100B03F083
:106890009FF99DED060B41EC1B0B53EC102B9DED6E
:1068A000020B51EC100B02F087FF53EC1B2B02F094
:1068B00089FD53EC1A2B03F08BF99DED021B53EC71
:1068C000112B03F085F953EC192B03F0A9F8CDE94E
:1068D000020101EB065001150029C8BF039015DC29
:1068E0009DED020B324651EC100B03F082FBFEF7DC
:1068F00015FD042808BF00F03BFD32469DED020B5C
:1069000051EC100B03F075FBCDE902019DED020B7C
:1069100051EC180B53EC102B02F04EFFFFF73ABB73
:106920000000904000000000FE822B654715973C58
:1069300000CC904000346F3F01FCFFFF0000E03FBF
:10694000A03E0000FFFF0F0000000000432EE63FC6
:10695000396CA80C615C20BEEF39FAFE422EE63F8E
:10696000983B000000000000000000000000004014
:1069700010B510EE100A2DED068BB7EE001A10EED2
:10698000901AB0EE418A0022A0F5000CDFEDFE9ACD
:106990004FF00073BCF1FE4F4FF07F4403EB410C0E
:1069A00080F0B481BCF1804FC0F02082F7490144EF
:1069B0009FEDF73AB1F5005F40F2D48200F58021F7
:1069C000CB0C03F00F0101EE901AC3F307137F3BCA
:1069D000A0EBC350B8EEE12A00EE100A1A44DFED36
:1069E000ED2AF0EE411A42EE221AF0EE613A70EE14
:1069F000232A30EE632A12EE900A00F500606FF34E
:106A00000B0001EE900A73EEE13A33EE804AC1EEDC
:106A1000223A22EE230A10EE100A00F500606FF30E
:106A20000B0000EE100A00EE612A00EE442A62EE2E
:106A3000232A70EE221A21EEA12ADFEDD73A02EEC8
:106A4000233A23EE023A20EE012A22EE811A03EEC7
:106A5000211A32EE010A10EE100A00F500606FF301
:106A60000B0000EE100A72EE401A31EE812A9FED03
:106A7000CB1A60EE011A9FEDCA1A20EE011A9FEDA3
:106A8000C90A02EE001A31EE810A10EE100A00F572
:106A900000606FF30B0000EE100AC34871EEC01ADD
:106AA00031EE812A784400EBC10090ED003AD0ED40
:106AB000011A100101EE100AF8EEC12A32EE211A75
:106AC00031EE001A31EE031A31EE221A11EE100ADD
:106AD00000F500606FF30B0009EE100A39EE621A40
:106AE00031EE431A31EE400A30EE610A32EE40AA2E
:106AF00010EE900A002100F500606FF30B0008EE25
:106B0000900A084670EEE8AA4FF0000029EE280A25
:106B100000F00C01F0EEC00A10EE900AB0F18B4FBD
:106B20000DDD10EE900AB4EB400F08D310EE100A02
:106B30004FF08B4262F31E0008EE900A13E069EEFC
:106B40002A0A38EEAA1A4AEE010A30EE201A11EE8D
:106B5000100A00F500606FF30B0008EE900A30EEAB
:106B6000680A70EE209A0C204FF0000038EEA90A57
:106B7000B5EEC00AF1EE10FA34BFFEEE000AF6EEF2
:106B8000000A30EE800ABDEEC00A10EE100A0111B4
:106B900000EE101AF8EEC00A00EE100AB8EEC00AB5
:106BA00038EEC00A30EE290ADFED801A9FED801A18
:106BB00000EE211ADFED7F1A7F4900F00F0040EE52
:106BC000011A21EE800A794401EB800191ED001A4F
:106BD0007A49794401EB8001D1ED001A784901EE40
:106BE000801A794401EB8000764990ED000A31EE7D
:106BF000001AB0EEE00A10EE100A884215DA10EE24
:106C0000100AB4EB400F10D39FED6F0A30EE800AEC
:106C1000DFED6E0A20EE200A68EE010ABDEC068B5D
:106C2000BCEEC00A20EE200A10BD10EE100A684922
:106C3000884243DA10EE100AB4EB400F3ED3BDEEAB
:106C4000E00A68EE010A10EE100A00EBD072511053
:106C5000C90501F17E5100EE101AA0EB6200C005DB
:106C600060EE200A00F17E5000EE100A60EE808A8D
:106C700018EE900AB4EB400F0FD10220F9F799FCFF
:106C800000F09EFB10EE101A18EE100ABDEC068BF9
:106C900061F31E0000EE100A10BD18EE900A4000CD
:106CA00011D018EE900AFEF751FB042808BF00F03F
:106CB0008FFBB0EE680ABDEC068B10BDF5EEC00A86
:106CC000F1EE10FA0FD20220F9F773FC00F080FB0E
:106CD00010EE101A18EE100ABDEC068B61F31E00C0
:106CE00000EE100A10BD0220F9F763FC00F068FB0B
:106CF00010EE101AB0EE480A10EE100ABDEC068B2A
:106D000061F31E0000EE100A10BD00BFBCF1804F01
:106D10006CD300BF00F1FF43B3F1FE4F24D200BF9C
:106D2000B0EEC00A10EE100AC1F3C7537F2B0DDB83
:106D3000972BBFF63BAEC3F196034FF0010C0CFA54
:106D400003F3A3F1010C1CEA010F08D00120F9F7AD
:106D500030FCBDEC068BBDE8104000F029BB0B42B7
:106D600018BFBFEE008A21E643001CBF4FF08073BE
:106D7000B3EB400F34D96FF01A02DFED161A20EE94
:106D8000210A10EE100A27E000000000001080C069
:106D9000ABAAAA3E0000803D7EE24C3E00B03842E5
:106DA000D49AB8BB3BAA384258390000FC59633723
:106DB000C9FF753A1872313DF63800002A390000D3
:106DC0009A3800000000FC420000FE420000004B28
:106DD000000040430000004D10F0004FA0D1E5E559
:106DE000A0F50003B3F1FE4F21D2DFE503EB410331
:106DF000B3F1007F11D3F5EEC00AF1EE10FA05D120
:106E0000430018BFB4EB400F76D883E701F0004190
:106E100041F0FC5100EE901A7CE7B3F1807F06D27E
:106E200010EE903AA3F5000300EE903A72E720F0DE
:106E300000426FF0FF4C604C02EB0C03A34210D3F6
:106E400021F000439C44A4450BD3B0F17E5F18BFF2
:106E50005FEA410C50D0B2F1FF4F98BFB3F1FF4F42
:106E600005D9BDEC068BBDE8104000F09EBAB0F12C
:106E7000FF4F0FD0C1F3C7527F2A09DB972A11DADF
:106E8000C2F19602012303FA02F2531E0B4205D00F
:106E9000002208E011F0004F55D128E00A4218BF47
:106EA000012200D1022210F5000F13D028B3B0F157
:106EB000004F26D010F1814F4FD04FF0FE42B2EB81
:106EC000400F94BF01200020012202EBE1718842B3
:106ED00039D10CE011F0004F02D0012A38D032E055
:106EE000012A02BF9FED350ABDEC068B10BD9FED58
:106EF000340ABDEC068B10BD2FE011F0004F0CD111
:106F000021E0B1F1FF4F1ED011F5000F05D011F0B7
:106F1000004F15D00AB1012A08D00220F9F749FB29
:106F2000BDEC068BBDE8104000F032BA0220F9F744
:106F300040FB00F02DFABDEC068BB1EE400A10BD0F
:106F40000AB1012A04D0B0EE690ABDEC068B10BD6F
:106F5000BDEC068B9FED1B0A10BDBDEC068BB7EE9A
:106F6000000A10BD30EE410AB5EE001A9FED172A57
:106F700000EE413AB6EE001A60EE001A00EE431A37
:106F800061EEC11A9FED101A20EE011A20EE020ADE
:106F90009FED0F2A01EE820A71EE001A11EE900A9F
:106FA00000F500606FF30B0009EE100A31EE491A8C
:106FB00031EE00AA9CE50000FFFF3F00000080FFCB
:106FC0000000807F0000008000B0B841D49A38BB38
:106FD0003BAAB84100B510EE101A2DED028B81B01E
:106FE000524A6846B2EB410F2ED94FF0E640B0EB63
:106FF000410F94BF00204FF0FF3000900098B0EE9A
:10700000408A00286ADB10F0010F4BD068EE080AB6
:107010009FED471A9FED470A00EE810A9FED461A41
:1070200010F0020F00EE801AB7EE000A00EE810A9F
:1070300002BF01B0BDEC028B00BD00BF01B0B1EEDC
:10704000400ABDEC028B00BD3C4B21F00042934254
:1070500041D911F0004FDFED3A0A20EE201ADFEDA2
:10706000390A19BF31EE601A71EE200A31EE201A8A
:1070700071EE600ABDEEE01A11EE100A9FED321AB1
:1070800000F0030000EEC10A9FED301A009000EE00
:10709000C10A9FED2F1A00EEC10A9FED2E1A00EED5
:1070A000C10AABE728EE080A9FED2B1ADFED2B0A89
:1070B00010F0020F40EE410A9FED291A00EE201A4F
:1070C00061EE000AB0EE480A08EE200AB6D101B01F
:1070D000BDEC028B00BD00F083F98FE718EE100ABB
:1070E0004000B0F17F4F0DD218EE100AFEF72EF9D6
:1070F000042808BF00F06CF9B0EE480A01B0BDECFE
:10710000028B00BD09D10120F9F753FA01B0BDECA3
:10711000028B5DF804EB00F04BB901B0B0EE480A09
:10712000BDEC028B5DF804EB00F03CB9B61F927E1B
:10713000B93AB2BACA9F2A3DDDFFFFBE490E4946A1
:1071400083F9223F0000004B0000C93F00A0FD3939
:107150000020A2331A61342C336D4C39DA82083C9A
:10716000A0AA2ABE00B52DED048BB0EE409AF0EE39
:10717000609A83B051EC190B02F05EFC41EC180BE5
:1071800018EE100A18EE901A8DED008B002818BF2B
:107190000120084320F00040C0F17F6000F1E04092
:1071A000C00F14D019EE101A19EE900A8DED009B45
:1071B000002918BF0121084320F00040C0F17F6082
:1071C00000F1E040C00F04BF0120F9F7F2F9B0EE82
:1071D000480A03B0F0EE680ABDEC048B00BD70B540
:1071E00004462DED028B4D1E00EBC500B0EE408A2B
:1071F000F0EE608A90ED000B35F0060017D053ECEE
:10720000182B51EC100B02F0D7FA41EC100B6D1E4D
:1072100004EBC50090ED001B51EC100B53EC112B4F
:1072200002F014F841EC100B35F00600E7D1022D06
:1072300036D0042D1CD0062D1CBFBDEC028B70BDBA
:1072400053EC182B51EC100B02F0B6FA94ED0A1B1C
:1072500053EC112B01F0FAFF53EC182B02F0ACFAAF
:1072600094ED081B53EC112B01F0F0FF41EC100BD7
:1072700053EC182B51EC100B02F09EFA94ED061B08
:1072800053EC112B01F0E2FF53EC182B02F094FAAF
:1072900094ED040B53EC102B01F0D8FF41EC100BD4
:1072A00053EC182B51EC100B02F086FA94ED021BF4
:1072B00053EC112B01F0CAFF53EC182B02F07CFAAF
:1072C00094ED001B53EC112B01F0C0FFBDEC028BC1
:1072D00041EC100B70BD00009FED070B10B553EC97
:1072E000102B9FED070B51EC100B02F06BF841ECEB
:1072F000100B10BD000000000000000000000000A6
:10730000000000000000F03F10B553EC102B51ECD2
:10731000100B01F09BFF41EC100B10BD10B553ECAE
:10732000112B51EC100B01F091FF41EC100B10BD33
:107330009FED050B10B553EC102B51EC100B02F028
:1073400041F841EC100B10BD0000000000000000EF
:107350009FED050B10B553EC102B51EC100B02F008
:107360002BFA41EC100B10BD000000000000007073
:107370009FED050B10B553EC102B51EC100B02F0E8
:107380001BFA41EC100B10BD0000000000000010C3
:10739000DFED030AB7EE001A81EE200A7047000005
:1073A0000000000030EE000A704730EE200A7047FF
:1073B000DFED020A80EEA00A704700000000000026
:1073C0009FED020A20EE000A7047000000000070E6
:1073D0009FED020A20EE000A704700000000001036
:1073E0002DE9F0014FF07F42B2EB410F9FBF4FF00C
:1073F000FF310160BDE8F00170474FF0004242EA02
:107400000123C1F3C752783A551112F01F0C434CB7
:10741000CCF120067C44C1F3C752A2F178024FEAB6
:10742000621204EB820254F8254008BFD2E90156EB
:1074300012D0556804FA0CF425FA06F73C43976815
:1074400005FA0CF527FA06F8D26807FA0CFCF240A8
:1074500045EA08054CEA0206A4FB034CA5FB0352CF
:10746000A6FB03631D449D4234BF01260026131969
:10747000334416B1934202D903E0934201D2012270
:1074800000E00022624402F1200C9206DC0C42EA89
:10749000443200EE102A5B03DFED210AF8EEC01A39
:1074A00000EE103A4FEA9C1C11F0004FB8EE400A73
:1074B000C0F800C020EE201A00EE105ADFED190AC5
:1074C000B8EE400A20EE200A71EE810A70EE800AC2
:1074D00010EE902A02F500626FF30B0200EE902A84
:1074E00070EEE11A31EEC11ADFED101A30EE411ADA
:1074F0009FED0D0A20EE800A01EE210A9FED0C1A85
:1075000000EE810A04BFBDE8F0017047CCF1805164
:107510000160BDE8F001B1EE400A7047C8310000DB
:10752000000000360000802C22AAFD29DB0FC92FA5
:107530000000C92F10B52DED028BB0EE608ADFED93
:107540000D8A30EE480AF0EE680AFEF78FFB10EE67
:10755000100A0949884201DD30EE680A074910EE39
:10756000100A884201D930EE280A38EE000ABDEC34
:10757000028B10BD0000B44300003443000034C34C
:1075800010B541EC100BFDF707FF51EC100B10BDCF
:1075900010B50648F9F7B4F80448FAF710FBBDE84F
:1075A000104002210148F9F70DBF0000380A002001
:1075B00010B50648F9F7CAF80448FAF700FBBDE829
:1075C000104002210148F9F7FDBE0000600A0020CA
:1075D00010B5064C07E011F8013B4340DBB234F82C
:1075E000133083EA1020521EF5D210BD78A1000896
:1075F00070B5044690F830000025FD2803D194F8BA
:107600003100EE2801D0A56170BD0E2204F13001D9
:107610000020FFF7DDFFA084E18F814208D02563C1
:107620006563A563E563A561E06A401CE06270BD27
:1076300094F8320000F00F012170C0F30210607066
:1076400094F93B00606094F83C0000F00700A060F3
:10765000B4F9350000EE100AF8EEC00A9FED170AE3
:1076600020EE801ADFED160A21EE201A84ED041AAE
:10767000B4F9330001EE100AB8EEC11A21EE000A87
:1076800084ED030AD4F8370000EE100AB8EEC00A01
:1076900020EE200ADFED0B0A20EE200ADFED0A0AB9
:1076A00084ED050A80EE201A84ED081AA08FC0F33D
:1076B000CB00E0610120A06170BD00000000803BB4
:1076C000D00FC940000000385C8FCA4082B0CDE9BD
:1076D000000121F0004001909DED000B02B051EC43
:1076E000100B704710B59FED0A1A2DED028BB0EE0E
:1076F000408A9FED060A60EE800A80EE810AFEF75E
:107700000DFA20EE080ABDEC028B10BDDB0F4940DC
:1077100000003443012131EE601A814070EE600AAE
:10772000491E00EE101AB8EEC00A20EE800AC0EE24
:10773000010ABDEEE00A10EE100A704770B51B4C4E
:107740001B4D2DED028B94ED010AD5ED010A9FED45
:10775000198ADFED198A20EE200AB0EE481AF0EE01
:10776000680AF9F795FA154EB0EE481AF0EE680A75
:1077700086ED010A94ED000AD5ED001A20EE210AEB
:10778000F9F786FA86ED000A94ED020AD5ED021AA1
:10779000B0EE481AF0EE680A20EE210AF9F778FAFE
:1077A00086ED020ABDEC028B70BD00000C060020C5
:1077B0008C5800200000FA440000FAC4B0580020A1
:1077C000FAF7F8FCFCF7C2FFFCF7D4F8FCF750F826
:1077D000FCF746F9FCF7D8F9FCF702F8FCF724F8B7
:1077E000FCF762F9FCF794F9FCF7B2F9134800686A
:1077F000C16841F01001C160222211490F48FBF716
:10780000D9FE10220F491048FBF7D4FE0F48FBF7B2
:10781000F9F9FFF7BDFEFFF7CBFE0D490D48FBF769
:1078200047FF0D490D48FBF743FFFCF789FD00F0CA
:1078300025F8FCF763F800F033F8FEE7700B002042
:107840005C5900203C580020280B0020E00A002052
:107850007C050020380A0020BC050020600A0020BA
:1078600010B5EFF3058111B16FF0050403E00024BA
:1078700008B100F0CFFE204610BD0000EFF30580F8
:1078800010B16FF0050070470448016811B14FF066
:10789000FF30704701210160002070477C0000200C
:1078A00010B5EFF3058010B16FF0050010BD08486A
:1078B0000168012902D04FF0FF3010BD054A0021B8
:1078C00082F8141D0221016000F00CFF002010BDA1
:1078D0007C0000200BE000E02DE9FF410B464FF05B
:1078E0000005EFF30581039549BB40B380261821BD
:1078F00000244AB3176807B13C46976907B1394677
:107900004F1E382F02D21779FF0703D0002004B092
:10791000BDE8F081576907B1BE08D2F808C0BCF1D4
:10792000000F0DD0D5685C2D18D312693AB137B16C
:107930008DE806103246214601F06DFA03900DE005
:10794000D7685FB912694AB903AACDE90012B2B289
:10795000214601F033FA012800D003950398D6E7B9
:10796000214A2249F2EE040A92ED000A81ED000A52
:1079700092ED010A81ED010A92ED030A80EE201AD0
:107980009FED1B0A81ED021A81ED1E0A81ED1F0A8F
:1079900081ED200A90F84201012824D140F6B83048
:1079A000DFED140AC1ED060A81ED070A81ED080A30
:1079B00081ED240A81ED250A81ED260AC1F8F00047
:1079C000C1ED0C0AC1ED0D0ADFED0B0AC1ED0E0A87
:1079D00081ED2A0A81ED2B0A81ED2C0AC1F8F40011
:1079E000022081F8040170474C580020B0080020A4
:1079F0000000000000007A440000B4422DE9F0418C
:107A0000134E0F460446F5683068001D00F0D0FCA8
:107A1000601C07D137B13168BDE8F0410D48091D40
:107A200000F016BD30682C44AC424460316805D289
:107A3000B06BBDE8F041091D00F0F2BC706B091D90
:107A400000F0EEFCB06A844200D2B462BDE8F0817E
:107A50002C000020781300202DE9F041054600F0AD
:107A600003FD2D4EB068401CB06030682B4F10B144
:107A7000706930B32BE03560B068012827D100244D
:107A800004EB840007EB800000F0BCFC641C382C85
:107A9000F6D3234800F0B6FC2148143000F0B2FCC5
:107AA0001F48283000F0AEFC1D483C3000F0AAFC16
:107AB0001B48503000F0A6FC194870631430B063C6
:107AC00005E03068E96AC06A884200D83560706AAB
:107AD000401C70626864E86A3169884200D930618C
:107AE00000EB800007EB8000291D00F0B1FC00F0E6
:107AF000DBFC706900280CD03068E96AC06A8842F3
:107B000007D208494FF080500860BFF34F8FBFF392
:107B10006F8FBDE8F08100002C000020C80E00200F
:107B20002813002004ED00E038B500F09DFC104C57
:107B30002068C8B90F4800F065FC0E48143000F00A
:107B400061FC0C48E060143020610A4B0020F03BDF
:107B5000009003F1500210210A2000F0CFFE2060B7
:107B600010B105A100F022FDBDE8384000F09CBC3A
:107B7000680000207C140020546D72510000000049
:107B800030B4026C0B46002A0BD0C1681144C160AE
:107B90008468A14201D30168C16030BC1846F8F77F
:107BA0005ABC30BC70472DE9F041856B174604463E
:107BB0000026026C82B1C7B1E068F8F74CFCE168BE
:107BC000206C091AE1602268914202D2A168081A69
:107BD000E060022F16D017E02068A8B9A06801F075
:107BE000BFF906460020A0600EE06068F8F733FC9D
:107BF000216C606808446060A168884204D32068F2
:107C0000606001E005B16D1E6D1CA5633046BDE8E6
:107C1000F08110B5044690F8590058B101280CD0F5
:107C200002280FD0502080F31188BFF34F8FBFF38D
:107C30006F8FFEE7206B00F04BFC2046BDE8104044
:107C400000F046BC10BD000010484FF470514207D0
:107C500006D0C01D0D4920F00700411AC1F5705132
:107C60000B4A00230144C2E900030839183A21F005
:107C7000070111604B600B600B1AC0E900139360A1
:107C80004FF0004053605061704700005C1B0020C3
:107C900098000020134E144DA6F29C474FF08058D8
:107CA000DFF8489011E000F0DFFBF068C468201DA9
:107CB00000F07EFBA868401EA8606868401E6860EF
:107CC00000F0F2FB2046FFF7A4FF68680028EAD125
:107CD00038680128F9D9C9F80080BFF34F8FBFF386
:107CE0006F8FF2E7641300202C00002004ED00E009
:107CF00070B51D46049C49B12260C4E90F01012101
:107D0000204600F02FFE84F84C5070BD2460F4E74C
:107D10002DE9F05F0E46DDE90B941746834691008E
:107D20009A460A9DA522206BF8F70CFC6FF0030120
:107D3000206B01EB8701084420F00707780707D084
:107D4000502080F31188BFF34F8FBFF36F8FFEE792
:107D50004FF0000866B100202218315C82F8341020
:107D6000315C11B1401C1028F6D384F8438001E047
:107D700084F83480382D00D33725E562C4E91358E0
:107D8000201D00F04AFB04F1180000F046FB2461BE
:107D9000C5F138006462A061C4F8548084F858804A
:107DA00052465946384600F05DFA2060B9F1000F9E
:107DB00001D0C9F80040BDE8F09F000030B511497E
:107DC00000E011460A688242FBD34B685C1884428B
:107DD00003D1406818444860084643681C18944220
:107DE00009D1084C183C2468A24209D052681A44B0
:107DF00042600A6812680260814200D0086030BDAB
:107E00000460F9E79800002070B5002441600B4D34
:107E10000061914206D8D11A8269914206D2011DB1
:107E2000286907E09A4203D2994201D3012403E072
:107E3000011DE86800F0F4FA204670BD68000020DB
:107E400010B5044600F010FBA06B20B1002400F038
:107E50002BFB204610BD0124F9E7000030B587B0A8
:107E60003C4D6EE00198002806DADDE90301029A34
:107E700090470198002864DB039C606910B1201DC5
:107E800000F096FA05A800F0D7F8024601980A28F3
:107E900057D2DFE800F00505052D334A05052D33DF
:107EA00094F8280040F0010084F828000298A169A5
:107EB000034601442046FFF7A7FF68B3216A204626
:107EC000884794F8280040073BD50020009002988E
:107ED000A169002342181946204601F047F9D8B994
:107EE000502080F31188BFF34F8FBFF36F8FFEE7F1
:107EF00014F8280F20F00100207022E094F82800E8
:107F000040F0010084F828000298A06128B181188F
:107F100013462046FFF778FF13E0502080F31188C6
:107F2000BFF34F8FBFF36F8FFEE794F828008107F0
:107F300003D4204600F0CCFA03E020F0010084F8DE
:107F40002800002201A9286800F062FE002889D1DB
:107F500007B030BD680000202DE9FC410F46054602
:107F600000F002FC01A800F067F80446019818B17F
:107F700001F06CF8BDE8FC81254EAFB130690068B6
:107F8000D0B30027291B3A46306800F021FB01F0EE
:107F90005DF80028EED11F494FF080500860BFF314
:107FA0004F8FBFF36F8FE5E7A542EBD801F04EF896
:107FB000F0682746C068C468201D00F0F9F994F8FD
:107FC0002800410719D5A0692B4641193A46204699
:107FD000FFF71AFFA8B100200346014600902A4689
:107FE000204601F0C3F860B9502080F31188BFF338
:107FF0004F8FBFF36F8FFEE707E020F0010084F89A
:108000002800216A20468847B4E70127BAE7000024
:108010006800002004ED00E00648416B096829B1C2
:10802000416BC968C9684968816270474FF0FF3188
:10803000FAE700002C00002070B5054600F026FF8E
:10804000064E0446B068844203D200F009F80120CD
:1080500000E0002028602046B46070BD6800002069
:10806000F8B5194E20E0C068C4680568201D00F00E
:108070009FF9216A2046884794F82800400713D5C5
:10808000A0692844A84206D924616060211DF068D7
:1080900000F0C6F908E000200346014600902A4699
:1080A000204601F063F838B1F06801680029DAD1A0
:1080B0003169C6E90310F8BD502080F31188BFF381
:1080C0004F8FBFF36F8FFEE76800002008484068BD
:1080D000401C4FF0500080F3118804D0BFF34F8F45
:1080E000BFF36F8FFEE7BFF34F8FBFF36F8FFEE7D6
:1080F000A0000020084CE068016839B1002139B1C6
:108100000020FFF729FFFFF7A9FEF4E70121F6E7BA
:10811000C0680068F5E70000680000202DE9F04124
:10812000044600F0A1F994F9455004F1240609E051
:10813000606A48B1304600F051FF08B100F098FA8B
:108140006D1E6DB2002DF3DC4FF0FF3684F84560F4
:1081500000F0AAF900F088F994F9445004F11007EE
:1081600009E0206948B1384600F038FF08B100F056
:108170007FFA6D1E6DB2002DF3DC84F84460BDE81B
:10818000F04100F091B900002DE9F04105460026CC
:1081900000F0EAFA324F386808B9FFF755FD786900
:1081A00005424ED1C5B3083568070ED005F007006B
:1081B000C0F108000544680707D0502080F31188FB
:1081C000BFF34F8FBFF36F8FFEE72DB37868854203
:1081D00037D8234918310846046801E0214604468F
:1081E0006068A84202D220680028F7D1386884422B
:1081F00027D00E682068086060680836411B102987
:108200000FD96019420708D0502080F31188BFF3BE
:108210004F8FBFF36F8FFEE713E041606560FFF79C
:10822000CDFD61687868401A7860BA68904200D2E3
:10823000B860786901430020C4E90001F868401C77
:10824000F86000F003FF700707D0502080F311881A
:10825000BFF34F8FBFF36F8FFEE73046BDE8F0816D
:108260008000002010B5031F4FF080741C601B1F9E
:1082700021F001011960191F044B0B6014390A60C9
:10828000091F6FF0020244380A6010BDCD8000085B
:1082900090ED001AB4EEC01AF1EE10FA0FD30EDD15
:1082A000B4EEC01AF1EE10FA17D971EE600AC0ED03
:1082B000000AF4EEC00AF1EE10FA0ED97047B4EEDF
:1082C000C01AF1EE10FA08DA71EE200AC0ED000AC9
:1082D000F4EEC00AF1EE10FAF0DB80ED000A704710
:1082E00000B52DED048B83B041EC190B01F0A4FB1C
:1082F00041EC180B18EE100A18EE901A8DED008B59
:10830000002818BF0120084320F00040C0F17F6022
:1083100000F1E040C00F14D019EE101A19EE900AC7
:108320008DED009B002918BF0121084320F000407B
:10833000C0F17F6000F1E040C00F04BF0120F8F7FA
:1083400038F951EC180B03B0BDEC048B00BD0000F4
:1083500070B50D462DED028BB0EE408A044690EDCF
:10836000000AF0EE480AFFF7E5F830EE481A0E4929
:10837000B0EEC11A11EE100A88420FDD94ED000A2A
:108380009FED0A1AF0EE480A30EE010AFFF7D2F824
:10839000D5ED000AF1EE600AC5ED000A84ED000A91
:1083A000BDEC028B70BD00000000B44200003443FD
:1083B000D0E9013201699A60D0E901235A604A6824
:1083C000824201D182684A60002202610868401E30
:1083D0000860086870470000034B036003F15C000D
:1083E0000860802010607047A4140020044B0360D4
:1083F00003F15C0008604FF480701060704700006B
:108400000017002000F108014FF0FF32C0E901120F
:10841000C160016100210160704700210161704766
:1084200030B50C68621C02D000F1080202E002695B
:1084300004E01A4653681D68A542FAD953684B6098
:1084400099608A60516008610168491C016030BD13
:1084500042684A6093688B609368596091600861D4
:108460000168491C01607047502080F31188BFF3F8
:108470004F8FBFF36F8F0A494868401C486001283E
:108480000CD10848006810F0FF0F07D0502080F38F
:108490001188BFF34F8FBFF36F8FFEE77047000067
:1084A000A000002004ED00E00849486828B1401E03
:1084B000486001D180F311887047502080F3118803
:1084C000BFF34F8FBFF36F8FFEE70000A0000020C7
:1084D00070B500282AD0164DA0F1080460686969BB
:1084E000084207D1502080F31188BFF34F8FBFF3AC
:1084F0006F8FFEE722683AB1502080F31188BFF3F6
:108500004F8FBFF36F8FFEE78843606000F02CF958
:1085100060686968084468602046FFF74FFC286976
:10852000401C2861BDE8704000F090BD70BD0000A7
:10853000800000204FF0E0200021016181610549A9
:108540004FF47A720968B1FBF2F1491E41610721CB
:10855000016170472800002010B5F7F7E1FE1149CE
:1085600010280ED300F1E02090F8F0030A78904232
:1085700007D2502080F31188BFF34F8FBFF36F8F66
:10858000FEE709480068896800F4E060884207D97E
:10859000502080F31188BFF34F8FBFF36F8FFEE73A
:1085A00010BD0000A00000200CED00E010B5074B4E
:1085B000002253F832401CB1521C082AF9D310BDD6
:1085C00043F8321003EBC201486010BD880E002052
:1085D00070B515460E460446FFF746FF94F9441061
:1085E0000020491C01D184F8440094F94510491C2D
:1085F00001D184F84500FFF757FFA06B28B92A4640
:10860000314604F1240000F051F82046BDE87040E6
:10861000FFF784BD10B5020014D00F48006B38B1CD
:10862000502080F31188BFF34F8FBFF36F8FFEE7A9
:1086300000F09AF800211046FFF7E0F900F006FD7F
:10864000002807D105494FF080500860BFF34F8FD5
:10865000BFF36F8F10BD00002C00002004ED00E080
:1086600002490A6A0260C968416070472C00002014
:1086700001490120C86170472C00002010B50C464C
:1086800050B1094909681831FFF7CAFE2046BDE814
:1086900010400121FFF7B2B9502080F31188BFF3D9
:1086A0004F8FBFF36F8FFEE72C00002070B514468C
:1086B0000D4668B10A4909681831FFF7C9FE0CB1C7
:1086C0004FF0FF3521462846BDE87040FFF796B9C8
:1086D000502080F31188BFF34F8FBFF36F8FFEE7F9
:1086E0002C00002030B587B00025039505AA04A909
:1086F00003A80495FFF770FEDDE903010095CDE9BD
:108700000110002314A11648059A00F084FB154CB3
:10871000E06218B100F0FAFC012809D0401C19D120
:10872000502080F31188BFF34F8FBFF36F8FFEE7A8
:10873000502080F31188BFF34F8FBFF36F8F4FF03E
:10874000FF30A06201206061E56007B0BDE8304005
:1087500000F044B807B030BD49444C45000000006B
:10876000957C00082C0000200248016B491C016325
:10877000704700002C000020164B10B5186B10B18C
:108780000120D86110BD0020D8611869124901E0AC
:10879000B8B1401E00EB800251F82220002AF7D029
:1087A00000EB800201EB820101F108044A68526883
:1087B0004A60A24201D152684A60D16819601861CA
:1087C00010BD502080F31188BFF34F8FBFF36F8F20
:1087D000FEE700002C000020C80E00201CB5374822
:1087E0000168374A914207D1502080F31188BFF3C6
:1087F0004F8FBFF36F8FFEE700683149491E8842F3
:1088000007D1502080F31188BFF34F8FBFF36F8FD4
:10881000FEE72C4908780190FF20087008788DF851
:1088200000009DF800009DF8002000F0F00090424C
:1088300007D0502080F31188BFF34F8FBFF36F8FA5
:10884000FEE79DF80000204C00F05000207007204B
:10885000A06006E0401EA0609DF8000040008DF87A
:1088600000009DF800000006A068F3D4032807D09C
:10887000502080F31188BFF34F8FBFF36F8FFEE757
:108880004FF44070A060019808700C4820300168D7
:1088900041F470010160016841F070410160FFF72F
:1088A00049FE00206060F7F703FD0848016841F0C9
:1088B00040410160F7F7E8FC00201CBD00ED00E03E
:1088C00071C20F4100E400E0A000002034EF00E09E
:1088D00010B5502080F31188BFF34F8FBFF36F8F17
:1088E00000F0DAFA18B104494FF080500860002017
:1088F00080F3118810BD000004ED00E038B5049D40
:1089000018B153B1CAB181B120E0502080F3118871
:10891000BFF34F8FBFF36F8FFEE7502080F31188B6
:10892000BFF34F8FBFF36F8FFEE7502080F31188A6
:10893000BFF34F8FBFF36F8FFEE739B1502080F345
:108940001188BFF34F8FBFF36F8FFEE750241C4693
:10895000012384F846302B460094FFF7C9F92046DE
:1089600038BD000070B50D46040025D0FFF77CFD32
:10897000D4E90F20216802FB0011A1600021A1634E
:10898000216861600A46D4E90F01401E00FB012105
:10899000E16021464FF0FF3001F8440F487004F1C8
:1089A00010008DB1FFF72EFD04F12400FFF72AFD22
:1089B000FFF77AFD012070BD502080F31188BFF3CE
:1089C0004F8FBFF36F8FFEE721690029F0D000F0D1
:1089D00005FB0028ECD004494FF080500860BFF33D
:1089E0004F8FBFF36F8FE3E704ED00E02DE9FF4FFA
:1089F00083B01F468B4604004FF0000603D0BBF146
:108A0000000F08D011E0502080F31188BFF34F8F82
:108A1000BFF36F8FFEE7206C38B1502080F31188D0
:108A2000BFF34F8FBFF36F8FFEE7022F0AD1E06BCA
:108A3000012807D0502080F31188BFF34F8FBFF378
:108A40006F8FFEE700F014FADFF800914FF0000A94
:108A50004FF0805848B9059838B1502080F31188FC
:108A6000BFF34F8FBFF36F8FFEE7FFF7FDFCA06BE7
:108A7000E16B884205D3022F03D00598C8B1DEB15F
:108A80001EE03A4659462046FFF78DF8616A19B153
:108A900004F1240000F0A2FA28B1C9F80080BFF365
:108AA0004F8FBFF36F8FFFF7FFFC012007B0BDE8CA
:108AB000F08FFFF7F9FC21E06846FFF7D1FD0126B2
:108AC000FFF7F2FCFFF750FEFFF7CEFC94F94400ED
:108AD000401C01D184F844A094F94500401C01D108
:108AE00084F845A0FFF7E0FC05A9684600F02CF9E2
:108AF00030B12046FFF712FB00F0A8FA0020D5E7BE
:108B0000FFF7B2FCA06BE16B884201D1012500E0C8
:108B10000025FFF7C9FC95B104F110000599FFF796
:108B2000ADFD2046FFF7FAFA00F090FA00289CD13C
:108B3000C9F80080BFF34F8FBFF36F8F95E72046D2
:108B4000FFF7ECFA00F082FA8FE7000004ED00E096
:108B50002DE9F0471F4690468946040003D0B9F13D
:108B6000000F08D011E0502080F31188BFF34F8F21
:108B7000BFF36F8FFEE7206C38B1502080F311886F
:108B8000BFF34F8FBFF36F8FFEE7022F0AD1E06B69
:108B9000012807D0502080F31188BFF34F8FBFF317
:108BA0006F8FFEE7FFF7D8FC5020EFF3118680F3BC
:108BB0001188BFF34F8FBFF36F8FA06BE16B8842BB
:108BC00006D3022F04D0002086F31188BDE8F08779
:108BD00094F94550A06B3A4649462046FEF7E3FF1C
:108BE000681C04D06D1C84F845500120ECE7606AD5
:108BF0000028FAD004F1240000F0F0F90028F4D0A5
:108C0000B8F1000FF1D00121C8F80010EDE7000025
:108C10002DE9F74783B08A4604004FF0000603D0E1
:108C2000BAF1000F08D011E0502080F31188BFF393
:108C30004F8FBFF36F8FFEE7206C38B1502080F369
:108C40001188BFF34F8FBFF36F8FFEE700F010F96D
:108C5000DFF8F09000274FF0805848B9059838B1F8
:108C6000502080F31188BFF34F8FBFF36F8FFEE763
:108C7000FFF7FAFBA56BC5B151462046FEF780FF12
:108C80006D1EA563206950B104F1100000F0A6F933
:108C900028B1C9F80080BFF34F8FBFF36F8FFFF784
:108CA00003FC012006B0BDE8F087059808B11EB1AD
:108CB00006E0FFF7F9FB27E06846FFF7D1FC012645
:108CC000FFF7F2FBFFF750FDFFF7CEFB94F94400EE
:108CD000401C01D184F8447094F94500401C01D136
:108CE00084F84570FFF7E0FB05A9684600F02CF812
:108CF000002820460AD0FFF711FA00F0A7F9204615
:108D0000FFF79EF80028B3D00020CBE7FFF798F8D4
:108D100090B104F124000599FFF7B0FC2046FFF75D
:108D2000FDF900F093F90028A2D1C9F80080BFF343
:108D30004F8FBFF36F8F9BE72046FFF7EFF900F0EF
:108D400085F995E704ED00E02DE9F0410C460500BA
:108D500011D0C4B1FFF788FB174EF1686B68226829
:108D6000C81A571C17D02F68366AB74219D08B42E1
:108D700017D8012410E0502080F31188BFF34F8FE3
:108D8000BFF36F8FFEE7502080F31188BFF34F8F42
:108D9000BFF36F8FFEE70024FFF786FB2046BDE898
:108DA000F081824205D9101A20602846FFF758FC4E
:108DB000F1E700202060DCE72C0000202DE9FF5FB8
:108DC0008346DDE90E87994616468A469000FFF7EE
:108DD000DBF905001CD05C20FFF7D6F9040014D0A5
:108DE0000020256384F85900CDE90240CDE90087D1
:108DF0004B46324651465846FEF78AFF2046FEF75C
:108E00002BFE012004B0BDE8F09F2846FFF760FB71
:108E10004FF0FF30F6E7F0B585B00546DDE90B040D
:108E20000A9EA8B1E4B15C2700972063022084F871
:108E300059000020CDE9024004AF2846CDE9006783
:108E4000FEF766FF2046FEF707FE049805B0F0BD6A
:108E5000502080F31188BFF34F8FBFF36F8FFEE771
:108E6000502080F31188BFF34F8FBFF36F8FFEE761
:108E70000548416919B1006B18B100207047012005
:108E800070470220704700002C0000200148C06895
:108E9000704700002C0000202DE9F0412E4F0026E5
:108EA000386B28B1B869401CB8613046BDE8F08124
:108EB000FD686D1CFD6013D1786B006838B15020DF
:108EC00080F31188BFF34F8FBFF36F8FFEE7786B8E
:108ED000B96B7963B863386A401C3862FFF79CF855
:108EE000B86ADFF87880854209D3786B0068A0B152
:108EF000786BC068C4686068854211D2B86238680F
:108F0000C06A00EB800158F82100012800D9012631
:108F1000F8690028C9D00126C7E74FF0FF30EDE718
:108F2000201DFFF745FAA06A18B104F11800FFF7F9
:108F30003FFAE06A3969884200D9386100EB800164
:108F400008EB8100211DFFF783FAE06A3968C96ADE
:108F50008842CAD30126C8E72C000020C80E002092
:108F600070B504004FF000002BD01A4D29688C42D8
:108F700007D0502080F31188BFF34F8FBFF36F8F5E
:108F8000FEE7216DF1B1491E2165E36CE26A9A4268
:108F900017D0002915D1201DFFF70AFAE06CE06216
:108FA000C0F13800A061E06A2969884200D92861CF
:108FB000094900EB800001EB8000211DFFF748FA12
:108FC000012070BD502080F31188BFF34F8FBFF395
:108FD0006F8FFEE72C000020C80E002070B5C0681F
:108FE000C46854B104F118000646FFF7E1F9144DC6
:108FF000286B50B13146134815E0502080F311889A
:10900000BFF34F8FBFF36F8FFEE7201DFFF7D0F93F
:10901000E06A2969884200D928610B4900EB800089
:1090200001EB8000211DFFF713FAE06A2968C96A85
:10903000884202D90120E86170BD002070BD0000A7
:109040002C00002050130020C80E00202DE9F0470E
:109050002B4D00242746286B38B1FFF705FA286B03
:10906000401E2863286B40B145E0502080F31188F2
:10907000BFF34F8FBFF36F8FFEE7A868214901262A
:10908000C8B3A1F591698846D8F80010E1B1D8F8C5
:109090000C00C46804F11800FFF78AF9201DFFF7DF
:1090A00087F9E06A2969884200D9286100EB8001CC
:1090B00009EB8100211DFFF7CBF9E06A2968C96A35
:1090C0008842E1D3EE61DFE70CB1FEF7A5FFAC69A2
:1090D0003CB1FFF7E1FE00B1EE61641EF9D1002062
:1090E000A861E86938B10849012738070860BFF36B
:1090F0004F8FBFF36F8FFFF7D7F93846BDE8F08782
:109100002C0000205013002004ED00E010B586B0C4
:10911000FEF70AFD114C2068B8B1002003900490BE
:1091200005AA04A903A8FFF761F9DDE903210220DC
:109130008DE8070000230AA10B48059AFFF76BFE94
:10914000606010B106B0012010BD502080F311887E
:10915000BFF34F8FBFF36F8FFEE700006800002062
:10916000546D722053766300F58000082DE9FF41AD
:109170001F4603000A9E4FF0000015D0134D2C68C7
:10918000002C0ED08DE80E00062917DAFFF770FECE
:1091900002284FF000030FD0002269462868FFF72D
:1091A00025FC04B0BDE8F081502080F31188BFF3A6
:1091B0004F8FBFF36F8FFEE73246EEE700233A464C
:1091C00069462046FFF7C4FCEBE70000680000207A
:1091D00081F00041704780F00040704721F000416D
:1091E000704720F00040704721F00042A2F1605229
:1091F000B2F5801F01F0004328BFD2F17F6C0BD97C
:109200005FEA001C43EAC20242EB507018BF70478D
:1092100028BF20F001007047B2F5801FBCBF184680
:1092200070474FEA410C1CF5001F02D2084600F0BF
:10923000A9BE70B500F06AFB00000089FFF7F6BF19
:109240004FF00040A0F580007047000010B591EA93
:10925000030F48BF83F0004300F1C284841A71EB0E
:10926000030C05D2121943EB0C03001B61EB0C013C
:10927000DFF824E14FEA1154A4EB135C1EEA430F1C
:1092800018BF9EEA445F73D023EA0E03DCF1200E80
:1092900021EA045143F4801332D322FA0CFE10EB7E
:1092A0000E0023FA0CFE41EB0E01CCF1200E03FA66
:1092B0000EFE10EB0E0051F10001B1F5801FCCF154
:1092C000200E32D201EB045112FA0EF2BDE810402A
:1092D00058BF7047401C38BF5FEA420218BF704752
:1092E000002814BF20F0010041F100014FEA4103C2
:1092F00013F5001F38BF7047A1F1C04100F054BB07
:10930000012A43EB0302ACF1200CDCF11F0E32BF4B
:109310004FF0000E23FA0CF310EB030041EB045165
:10932000B4EB115FD0D0A1EB045101F580114908D5
:109330005FEA300001EB04510ED350F1000038BF5A
:1093400012FA0EFE08D1BDE81040C9E7401C38BF34
:109350005FEA4202CAD1C3E7BDE810404FEA4103C9
:1093600013F5001F38BF7047A1F1C04100F01CBBCE
:109370009EEA445F08D011EA5E0FBDE8104004BFCA
:1093800001F0004100207047BDE8104070B500F0CA
:10939000BDFA00BF64FBBE3E0000E0FF02494FF093
:1093A000000000F0F4BD00BF0000F87F491058BF76
:1093B000C1F140415B1058BFC3F140438B42EFF312
:1093C000008070472DE9C04130B4DFF8A0C23CEA0C
:1093D000111418BF3CEA131400F0EC8081EA030575
:1093E0001CEA111444EAD57418BF1CEA131500F0E6
:1093F000C780A4EB05044FF0004545EAC12145EACA
:10940000C32341EA505143EA525304F17F74994215
:1094100004F500344FEAC0204FEAC22208BF904250
:1094200000F09C804FEA13650FF24016765D4FEA1C
:10943000134506FB05F7C7F1807706FB07F74FEAF0
:10944000D737A7FB03687642C8F58038A7FB06CE5E
:1094500038BFA8F1010807FB08E64FF0000EA6FB95
:10946000028CE6FB03CEDCF1000CCEF1004E38BFDF
:10947000AEF1010EA6FB0C584FF000074FF00005AF
:10948000E6FB0E87A1FB08C6A0FB07CE16EB0E0677
:1094900045F10005E1FB076515F1E04E7EBFA4F53F
:1094A00080345FEA46066D4116F1800745F10005FC
:1094B0004FEA17274FEA066647EA0567A6F1DE4638
:1094C000B6F1805F4FEA15251FD9384624F0010C0C
:1094D00005EBC471BCF1FE6F01EB0C1102D8F0BCBE
:1094E000BDE8008124425CBF01F5801E9EEAC47F76
:1094F00002D4F0BCBDE80081244238D4F0BCA1F114
:10950000C041BDE8004100F04FBA4FEAD22242EA22
:1095100043524FEAD323A7FB02864FEAD02040EA0A
:10952000415007FB03661EEA0E0F4FEAD12105FBEF
:10953000026658BFA6EB0056B6EB00564FEA520E35
:109540004EEAC37E18EB0E0E56EB530EBDD518EB4C
:1095500002085E417F1C55F10005B6E74FF4801507
:109560004FF000074FF000064FF00008ADE7F0BCE9
:109570004FF0000001F1C04101F00041BDE8008161
:1095800011EA0C1F0CEA131500D00CE013EA0C1FB3
:1095900000F025804FF00000F0BC81EA030101F0EB
:1095A0000041BDE80081F0BCBDE8004181EA030153
:1095B00000F0FAB9F0BCBDE8004170B500F0A6F9C2
:1095C000097EFC3E00F007B881EA03014FF000007D
:1095D00001F00041704781EA030100F0E5B9F0BCF9
:1095E000BDE800414FF0000021497047FFFDFBF945
:1095F000F7F5F4F2F0EEEDEBE9E8E6E4E3E1E0DEC6
:10960000DDDBDAD8D7D5D4D3D1D0CFCDCCCBCAC837
:10961000C7C6C5C4C2C1C0BFBEBDBCBBBAB9B8B75E
:10962000B6B5B4B3B2B1B0AFAEADACABAAA9A8A851
:10963000A7A6A5A4A3A3A2A1A09F9F9E9D9C9C9B1F
:109640009A999998979796959594939392919190CA
:109650008F8F8E8E8D8C8C8B8B8A8989888887875B
:109660008685858484838382828181800000FF07D0
:109670000000F87F51EA030C17D41CF5801F58BF77
:10968000BCF5801F00F10680994218BF704708BFE3
:109690009042704707D711F5801F58BF13F5801F00
:1096A00019D499427047894270471CF5801F08D52C
:1096B000BCF5801FF7D58B4218BF704708BF8242A8
:1096C00070474FF4001C1CEB410F38BF1CEB430FDD
:1096D00001D28B42704770B500F018F9922449000E
:1096E0004FF000514FF08053FFF760BE10F0004282
:1096F00048BF4042B0FA80F310FA03F10AD0C3F138
:109700001D0303F580634FEA415002EB035202EB65
:10971000D12170474FF000007047B0FA80F310FA83
:1097200003F10AD0C3F11D0303F580634FEA4150F2
:109730004FEA035202EBD12170474FF0000070470F
:1097400051EA030C17D41CF5801F58BFBCF5801FCD
:1097500000F10680994218BF704708BF90427047D9
:1097600007D711F5801F58BF13F5801F19D49942F0
:109770007047894270471CF5801F08D5BCF5801FD3
:10978000F7D58B4218BF704708BF824270474FF42D
:10979000001C1CEB410F38BF1CEB430F01D28B4266
:1097A000704770B500F0B2F8922449004FF00051B4
:1097B0004FF08053FFF7FABDDFF848C170B51CEADF
:1097C000111E1EBF1CEA13159EEA0C0F95EA0C0F22
:1097D00000F06F8081EA030423EA4C134EEAD47E42
:1097E00021EA4C1141F4801143F48013AE44A1FBF3
:1097F000024CA0FB0365AEF17F7E361955EB0C05DC
:10980000A1FB034C4CF10003A0FB021C16EB0C0661
:10981000654153F10003094218BF46F0010613F4F5
:10982000007F0BD14FEA03314FEA0530340341EAA0
:10983000155140EA16506FF003020AE04FEAC321C7
:109840004FEAC520F40241EA555140EA56506FF004
:10985000020202EB2E4201EB025585EACE710AD0DC
:109860005FEA440C18BF24F0004450F1000041F1BD
:10987000000120EAD47040F2FE7C624500D270BD47
:10988000A84214BF4FF080444FF04044002E08BF60
:109890000024BEF1806FA8BFA1F1C041BDE87040B7
:1098A00080F282804FF0000001F1C04101F00041E0
:1098B00070479EEA0C0F0CEA131518BF95EA0C0FBF
:1098C00006D04FF0000081EA030E0EF0004170BD9B
:1098D00000F01CF88900013E00F007B800F009B85C
:1098E0004FEA430C5FEA5C5C08D081EA030100F0B8
:1098F0005BB84FEA410C5FEA5C5CF6D14FF00000C8
:10990000014970470000FF070000F87F0EF1020ECA
:109910002EF0030E5EF8046B364205D4012A43EBA9
:10992000030515F5001F12D8012841EB010C1CF5A9
:10993000001F0CD80ED14FEAD17C15F5001F0CEB9F
:109940004C0C0CF1020C08BF4CEBD37C04E04FF044
:10995000080C01E04FEAD37C0CEB4C0526FA05F627
:1099600006F00706B6F1040C06D20EEB860CBDE835
:1099700070404CF0010C6047DFE80CF0090B02026C
:109980004FF000414FF00000A1F5002170BD1946D5
:109990001046012851EB010418BFD4F5001484BF10
:1099A000002001F0004170BD0808A0F500114FEA49
:1099B0003101704753EA010C17D41CF5801F58BFC2
:1099C000BCF5801F00F106808B4218BF704708BFAE
:1099D0008242704707D713F5801F58BF11F5801FCB
:1099E00019D48B4270479B4270471CF5801F08D5E5
:1099F000BCF5801FF7D5994218BF704708BF904249
:109A000070474FF4001C1CEB430F38BF1CEB410F99
:109A100001D2994270470FB40CBC03BCFFF7C1BE22
:109A200091EA030F10B581F000413FF517AC83F0C8
:109A3000004300F0D5B800002DE9F04101F5801C8D
:109A4000BCF5001FC0F2A9804FEA115C21EA0C515D
:109A50000CF1FD0C41F480115FEA5C0C0CF5C07C4C
:109A600001D34000494130A4890241EA9051870264
:109A70008E0E0A0CA45D04FB04F602FB06F6C6F18A
:109A80004046A4FB0662F60D46EA422606FB06F4B3
:109A9000A4FB01235242C3F1404338BF5B1EA6FB27
:109AA00002420024E6FB0324D20B42EA4446A6FB12
:109AB0000623A1FB02E2A3FB07E4E3FB614264424D
:109AC000C2F1404E38BFAEF1010EA6FB04234FF0A9
:109AD0000002E6FB0E32A2FB03463400E2FB6264A6
:109AE000A1FB06E6A4FB07E8E4FB61687642C8F147
:109AF000405838BFA8F10108A2FB06E4A3FB08E523
:109B0000E2FB6854A1FB05E6A7FB04E8E1FB6486E1
:109B100018F1200556F10006A809A8F11B08B109A3
:109B200008F03F08B8F10A0F40EA86601CD901EB43
:109B30000C51BDE8F08100BFFCF5EEE8E2DDD8D3C2
:109B4000CFCBC7C3C0BDB9B6B4B1AEACA9A7A5A3AE
:109B5000A19F9D9B9A9896959392908F8D8C8B89BF
:109B60008887868584838281A0FB006800FB01F2E0
:109B700008EB4208B8EB872807D5341858EB0104E6
:109B8000D5D5401C51F10001D1E7341A78EB01041E
:109B9000CDD4401E71F10001C9E75FEA4C0C5FEAC9
:109BA0009C5C0DD105D34FF0000001F00041BDE8F1
:109BB000F081BDE8F04170B5FFF7A8FE6DDBFFBE98
:109BC000BDE8F0414FF00000004970470000F87F09
:109BD00010B591EA030F48BF83F000433FF53EAB59
:109BE000841A71EB030C07D212198CF0004C43EB72
:109BF0000C03001B61EB0C01DFF8A4E14FEA1154E8
:109C0000A4EB135C1EEA430F18BF9EEA445F00F00A
:109C1000B08023EA6E03524221EA0451C3EB6E0383
:109C200038BF5B1EDCF1200E25D322FA0CFE10EBB0
:109C30000E0043FA0CFE41EB0E01CCF1200E03FAAC
:109C40000EFE10EB0E0051F10001CCF1200E29D4D4
:109C500012FA0EF201EB0451BDE8104058BF7047F4
:109C6000401C1CBFB2F1004F704700280CBF491CBC
:109C700020F00100704712EB020E43EB030218BF05
:109C80004FF0010E4EEA4202ACF1200CDCF11E0E48
:109C900054D943FA0CFE10EB0E0051F1FF31CCF118
:109CA0001E0ED5D50EF1010E12FA0EFE404141EB0B
:109CB000010101EB445C5FEA5C5C10D910EBDE70E3
:109CC00001EB045138BFBEF1004FBDE8104018BF92
:109CD000704700280CBF491C20F00100704730D2AB
:109CE0004FEAD42C11F5001124F400641BD0B1FA12
:109CF00081F20B3AA41AA41ED2F12003914030FA4B
:109D000003F31943904001EBCC71002C01EB04519B
:109D1000BDE81040A8BF704701F1C0414FF00000FE
:109D200001F000417047B0FA80F310FA03F100D15E
:109D300010BDE41A173C4805C90AE4E701EB0451D9
:109D400010BD491001EB0451BDE810404FEA30004E
:109D500002E04FF0000170474A0008BF0042F8D00F
:109D6000B2F5001F28BF704701F000414FF000001E
:109D700070479EEA445F07D011EA5E0FBDE81040CD
:109D800004BF002100207047BDE8104070B5FFF708
:109D9000BDFD00BF40DFF63E83F000411046704736
:109DA0000000E0FF43004FEAD30C4FEA3C0C434075
:109DB0001FBF40070CF1605113F0FE4F70471CF0BD
:109DC000006F03D100200CF0004170470CF00043FD
:109DD00043EA507010B540EACC0000F00EF800BF26
:109DE000000000924FEA0001FFF7DEBD4FF0004196
:109DF0004FF00000A1F5002170470EF1020E2EF089
:109E0000030E5EF8044B244204D44FEA4102B2F13F
:109E10007F4F11D84FEA4003B3F17F4F0CD80ED1DA
:109E20004FEAD07CB2F17F4F0CEB4C0C0CF1020CE2
:109E300008BF4CEBD17C04E04FF0080C01E04FEA86
:109E4000D17C0CEB4C0324FA03F404F00704B4F1C6
:109E5000040C06D20EEB840CBDE810404CF0010C53
:109E60006047DFE80CF0070802024FF00040A0F561
:109E7000800010BD0846420018BFD2F1807288BF32
:109E800000F0004010BD4FF04070E1EE100A704746
:109E90004FF07F4C3CEA410318BF3CEA400200F01F
:109EA00062804FF47F0C10F0004F0CEAD11318BF02
:109EB00043F005031CEAD01218BF13EA0C0F00F0A0
:109EC00057804FF0004C4CEA00204CEA0121A3F5EA
:109ED00080339A4210DDB0F1004F23F0020306D325
:109EE000401A43F00203BCBF404283F001034FEA33
:109EF0004000A2F58032ECE74FEA224CBCEB234F46
:109F000008DB884206D31CD0A0EB4100C0F1000062
:109F100083F0010340001DD217D40DD0B0FA80FCAD
:109F20000CF1010C00FA0CF0A2EB0C42D2F1000C87
:109F300012DB4FEAC37070474FEA437000F00040F5
:109F4000704713F0020FE5D0DEE7B2F580324FEA3A
:109F50004000EBDD002AE9DD4FEAC21242EA502060
:109F600040EAC370704710B5FFF747FFEDFFFF3EB3
:109F70001CEAD11F02D000F0004070470048704733
:109F80000000C07FFF2141EAD050C00570470CF0AF
:109F90000F03092B08BF082000F059800A2B0BD0B3
:109FA000082B18BF704708BF1CF0400F0AD04FF0B5
:109FB00000004FF0000170471CF0400F18BF4FF039
:109FC000004070471CF0100F08D020F0704300F0E4
:109FD0007F4242EAD3014FEA4370704700F060408D
:109FE00021F07F4242EA000201F07F4040EA7270B5
:109FF00070474FF0FF0C4CF4E06C1CEA11531CBF8F
:10A000009CEA030C9445C2BFDA4201EB025170474F
:10A01000002B0DD0BCF1000F0FD0002A01F0004141
:10A02000A4BF41F0E04141F07F614FF00000704774
:10A0300001F000414FF00000704750EA01334FF04B
:10A040009B0C18BF4CF0806C7FF4A8A970471CF4DF
:10A05000801F11D01CF4E02F03D06FEACC314900EF
:10A0600070474FF04050EFF3008222F0704242EA16
:10A07000000282F3008870474FF000007047000034
:10A0800000A6000800000000000000000000000022
:10A090000000000000100000180000000000000098
:10A0A0000000000008A600080000000000000000FA
:10A0B0000000000000000000001000001800000078
:10A0C000000000000000000010A6000800000000D2
:10A0D000000000000000000000000000000400007C
:10A0E00018000000000000000000000018A6000892
:10A0F0000000000000000000000000000000000060
:10A100000004000018000000000000000000000033
:10A1100020A6000800000000000000000000000071
:10A120000000000000040000180000000000000013
:10A130000000000028A60008000000000000000049
:10A1400000000000000000000004000018000000F3
:10A1500000000000000000000006101600061016A7
:10A1600000000000000000000102030406070809C7
:10A1700000000000010203040000891112239B3239
:10A180002446AD573665BF74488CC19D5AAFD3BEC7
:10A190006CCAE5DB7EE9F7F88110080193331A22D7
:10A1A000A5562C47B7753E64C99C408DDBBF52AEA7
:10A1B000EDDA64CBFFF976E802218B3010029913B7
:10A1C0002667AF763444BD554AADC3BC588ED19F87
:10A1D0006EEBE7FA7CC8F5D983310A209112180397
:10A1E000A7772E66B5543C45CBBD42ACD99E508F67
:10A1F000EFFB66EAFDD874C904428D5316619F7067
:10A200002004A9153227BB364CCEC5DF5EEDD7FC46
:10A210006888E1997AABF3BA85520C4397711E6056
:10A22000A1142805B3373A26CDDE44CFDFFD56EC26
:10A23000E9986089FBBB72AA06638F7214409D5136
:10A240002225AB343006B9174EEFC7FE5CCCD5DD06
:10A250006AA9E3B8788AF19B87730E6295501C4116
:10A26000A3352A24B1163807CFFF46EEDDDC54CDE6
:10A27000EBB962A8F99A708B088481951AA793B6F6
:10A280002CC2A5D33EE1B7F04008C919522BDB3AE6
:10A29000644EED5F766DFF7C899400859BB712A6B6
:10A2A000ADD224C3BFF136E0C1184809D33B5A2AC6
:10A2B000E55E6C4FF77D7E6C0AA583B41886919796
:10A2C0002EE3A7F23CC0B5D14229CB38500AD91BA6
:10A2D000666FEF7E744CFD5D8BB502A49996108776
:10A2E000AFF326E2BDD034C1C3394A28D11A580B86
:10A2F000E77F6E6EF55C7C4D0CC685D71EE597F446
:10A300002880A1913AA3B3B2444ACD5B5669DF7865
:10A31000600CE91D722FFB3E8DD604C79FF516E435
:10A32000A9902081BBB332A2C55A4C4BD7795E6845
:10A33000E11C680DF33F7A2E0EE787F61CC495D515
:10A340002AA1A3B03882B193466BCF7A5448DD5925
:10A35000622DEB3C700EF91F8FF706E69DD414C5F5
:10A36000ABB122A0B9923083C77B4E6AD5585C4905
:10A37000E33D6A2CF11E780F000000000000F03F62
:10A38000000000000000F83F000000000000000096
:10A390000000004003B8E23F0000000000000000A1
:10A3A00006D0CF43EBFD4C3E033333333333E33F2F
:10A3B000FFAB6FDBB66DDB3F4D268F515555D53F5B
:10A3C00001411DA96074D13F65DBC9934A86CD3F29
:10A3D000EF4E454A287ECA3F3E5555555555C53F17
:10A3E00093BDBE166CC166BF2CDE25AF6A56113F09
:10A3F000F16BD2C541BDBBBED0A4BE726937663E0B
:10A4000000000000000000000000B33FB2BE7D3A33
:10A4100000002E40DFCF513800007E40BF51FABA15
:10A4200000E0A44019DAC3BA00E0C840C2ED8AB91E
:10A430000040EB40CD1F2CBA001006412AFFFABAAB
:10A4400000C01541DFCFD13700D024419A97703A30
:10A450000050334189478E3600404141E75B9D38CB
:10A4600000B04E41C00A98B900A05B41558F943AA4
:10A4700000306841DA92C0BA0040744162B3C63A13
:10A480000000803F00A0853F00908B3F00C0913FBF
:10A490000030983F00F09E3F00F0A53F0050AD3FD8
:10A4A0000000B53F0000BD3F0060C53F0020CE3F2B
:10A4B0000040D73F00C0E03F00C0EA3F0020F53F2A
:10A4C000000000007D36AC397D3C3839EBDCF438D7
:10A4D000320A7E39124C26399B6AED39A4EE833953
:10A4E0007F661E39F6398A392B426539A4821139C3
:10A4F0005B991F39C3EECD39DDE7C637A5A22F39E9
:10A500000000803FC3AA853FC2958B3FD3C3913FD4
:10A51000F037983F32F59E3FD7FEA53F3F58AD3FFD
:10A52000F304B53FA408BD3F2A67C53F8C24CE3F46
:10A53000FD44D73FDFCCE03FC7C0EA3F7D25F53F74
:10A540004FBB610567ACDD3F182D4454FB21E93F4B
:10A550009BF681D20B73EF3F182D4454FB21F93F3A
:10A56000E2652F227F2B7A3C075C143326A6813CC0
:10A57000BDCBF07A8807703C075C143326A6913C6B
:10A58000C4EB98999999C9BF711623FEC671BCBFD7
:10A590006D9A74AFF2B0B3BF9AFDDE522DDEADBF3F
:10A5A0002F6C6A2C44B4A2BF0D5555555555D53F57
:10A5B000FF8300922449C23F6E204CC5CD45B73F72
:10A5C000513DD0A0660DB13FEB0D76244B7BA93FEA
:10A5D00011DA22E33AAD903F0000000000000000D5
:10A5E000000000006E83F9A22915444ED15727FCC4
:10A5F000C0DD34F5999562DB4190433CAB6351FE7D
:10A600005461736B310000005461736B32000000C1
:10A610005461736B330000005461736B34000000AD
:10A620005461736B350000005461736B3600000099
:10A6300050A6000800000020380A0000C4010008ED
:10A6400038A80008380A0020F85500002002000849
:10A65000011C32018210037924F41AAA0101290293
:10A660002820A00B48430AD7A33B6F12033B93FA61
:10A670004354409C453CA00C46046910011D1BA09E
:10A680004054223C0B13C03F54790C1AC8082904CB
:10A690000329A0422808401C466F12833A0401187F
:10A6A0004201022B240228201B4843D80E133B6F83
:10A6B00012033BD854409C453CA00C460469100151
:10A6C0001D1BA04054223C0B13C03F54790C1AC8E8
:10A6D0000829040329A0422808401C466F12833A27
:10A6E0000401184203022B240228201B4843D80EE1
:10A6F000133B6F12033BD854409C453CA00C4604CE
:10A700006910011D1BA04054223C0B13C03F54791B
:10A710000C1AC80829040329A0422808401C466FC7
:10A7200012833A0401184201022B24022820080B4C
:10A73000139643CDCCCC3D6F12033BD8199C5114DA
:10A74000A00C4614D004460422409C4527A0400A91
:10A75000D7A33C0B13C03F54790C1AC80829040333
:10A7600029A04219902D6F12833A04011842030266
:10A7700026240213010D1E8096184B64094640E101
:10A7800033A041A904B1D78C42CDCCCC3D14606A32
:10A790004624401C46237A442396431A7034290CDD
:10A7A00071391CC10A2196441380410B19808944D8
:10A7B0000938880227FF0748280850079E08438069
:10A7C0003F0A25018019DC1E3FCDCC4C3D04A23E42
:10A7D00099CC64803B4513FA441B80BB181AFAF0ED
:10A7E000097054310A1040549A96385A16601A1655
:10A7F0001423F0421A480401FF014D520112FF4A8E
:10A80000FF09011D0F26A0416F12033B1400290010
:10A8100001030E042F0246046404020219023A02E4
:10A8200051046E050A026B024A042902FF050B035C
:08A830007602550434041404FF
:040000050800018965
:00000001FF
